名称,经度,纬度,类别,地址,POI类型,评分,人均消费
哈尔滨冰雪大世界,126.562459,45.777005,景点,太阳大道1458号,风景名胜;风景名胜;风景名胜,4.8,[]
哈尔滨融创乐园,126.505013,45.806609,景点,世茂大道99-1号,风景名胜;风景名胜相关;旅游景点,4.7,[]
哈尔滨融创文旅城,126.499179,45.807403,景点,丰源街与世茂大道交汇处,风景名胜;风景名胜相关;旅游景点,4.4,[]
哈尔滨中央大街,126.617682,45.774835,景点,中央大街1号,购物服务;特色商业街;特色商业街|风景名胜;风景名胜相关;旅游景点,4.9,[]
太阳岛风景区,126.597880,45.791584,景点,太阳大道3号,风景名胜;风景名胜;国家级景点,4.7,[]
哈尔滨极地公园,126.586479,45.785251,景点,太阳大道277号(太阳岛地铁站2号口步行140米),风景名胜;公园广场;公园,4.7,[]
哈尔滨极地公园·极地馆,126.586057,45.784741,景点,太阳大道277号,风景名胜;公园广场;水族馆,4.7,[]
东北虎林园,126.600650,45.817483,景点,松北街88号,风景名胜;风景名胜;风景名胜,4.8,[]
哈尔滨防洪纪念塔广场,126.617118,45.780655,景点,斯大林街3号斯大林公园内(东侧),风景名胜;公园广场;城市广场,4.7,[]
哈尔滨市人民防洪胜利纪念塔,126.617203,45.780654,景点,友谊路259-7号,风景名胜;风景名胜;风景名胜,4.8,[]
金河湾湿地植物园,126.498681,45.783001,景点,江湾路5000号,风景名胜;公园广场;植物园,4.2,[]
新区中心公园,126.523721,45.817554,景点,中源大道与江安街交汇处,风景名胜;公园广场;公园,4.3,[]
银河欢乐世界,126.496746,45.800217,景点,世茂大道与丰源街交叉口东北100米,体育休闲服务;体育休闲服务场所;体育休闲服务场所,4.6,[]
索菲亚广场,126.627081,45.770624,景点,透笼街88号,风景名胜;公园广场;城市广场,4.8,[]
哈尔滨音乐公园,126.548455,45.749011,景点,群力街道上江街与友谊西路交汇处,风景名胜;公园广场;公园,4.7,[]
圣·索菲亚教堂,126.627215,45.770125,景点,透笼街88号,风景名胜;风景名胜;教堂,4.9,[]
中华巴洛克历史文化街区,126.640729,45.781791,景点,南头道街64号,风景名胜;风景名胜;国家级景点|购物服务;购物相关场所;购物相关场所,4.8,[]
关东古巷,126.566775,45.734291,景点,群力新区群力第五大道770号城屿in象1层,购物服务;特色商业街;特色商业街,4.6,[]
斯大林公园,126.612799,45.779383,景点,斯大林街3号(近松花江畔),风景名胜;公园广场;公园,4.7,[]
太阳岛绿色运动公园,126.573242,45.772225,景点,雪乡街与冰峰路交叉口南260米,风景名胜;公园广场;公园,4.4,[]
哈尔滨市兆麟公园,126.622915,45.777327,景点,森林街41号,风景名胜;公园广场;公园,4.8,[]
太阳岛大熊猫馆,126.595357,45.788770,景点,太阳岛冰雪艺术馆附近,风景名胜;公园广场;动物园,4.6,[]
音乐长廊,126.558480,45.750571,景点,工农街道群力街道盛和天下S3号楼,风景名胜;公园广场;城市广场,4.8,[]
哈尔滨市政府广场,126.536450,45.800794,景点,松北街道世纪大道与泰山街交叉口西南340米,风景名胜;公园广场;城市广场,4.2,[]
人民广场,126.602915,45.773650,景点,经纬街与友谊路交口102号,风景名胜;公园广场;城市广场,4.6,[]
丁香公园,126.566514,45.743329,景点,群力大道与景江东路交汇处,风景名胜;公园广场;公园,4.6,[]
江上城堡观光索道,126.610547,45.777900,景点,通江街218号(通江广场),风景名胜;风景名胜相关;旅游景点,4.7,[]
哈尔滨极地公园·海洋馆,126.587340,45.785090,景点,太阳大道277号哈尔滨极地公园内(东侧),风景名胜;公园广场;水族馆,4.6,[]
冰雪大世界梦幻冰雪馆,126.566300,45.775841,景点,雪景街1666号B栋,体育休闲服务;休闲场所;游乐场,4.5,[]
枫叶小镇温泉度假村,126.467971,45.825901,景点,智谷三街5555号,体育休闲服务;度假疗养场所;度假村|风景名胜;风景名胜相关;旅游景点,4.6,[]
哈尔滨市博物馆,126.625528,45.774276,景点,柳树街13号,科教文化服务;博物馆;博物馆,4.7,[]
九站公园,126.598557,45.770097,景点,九站街1号,风景名胜;公园广场;公园,4.4,[]
极乐寺,126.664588,45.777559,景点,燎原街道花园街道东大直街9号,风景名胜;风景名胜;寺庙道观,4.7,[]
黑龙江省博物馆,126.640934,45.757569,景点,红军街50号,科教文化服务;博物馆;博物馆,4.7,[]
中东铁路桥,126.625986,45.784249,景点,旭初街和江畔路交口,风景名胜;风景名胜;风景名胜,4.7,[]
外滩雪人码头,126.573494,45.754097,景点,友谊西路与上江街交口,风景名胜;风景名胜相关;旅游景点,4.6,[]
一湖三岛,126.536823,45.793768,景点,太阳岛西区外滩湿地公园(东南角),风景名胜;风景名胜;风景名胜,4.0,[]
世界欢乐城,126.537690,45.881365,景点,美术家大街666号,风景名胜;风景名胜相关;旅游景点,4.6,[]
群力外滩生态湿地,126.540273,45.755922,景点,工农街道星光耀广场,风景名胜;公园广场;公园,4.4,[]
哈药六版画博物馆,126.704433,45.764998,景点,南直路326号,科教文化服务;博物馆;博物馆,4.8,[]
龙塔,126.680189,45.748517,景点,长江路178号,风景名胜;风景名胜;国家级景点,4.7,[]
松花江湿地,126.530629,45.796348,景点,松花江北岸,风景名胜;风景名胜相关;旅游景点,4.0,[]
巧克力城堡观光索道,126.600780,45.785496,景点,风景街18号旁,风景名胜;风景名胜相关;旅游景点,4.6,[]
体育公园,126.546608,45.735431,景点,工农街道群力大道与丽江路交叉口东300米,风景名胜;公园广场;公园,4.7,[]
波塞冬旅游度假区,126.684535,45.883882,景点,汇江路153号,体育休闲服务;休闲场所;水上活动中心,4.6,[]
俄罗斯童话博物馆,126.625207,45.770095,景点,新一百购物商城5楼,科教文化服务;博物馆;博物馆,4.7,[]
圣清观,126.613665,45.790881,景点,太阳大道3号太阳岛风景区,风景名胜;风景名胜;寺庙道观,4.2,[]
鹿苑,126.590199,45.792281,景点,太阳岛街道警备路3号太阳岛风景区内(西侧),风景名胜;风景名胜相关;旅游景点,4.2,[]
清真寺,126.651665,45.787370,景点,南十二道街54号,风景名胜;风景名胜;回教寺,4.6,[]
黑龙江省森林植物园,126.650150,45.704145,景点,哈平路街道哈平路105号,风景名胜;公园广场;植物园,4.6,[]
太阳岛风景区俄罗斯风情小镇,126.602722,45.787604,景点,平原街20号,风景名胜;风景名胜相关;旅游景点,4.5,[]
火车主题广场,126.627199,45.782819,景点,斯大林街2-1号,风景名胜;公园广场;城市广场,4.1,[]
哈尔滨市儿童公园,126.655848,45.760694,景点,果戈里大街295号(近花园街),风景名胜;公园广场;公园,4.7,[]
波塞冬海底世界,126.681883,45.883709,景点,汇江路153号,风景名胜;风景名胜;风景名胜,4.7,[]
东北烈士纪念馆,126.642535,45.765849,景点,一曼街241号,风景名胜;风景名胜;纪念馆,5.0,[]
太阳岛风景区-松鼠岛,126.586991,45.793991,景点,警备路3号太阳岛风景区内(西侧),风景名胜;风景名胜相关;旅游景点,4.0,[]
黑龙江哈尔滨太阳岛国家湿地公园,126.536666,45.798161,景点,政府大厦对面,风景名胜;公园广场;公园,4.0,[]
哈尔滨文庙,126.674916,45.775841,景点,文庙街25号(近黑河路),风景名胜;风景名胜;寺庙道观,4.7,[]
摩洛哥蓝色小镇,126.586700,45.784340,景点,哈尔滨地铁2号线太阳岛站1号口(哈尔滨极地公园),风景名胜;风景名胜;风景名胜|商务住宅;商务住宅相关;商务住宅相关,4.5,[]
劳动公园,126.666872,45.698815,景点,大庆路街道旭升南街景和社区斜对面,风景名胜;公园广场;公园,4.6,[]
侵华日军第七三一部队遗址,126.636847,45.609676,景点,新疆大街23号(地铁1号线新疆大街站2号出口东向300米),风景名胜;风景名胜;国家级景点,4.6,[]
梅金肖克百年庭院,126.619691,45.769931,景点,中央大街50号(中央大街地铁站1号口步行410米),风景名胜;风景名胜;风景名胜|商务住宅;商务住宅相关;商务住宅相关,4.7,[]
哈尔滨市道外区古梨园,126.696488,45.774107,景点,宏伟路254号,风景名胜;公园广场;公园,4.6,[]
长岭湖旅游区,126.440266,45.691515,景点,环湖北路,风景名胜;风景名胜;风景名胜,4.5,[]
湘江公园,126.680840,45.744023,景点,汉水路408号,风景名胜;风景名胜;风景名胜,4.6,[]
顾乡公园,126.581667,45.752680,景点,河松街243号,风景名胜;公园广场;公园,4.1,[]
中东铁路桥头堡,126.625846,45.783708,景点,斯大林街2-1号火车主题广场,风景名胜;风景名胜;风景名胜,4.7,[]
金河公园,126.562119,45.738878,景点,景江东路66号,风景名胜;公园广场;公园,4.1,[]
哈尔滨文化公园,126.668720,45.780506,景点,南通大街208号(近哈尔滨工程大学),体育休闲服务;休闲场所;游乐场|风景名胜;风景名胜相关;旅游景点,4.6,[]
哈尔滨美术馆,126.558664,45.740681,景点,群力大道7号,科教文化服务;科教文化场所;科教文化场所,4.7,[]
太阳岛风景区-太阳瀑,126.592113,45.796255,景点,警备路3号太阳岛风景区内(西北角),风景名胜;风景名胜相关;旅游景点,3.9,[]
中国亭园,126.716728,45.718922,景点,油坊街0-1号,风景名胜;公园广场;公园,4.6,[]
哈尔滨市长青公园,126.640335,45.769836,景点,南极街116号,风景名胜;公园广场;公园广场,4.6,[]
黑龙江哈尔滨阿勒锦岛国家湿地公园,126.656215,45.806681,景点,松浦大桥附近,风景名胜;公园广场;公园,4.4,[]
润福公园,126.547445,45.815980,景点,中源大道辅路与松北大道辅路交叉口东北180米,风景名胜;公园广场;公园,3.8,[]
音乐主题广场,126.548512,45.749015,景点,哈尔滨音乐公园,风景名胜;公园广场;城市广场,4.4,[]
巧克力星人博物馆,126.618243,45.777161,景点,中央大街187号,科教文化服务;博物馆;博物馆,4.6,[]
承德广场,126.642213,45.778085,景点,承德街与太古街交叉口东100米,风景名胜;公园广场;城市广场,4.3,[]
哈尔滨工程大学杏花长廊,126.682972,45.773176,景点,郑和路与世昌路交叉口西60米,风景名胜;风景名胜;风景名胜,3.7,[]
天恒山,126.792879,45.790891,景点,东巨路附近,风景名胜;风景名胜;风景名胜,4.5,[]
iTA家庭育乐成长中心(银泰城店),126.539258,45.735485,景点,群力大道2399号银泰城购物中心F1层,体育休闲服务;休闲场所;游乐场,4.4,[]
哈尔滨工业大学博物馆,126.638681,45.751436,景点,公司街59号,科教文化服务;博物馆;博物馆,4.7,[]
德云社(景阳街店),126.638721,45.781757,景点,中华巴洛克街区(北马路地铁站4号口步行320米),体育休闲服务;影剧院;剧场,4.6,[]
哈尔滨烈士陵园,126.654731,45.723833,景点,体育街1号(近中医学院),生活服务;丧葬设施;陵园|风景名胜;风景名胜;红色景区,4.6,[]
哈尔滨文化中心公园,126.588236,45.813034,景点,"哈尔滨大剧院对面,东北虎林园西侧",风景名胜;公园广场;公园,4.0,[]
火车主题广场-中东铁路印象馆,126.627015,45.782395,景点,斯大林街2-1号火车主题广场(西南角),风景名胜;风景名胜相关;旅游景点,4.5,[]
哈尔滨新区航天公园,126.468959,45.803334,景点,黄灿路与智谷大街交口,风景名胜;公园广场;公园,4.1,[]
东北虎林园-虎园,126.592170,45.820180,景点,松北街道松北街88号东北虎林园内(西侧),风景名胜;风景名胜相关;旅游景点,4.1,[]
萧红故居,126.607396,45.975832,景点,萧红大道226号,风景名胜;风景名胜;纪念馆,4.4,[]
尚志公园,126.683051,45.726699,景点,公滨路478号,风景名胜;公园广场;公园,4.4,[]
太阳岛西区外滩湿地公园,126.534958,45.797702,景点,江湾路哈尔滨市政府大厦对面,风景名胜;公园广场;公园,3.9,[]
建国公园,126.599140,45.748113,景点,"建国街237号(近通达街,第四十一中学)",风景名胜;公园广场;公园,4.6,[]
星河湾亲子游乐园(枫叶小镇奥莱店),126.469054,45.827745,景点,智谷三街5555-1号,体育休闲服务;休闲场所;游乐场,4.6,[]
钻石海(暂停开放),126.579263,45.768860,景点,雪景街与冰花路交叉口东南260米,风景名胜;风景名胜相关;旅游景点,4.6,[]
太阳岛风景区-太阳岛雪博会(暂停开放),126.591821,45.786293,景点,太阳大道3号太阳岛风景区内(西南角),风景名胜;风景名胜相关;旅游景点,4.6,[]
龙江大舞台旗舰店,126.635377,45.780148,景点,宝宇天邑环球港A区9-1(北马路地铁站1号口旁),体育休闲服务;影剧院;剧场,4.7,[]
黑龙江省博物馆新馆(暂停开放),126.572412,45.779460,景点,天马街(冰雪大世界地铁站2A口旁),科教文化服务;博物馆;博物馆,4.3,[]
江畔公园,126.634534,45.786488,景点,江畔路沿线,风景名胜;公园广场;公园,4.4,[]
群力国家城市湿地公园,126.552371,45.728646,景点,群力第六大道与丽江路交汇附近,风景名胜;公园广场;公园,4.4,[]
大雪人奇遇乐园(暂停营业),126.558850,45.750214,景点,友谊西路2950号,体育休闲服务;体育休闲服务场所;体育休闲服务场所,4.4,[]
靖宇公园,126.663404,45.791831,景点,北二十道街136号(近礼化街),风景名胜;公园广场;公园,4.4,[]
黛秀湖公园,126.655557,45.702567,景点,健康路2号,风景名胜;公园广场;公园,4.6,[]
东北林业大学中国(哈尔滨)森林博物馆,126.632804,45.717721,景点,和兴路26号东北林业大学,科教文化服务;博物馆;博物馆,4.6,[]
哈尔滨党史纪念馆,126.621947,45.768253,景点,西十五道街33号,风景名胜;风景名胜;纪念馆,4.3,[]
雅致永悦汇养生沐浴,126.683843,45.745727,景点,华山路19号1-3层,生活服务;洗浴推拿场所;洗浴推拿场所,4.7,108.00
侵华日军第七三一部队罪证陈列馆,126.639431,45.608868,景点,新疆大街23号(地铁1号线新疆大街站2号口出站),风景名胜;风景名胜;红色景区|科教文化服务;展览馆;展览馆,4.4,[]
欧亚之窗公园,126.602373,45.701263,景点,尤家街与南兴街交叉口东北300米,风景名胜;公园广场;公园,4.6,[]
中东铁路公园(江北段),126.607838,45.807967,景点,滨水大道与剧院二路交叉口东160米,风景名胜;公园广场;公园,4.0,[]
雨阳公园,126.550058,45.722301,景点,群力第六大道与丽江路交口,风景名胜;公园广场;公园,4.3,[]
极乐寺-塔院,126.666107,45.778121,景点,黑龙汇东大直街9号,风景名胜;风景名胜;风景名胜,3.6,[]
哈尔滨音乐博物馆,126.588500,45.808683,景点,滨水大道哈尔滨大剧院,科教文化服务;博物馆;博物馆,4.1,[]
水阁云天,126.595469,45.791488,景点,江北临江路24号太阳岛风景区内,风景名胜;风景名胜相关;旅游景点,3.9,[]
激情广场-哈尔滨天主教堂,126.659418,45.751174,景点,士课街47号,风景名胜;风景名胜;教堂,4.4,[]
中东铁路公园(江南段),126.626640,45.782525,景点,江桥胡同东侧,风景名胜;公园广场;公园,4.1,[]
太阳石广场,126.590769,45.785725,景点,太阳岛街道太阳岛街道太阳大道3号太阳岛风景区(西南角),风景名胜;风景名胜相关;旅游景点,4.0,[]
清滨公园,126.614992,45.729599,景点,西大直街与和兴三道街交口,风景名胜;公园广场;公园,4.3,[]
上坞沙滩戏雪乐园(暂停营业),126.582104,45.770889,景点,松北大道东100米,体育休闲服务;运动场馆;滑雪场,4.3,[]
伯特利教堂,126.599611,45.746735,景点,建国街210号,风景名胜;风景名胜;教堂,4.2,[]
母亲广场,126.676921,45.710585,景点,进乡街23号,风景名胜;公园广场;城市广场,4.3,[]
波塞冬沙滩水世界,126.686476,45.881947,景点,汇江路153号,体育休闲服务;休闲场所;水上活动中心,4.3,[]
青年广场,126.640283,45.762486,景点,果戈里大街452号,风景名胜;公园广场;城市广场,4.2,[]
太阳岛风景区-天鹅湖,126.590231,45.797157,景点,太阳大道1号太阳岛风景区(西北角),风景名胜;风景名胜相关;旅游景点,3.7,[]
雪花广场,126.507149,45.796314,景点,雪花南三路与创新二路交叉口东120米,风景名胜;公园广场;城市广场,4.0,[]
松花江沙滩嘉年华,126.606093,45.777660,景点,九站街1-3号,体育休闲服务;休闲场所;游乐场,4.3,[]
太阳岛寒地野生动物园,126.588460,45.795989,景点,太阳岛风景区松鼠岛,风景名胜;公园广场;动物园,4.0,[]
圣·伊维尔教堂,126.629956,45.763385,景点,哈尔滨站北广场(东北角),风景名胜;风景名胜;教堂|生活服务;生活服务场所;生活服务场所,4.4,[]
滨水公园,126.565059,45.803814,景点,学海街近江路交口,风景名胜;公园广场;公园|科教文化服务;科教文化场所;科教文化场所,3.9,[]
野鸭湾,126.694586,45.840765,景点,滨水大道东40米,风景名胜;风景名胜;风景名胜,4.2,[]
哈尔滨冰雪大世界-大滑梯上站,126.562410,45.780011,景点,太阳大道1458号哈尔滨冰雪大世界内(北侧),风景名胜;风景名胜相关;旅游景点,4.2,[]
呼兰河口湿地公园,126.733494,45.947771,景点,东岗村香蒲大堤,风景名胜;风景名胜;风景名胜,4.5,[]
革新教堂大舞台,126.659547,45.751264,景点,士课街47号激情广场-哈尔滨天主教堂(东北角),体育休闲服务;影剧院;剧场,4.4,[]
侵华日军第731部队遗址第二保护区,126.633850,45.610616,景点,新疆街派出所东侧,风景名胜;风景名胜;风景名胜,4.4,[]
上坞沙滩浴场,126.581986,45.770739,景点,松花江公路大桥,体育休闲服务;体育休闲服务场所;体育休闲服务场所,4.1,[]
天恒山冰雪运动大世界(暂停营业),126.797557,45.804635,景点,东巨路2.5公里,体育休闲服务;运动场馆;滑雪场,4.6,[]
江北冰雪嘉年华(暂停营业),126.612875,45.836725,景点,浦南大街288号西南门,体育休闲服务;体育休闲服务场所;体育休闲服务场所,4.6,[]
泽园广场,126.527420,45.747321,景点,阳明滩大道与友谊西路交叉口东北角哈尔滨外滩湿地,风景名胜;公园广场;城市广场,4.0,[]
铁道兵启航纪念塔,126.618978,45.795614,景点,中东铁路桥附近,风景名胜;风景名胜;纪念馆,4.1,[]
刘少奇革命活动旧址,126.605241,45.755287,景点,河广街15号,风景名胜;风景名胜相关;旅游景点,4.4,[]
安阳河园,126.577313,45.738903,景点,康安街道安阳路,风景名胜;公园广场;公园,3.9,[]
外滩雪人码头大雪人(暂停开放),126.572328,45.753162,景点,友谊西路与上江街交叉口北100米,风景名胜;风景名胜相关;旅游景点,4.3,[]
海豚堡水乐园,126.758141,45.773263,景点,先锋路2号,体育休闲服务;体育休闲服务场所;体育休闲服务场所,4.4,[]
哈尔滨市南岗博物馆,126.640936,45.752730,景点,花园街道联发街1号,科教文化服务;博物馆;博物馆,4.4,[]
淘学企鹅馆,126.585710,45.785500,景点,太阳大道277号(太阳岛地铁站1号口步行190米),风景名胜;公园广场;水族馆,4.2,[]
澜悦汇,126.677384,45.764997,景点,先锋路328号,生活服务;洗浴推拿场所;洗浴推拿场所,4.4,[]
太阳岛风景区-东北抗日联军纪念园,126.608067,45.790589,景点,警备路3号太阳岛风景区内(东侧),风景名胜;风景名胜;纪念馆,5.0,[]
黑龙江省地质博物馆(暂停开放),126.696151,45.744661,景点,红旗大街263号,科教文化服务;博物馆;博物馆,4.4,[]
太阳岛风景区-太阳石,126.590718,45.785716,景点,警备路3号太阳岛风景区内(西南角),风景名胜;风景名胜;风景名胜,3.9,[]
普照寺,126.666578,45.779128,景点,东大直街3号(工程大学地铁站2号口步行490米),风景名胜;风景名胜;寺庙道观,4.2,[]
霁虹广场,126.638033,45.764879,景点,一曼街(哈尔滨站地铁站2号口步行360米),风景名胜;公园广场;公园,3.7,[]
平房公园,126.636379,45.595612,景点,友协街道友协大街29号(近龙滨路),风景名胜;公园广场;公园,4.7,[]
风筝广场,126.670083,45.800561,景点,江畔路13号,风景名胜;公园广场;公园广场,4.0,[]
滨江湿地旅游风景区,126.786348,45.885044,景点,小七队屯,风景名胜;风景名胜相关;旅游景点,4.1,[]
哈尔滨国防教育广场,126.592251,45.762811,景点,九站街1号九站公园(西南角),风景名胜;公园广场;城市广场,4.0,[]
河边儿半亩田,126.581505,45.846138,景点,松浦街道松浦街道中环线西庙台子站对面,风景名胜;风景名胜;风景名胜,4.0,[]
松北礼拜堂,126.546581,45.812365,景点,龙唐街477号,风景名胜;风景名胜;教堂,3.7,[]
激情广场,126.659576,45.751499,景点,果戈里大街与革新街交叉口南100米,风景名胜;公园广场;城市广场,4.2,[]
哈尔滨金河湾湿地植物园-管理区,126.494120,45.785443,景点,江湾路5000号金河湾湿地植物园(西北角),风景名胜;公园广场;植物园,3.8,[]
长青寺,126.684665,45.789614,景点,大街街道太平后道太平大街168号,风景名胜;风景名胜;寺庙道观,4.2,[]
建筑艺术广场,126.626984,45.770608,景点,透笼街88号,风景名胜;公园广场;城市广场,4.0,[]
松松小镇(乐松购物广场店),126.648224,45.719727,景点,三大动力路8号乐松广场3层,体育休闲服务;休闲场所;游乐场,4.4,[]
香林园,126.650915,45.669793,景点,前卫大街辅路与哈平路交叉口东北160米,风景名胜;公园广场;城市广场,4.1,[]
哈尔滨冰雪大世界雪花摩天轮,126.557978,45.775851,景点,太阳岛街道冰雪大世界(西南角),风景名胜;风景名胜;风景名胜,4.2,[]
哈利路亚教堂,126.695222,45.724290,景点,升永街2号,风景名胜;风景名胜;教堂,4.3,[]
滨江湿地金沙滩风景区,126.711331,45.873606,景点,民主镇民富村,风景名胜;风景名胜相关;旅游景点,4.0,[]
滨水大道花海,126.563028,45.802492,景点,近江路与学海街交叉口东南160米,购物服务;专卖店;专营店,3.8,[]
安重根义士纪念馆,126.632638,45.761168,景点,哈尔滨火车站南广场,风景名胜;风景名胜;纪念馆,4.3,[]
道外巴洛克博物馆,126.642310,45.782283,景点,靖宇南二道街中华巴洛克五号院,科教文化服务;博物馆;博物馆,4.3,[]
哈尔滨革命烈士纪念馆,126.654734,45.723832,景点,体育街1号,风景名胜;风景名胜;纪念馆,4.2,[]
华严寺,126.660666,45.757393,景点,奋斗路街道比乐街65号(近芦家街),风景名胜;风景名胜;寺庙道观,4.2,[]
名都滑雪场(暂停营业),126.657416,45.664157,景点,三合路名都滑雪场,体育休闲服务;运动场馆;滑雪场,4.8,[]
沙滩部落(暂停营业),126.579296,45.769128,景点,公路大桥辅路1号,体育休闲服务;体育休闲服务场所;体育休闲服务场所,4.3,[]
哈军工纪念馆,126.684220,45.775750,景点,燎原街道燎原街道燎原街道燎原街道燎原街道哈尔滨工程大学世昌路5号,风景名胜;风景名胜;纪念馆,5.0,[]
新阳广场,126.621094,45.766967,景点,经纬街新阳路转盘道绿地,风景名胜;风景名胜;风景名胜,4.1,[]
江上城堡观光索道-江上城堡站,126.610714,45.778016,景点,通江街218号江上城堡观光索道,风景名胜;风景名胜相关;旅游景点,4.1,[]
哈尔滨市雷锋纪念馆,126.645986,45.783966,景点,丰润街142号,风景名胜;风景名胜;纪念馆,[],[]
世纪广场,126.684200,45.751366,景点,顺益街21-25号,商务住宅;住宅区;住宅小区,4.3,[]
李兆麟将军纪念馆(麦凯乐)(暂停开放),126.624557,45.772411,景点,尚志大街73号麦凯乐(哈尔滨总店)3F层,风景名胜;风景名胜;纪念馆,4.2,[]
兆麟公园冰灯艺术游园会(暂停开放),126.622785,45.776757,景点,斯大林街道斯大林街道斯大林街道森林街377号兆麟公园,风景名胜;风景名胜相关;旅游景点,4.3,[]
太阳岛上坞公园,126.580862,45.771955,景点,太阳大道1458号,风景名胜;公园广场;公园,4.0,[]
西岗公园,126.592893,45.984449,景点,公园路1号,风景名胜;公园广场;公园,4.2,[]
道外区沿江公园,126.644966,45.793312,景点,江畔路,风景名胜;公园广场;公园,4.0,[]
东北抗日联军博物馆(暂停开放),126.643006,45.766318,景点,一曼街241号,科教文化服务;博物馆;博物馆,4.1,[]
龙兴寺,126.791142,45.796369,景点,[],风景名胜;风景名胜;寺庙道观,4.0,[]
云湖公园,126.827659,45.754137,景点,[],风景名胜;公园广场;公园,4.2,[]
碧海公园,126.457615,45.816884,景点,智谷三街与赤诚路交口,风景名胜;公园广场;公园,4.0,[]
哈尔滨新区花之语养息谷,126.349361,45.907659,景点,对青山镇工农大街1号,风景名胜;风景名胜;风景名胜,3.9,[]
太平公园,126.693117,45.788124,景点,东直路366号(地铁1号线桦树街地铁站4号口步行260米与宏伟路交口),风景名胜;公园广场;公园,4.1,[]
北大荒博物馆,126.693393,45.734815,景点,红旗大街175号,科教文化服务;博物馆;博物馆,4.2,[]
通江广场,126.611310,45.778972,景点,斯大林街3号斯大林公园内(西侧),风景名胜;公园广场;城市广场,4.1,[]
哈尔滨青年运动史纪念馆,126.623588,45.782533,景点,斯大林街4号哈尔滨市青年宫,风景名胜;风景名胜;纪念馆,4.1,[]
哈尔滨工程大学船舶博物馆,126.684362,45.774102,景点,燎原街道南通大街145号启航活动中心一楼,科教文化服务;博物馆;博物馆,4.1,[]
哈尔滨市关道遗址文化公园(不对外开放),126.657357,45.793915,景点,北新街65号,风景名胜;公园广场;公园,4.0,[]
萧红纪念馆,126.607276,45.975647,景点,二道街204号,风景名胜;风景名胜;纪念馆,4.2,[]
省委广场,126.650515,45.760803,景点,吉林街与花园街交叉口南50米,风景名胜;公园广场;城市广场,4.3,[]
太阳岛外滩湿地景区,126.582604,45.797845,景点,太阳大道3号太阳岛风景区,风景名胜;风景名胜;风景名胜,3.9,[]
哈尔滨伏尔加庄园,126.899550,45.671175,景点,成高子镇民强村(哈城公路16公里处),住宿服务;住宿服务相关;住宿服务相关|体育休闲服务;度假疗养场所;度假村|风景名胜;风景名胜相关;旅游景点,4.7,[]
香坊清真寺,126.686977,45.738835,景点,嵩山路附4(珠江路地铁站2号口步行420米),风景名胜;风景名胜;回教寺,4.2,[]
犹太商人索斯金故居,126.617409,45.766396,景点,经纬四道街30号,风景名胜;风景名胜;纪念馆,4.3,[]
鞑靼清真寺,126.614043,45.773014,景点,通江街106号NICE融合菜近通江街108号,风景名胜;风景名胜;风景名胜,4.2,[]
北秀公园,126.631886,45.753958,景点,上夹树街与公司街交口,风景名胜;公园广场;公园广场,4.1,[]
哈尔滨极地公园售票处,126.585711,45.785429,景点,太阳大道277号(太阳岛地铁站1号口步行180米),生活服务;售票处;公园景点售票处,[],[]
哈尔滨极地公园·异宠馆,126.587195,45.785115,景点,地区太阳大道277号,风景名胜;风景名胜相关;旅游景点,3.6,[]
哈尔滨松北国家湿地公园(不对外开放),126.474933,45.872282,景点,林院街1号,风景名胜;公园广场;公园,3.9,[]
哈尔滨极地公园异宠馆,126.587452,45.785038,景点,太阳大道277号哈尔滨极地公园内(东侧),风景名胜;风景名胜相关;旅游景点|体育休闲服务;体育休闲服务场所;体育休闲服务场所,3.9,[]
哈尔滨文化公园-储存室,126.666989,45.780404,景点,南通大街208号哈尔滨文化公园内,风景名胜;风景名胜相关;旅游景点,3.1,[]
哈尔滨文化公园-吸烟区,126.667736,45.781440,景点,南通大街208号哈尔滨文化公园,生活服务;生活服务场所;生活服务场所,3.2,[]
哈尔滨文化公园-寄存中心,126.668724,45.781090,景点,南通大街208号哈尔滨文化公园内,风景名胜;风景名胜相关;旅游景点,3.2,[]
滨州铁路水上公园,126.613904,45.793466,景点,警备街与1号东区环岛绿道交叉口东360米,风景名胜;公园广场;公园,3.7,[]
哈尔滨市公园小学校(南校区),126.693377,45.774752,景点,大有坊街58号(大有坊街地铁站3号口步行320米),科教文化服务;学校;小学,[],[]
洛克公园游乐场(哈尔滨银泰城购物中心店),126.537808,45.736602,景点,融江路与群力第二大道交叉口东南140米,体育休闲服务;休闲场所;游乐场,3.1,[]
哈尔滨文化公园-广播室,126.668342,45.779491,景点,南通大街208号哈尔滨文化公园,生活服务;生活服务场所;生活服务场所,[],[]
哈尔滨新区中心公园-它山之石,126.522429,45.817112,景点,新区中心公园内(西侧),风景名胜;风景名胜相关;旅游景点,2.8,[]
哈尔滨城市足球公园,126.647192,45.687243,景点,哈平路189号,风景名胜;公园广场;公园,4.5,[]
河畔公园,126.641470,45.712972,景点,林园路15号,风景名胜;公园广场;公园广场,3.9,[]
哈尔滨极地公园大雪人,126.586069,45.785486,景点,太阳大道277号哈尔滨极地公园,风景名胜;风景名胜相关;旅游景点,3.7,[]
哈尔滨市廉洁文化主题公园,126.662156,45.709648,景点,电教街1-9号,风景名胜;公园广场;公园,3.6,[]
哈尔滨市平房区体育公园(建设中),126.625422,45.575161,景点,哈南十一路与哈南第八大道交叉口东北240米,风景名胜;公园广场;公园,3.7,[]
哈尔滨音乐公园停车点,126.555909,45.749686,景点,友谊西路音乐主题广场(东侧),交通设施服务;停车场;公共停车场,[],[]
哈尔滨市关道遗址文化公园-道台府,126.657310,45.794061,景点,北新街65号哈尔滨市关道遗址文化公园(不对外开放),风景名胜;风景名胜;风景名胜,3.9,[]
哈尔滨音乐公园东停车点,126.566100,45.750991,景点,友谊西路音乐主题广场(东侧),交通设施服务;停车场;公共停车场,[],[]
会宁公园,126.985681,45.542876,景点,通城街道会宁路258号,风景名胜;公园广场;公园,4.3,[]
哈尔滨文化公园-圣母安息教堂,126.668362,45.779501,景点,南通大街208号哈尔滨游乐园内,风景名胜;风景名胜;教堂,3.9,[]
哈尔滨清滨公园投影民宿(哈尔滨工业大学店),126.617275,45.740625,景点,清明三道街与通达街交叉口东北40米,住宿服务;住宿服务相关;住宿服务相关,4.8,[]
福山公园,128.338205,45.462009,景点,延寿镇东红星街,风景名胜;公园广场;公园,3.6,[]
兆麟公园-青草塘,126.622827,45.775910,景点,森林街41号哈尔滨市兆麟公园内(南侧),风景名胜;风景名胜相关;旅游景点,3.8,[]
哈尔滨群力丁香公园地铁站亚朵酒店,126.571291,45.732852,景点,群力第七大道508号D1栋,住宿服务;宾馆酒店;宾馆酒店,4.7,[]
万达广场(哈尔滨哈西店),126.587039,45.700398,景点,中兴大道168号(凯盛源广场地铁站1号口旁),购物服务;商场;购物中心,4.9,[]
哈尔滨站南广场,126.633298,45.761335,景点,铁路街1号(哈尔滨站地铁站4号口步行180米),风景名胜;公园广场;城市广场,4.0,[]
凯旋广场,126.645401,45.720495,景点,动源街5号,商务住宅;住宅区;住宅小区,4.4,[]
哈尔滨市,126.535050,45.802981,景点,松北区,地名地址信息;普通地名;地市级地名,[],[]
凯德广场·学府,126.608948,45.721232,景点,学府路1-1号,购物服务;商场;购物中心,4.9,[]
万达广场(哈尔滨香坊店),126.678170,45.740403,景点,衡山路17号,购物服务;商场;购物中心,4.8,[]
哈尔滨站北广场候车室售票厅,126.629765,45.762076,景点,地工街哈尔滨站,生活服务;生活服务场所;生活服务场所,[],[]
哈尔滨西站西广场,126.574147,45.708548,景点,丽江路,风景名胜;公园广场;城市广场,[],[]
东滨广场,126.694015,45.726196,景点,新香坊街道(油坊街地铁站2号口步行430米),商务住宅;住宅区;住宅小区,[],[]
万达广场(哈尔滨哈东店),126.760383,45.717605,景点,香福路52号,购物服务;商场;购物中心,4.8,[]
哈尔滨富力广场,126.587991,45.757761,景点,乡湾街与河鼓街辅路交叉口西南200米,购物服务;商场;普通商场|商务住宅;住宅区;住宅小区,4.5,[]
哈尔滨西站东广场,126.581045,45.705439,景点,哈尔滨大街501号哈尔滨西站,风景名胜;公园广场;城市广场,[],[]
哈尔滨站北广场,126.629529,45.762777,景点,[],风景名胜;公园广场;城市广场,[],[]
哈尔滨东站站前广场,126.709630,45.788971,景点,桦树街与南棵街交汇处,风景名胜;公园广场;城市广场,[],[]
地下购物广场(哈尔滨中央大街店),126.622932,45.770822,景点,中央大街1号哈尔滨中央大街,购物服务;超级市场;超市,4.4,[]
哈尔滨银行(新阳广场支行),126.619640,45.767521,景点,经纬街92号(中央大街地铁站1号口步行410米),金融保险服务;银行;银行,[],[]
杉杉奥特莱斯广场·哈尔滨,126.559329,45.876294,景点,利民大道555号,购物服务;商场;购物中心,4.8,[]
哈特购物广场,126.625199,45.741792,景点,西大直街118号(哈尔滨工大高新技术园区),购物服务;商场;购物中心,4.7,[]
哈尔滨国际会展体育中心广场(红博会展购物广场店),126.698205,45.755072,景点,黄河路202号(近红博世纪广场),体育休闲服务;体育休闲服务场所;体育休闲服务场所,4.1,[]
哈尔滨站,126.632690,45.761621,景点,铁路街1号,交通设施服务;火车站;火车站,4.8,[]
时代广场,126.693049,45.752462,景点,哈尔滨市经济开发区南岗集中区(香山路与浦江路交汇处),商务住宅;住宅区;住宅小区,4.4,[]
杉杉(杉杉奥特莱斯广场·哈尔滨店),126.560139,45.877150,景点,利民大道555号杉杉奥特莱斯广场·哈尔滨F2层C24500,购物服务;服装鞋帽皮具店;服装鞋帽皮具店,4.7,[]
哈西金街(哈尔滨哈西万达广场店),126.585842,45.699572,景点,兴达路171号,购物服务;特色商业街;特色商业街,4.6,[]
汉庭哈尔滨火车站南广场沪士大厦酒店,126.632511,45.759165,景点,海关街182号(沪士大厦24-29层),住宿服务;宾馆酒店;经济型连锁酒店,4.6,[]
金爵万象商业广场,126.583009,45.698947,景点,哈西哈尔滨大街,购物服务;商场;购物中心,4.7,[]
哈尔滨西站万达广场中心桔子水晶酒店,126.585465,45.701752,景点,中兴大道579号靠近凯盛源广场(地铁站),住宿服务;宾馆酒店;宾馆酒店,4.8,[]
火车头广场,126.601471,45.762077,景点,河润街哈尔滨冰雪艺术中心(居然之家东),风景名胜;公园广场;城市广场,3.9,[]
百特佰购物广场(哈尔滨果园店),126.703990,45.728200,景点,果园街与延福街交叉口(原果园农贸市场),购物服务;超级市场;超市,4.2,[]
汉庭酒店(哈尔滨中央大街火车站北广场店),126.630913,45.766558,景点,工厂街26号,住宿服务;宾馆酒店;宾馆酒店,4.5,[]
哈尔滨防洪纪念塔广场停车点,126.618647,45.780836,景点,防洪纪念塔广场,交通设施服务;停车场;公共停车场,[],[]
ZARA(哈尔滨哈西万达广场店),126.587999,45.700489,景点,中兴大道168号哈西万达广场,购物服务;服装鞋帽皮具店;品牌服装店,4.5,[]
OPPO官方授权体验店(哈尔滨南岗区凯德广场学府店),126.608925,45.721175,景点,和兴路街道学府路1-1号凯德广场(学府店)一层01-41店铺,购物服务;家电电子卖场;手机销售,4.0,[]
汉庭酒店(哈尔滨东大直街红博广场店),126.644370,45.758345,景点,国民街75号(国民街与东大直街交汇口),住宿服务;宾馆酒店;经济型连锁酒店,4.6,[]
哈尔滨记忆城市文化主题餐厅(金中环广场店),126.563908,45.735893,景点,群力第四大道956号金中环广场F1层,餐饮服务;中餐厅;中餐厅,4.7,98.00
万达影城(哈尔滨香坊万达广场店),126.677879,45.739477,景点,衡山路17-1号万达广场4层,体育休闲服务;影剧院;电影院,4.8,44.00
7天连锁酒店(哈尔滨承德广场巴洛克景区店),126.639869,45.776984,景点,景阳街248号,住宿服务;宾馆酒店;经济型连锁酒店,4.4,[]
哈尔滨西站万达广场亚朵X酒店,126.581453,45.698150,景点,哈尔滨大街541-2号,住宿服务;宾馆酒店;宾馆酒店,4.5,[]
哈尔滨西站万达广场美居酒店,126.583762,45.696181,景点,哈尔滨大街与南兴街交叉口爱达九溪loft2栋,住宿服务;宾馆酒店;经济型连锁酒店,4.7,[]
海澜之家(哈尔滨哈西万达广场店),126.587952,45.700274,景点,中兴大道168号万达广场(哈尔滨哈西店)2F层2102/2103,购物服务;服装鞋帽皮具店;品牌服装店,4.3,[]
哈尔滨科技创新城创新创业广场,126.511442,45.798603,景点,科技一街,风景名胜;公园广场;城市广场,3.9,[]
波波笑剧场(哈尔滨哈西万达广场店),126.585676,45.700140,景点,中兴大道168号万达广场(哈尔滨哈西店)4F层,体育休闲服务;影剧院;剧场|体育休闲服务;休闲场所;休闲场所,4.7,105.00
全季酒店(哈尔滨中央大街哈站北广场店),126.626222,45.759349,景点,地工街4号,住宿服务;宾馆酒店;宾馆酒店,4.7,[]
喆啡酒店(哈尔滨火车站南广场博物馆地铁站店),126.641871,45.761025,景点,建设街131号(博物馆地铁站4号口步行260米),住宿服务;宾馆酒店;宾馆酒店,4.5,[]
如家酒店(哈尔滨香坊万达广场龙塔店),126.673868,45.744397,景点,鸿翔路27号,住宿服务;宾馆酒店;宾馆酒店,4.8,[]
九门重庆老火锅(哈尔滨哈西万达广场店),126.589895,45.700011,景点,中兴大道168号万达广场(哈尔滨哈西店)1F层D2-91,餐饮服务;中餐厅;火锅店,4.6,124.00
凯乐石KAILAS(杉杉奥特莱斯广场·哈尔滨店),126.557676,45.876498,景点,学院路555号杉杉奥特莱斯二层B24000,购物服务;体育用品店;户外用品,4.3,[]
希岸Deluxe酒店(哈尔滨哈西高铁站万达广场店),126.589710,45.691762,景点,哈尔滨大街685号,住宿服务;宾馆酒店;宾馆酒店,4.8,[]
家得乐超市(杉杉奥特莱斯广场·哈尔滨店),126.561054,45.877179,景点,利民大道555号杉杉奥特莱斯广场·哈尔滨2F层,购物服务;超级市场;超市,4.6,[]
哈尔滨印象城A座,126.616249,45.779588,景点,哈尔滨印象城,购物服务;商场;购物中心|购物服务;商场;普通商场,4.4,[]
麗枫酒店(哈尔滨火车站站前广场店),126.634387,45.759676,景点,春申街14号(哈尔滨站地铁站3号口步行240米),住宿服务;宾馆酒店;宾馆酒店,4.5,[]
石榴酒店(哈尔滨高铁站哈西万达广场店),126.582765,45.708812,景点,铁景街204号爱达88loft栋4楼,住宿服务;宾馆酒店;宾馆酒店,4.6,[]
北大荒闫家岗国际温泉度假区,126.315555,45.629897,景点,闫家岗,风景名胜;风景名胜相关;旅游景点,3.9,[]
哈尔滨冰雪文化博物馆,126.636679,45.627163,景点,松花路9号中国云谷园区内A2号楼,科教文化服务;博物馆;博物馆,4.4,[]
呼兰天主教堂,126.610136,45.987749,景点,亿兴路与东府路交叉口处,风景名胜;风景名胜;教堂,4.2,[]
丁香科技博览园,126.718444,45.682031,景点,西柞街与进乡街交汇,风景名胜;风景名胜;风景名胜,4.0,[]
净土寺,126.588228,45.579009,景点,平房镇松花路69号,风景名胜;风景名胜;寺庙道观,4.3,[]
海宁龙龙奇幻世界,126.538598,45.691844,景点,机场路198号海宁皮革城3层,风景名胜;风景名胜相关;旅游景点,4.2,[]
毛毛镇音乐主题乐园,126.552299,45.518411,景点,松花江路1号,体育休闲服务;休闲场所;游乐场,4.7,63.00
黑龙江省民族博物馆,126.674897,45.775844,景点,文庙街25号,科教文化服务;博物馆;博物馆,4.1,[]
水一方梦幻水世界,126.745904,45.858732,景点,民主镇民富村江南中环路1.3公里处,风景名胜;风景名胜相关;旅游景点,3.9,[]
迎宾公园,126.535669,45.702630,景点,东湖路与阳明滩大道交叉口东南320米,风景名胜;公园广场;公园,4.0,[]
呼兰文庙,126.611274,45.973036,景点,萧红大道271号,风景名胜;风景名胜;寺庙道观,4.0,[]
哈尔滨圣母守护教堂,126.650731,45.763799,景点,东大直街268号,风景名胜;风景名胜;教堂,4.2,[]
哈尔滨冰雪大世界-雪花冰迷宫,126.558570,45.775652,景点,太阳大道1458号哈尔滨冰雪大世界内(西侧),风景名胜;风景名胜相关;旅游景点,3.7,[]
哈尔滨冰雪大世界文创旗舰店,126.565816,45.774613,景点,冰雪大世界南门外100米,风景名胜;风景名胜;风景名胜,4.0,[]
哈尔滨冰雪大世界乐园接待处,126.551103,45.829791,景点,松北街道,生活服务;生活服务场所;生活服务场所,3.9,[]
冰雪文化方舟,126.563999,45.777716,景点,太阳大道1458号哈尔滨冰雪大世界四季游乐馆2楼,购物服务;购物相关场所;购物相关场所,4.1,[]
呼兰河口湿地冰雪乐园,126.737158,45.939154,景点,呼兰河口湿地公园,体育休闲服务;运动场馆;运动场所,4.3,[]
亚布力瑞枫山舍冰雪乐园,128.520545,44.955911,景点,亚布力镇五里地村旁,体育休闲服务;休闲场所;休闲场所,4.5,80.00
哈尔滨之心雪人王国冰雪乐园,126.574090,45.809198,景点,LTDUCK小黄鸭主题乐园东北侧180米,体育休闲服务;休闲场所;休闲场所,4.4,230.00
依兰冰雪嘉年华,129.560946,46.336427,景点,北江边防洪纪念塔,体育休闲服务;体育休闲服务场所;体育休闲服务场所,3.9,[]
2026香坊冰雪嘉年华,126.758197,45.721853,景点,公滨路与香福路交叉口向西北260米,体育休闲服务;体育休闲服务场所;体育休闲服务场所,4.4,[]
机遇时空X-META全感VR冰雪奇幻乐园(哈尔滨冰雪大世界店),126.565763,45.776853,景点,哈尔滨冰雪大世界梦幻冰雪馆一层A1-9、A1-10、A1-11、A1-12号商铺,体育休闲服务;休闲场所;休闲场所,4.0,57.00
杏树山漂流几字湾冰雪乐园,127.169884,45.284224,景点,小桂林西北侧80米,风景名胜;风景名胜;风景名胜,3.3,[]
百年航运冰雪欢乐世界(主园区),126.634565,45.786462,景点,景阳街与江畔路交叉口西北40米,体育休闲服务;休闲场所;游乐场,3.7,[]
慈府冰雪乐园,127.298096,44.771732,景点,杜家镇开发村,体育休闲服务;体育休闲服务场所;体育休闲服务场所,3.6,[]
十里冰雪长廊(建设街大舞台),126.651052,45.755454,景点,建设街2号,风景名胜;风景名胜;风景名胜,4.0,[]
冰雪大世界老园(不对外开放),126.573992,45.773788,景点,雪景街与松北大道交叉口西220米,风景名胜;风景名胜相关;旅游景点,4.0,[]
冰雪小世界游客中心,126.501809,45.920757,景点,鱼菜共生生态农业产业园东侧,体育休闲服务;体育休闲服务场所;体育休闲服务场所,3.8,[]
太古冰雪乐园,126.547017,45.768415,景点,松北镇金星村斗沟子屯,体育休闲服务;休闲场所;游乐场,4.0,[]
闫家岗雪美稻乡冰雪乐园,126.328759,45.616435,景点,机场路1458号闫家岗农场北侧,体育休闲服务;体育休闲服务场所;体育休闲服务场所,3.8,[]
冰雪奇园嘉年华,127.178514,44.928521,景点,金山大街9号,体育休闲服务;休闲场所;游乐场,4.2,74.00
冰雪小世界,126.501812,45.920748,景点,珠海路1号,风景名胜;风景名胜相关;旅游景点,3.3,[]
逐梦冰雪滑冰俱乐部,126.638838,45.768152,景点,八区三巷与开原街交叉口北40米,体育休闲服务;运动场馆;运动场所,3.8,[]
上坞沙滩冰雪部落,126.580432,45.771782,景点,太阳大道1458号,体育休闲服务;体育休闲服务场所;体育休闲服务场所,3.9,[]
冰雪运动俱乐部(亚布力店),128.620289,44.933498,景点,林政路94号,体育休闲服务;运动场馆;运动场所,1.8,[]
中央大街冰雪大世界,126.598675,45.754825,景点,河江街与哈药路交叉口东60米,体育休闲服务;体育休闲服务场所;体育休闲服务场所,4.0,[]
冰雪大世界,126.623348,45.769650,景点,尚志大街与西十四道街交叉口西北60米,体育休闲服务;休闲场所;游乐场,3.1,[]
道外区天恒山冰雪运动大世界,126.812175,45.798125,景点,[],体育休闲服务;运动场馆;运动场所,4.0,[]
冰雪巴洛克乐园,126.588973,45.693779,景点,哈尔滨大街666号B17栋1单元21层2号,体育休闲服务;休闲场所;游乐场,3.7,[]
关东冰雪游乐场,128.123341,44.399109,景点,雪谷冰雪奇缘客栈东侧130米,体育休闲服务;休闲场所;游乐场,3.9,[]
可达冰雪大世界,126.640725,45.787525,景点,北五道街与长春街交叉口东南60米,体育休闲服务;体育休闲服务场所;体育休闲服务场所,3.6,[]
雪乡冰雪欢乐世界,129.561512,46.323020,景点,前进街与电厂胡同交叉口东北60米,体育休闲服务;休闲场所;游乐场,3.8,[]
雪域部落冰雪乐园,128.510025,44.771275,景点,旺鑫居民宿(哈尔滨亚布力滑雪旅游度假区亚布力南站店)西侧50米,体育休闲服务;休闲场所;游乐场,4.2,[]
一冰雪一世界,126.566335,45.776016,景点,冰雪大世界梦幻冰雪馆2层,体育休闲服务;体育休闲服务场所;体育休闲服务场所,4.1,[]
哈尔滨松花江冰雪嘉年华(暂停营业),126.616886,45.781086,景点,中央大街259-7号,体育休闲服务;体育休闲服务场所;体育休闲服务场所,4.8,82.00
职工冰雪乐园(暂停营业),126.603329,45.776115,景点,九站公园与九站街交叉口西220米,体育休闲服务;体育休闲服务场所;体育休闲服务场所,4.5,[]
天龙湖冰雪乐园(暂停营业),126.701340,45.570513,景点,[],体育休闲服务;运动场馆;滑雪场,4.5,[]
阿城区冰雪嘉年华冰上乐园(暂停营业),126.997925,45.535525,景点,解放大街甲406号阿什河公园,体育休闲服务;体育休闲服务场所;体育休闲服务场所,4.2,66.00
松花江上冰雪运动乐园(暂停营业),126.601503,45.785533,景点,太阳岛沙滩浴场东北100米(风景街南),体育休闲服务;体育休闲服务场所;体育休闲服务场所,4.0,76.00
中国-上海合作组织冰雪体育示范区群众冰雪体育运动基地(暂停营业),126.579725,45.806525,景点,剧院一路与滨水大道交叉口大剧院西侧,体育休闲服务;运动场馆;运动场所,4.4,[]
亚布力森林秘境冰雪乐园(暂停营业),128.510547,44.790252,景点,G333雪青公路,体育休闲服务;体育休闲服务场所;体育休闲服务场所,4.0,[]
哈港1952冰雪欢乐世界(暂停营业),126.681067,45.801076,景点,海员街10号,体育休闲服务;休闲场所;游乐场,4.0,[]
枫叶小镇冰雪新世界(暂停营业),126.467215,45.821177,景点,中源大道16999号枫叶小镇奥特莱斯东侧河岸,体育休闲服务;体育休闲服务场所;体育休闲服务场所,3.5,[]
哈尔滨冰雪乐园(暂停营业),126.601907,45.774771,景点,九站公园内江上体育活动指导中心,体育休闲服务;运动场馆;滑雪场,4.3,[]
尼埃拉依教堂,126.651589,45.764369,景点,东大直街252号,风景名胜;风景名胜;教堂|政府机构及社会团体;社会团体;教会,4.2,[]
哈尔滨市基督教会兴旺礼拜堂,126.357300,46.040590,景点,基督教会兴旺礼拜堂,风景名胜;风景名胜;教堂,3.4,[]
基督教船厂,126.618129,45.799956,景点,航务街与船厂路交叉口西南100米,风景名胜;风景名胜;教堂,3.9,[]
索菲亚教堂景区-综合办公楼,126.626958,45.771205,景点,透笼街88号,风景名胜;风景名胜相关;旅游景点,4.2,[]
基督教礼拜堂,126.614492,45.757380,景点,新阳路158-160号,风景名胜;风景名胜;教堂,3.9,[]
天主堂(江畔路),126.659019,45.797562,景点,江畔路98号,风景名胜;风景名胜;教堂,4.1,[]
南岗区天主堂,126.649790,45.763895,景点,东大直街211号(医大一院地铁站1号口旁),风景名胜;风景名胜;教堂,4.1,[]
道外礼拜堂,126.644047,45.785665,景点,北大六道街14号,风景名胜;风景名胜;教堂,3.7,[]
松浦教堂,126.636486,45.818579,景点,大兴隆街111号,风景名胜;风景名胜;教堂,3.8,[]
圣·索菲亚教堂四季沐歌温暖驿站,126.627271,45.771016,景点,石头道街与地段街交叉口西南80米,生活服务;生活服务场所;生活服务场所|风景名胜;风景名胜相关;旅游景点,3.7,[]
哈尔滨市南岗区康宁家园基督教堂,126.604418,45.727928,景点,康宁头道街3-7号附近,风景名胜;风景名胜;教堂,3.9,[]
道里区建国礼拜堂,126.495276,45.708451,景点,哈双北路,风景名胜;风景名胜;教堂,3.7,[]
以马内利礼拜堂,126.698441,45.775314,景点,宏伟路171号,风景名胜;风景名胜;教堂,4.0,[]
基督十教堂,126.604520,45.728081,景点,康宁头道街3-7号附近,风景名胜;风景名胜;教堂,3.6,[]
松北新区红光基督教会,126.594772,45.894676,景点,燕京路750号,风景名胜;风景名胜;教堂,3.6,[]
哈达基督教,126.615177,45.681601,景点,学府路与健平路交叉口西南380米,风景名胜;风景名胜;教堂,4.0,[]
哈尔滨市南岗区王岗教会,126.547730,45.670305,景点,哈双路与双红路交叉口北280米,风景名胜;风景名胜;教堂,4.0,[]
哈尔滨市基督教红旗大街礼拜堂,126.693049,45.728629,景点,安埠街与永吉街交叉口北80米,风景名胜;风景名胜;教堂,3.7,[]
以马内利基督教堂,126.604519,45.728079,景点,铁路街与和兴十一道街交叉口西40米,风景名胜;风景名胜;教堂,3.2,[]
和谐寺观教堂,126.648331,45.695720,景点,育林街,风景名胜;风景名胜;教堂,3.1,[]
基督教香坊教会幸福镇礼拜堂,126.766306,45.726685,景点,香发街12-1号,风景名胜;风景名胜;教堂,3.8,[]
呼兰区基督教会中心堂,126.616649,45.975375,景点,萧红大道与师专路交叉口东140米,风景名胜;风景名胜;教堂,3.7,[]
香坊区基督教义发源礼拜堂,126.671317,45.633084,景点,金振街与金发街交叉口西南180米,风景名胜;风景名胜;教堂,3.7,[]
圣·尼古拉教堂,126.902764,45.673103,景点,成高子镇伏尔加庄园,风景名胜;风景名胜;教堂,4.1,[]
五家基督教堂,126.400366,45.556084,景点,五家街道,风景名胜;风景名胜;教堂,3.7,[]
哈尔滨市基督教,126.635215,45.593199,景点,谷丰东街与哈南九路交叉口东320米,风景名胜;风景名胜;教堂,3.8,[]
民主乡民主教会基督教礼拜堂,126.806894,45.858373,景点,305乡道与江南中环路交叉口东120米,风景名胜;风景名胜;教堂,3.4,[]
哈尔滨市基督教教会平房礼拜堂,126.635062,45.593226,景点,龙滨路七道街,风景名胜;风景名胜;教堂,3.7,[]
平房区中心礼拜堂,126.635130,45.593197,景点,谷丰东街与哈南九路交叉口东320米,风景名胜;风景名胜;教堂,3.5,[]
哈尔滨市平房区天主教堂,126.648057,45.590818,景点,建安街与哈南十五路交叉口北260米,风景名胜;风景名胜;教堂,3.6,[]
基督教堂,126.455304,45.629152,景点,051乡道与新榆东一路交叉口西南360米,风景名胜;风景名胜;教堂,3.5,[]
永源基督教堂,126.979060,45.776855,景点,同哈公路北50米,风景名胜;风景名胜;教堂,3.6,[]
对青礼拜堂,126.342316,45.931960,景点,铁政街33号,风景名胜;风景名胜;教堂,2.9,[]
太平礼拜堂,126.194866,45.629673,景点,太平中心小学校附近,风景名胜;风景名胜;教堂,3.2,[]
礼拜堂,126.960902,45.534780,景点,金澜路与礼让胡同交叉口西360米,风景名胜;风景名胜;教堂,3.9,[]
巨源礼拜堂,126.973411,45.943043,景点,302乡道,风景名胜;风景名胜;风景名胜,3.4,[]
杏林礼拜堂,126.355461,46.077157,景点,黑大公路,风景名胜;风景名胜;风景名胜,3.0,[]
基督教,126.806970,45.858398,景点,305乡道与江南中环路交叉口东120米,风景名胜;风景名胜;教堂,2.8,[]
黄金礼拜教堂,126.300679,45.378273,景点,新兴路15号,风景名胜;风景名胜;风景名胜,3.6,[]
感恩堂,127.163619,45.755450,景点,兴宾大道与哈同公路交叉口西南120米,风景名胜;风景名胜;教堂,3.3,[]
基督教会,126.300990,45.367499,景点,军民胡同74号,风景名胜;风景名胜;教堂,3.4,[]
榆树村基督教堂,126.873099,46.420500,景点,红光乡榆树村红榆线,风景名胜;风景名胜;教堂,3.4,[]
神爱世人,126.299056,45.396510,景点,粮库路与承旭路交叉口南220米,风景名胜;风景名胜相关;旅游景点,2.8,[]
宾光基督教堂,127.474361,45.761612,景点,北环西路与大千路交叉口西北20米,风景名胜;风景名胜;教堂,3.3,[]
巴彦堂,127.426496,46.078291,景点,607乡道与人民大街交叉口东南180米,风景名胜;风景名胜;教堂,3.1,[]
背荫河以琳基督教堂,126.994564,45.174186,景点,背荫河大街与506乡道交叉口东南280米,风景名胜;风景名胜;教堂,2.7,[]
五常市基督教曙光礼拜堂,127.161819,44.921426,景点,希望大街120号,风景名胜;风景名胜;教堂,3.3,[]
方正县松南乡红星村基督教活动场所,128.807963,45.879114,景点,松南乡,风景名胜;风景名胜;教堂,2.9,[]
福音堂,127.988556,45.215052,景点,301国道与铁通公路交叉口东北240米,风景名胜;风景名胜;教堂|购物服务;专卖店;专营店,2.9,[]
五常市基督教恩典教堂,127.148672,44.924420,景点,希望大街245号,风景名胜;风景名胜;教堂,3.2,[]
五常市以马内利礼拜堂,127.154410,44.915982,景点,致富路与开发大街交叉口北100米,风景名胜;风景名胜;教堂,2.7,[]
恩泽堂,128.742343,45.975620,景点,人和大街32号鑫隆广场新村一号5号门,风景名胜;风景名胜;教堂,2.1,[]
基督教会礼拜堂,126.644036,45.785674,景点,北大六道街14号,政府机构及社会团体;社会团体;教会|风景名胜;风景名胜;教堂,3.9,[]
宏伟基督教堂(暂停开放),126.562881,45.927178,景点,黑大公路西50米,风景名胜;风景名胜;教堂,3.5,[]
哈尔滨艺术博物馆,126.640729,45.765791,景点,一曼街253号,科教文化服务;博物馆;博物馆,3.8,[]
博物馆(地铁站),126.643793,45.758405,景点,1号线;2号线,交通设施服务;地铁站;地铁站,[],[]
哈尔滨失恋博物馆(西城红场店)(暂停营业),126.593326,45.703157,景点,哈西大街299号西城红场7层,体育休闲服务;体育休闲服务场所;体育休闲服务场所,3.8,[]
哈尔滨世纪汽车历史博物馆,126.347270,45.389267,景点,堡旭大道,科教文化服务;博物馆;博物馆,4.4,[]
哈尔滨铁路博物馆(暂停开放),126.635634,45.750407,景点,花园街道西大直街86号,科教文化服务;博物馆;博物馆,4.1,[]
哈尔滨三五文化博物馆,126.673549,45.763808,景点,马端街65号,科教文化服务;博物馆;博物馆,4.0,[]
黑龙江(国际)版画博物馆,126.637327,45.749889,景点,耀景街30号(铁路局地铁站4号口步行180米),科教文化服务;博物馆;博物馆,4.1,[]
哈尔滨民俗博物馆民宿(松花江店),126.606775,45.757875,景点,安定街与安发街交叉口西120米,住宿服务;住宿服务相关;住宿服务相关,4.8,[]
哈尔滨啤酒博物馆,126.720769,45.594979,景点,哈啤路9号,科教文化服务;博物馆;博物馆,4.3,[]
黑龙江省艺术博物馆,126.732121,45.725576,景点,黑龙江艺术职业学院院内,科教文化服务;博物馆;博物馆,4.0,[]
知青文化博物馆,126.590835,45.623370,景点,香坊大街街道朝阳镇平安村,科教文化服务;博物馆;博物馆,3.8,[]
哈尔滨古董手机博物馆(啸轩科技),126.657508,45.794695,景点,北新街65号哈尔滨市关道遗址文化公园(不对外开放)内(北侧),科教文化服务;科教文化场所;科教文化场所,3.3,[]
哈尔滨市公安局博物馆街面警务站,126.642550,45.758092,景点,红博广场(博物馆地铁站5号口步行50米),政府机构及社会团体;公检法机构;社会治安机构,[],[]
哈尔滨市革命遗址,126.638739,45.751233,景点,公司街59号哈尔滨工业大学博物馆,风景名胜;风景名胜相关;旅游景点,3.4,[]
宽街博物馆,126.621322,45.770146,景点,尚志街道中央大街西十三道街43号东和昶1917大楼内,科教文化服务;科教文化场所;科教文化场所,4.1,[]
黑龙江邮政博物馆,126.639396,45.760115,景点,民益街100号,科教文化服务;博物馆;博物馆,3.9,[]
小镇相机博物馆(枫叶小镇奥特莱斯店),126.463770,45.820587,景点,中源大道16999号枫叶小镇奥特莱斯南区2F层,科教文化服务;博物馆;博物馆,3.6,[]
黑龙江省计量博物馆,126.498245,45.793112,景点,创新二路与科技南三街交叉口西南120米,科教文化服务;博物馆;博物馆,3.4,[]
哈尔滨市东宝地球矿物化石博物馆,127.033176,45.470786,景点,中都大道g10号,科教文化服务;博物馆;博物馆,3.7,[]
可可主角·巧克力博物馆(哈尔滨中央大街店),126.618246,45.777247,景点,中央大街与西头道街交叉口东北20米,科教文化服务;科教文化场所;科教文化场所,4.0,[]
端街博物馆,126.619656,45.769428,景点,锦秀商厦东南门旁,科教文化服务;博物馆;博物馆,4.1,[]
俄罗斯琥珀博物馆,126.600501,45.789155,景点,太阳岛街道太阳岛街3号,科教文化服务;博物馆;博物馆,3.9,[]
马迭尔啤酒博物馆,126.608010,45.789040,景点,临江街与游览街交叉口西南20米,科教文化服务;博物馆;博物馆,3.6,[]
华夏鞋文化博物馆,126.689651,45.779661,景点,红旗大街855号,科教文化服务;博物馆;博物馆,3.6,[]
汇丰影像博物馆,126.636660,45.759783,景点,红军街116号二楼,科教文化服务;博物馆;博物馆,3.9,[]
秋林食品历史博物馆,126.645927,45.761543,景点,阿什河街与东大直街交叉口西100米,科教文化服务;博物馆;博物馆,3.8,[]
哈尔滨市日月星少数民族博物馆,126.370240,45.914624,景点,兴山路与001乡道交叉口东北160米,科教文化服务;博物馆;博物馆,3.9,[]
丽呈東谷酒店(哈尔滨火车站博物馆地铁站店),126.648992,45.757007,景点,马家街188号,住宿服务;宾馆酒店;经济型连锁酒店,4.4,[]
秋林格瓦斯博物馆,126.692632,45.626942,景点,平房经济技术开发区东兴路151号,科教文化服务;博物馆;博物馆,4.2,[]
博物馆地铁站3b口,126.643647,45.757992,景点,1号线,交通设施服务;地铁站;出入口,[],[]
哈尔滨市群众艺术馆,126.641476,45.765720,景点,一曼街247号哈尔滨艺术博物馆,科教文化服务;展览馆;展览馆,4.4,[]
黑龙江大学-博物馆(暂停开放),126.617833,45.706200,景点,学院路74号,科教文化服务;博物馆;博物馆,3.9,[]
民俗博物馆,127.196420,45.510574,景点,将军山东北侧200米,风景名胜;风景名胜相关;旅游景点,3.4,[]
宾县博物馆,127.462100,45.743988,景点,迎宾大道与西环路交叉口西180米,科教文化服务;博物馆;博物馆,3.5,[]
黑龙江同镇艺术博物馆,126.67151,45.762153,景点,十字街和红领巾街交汇处海富金棕榈6栋2层,科教文化服务;博物馆;博物馆,3.5,[]
森林博物馆,127.387089,45.500975,景点,金龙山国家森林公园内(西侧),风景名胜;风景名胜相关;旅游景点,3.6,[]
金上京历史博物馆,126.968560,45.497405,景点,金源路49号,科教文化服务;博物馆;博物馆,4.6,[]
中国书法文化博物馆,127.957778,45.217348,景点,北环路92号,科教文化服务;博物馆;博物馆,3.7,[]
黑龙江北方民俗博物馆,127.368027,46.123871,景点,巴彦镇永发屯,科教文化服务;博物馆;博物馆,3.9,[]
八旗满族服饰博物馆,126.968634,45.497386,景点,金上京历史博物馆(005县道西),风景名胜;风景名胜相关;旅游景点,3.3,[]
依兰博物馆,129.554828,46.324533,景点,依兰镇花园东巷,科教文化服务;博物馆;博物馆,3.9,[]
亚布力企业家博物馆,128.454641,44.781714,景点,亚布力林业局亚布力小镇,科教文化服务;博物馆;博物馆,3.7,[]
哈尔滨犹太历史文化纪念馆(装修中),126.616823,45.768531,景点,经纬街162号犹太新会堂旧址内(北侧),风景名胜;风景名胜;纪念馆,3.9,[]
哈尔滨市知青纪念馆,126.792588,45.800200,景点,东巨路天恒山知青公园内(东侧),风景名胜;风景名胜;纪念馆,3.7,[]
哈尔滨中苏友好协会旧址纪念馆,126.625388,45.774286,景点,老市委大院1号楼,风景名胜;风景名胜;纪念馆,3.5,[]
哈尔滨师范大学松北校区游寿纪念馆,126.558894,45.866801,景点,师大路1号哈尔滨师范大学松北校区,风景名胜;风景名胜;纪念馆,3.2,[]
哈尔滨人民音乐家郑律成纪念馆,126.612646,45.761346,景点,安升街85号哈尔滨市朝鲜民族艺术馆内,风景名胜;风景名胜;纪念馆,3.9,[]
东北抗日暨爱国自卫战争烈士纪念塔,126.640324,45.770620,景点,南极街116号,风景名胜;风景名胜相关;旅游景点,[],[]
中国人民解放军第四野战军纪念馆,126.314432,45.375025,景点,花园大街273号,风景名胜;风景名胜;红色景区,4.3,[]
龙马精神,126.606977,45.975747,景点,二道街204号萧红纪念馆,风景名胜;风景名胜相关;旅游景点,2.7,[]
七间门洞子房,126.607020,45.976231,景点,二道街204号萧红纪念馆(西北角),风景名胜;风景名胜相关;旅游景点,2.7,[]
革命领袖视察黑龙江纪念馆,126.642501,45.759556,景点,荣市街道建设街67号建设街步行街,风景名胜;风景名胜;纪念馆,4.1,[]
赵一曼纪念园,127.807800,45.307422,景点,长寿乡赵一曼,风景名胜;风景名胜;纪念馆,4.3,[]
赵一曼被捕地,127.811435,45.306836,景点,长寿乡一曼村,风景名胜;风景名胜;红色景区,3.5,[]
毛主席宝像传奇,126.601982,45.761885,景点,上海街与爱建路交叉口,风景名胜;风景名胜相关;旅游景点,4.4,[]
第六次全国劳动大会旧址,126.625200,45.765388,景点,工厂街与尚志大街交叉口东南20米,风景名胜;风景名胜;红色景区,3.9,[]
杨靖宇烈士纪念馆,126.659803,45.790894,景点,靖宇街哈尔滨市靖宇小学校,风景名胜;风景名胜;纪念馆,[],[]
抗洪纪念碑,128.750937,45.969773,景点,通江大街23号,风景名胜;风景名胜;纪念馆,3.8,[]
苏联红军烈士纪念塔,126.641666,45.756997,景点,松花江街道松花江街道西大直街与红博广场交叉口西南60米,风景名胜;风景名胜相关;旅游景点,4.0,[]
苏宁纪念园,126.747085,45.679597,景点,红星路414号,风景名胜;风景名胜相关;旅游景点,3.7,[]
哈尔滨市平房区零散烈士纪念设施,126.698746,45.577182,景点,陵园内300米,风景名胜;风景名胜;风景名胜,3.8,[]
抗洪胜利纪念塔,128.038602,45.943224,景点,木兰镇通江路108号,风景名胜;风景名胜;纪念馆,3.7,[]
哈尔滨新潟友谊园-中日友好纪念碑,126.592386,45.793570,景点,太阳大道3号太阳岛风景区内(西侧),风景名胜;风景名胜;纪念馆,3.6,[]
中共六大代表秘密接待站遗址,126.617616,45.773007,景点,中央大街1号哈尔滨中央大街,风景名胜;风景名胜相关;旅游景点,3.4,[]
元宝山公园-暴风骤雨纪念馆,128.281470,45.268183,景点,通达路东100米元宝山公园(东北角),风景名胜;风景名胜;纪念馆,3.6,[]
第六次全国人民代表大会会场原址,126.625196,45.765386,景点,工厂街128号(近经纬街),风景名胜;风景名胜相关;旅游景点,3.8,[]
尚志市革命烈士陵园,127.958691,45.217938,景点,花园街2号尚志烈士陵园南侧,风景名胜;风景名胜;红色景区|生活服务;丧葬设施;陵园,3.8,[]
七三一旧址考古基点,126.634518,45.608651,景点,新疆大街23号侵华日军第七三一部队遗址(西南角),风景名胜;风景名胜;风景名胜,3.6,[]
中共黑龙江历史纪念馆,126.642877,45.766199,景点,荣市街道荣市街道荣市街道一曼街241号东北抗联博物馆,风景名胜;风景名胜;纪念馆,3.8,[]
哈尔滨市开国将帅纪念堂,126.505936,45.549993,景点,将军路三五将军文化博物馆内,风景名胜;风景名胜;纪念馆,3.4,[]
东北抗联纪念园,126.505249,45.550680,景点,新兴工业园区将军路1号国防文化园内,风景名胜;风景名胜;红色景区,3.6,[]
苏联驻哈尔滨总领事馆旧址,126.637983,45.749567,景点,耀景街22号(铁路局地铁站4号口步行230米),风景名胜;风景名胜;纪念馆,3.9,[]
革命烈士纪念馆,127.163279,44.890313,景点,五常镇吉黑公路(革命烈士陵园),风景名胜;风景名胜;纪念馆,[],[]
毒气实验室旧址,126.638743,45.609698,景点,新疆大街23号侵华日军第七三一部队遗址内(东侧),风景名胜;风景名胜;风景名胜,3.6,[]
赵一曼烈士生平事迹陈列馆,127.811613,45.307196,景点,长寿乡赵一曼赵一曼纪念园内(东侧),风景名胜;风景名胜相关;旅游景点,3.5,[]
东北烈士纪念馆分馆,126.659750,45.790879,景点,靖宇街与南十九道街交叉口西60米,风景名胜;风景名胜;纪念馆,[],[]
东北抗联英雄馆,126.506646,45.551294,景点,将军路1号国防文化园内,风景名胜;风景名胜;纪念馆,3.5,[]
东北民主联军纪念馆,126.505794,45.550418,景点,新兴工业园区将军路1号国防文化园内,风景名胜;风景名胜;纪念馆,3.5,[]
中华人民共和国黑龙江省日本国北海道缔结友好纪念碑,126.659176,45.763994,景点,果戈里大街295号(近花园街)哈尔滨市儿童公园(东北角),风景名胜;风景名胜;纪念馆,3.6,[]
萧红墓纪念碑,126.592979,45.984456,景点,公园路1号西岗公园,风景名胜;风景名胜;纪念馆,3.4,[]
自卫军抗战纪念馆,129.556971,46.314000,景点,永茂巷10号,风景名胜;风景名胜;纪念馆,[],[]
中国工人首次纪念五一国际劳动节纪念地,126.567055,45.772857,景点,冰峰路哈尔滨太阳岛花园酒店,风景名胜;风景名胜;纪念馆,3.8,[]
将帅纪念园,126.506166,45.549733,景点,新兴工业园区将军路1号,风景名胜;风景名胜;纪念馆,3.2,[]
细菌试验室及特设监狱遗址,126.636146,45.609650,景点,新疆大街与青年街交叉口西北280米,风景名胜;风景名胜相关;旅游景点,3.8,[]
斯基德尔斯基故居,126.641555,45.759716,景点,建设街142号尚都购物广场,风景名胜;风景名胜;纪念馆,3.4,[]
德国驻哈尔滨领事馆原址,126.620863,45.776617,景点,中央大街1号哈尔滨中央大街,风景名胜;风景名胜;纪念馆,3.8,[]
抗洪胜利纪念塔-松花江湿地公园,128.039051,45.943250,景点,西环路金兰公园,风景名胜;公园广场;公园,3.5,[]
朴大昌婷婷纪念碑,126.530931,45.737208,景点,朗江路2893号,风景名胜;风景名胜;纪念馆,3.5,[]
希勤村合作化纪念馆,125.986650,45.331960,景点,[],风景名胜;风景名胜;纪念馆,3.2,[]
延寿县烈士纪念馆,128.323667,45.461696,景点,延寿镇北吉盛路98号,风景名胜;风景名胜;纪念馆,[],[]
秦西厢(哈尔滨金安国际店),126.620199,45.771870,景点,西十道街与中央大街交叉口东北60米,风景名胜;风景名胜相关;旅游景点,3.4,[]
抗联英雄纪念碑,127.931680,44.244801,景点,凤凰山国家森林公园内,风景名胜;风景名胜;纪念馆,3.3,[]
张甲洲烈士纪念碑,127.384411,46.081885,景点,甲洲路与人民大街交叉口西220米,风景名胜;风景名胜;纪念馆,[],[]
东北抗联将士纪念碑,126.506123,45.551643,景点,将军路1号国防文化园内,风景名胜;风景名胜;纪念馆,3.3,[]
依兰县愚公乡永红村革命烈士纪念碑,130.021639,46.431115,景点,愚公乡永红村,风景名胜;风景名胜;纪念馆,3.2,[]
珠河抗日游击队纪念碑,127.957633,45.217481,景点,北环路92号中国书法文化博物馆内,风景名胜;风景名胜;纪念馆,3.2,[]
烈士纪念馆,127.385079,46.081831,景点,甲洲路与人民大街交叉口西160米,风景名胜;风景名胜;纪念馆,3.3,[]
依兰县宏克力镇革命烈士纪念碑,129.878314,46.560093,景点,宏克力镇东南1公里,风景名胜;风景名胜;纪念馆,3.0,[]
抗联三军二团密营,127.807011,45.307470,景点,长寿乡一曼村赵一曼纪念园,风景名胜;风景名胜;风景名胜,3.4,[]
依兰县三道岗镇胜利革命烈士纪念碑,130.059192,46.038572,景点,三道岗镇胜利村胜利屯,风景名胜;风景名胜;纪念馆,3.0,[]
中国人民解放军革命烈士纪念碑,128.373636,44.961888,景点,镇北村附近,风景名胜;风景名胜;纪念馆,3.1,[]
东北民主联军英雄谱,126.505298,45.550852,景点,将军路1号国防文化园内,风景名胜;风景名胜相关;旅游景点,2.8,[]
依兰县道台桥镇周玉堂革命烈士纪念碑,129.862254,46.138421,景点,道台桥镇周玉堂村北600米,风景名胜;风景名胜;纪念馆,3.0,[]
革命烈士纪念碑,129.598761,46.338682,景点,哈富公路与依愚公路交叉口西北220米,风景名胜;风景名胜;纪念馆,3.6,[]
依兰县愚公乡宝泉革命烈士纪念碑,130.128401,46.494987,景点,愚公乡宝井村宝泉屯东山距西侧宝泉屯2千米,风景名胜;风景名胜;纪念馆,3.0,[]
李延平烈士牺牲地纪念碑,127.861784,44.277387,景点,沙河子镇福太村亮甸子屯,风景名胜;风景名胜;纪念馆,2.8,[]
絲結友好紀念广场,126.658697,45.764637,景点,大成街与河渠街交叉口南40米,风景名胜;公园广场;城市广场,2.9,[]
依兰县愚公乡杨树村周洪有烈士纪念碑,129.870785,46.468253,景点,愚公乡杨树村,风景名胜;风景名胜;纪念馆,3.0,[]
依兰县愚公乡涌泉革命烈士纪念碑,129.884791,46.448111,景点,愚公乡涌泉村,风景名胜;风景名胜;纪念馆,2.9,[]
中国受控核聚变研究发源地纪念馆(不对外开放),126.633479,45.690190,景点,科研街26号,风景名胜;风景名胜;纪念馆,3.7,[]
证言墙,126.638622,45.608536,景点,新疆大街23号侵华日军第七三一部队遗址(东南角),风景名胜;风景名胜;风景名胜,3.4,[]
舒群纪念馆,126.967706,45.496866,景点,金太祖陵东北侧340米,风景名胜;风景名胜;纪念馆,3.1,[]
援老抗美纪念馆,126.504089,45.551735,景点,新兴工业园区将军路1号国防文化园内,风景名胜;风景名胜;纪念馆,3.0,[]
俄侨作家涅斯梅洛夫故居,126.618769,45.773614,景点,松浦洋行,风景名胜;风景名胜;纪念馆,3.2,[]
中俄友好纪念林,126.902475,45.672715,景点,成高子镇哈成路16公里哈尔滨伏尔加庄园,风景名胜;风景名胜相关;旅游景点,3.1,[]
妙观老和尚纪念堂,126.667190,45.779068,景点,燎原街道东大直街3号普照寺内(东侧),风景名胜;风景名胜;纪念馆,3.0,[]
和平友谊林,126.637179,45.611106,景点,新疆大街23号侵华日军第七三一部队遗址内(北侧),风景名胜;风景名胜相关;旅游景点,2.8,[]
英模路传承红色基因,126.987757,45.544422,景点,通城街道会宁路258号会宁公园(东北角),风景名胜;风景名胜相关;旅游景点,2.9,[]
知青纪念石,127.347379,45.303270,景点,森工平山旅游区(032村道西)皇家鹿苑,风景名胜;风景名胜;风景名胜,1.0,[]
抗联井,127.810309,45.307064,景点,长寿乡一曼村赵一曼纪念园,风景名胜;风景名胜;风景名胜,2.7,[]
依兰县愚公乡革命烈士纪念碑,130.045846,46.429740,景点,愚公乡愚公村西100米,风景名胜;风景名胜;纪念馆,2.3,[]
伍连德纪念馆,126.650804,45.775263,景点,保障街140号,风景名胜;风景名胜;纪念馆,4.0,[]
依兰人民抗洪纪念塔,129.560943,46.336429,景点,依兰渡口支线与东环城路交叉口西北100米,风景名胜;风景名胜;纪念馆,3.9,[]
中共满洲省委机关旧址纪念馆(暂停开放),126.658583,45.749831,景点,革新街道光芒街40号(光芒街和巴山街交叉口),风景名胜;风景名胜;红色景区,3.9,[]
萧红纪念陈列室,126.655749,45.789134,景点,南十六道街玛克威商厦(西侧),风景名胜;风景名胜相关;旅游景点,3.5,[]
三十六棚纪念馆,126.748781,45.773106,景点,先锋路与装饰材料路交叉口西南200米,风景名胜;风景名胜;纪念馆,3.6,[]
人民音乐家郑律成生平事迹展馆,126.612796,45.761224,景点,安升街85号哈尔滨朝鲜民族艺术馆2层,风景名胜;风景名胜;纪念馆,3.8,[]
哈尔滨新潟友谊园,126.591569,45.793376,景点,太阳大道3号太阳岛风景区内(西侧),风景名胜;风景名胜相关;旅游景点,3.6,[]
哈尔滨北方森林动物园,127.112647,45.393100,景点,哈牡高速46公里处,风景名胜;公园广场;动物园,4.6,[]
热带雨林动物园,126.536010,45.882057,景点,利业镇美术家大街666号林达世界欢乐城29号楼,风景名胜;公园广场;动物园,3.9,[]
哈尔滨北方森林动物园出口(G10绥满高速西向),127.126349,45.393633,景点,阿城区,地名地址信息;交通地名;高速路出口,[],[]
哈尼动物园售票处,126.618988,45.771547,景点,大安街与中央大街交叉口西40米,生活服务;售票处;公园景点售票处,[],[]
北方森林动物园-繁育中心,127.099597,45.399700,景点,哈牡高速46号公里处北方森林动物园内(西北角),风景名胜;风景名胜相关;旅游景点,2.7,[]
北方森林动物园正门售票处,127.125351,45.388538,景点,哈牡高速46号公里处北方森林动物园内(东侧),生活服务;售票处;公园景点售票处,[],[]
北方森林动物园-湿地园,127.101704,45.398385,景点,哈牡高速46号公里处北方森林动物园内(西北角),风景名胜;风景名胜相关;旅游景点,3.1,[]
哈尔滨极地公园·海洋馆-小熊猫馆,126.587331,45.785067,景点,哈尔滨极地公园海洋馆,风景名胜;公园广场;动物园,3.5,[]
二龙山动物园,127.396998,45.729195,景点,二龙山风景区小马家屯南600米,风景名胜;公园广场;动物园,3.5,[]
北方森林动物园-两爬行动物馆,127.108813,45.392484,景点,哈牡高速46号公里处北方森林动物园内,风景名胜;风景名胜相关;旅游景点,2.9,[]
哈尔滨北方森林动物园治安派出所,127.126606,45.387676,景点,北方森林动物园培训中心,政府机构及社会团体;公检法机构;公安警察,[],[]
北方森林动物园-火烈鸟馆,127.098918,45.399759,景点,哈牡高速46号公里处北方森林动物园内(西北角),风景名胜;风景名胜相关;旅游景点,3.3,[]
火星动物城-火烈鸟,126.586406,45.784640,景点,太阳大道3号哈尔滨极地馆(二期)极地世界火星动物城,风景名胜;风景名胜相关;旅游景点,2.9,[]
北方森林动物园-海洋欢乐岛,127.110409,45.392883,景点,哈牡高速46公里处北方森林动物园内,风景名胜;公园广场;水族馆,3.3,[]
北方森林动物园-狮虎园,127.109833,45.391659,景点,哈牡高速46号公里处北方森林动物园内(西南角),风景名胜;公园广场;动物园,3.3,[]
北方森林动物园-长颈鹿馆(暂停开放),127.107153,45.391608,景点,哈牡高速46公里处哈尔滨北方森林动物园内(西侧),风景名胜;风景名胜相关;旅游景点,2.8,[]
北方森林动物园-猛禽园,127.116913,45.391528,景点,哈牡高速46号公里处北方森林动物园内(东侧),风景名胜;风景名胜相关;旅游景点,3.6,[]
北极熊体验馆,126.585547,45.784159,景点,太阳大道277号哈尔滨极地公园(西南角),风景名胜;风景名胜相关;旅游景点,3.7,[]
动物园出口(G10绥满高速东南向),127.126141,45.392958,景点,阿城区,地名地址信息;交通地名;高速路出口,[],[]
北方森林动物园-娱乐区,127.111667,45.392636,景点,哈牡高速46公里处北方森林动物园内,风景名胜;风景名胜相关;旅游景点,2.1,[]
北方森林动物园正门游客中心,127.126376,45.388931,景点,G10绥满高速出口与G10绥满高速入口交叉口西南340米,生活服务;信息咨询中心;服务中心,[],[]
北方森林动物园-猴山,127.109633,45.393462,景点,哈牡高速46号公里处北方森林动物园内,风景名胜;风景名胜相关;旅游景点,3.4,[]
北方森林动物园西门售票处,127.094479,45.400051,景点,哈牡高速46公里处北方森林动物园内,生活服务;售票处;公园景点售票处,[],[]
动物园早市,126.631125,45.737221,景点,新苗圃街与航天路交叉口西南20米,购物服务;综合市场;综合市场,4.5,[]
北方森林动物园-中型猛兽馆,127.113628,45.390262,景点,哈牡高速46号公里处北方森林动物园内(南侧),风景名胜;风景名胜相关;旅游景点,3.0,[]
北方森林动物园-休息亭,127.099673,45.399461,景点,北方森林动物园-火烈鸟馆东侧60米,风景名胜;风景名胜相关;旅游景点,1.8,[]
北方森林动物园-办公楼,127.126576,45.387513,景点,哈牡高速(46公里处)北方森林动物园(东侧),政府机构及社会团体;政府机关;政府机关相关,[],[]
河马馆,127.106137,45.395222,景点,哈牡高速46公里处哈尔滨北方森林动物园内(西侧),风景名胜;风景名胜相关;旅游景点,3.1,[]
非洲草食动物区,127.105958,45.391389,景点,哈牡高速(46公里处)北方森林动物园(西侧),风景名胜;风景名胜相关;旅游景点,3.0,[]
灵长馆,127.107626,45.395826,景点,哈牡高速46公里处哈尔滨北方森林动物园(西北角),风景名胜;风景名胜相关;旅游景点,2.4,[]
哈尔滨市家畜防治动物门诊,126.707634,45.792485,景点,北棵小区16号楼16门,医疗保健服务;动物医疗场所;兽医站|医疗保健服务;动物医疗场所;宠物诊所,4.5,[]
北方森林动物园-休闲长廊,127.106473,45.392191,景点,哈牡高速(46公里处)北方森林动物园(西侧),风景名胜;风景名胜相关;旅游景点,2.4,[]
犀牛馆(暂停开放),127.104791,45.395589,景点,哈尔滨北方森林动物园内(西侧),风景名胜;风景名胜相关;旅游景点,2.6,[]
小熊猫馆,127.108801,45.392490,景点,哈牡高速46公里处哈尔滨北方森林动物园,风景名胜;公园广场;动物园,3.1,[]
游禽湖,127.106675,45.393709,景点,哈牡高速46公里处哈尔滨北方森林动物园内(西侧),风景名胜;风景名胜相关;旅游景点,1.8,[]
狮虎长廊,127.110029,45.390597,景点,哈牡高速46公里处哈尔滨北方森林动物园(西南角),风景名胜;风景名胜相关;旅游景点,2.2,[]
动物宝宝园,127.111212,45.392367,景点,哈牡高速46号公里处北方森林动物园内,风景名胜;风景名胜相关;旅游景点,2.9,[]
百鸟归巢大型鸟类放飞,127.105441,45.393069,景点,哈牡高速46公里处哈尔滨北方森林动物园内(西侧),风景名胜;风景名胜相关;旅游景点,2.6,[]
北方森林动物园-碰碰车,127.111435,45.391872,景点,哈牡高速46号公里处北方森林动物园内,风景名胜;风景名胜相关;旅游景点,2.2,[]
狮虎馆,127.109822,45.391650,景点,哈牡高速46公里处哈尔滨北方森林动物园(西南角),风景名胜;公园广场;动物园,2.7,[]
狼散放区,127.113959,45.389384,景点,哈尔滨北方森林动物园内(南侧),风景名胜;风景名胜相关;旅游景点,2.7,[]
北方森林动物园-售货亭,127.109468,45.392990,景点,交界街道交界街道哈牡高速46公里处哈尔滨北方森林动物园,风景名胜;风景名胜相关;旅游景点,[],[]
森工总局平山旅游区-皇家鹿苑,127.361024,45.304368,景点,平山镇林场建成区,风景名胜;公园广场;动物园,4.4,[]
鹤放飞馆,127.105119,45.396359,景点,哈牡高速46公里处哈尔滨北方森林动物园(西北角),风景名胜;风景名胜相关;旅游景点,1.8,[]
五只猴动物园,128.118140,45.435795,景点,宾平公路,风景名胜;公园广场;动物园,3.4,[]
角马散放区,127.102890,45.388488,景点,哈牡高速46公里处哈尔滨北方森林动物园(西南角),风景名胜;风景名胜相关;旅游景点,2.6,[]
亚布力熊猫馆,128.477181,44.794427,景点,金牌大道84号,风景名胜;风景名胜相关;旅游景点,4.5,[]
植物公园,126.503563,45.875675,景点,学院路77号,风景名胜;公园广场;植物园,3.9,[]
珍稀濒危植物园,126.650471,45.704951,景点,哈平路街道哈平路105号黑龙江省森林植物园,风景名胜;公园广场;植物园,4.1,[]
药用植物园,126.649084,45.709317,景点,哈平路街道哈平路105号黑龙江省森林植物园内(北侧),风景名胜;公园广场;植物园,3.9,[]
哈尔滨金河湾湿地植物园-码头,126.488956,45.782836,景点,江湾路西段金河湾湿地植物园内(西侧),交通设施服务;港口码头;港口码头,[],[]
黑龙江省森林植物园售票处(哈平路街道办事处南),126.648036,45.710695,景点,哈平路辅路与林园路交叉口东320米,生活服务;售票处;公园景点售票处,[],[]
黑龙江省森林植物园-观光车站,126.648160,45.709115,景点,哈平路街道哈平路105号黑龙江省森林植物园内(北侧),生活服务;生活服务场所;生活服务场所,3.2,[]
哈尔滨太阳岛花卉园,126.593432,45.788665,景点,西林街13号,风景名胜;风景名胜;风景名胜,3.6,[]
消防主题园,126.645155,45.709713,景点,哈平路105号森林植物园,风景名胜;公园广场;公园广场,3.1,[]
金河湾湿地植物园-自然广场,126.492948,45.784129,景点,江湾路西段金河湾湿地植物园内(西侧),风景名胜;公园广场;城市广场,3.4,[]
百花园,126.500353,45.783040,景点,江湾路西段金河湾湿地植物园内,风景名胜;风景名胜相关;旅游景点,2.6,[]
金河湾湿地植物园-悠然桥,126.501210,45.783238,景点,江湾路西段金河湾湿地植物园内(东侧),风景名胜;风景名胜相关;旅游景点,2.6,[]
金河湾湿地植物园-铁锚广场,126.499489,45.779410,景点,江湾路西段金河湾湿地植物园内(南侧),风景名胜;公园广场;城市广场,2.4,[]
万寿山,126.653577,45.696045,景点,哈平路105号黑龙江省森林植物园(东南角),风景名胜;风景名胜;风景名胜,4.2,[]
周山植物园,128.011085,45.119626,景点,G10绥满高速,风景名胜;公园广场;植物园,3.3,[]
哈尔滨游乐园,126.669537,45.779699,景点,南通大街208号,体育休闲服务;休闲场所;游乐场,3.8,[]
MELAND(哈尔滨万象汇店),126.538768,45.810576,景点,世茂大道555号万象汇世茂大道店F255,体育休闲服务;休闲场所;游乐场,4.5,127.00
迷你星球万象汇店,126.538635,45.810498,景点,世茂大道555号哈尔滨松北万象汇L2层,体育休闲服务;娱乐场所;娱乐场所,4.0,86.00
蛋蛋宝恐龙寻宝乐园(哈尔滨华润万象汇店),126.536660,45.809811,景点,世茂大道555号万象汇一楼中庭,体育休闲服务;休闲场所;游乐场,3.7,82.00
星际乐园(哈尔滨王府井购物中心),126.566815,45.734012,景点,群力第五大道王府井一层6号门中庭(冰城岩舞空间对面),体育休闲服务;娱乐场所;娱乐场所,4.6,145.00
欢欢嘉年华,126.538747,45.809432,景点,二楼sl201,体育休闲服务;休闲场所;游乐场,3.9,[]
小象乐园(哈尔滨松北万象汇店),126.537367,45.809855,景点,世茂大道555号哈尔滨松北万象汇L1层,体育休闲服务;休闲场所;游乐场,3.6,45.00
Skymaker天空制造家庭中心,126.596595,45.717173,景点,清华大街235号孔雀时代广场F3层,体育休闲服务;休闲场所;游乐场,4.6,166.00
松北欢乐岛,126.569517,45.804223,景点,滨水大道与剧院二路交叉口西南140米,体育休闲服务;休闲场所;游乐场|风景名胜;风景名胜相关;旅游景点,3.8,[]
健康乐园,126.591614,45.732737,景点,乡里街与天合街交叉口西北120米,商务住宅;住宅区;住宅小区,4.5,[]
蹦跳猩球,126.539378,45.736796,景点,群力银泰城三层3064左侧-1,体育休闲服务;休闲场所;游乐场,3.8,69.00
CS镭射联盟俱乐部,126.505065,45.802802,景点,融创茂二楼2030(冰场上方),体育休闲服务;体育休闲服务场所;体育休闲服务场所,3.6,[]
彩虹大滑梯,126.572490,45.753455,景点,友谊西路与上江街交叉口北140米,体育休闲服务;休闲场所;游乐场|风景名胜;风景名胜相关;旅游景点,3.8,[]
漫游乐动竞技主题乐园,126.583024,45.699062,景点,中兴左街2号金爵万象商业广场负2层B205,体育休闲服务;休闲场所;游乐场,4.6,54.00
嘟咪乐园(里道斯国际大厦店),126.646611,45.760068,景点,东大直街320号里道斯国际大厦F3层,体育休闲服务;休闲场所;游乐场,4.5,53.00
奇妙岛乐园淘气堡,126.617007,45.779464,景点,中央大街与防汛路交叉口西南60米,体育休闲服务;休闲场所;游乐场,4.3,41.00
童趣彩绘,126.564538,45.777702,景点,冰雪大世界四季游乐馆2楼童趣彩绘,科教文化服务;培训机构;培训机构,3.6,[]
松北融创乐园店,126.497796,45.810297,景点,恒源街与世祥路交叉口东南60米,体育休闲服务;休闲场所;游乐场|汽车销售;汽车销售;汽车销售,3.3,[]
捞鱼乐,126.540775,45.736098,景点,群力大道2399号银泰城购物中心F3层,体育休闲服务;娱乐场所;娱乐场所,3.9,41.00
开心季·潮范儿童乐园,126.551475,45.869575,景点,学院路二道街98号家得乐商城F1层,体育休闲服务;休闲场所;游乐场,4.3,48.00
乐雪王国儿童亲子乐园(恒大商业广场店),126.621083,45.832552,景点,松浦街道中源大道3955号恒大商业广场F3层,体育休闲服务;休闲场所;游乐场|风景名胜;风景名胜相关;旅游景点,4.1,55.00
疯狂大摆锤,126.599175,45.792450,景点,太阳大道1号哈尔滨太阳岛风景区内,风景名胜;风景名胜相关;旅游景点,3.7,[]
恒酷帝国飞越中国(王府井店),126.565775,45.733225,景点,景江东路王府井购物中心三楼,体育休闲服务;娱乐场所;娱乐场所,4.2,29.00
博瑞斯游乐场,126.536323,45.881449,景点,美术家大街666号32号楼,体育休闲服务;休闲场所;游乐场,3.8,[]
疯狂的毛哩(金爵万象商业广场店),126.582925,45.699075,景点,金爵万象商业广场,体育休闲服务;休闲场所;游乐场,4.5,98.00
萌神游乐场,126.540864,45.881961,景点,美术家大街666号15号楼,体育休闲服务;休闲场所;游乐场,3.5,[]
哈尔滨融创乐园林海旋风,126.505592,45.808755,景点,哈尔滨融创乐园内(北侧),风景名胜;风景名胜相关;旅游景点,3.1,[]
魔法星球,126.583249,45.699069,景点,金爵万象商业广场,体育休闲服务;休闲场所;游乐场,3.9,131.00
圈圈乐娱乐城,126.623946,45.769387,景点,尚志大街和透笼街交叉口道里菜市场门口地下c01,体育休闲服务;娱乐场所;娱乐场所,4.1,26.00
mico米可儿童游乐场(观江国际购物中心店),126.643099,45.821196,景点,浦源路3022号哈尔滨松北区观江国际购物中心F3层,体育休闲服务;休闲场所;游乐场,3.9,74.00
拾光岛儿童乐园(新阳路店),126.606170,45.748996,景点,新阳路365号凯旋城休闲购物广场F2层,体育休闲服务;休闲场所;游乐场,3.8,26.00
喜乐成长乐园(杉杉奥特莱斯广场哈尔滨店),126.558015,45.877022,景点,利民大道555号杉杉奥特莱斯广场·哈尔滨2F层,体育休闲服务;休闲场所;游乐场|体育休闲服务;娱乐场所;娱乐场所,4.0,72.00
汤姆熊(哈尔滨红博店),126.699575,45.758125,景点,红旗大街339号红博中央公园上区B1层,体育休闲服务;休闲场所;游乐场,4.3,61.00
爱尼吖梦幻潮玩,126.694725,45.752825,景点,红旗大街240号3层B090-3号,体育休闲服务;休闲场所;休闲场所,4.6,77.00
哈药六卢浮宫古堡乐园,126.705630,45.764818,景点,南直路318-1,体育休闲服务;体育休闲服务场所;体育休闲服务场所,4.1,[]
淘气堡(家得乐商城店),126.551615,45.869546,景点,学院路二道街98号家得乐商城F1层,体育休闲服务;休闲场所;游乐场|餐饮服务;快餐厅;快餐厅,4.1,139.00
开心哈乐儿童主题乐园(财富天地店),126.524082,45.876118,景点,学院路756号财富天地F3层,体育休闲服务;休闲场所;游乐场,3.8,49.00
莫莉幻想(哈尔滨王府井店),126.564598,45.734575,景点,景江东路899号王府井购物中心3层-001号商铺,体育休闲服务;休闲场所;游乐场,3.7,[]
捞多鱼(万达广场哈尔滨哈西店),126.586475,45.700375,景点,万达广场哈尔滨哈西店万达公寓B号楼,餐饮服务;中餐厅;中餐厅,4.1,52.00
淘鸭逃呀儿童探案馆(红博中央公园店),126.699685,45.758227,景点,红博中央公园商场娱乐B1-11号,体育休闲服务;体育休闲服务场所;体育休闲服务场所,4.1,130.00
那海澜湾儿童水上乐园,126.535025,45.744425,景点,融江路与群力第一大道交叉口北160米,体育休闲服务;休闲场所;水上活动中心,4.0,[]
野核桃儿童乐园,126.598802,45.885538,景点,南京路街道利民东四大街555号(家得乐超市入口上二楼左手边),体育休闲服务;体育休闲服务场所;体育休闲服务场所,4.3,55.00
乙太东方儿童成长中心(红博中央公园店),126.699767,45.758163,景点,红旗大街339号红博中央公园F1层,生活服务;婴儿服务场所;婴儿服务场所,4.5,299.00
超级星球潮玩店(王府井购物中心哈尔滨店),126.567150,45.733550,景点,景江东路899号王府井购物中心关东古巷店2F层,体育休闲服务;休闲场所;游乐场,3.5,30.00
万达宝贝王(哈尔滨哈西万达广场店),126.587456,45.700546,景点,中兴大道168号万达广场(哈尔滨哈西店)2F层,体育休闲服务;休闲场所;游乐场|体育休闲服务;娱乐场所;娱乐场所,4.1,91.00
童年阳光(黑龙江哈尔滨道外店),126.661034,45.782944,景点,南市街道太古街188号大润发超市1F,购物服务;专卖店;儿童用品店,3.8,36.00
ITA赶海乐园(银泰城购物中心店),126.540350,45.736771,景点,群力大道2399号银泰城购物中心F3层,体育休闲服务;休闲场所;游乐场,4.1,[]
地球考古乐园(哈尔滨松北万象汇),126.537313,45.809873,景点,世茂大道555号哈尔滨松北万象汇L2层,体育休闲服务;休闲场所;游乐场,3.3,[]
穿越城堡,126.560875,45.778125,景点,冰景路与冰花路交叉口南440米,体育休闲服务;休闲场所;游乐场,2.6,[]
丛林木马,126.588005,45.785242,景点,太阳大道277号哈尔滨极地公园内(东侧),风景名胜;风景名胜相关;旅游景点,2.9,[]
DUDU萌车小镇(哈尔滨融创茂店),126.501482,45.802649,景点,世茂大道99号哈尔滨融创茂F2层,体育休闲服务;休闲场所;游乐场,3.5,[]
meland sport(银泰城购物中心店),126.540651,45.736603,景点,群力大道2399号银泰城购物中心F3层,体育休闲服务;休闲场所;游乐场,3.9,[]
萌车汽车小镇,126.538034,45.809775,景点,世茂大道555号哈尔滨松北万象汇L2层,体育休闲服务;休闲场所;游乐场,3.1,[]
和兴儿童乐园(和兴商厦店),126.616675,45.732927,景点,西大直街400号和兴商厦F3层,体育休闲服务;休闲场所;游乐场,3.8,26.00
哈尔滨融创乐园-游船,126.502654,45.805977,景点,世茂大道99-1哈尔滨融创乐园内(西侧),风景名胜;风景名胜相关;旅游景点,3.1,[]
萌虎爱心园,126.599666,45.816695,景点,松北街88号东北虎林园内(西南角),风景名胜;风景名胜相关;旅游景点,3.5,[]
逃离星球儿童益智探索乐园(凯德店),126.608930,45.720777,景点,凯德广场03-37A,体育休闲服务;休闲场所;游乐场,4.1,58.00
蛋蛋宝·恐龙主题乐园(远大购物中心群力店),126.558654,45.738495,景点,群力大道1176号远大购物中心群力店F3层,体育休闲服务;休闲场所;游乐场,3.7,[]
逍遥水母(笨熊乐园店),126.598269,45.789970,景点,2号太阳岛公园绿道与警备街交叉口东北100米,体育休闲服务;休闲场所;游乐场,3.4,22.00
主播泰斗,126.530356,45.811067,景点,世博路691号,体育休闲服务;休闲场所;游乐场,2.7,[]
哆来咪儿童主题乐园(民生路店),126.662690,45.734128,景点,民生路120-3-19(ES-15喜爱生活超市二楼),体育休闲服务;休闲场所;游乐场,4.1,45.00
猛犸象MAMMUT(西城红场店),126.593075,45.702806,景点,中兴大道253号西城红场艺术长廊1楼,体育休闲服务;休闲场所;游乐场,4.5,[]
快乐专+(哈尔滨店),126.760825,45.717375,景点,香福路52号万达广场哈尔滨哈东店4层,体育休闲服务;体育休闲服务场所;体育休闲服务场所,4.7,87.00
三号店弹珠乐园,126.649175,45.719325,景点,三大动力路8号乐松广场4F层,体育休闲服务;休闲场所;游乐场,4.0,104.00
悠悠宝贝海盗主题乐园(红博中央公园店),126.699473,45.758097,景点,会展红博中央公园负一层,体育休闲服务;休闲场所;游乐场,3.9,[]
世界欢乐城30公主城堡乐园,126.536642,45.882230,景点,美术家大街666号世界欢乐城(西北角),体育休闲服务;休闲场所;游乐场,4.1,[]
逃离星球儿童益智探索乐园(乐松店),126.649975,45.719025,景点,乐松广场3楼松松小镇逃离星球探索乐园,体育休闲服务;休闲场所;游乐场,3.9,55.00
酷乐迪儿童乐园,126.660277,45.783048,景点,太古街188号大润发一层酷乐迪儿童乐园,体育休闲服务;休闲场所;游乐场,3.9,[]
大黄蜂乐园(乐松购物广场店),126.649729,45.719158,景点,三大动力路8号乐松广场3F层,体育休闲服务;休闲场所;游乐场,3.7,93.00
冰超梦幻嘉年华乐园,126.549975,45.741875,景点,工农街道群力大道与丽江路交叉口东300米1号,体育休闲服务;休闲场所;游乐场,4.0,245.00
幻想兔,126.641502,45.754106,景点,西大直街40号国展正大购物广场一层A100号幻想兔弹珠堂,体育休闲服务;休闲场所;游乐场,3.8,[]
聚朵汽车小镇(观江国际购物中心店),126.643235,45.821317,景点,松浦观江国际3层,体育休闲服务;休闲场所;休闲场所,3.1,[]
套圈游乐园(万达广场店),126.616579,45.779776,景点,友谊路与步行街交叉口北100米万达广场F1,体育休闲服务;娱乐场所;游戏厅,3.2,[]
乐动儿童乐园,126.667725,45.766375,景点,宣化街402号大润发(南岗店),体育休闲服务;休闲场所;游乐场,3.7,31.00
索菲亚欢乐世界,126.626325,45.770675,景点,兆麟街与石头道街交叉口东南80米,体育休闲服务;休闲场所;游乐场,3.7,[]
百慕大冒险(哈西金爵万象店),126.582975,45.698925,景点,金爵万象商业广场,体育休闲服务;休闲场所;游乐场,4.1,87.00
燃宝儿儿童娱乐馆,126.676253,45.783839,景点,南通大街与太安大街交叉口西80米,体育休闲服务;休闲场所;游乐场,3.0,38.00
方格大作战(哈尔滨衡稳医院店),126.532164,45.873988,景点,学院路565号,体育休闲服务;休闲场所;游乐场,3.4,11.00
弹珠乐园,126.587325,45.700175,景点,中兴大道168号万达广场(哈尔滨哈西店),体育休闲服务;休闲场所;游乐场,3.8,116.00
攀山鼠(西城红场店),126.592247,45.703580,景点,哈西大街79号,体育休闲服务;休闲场所;游乐场,4.0,[]
大雪人奇遇乐园,126.572225,45.752975,景点,友谊西路与上江街交叉口北80米,体育休闲服务;休闲场所;游乐场,3.8,[]
松松小镇儿童体验馆(乐松购物广场店),126.649175,45.719375,景点,三大动力路8号乐松广场4F层,体育休闲服务;休闲场所;游乐场,3.8,90.00
冰雪暖堡(气膜馆)(暂停营业),126.553980,45.774390,景点,太阳大道1458号哈尔滨冰雪大世界,体育休闲服务;休闲场所;游乐场,4.4,67.00
悠悠宝贝儿童乐园(西城红场店),126.594213,45.702877,景点,王岗镇哈西大街299号西城红场3层,体育休闲服务;休闲场所;游乐场,4.3,122.00
环游世界(笨熊乐园店)(暂停营业),126.597884,45.790413,景点,2号太阳岛公园绿道与警备街交叉口北140米,体育休闲服务;休闲场所;游乐场,3.8,[]
咘隆家族儿童主题乐园(香坊万达店)(暂停营业),126.678248,45.741342,景点,衡山路17号万达广场(哈尔滨香坊店)2F层,体育休闲服务;休闲场所;游乐场,4.1,40.00
大麦动物王国,126.583011,45.698954,景点,金爵万象商业广场B1层,风景名胜;风景名胜相关;旅游景点,4.1,71.00
交旅同行冰雪体育游乐园(暂停营业),126.611775,45.779515,景点,斯大林街50号(友谊宫地铁站2号口步行280米),体育休闲服务;体育休闲服务场所;体育休闲服务场所,3.4,[]
世界欢乐城欢乐森林儿童乐园,126.536260,45.880648,景点,美术家大街666号,体育休闲服务;休闲场所;游乐场,3.6,[]
梦幻飞椅,126.587931,45.785180,景点,太阳大道3号(近太阳岛公园斜对面)哈尔滨极地馆内,风景名胜;风景名胜相关;旅游景点,2.9,[]
萤火虫萌宠乐园(金爵万象商业广场店),126.583025,45.698875,景点,哈西街道金爵万象商业广场B1,购物服务;专卖店;宠物用品店,3.8,53.00
幸福小火车,126.541241,45.737741,景点,群力大道2399号银泰城购物中心,体育休闲服务;休闲场所;游乐场,2.8,[]
生活汇电玩城·儿童游乐园·淘气堡(生活汇·购物公园店),126.701107,45.779444,景点,武源街与武源头道街交叉口南40米,体育休闲服务;娱乐场所;娱乐场所|餐饮服务;快餐厅;快餐厅,3.9,61.00
大嘴船长儿童乐园(红博会展购物广场店),126.699648,45.754926,景点,红旗大街301号红博会展购物广场B1层,体育休闲服务;休闲场所;游乐场,3.7,64.00
宝街游乐场(红博会展购物广场店),126.698068,45.754706,景点,红旗大街301号红博会展购物广场F1层,体育休闲服务;休闲场所;游乐场,3.4,[]
哈尔滨南岗区梦工厂游乐城,126.590591,45.704442,景点,哈西街道哈西街道和谐大道与北兴街交叉口东南约160米,风景名胜;风景名胜相关;旅游景点,3.4,[]
泡泡星球(红博中央公园店),126.696903,45.759035,景点,红旗大街339号红博中央公园B1层,体育休闲服务;休闲场所;游乐场,3.7,[]
大黄蜂救火队(乐松购物广场店),126.649738,45.719171,景点,三大动力路8号乐松广场2F层,体育休闲服务;休闲场所;游乐场,2.9,79.00
兆麟公园-摇头飞椅,126.621915,45.777504,景点,森林街41号哈尔滨市兆麟公园内(西侧),风景名胜;风景名胜相关;旅游景点,3.1,[]
章鱼岛游乐园,126.758768,45.773431,景点,化工街道化工街道化工街道化工街道化工街道先锋路2号,体育休闲服务;休闲场所;游乐场,3.8,[]
波塞冬融创乐园,126.557225,45.810425,景点,学海西街与文锦路交叉口南280米,体育休闲服务;休闲场所;游乐场,3.8,[]
嘟嘟淘气堡,126.688407,45.696981,景点,格兰云天B区14栋,体育休闲服务;休闲场所;游乐场,3.8,18.00
游乐迪·淘气堡,126.760939,45.717606,景点,香福路52号万达广场哈尔滨哈东店F2层,体育休闲服务;休闲场所;游乐场,4.1,86.00
第一旋转木马,126.539101,45.736486,景点,群力大道与丽江路交叉口哈尔滨银泰城4F-4072,风景名胜;风景名胜相关;旅游景点,2.7,[]
龙宝乐园,126.538722,45.881194,景点,优途公考东北侧50米,体育休闲服务;休闲场所;游乐场,3.9,[]
捞鱼侠游乐店,126.538482,45.811350,景点,世博路与聚源街交叉口西80米,体育休闲服务;休闲场所;游乐场,3.5,[]
小米朵儿童乐园,126.763225,45.744525,景点,香福路与金香路交叉口东南140米,体育休闲服务;休闲场所;游乐场,3.9,36.00
荆门欢乐世界游乐园,126.622781,45.740645,景点,西大直街与汉阳街交叉口北40米,风景名胜;风景名胜相关;旅游景点,3.0,[]
超级玛丽乐园(红旗Mall购物中心店),126.628625,45.605375,景点,新疆大街117号红旗·Mall购物中心哈尔滨店F2层,体育休闲服务;休闲场所;游乐场,3.9,78.00
大黄蜂开心农场,126.649966,45.719274,景点,三大动力路8号乐松广场3F层,体育休闲服务;休闲场所;游乐场,3.2,[]
卡奇乐·森禾,126.693997,45.697968,景点,进乡街87号,体育休闲服务;休闲场所;游乐场|科教文化服务;培训机构;培训机构,3.1,132.00
马卡龙儿童乐园(畅想国际购物中心店),126.606579,45.977610,景点,南二道街35号畅想国际购物中心F3层,体育休闲服务;休闲场所;游乐场,3.8,334.00
宝宝乐园,126.571834,45.884174,景点,永达路与师大东街交叉口东北360米,体育休闲服务;休闲场所;游乐场,3.6,[]
小海豚宝贝儿童乐园,126.694495,45.691227,景点,立汇美罗湾A区5号楼9门市,体育休闲服务;休闲场所;游乐场,3.8,24.00
开心哈乐儿童主题乐园(哈南时代广场店),126.673406,45.586891,景点,保国大街1号哈南时代广场,体育休闲服务;休闲场所;游乐场,4.2,57.00
连廊儿童乐园(会展城上城),126.773582,45.750233,景点,会展城上城3期,体育休闲服务;休闲场所;休闲场所,3.0,35.00
嘟嘟海洋乐园,126.591879,45.734754,景点,乡政街埃德蒙顿路49号朝阳一楼,风景名胜;公园广场;水族馆,3.0,[]
Baby Go儿童乐园,126.623575,45.667925,景点,南跃街与学府路交叉口东南160米,体育休闲服务;休闲场所;游乐场,3.6,35.00
哈尔滨市香坊区乐迪城堡儿童室内游乐场(万达广场店),126.760075,45.717325,景点,香福路55号哈东万达广场2F-B商铺,体育休闲服务;休闲场所;休闲场所,3.9,86.00
萌芽社儿童乐园,126.774946,45.748410,景点,会展城上城二期8号楼2层商业205,体育休闲服务;休闲场所;游乐场,3.6,[]
小火车,126.560325,45.877025,景点,利民大道555号杉杉奥特莱斯广场·哈尔滨,体育休闲服务;休闲场所;游乐场,3.0,[]
京东超级淘气堡,126.774044,45.750167,景点,会展城上城2期东门东北110米,体育休闲服务;休闲场所;游乐场,3.9,[]
噗浪水乐园,126.736160,45.935927,景点,河口湿地公园5号门走到头右转300米,体育休闲服务;休闲场所;游乐场,3.1,[]
乡村振兴森林宝贝,126.616603,45.720985,景点,地矿花园西北门旁,体育休闲服务;休闲场所;游乐场,3.2,[]
摇光好时稀儿童乐园,126.534720,45.716841,景点,三环路与泰顺街交叉口东北120米,风景名胜;风景名胜相关;旅游景点,3.0,[]
奇乐儿海洋主题公园(太平百盛店),126.676001,45.783616,景点,东直路118号百盛购物中心道外区太平桥店F3层,风景名胜;公园广场;公园|体育休闲服务;休闲场所;游乐场,3.4,[]
嘻哆哆亲子儿童乐园,126.497921,45.715009,景点,澄湖街与云山路交叉口南140米,体育休闲服务;休闲场所;休闲场所,3.4,[]
托马斯乐园,126.627655,45.604832,景点,红旗·MALL3楼,风景名胜;风景名胜相关;旅游景点,3.5,[]
大嘴船长儿童乐园(达仁印象城购物中心店),126.980331,45.536897,景点,解放大街与会宁路交口东南交(312-1号)达仁·印象城购物中心3F层3F-15-17,体育休闲服务;休闲场所;游乐场,3.7,58.00
玩吖淘气堡,126.773275,45.788675,景点,天恒大街与黄家崴子路交叉口西220米,体育休闲服务;休闲场所;游乐场,3.6,[]
哈喽Baby玩具共享乐园,126.981089,45.536834,景点,印象城风情街(印象城后门右手边100米),体育休闲服务;休闲场所;游乐场,3.7,18.00
会宁公园摩天轮,126.988347,45.543700,景点,会宁公园遇见摩天轮,体育休闲服务;休闲场所;游乐场,3.7,[]
悠优乐园(达仁·印象城购物中心店),126.980710,45.537432,景点,金都街道解放大街与会宁路交口达仁·印象城购物中心,体育休闲服务;休闲场所;游乐场,3.3,60.00
梦哆哆欢乐王国儿童乐园,126.319078,45.369356,景点,比优特超市三楼儿童乐园,体育休闲服务;休闲场所;游乐场,3.4,58.00
双城区可爱熊亲子乐园,126.293525,45.381475,景点,双城腾达夜市院内(北门入口),体育休闲服务;休闲场所;游乐场,3.8,44.00
小勇士(曼哈顿新世界购物广场店),126.311722,45.367017,景点,承恩街道团结大街曼哈顿新世界购物广场三楼,体育休闲服务;休闲场所;游乐场,3.5,59.00
墨帕家庭游乐中心,126.981644,45.537817,景点,达人印象城中心3层,体育休闲服务;休闲场所;游乐场,3.6,[]
爱贝岛游乐园,127.151303,46.139292,景点,西集镇西集杀猪菜斜对面,体育休闲服务;休闲场所;游乐场,3.9,[]
悠游小镇(金街百悦城店),126.316625,45.374775,景点,民安大东侧街百悦城购物中心三层026-027-028号商铺,体育休闲服务;休闲场所;休闲场所,3.7,87.00
乐智贝贝(达仁·印象城购物中心),126.980693,45.537221,景点,解放大街与会宁路交口东南交(312-1号)达仁·印象城购物中心3F层3F-J-03,体育休闲服务;休闲场所;游乐场,3.8,[]
疯狂蜗牛,126.980675,45.537475,景点,金都街道解放大街与会宁路交口达仁·印象城购物中心,体育休闲服务;休闲场所;游乐场,2.1,49.00
心动娃娃屋,126.317406,45.373834,景点,奥运新城4栋1号门市,体育休闲服务;娱乐场所;娱乐场所,4.0,[]
双城状元湖冰雪欢乐谷,126.337082,45.362135,景点,东环城南路承旭公园内(南侧),体育休闲服务;休闲场所;游乐场,3.3,[]
考拉大冒险儿童主题乐园(宾县店),127.465246,45.745529,景点,小全优选超市内,体育休闲服务;体育休闲服务场所;体育休闲服务场所,3.8,57.00
超级玩仔家庭娱乐中心(金融大厦店),126.318903,45.369124,景点,隆化街金融大厦1层2-1号商服4006,体育休闲服务;休闲场所;休闲场所,3.3,[]
二龙山萌宠游乐园,127.397789,45.728794,景点,[],体育休闲服务;休闲场所;游乐场|风景名胜;风景名胜相关;旅游景点,3.3,[]
东山游乐区,127.419601,45.723484,景点,[],风景名胜;风景名胜相关;旅游景点,3.3,[]
梦幻城堡儿童乐园,127.398780,46.085568,景点,拥政路与吉东路交叉口西40米,体育休闲服务;休闲场所;游乐场,3.7,33.00
哈尔滨格林水世界-碰碰车,127.375444,45.520299,景点,吉兴林场施业区金龙山国际旅游度假区内,风景名胜;风景名胜相关;旅游景点,2.6,[]
摇头飞椅,127.410463,45.725766,景点,同哈公路二龙山风景区二龙山风景区内,风景名胜;风景名胜相关;旅游景点,1.9,[]
珍珠岛,127.421935,45.731348,景点,[],体育休闲服务;休闲场所;游乐场,3.4,[]
嘻洋洋造物坊,127.476075,45.756875,景点,城隍西路与大千路交叉口西220米,体育休闲服务;休闲场所;游乐场,3.6,[]
迪士尼儿童乐园(金街店),128.047715,45.946392,景点,建设小区西北门东140米,体育休闲服务;休闲场所;游乐场,3.9,90.00
欢乐堡儿童乐园,128.770950,45.986660,景点,通河镇金港湾大酒店对面百佳得斜对面,体育休闲服务;休闲场所;游乐场,4.1,32.00
迪乐尼儿童乐园(泓霖观天下店),127.156430,44.928551,景点,泓霖观天下A栋商服,体育休闲服务;休闲场所;游乐场,4.2,80.00
淘杰克淘矿乐园(腾飞商厦店),127.983761,45.212945,景点,腾飞大街162号腾飞商厦F2层,购物服务;专卖店;专营店,2.9,[]
阳光冰雪游乐园(暂停开放),128.460406,44.781509,景点,亚布力滑雪旅游度假区阳光度假村,风景名胜;风景名胜相关;旅游景点,4.0,[]
爱尔沃德亲子益智乐园,127.160639,44.936206,景点,福汇街与银河路交叉口北460米,体育休闲服务;休闲场所;游乐场,4.0,65.00
乐淘淘儿童主题乐园,127.983812,45.213066,景点,腾飞大街162号腾飞商厦F3层,体育休闲服务;休闲场所;游乐场,3.3,26.00
斯派克亲子乐园(天晶家园店),129.563351,46.332591,景点,通江路137号天晶家园,体育休闲服务;休闲场所;游乐场,3.4,68.00
五常市企小鹅亲子游乐场,127.100759,44.943818,景点,安家镇铁西村月牙泡屯,体育休闲服务;休闲场所;游乐场,4.3,[]
亚布力青山雪上乐园,128.499725,44.792525,景点,望山度假酒店西南侧,体育休闲服务;休闲场所;水上活动中心,4.5,[]
旸旸淘气堡,128.751161,45.977595,景点,飞龙街与隆达山大街交叉口西南40米,体育休闲服务;休闲场所;游乐场,3.9,47.00
迪乐尼儿童智慧乐园淘气堡(中央财富广场店),127.970635,45.215482,景点,尚志镇双桥广场1号楼17门市,体育休闲服务;休闲场所;游乐场,3.6,29.00
羊羊羊儿童乐园,128.388817,44.941458,景点,苇河林业局瀚海商厦一楼,体育休闲服务;体育休闲服务场所;体育休闲服务场所,2.8,32.00
金宝贝儿童乐园,128.834628,45.841210,景点,同安路侨城购物中心华辰超市三楼,体育休闲服务;休闲场所;休闲场所,3.4,[]
雪谷石门山游乐场,128.058534,44.445738,景点,[],体育休闲服务;休闲场所;游乐场,3.4,[]
冰花雪月游乐园有限公司,128.023059,45.205588,景点,尚志镇红旗村,体育休闲服务;休闲场所;游乐场,[],[]
米果儿童乐园,128.617775,44.931125,景点,亚布力林业局田丰家园二期综合楼一楼,体育休闲服务;休闲场所;游乐场,3.6,23.00
小青蛙儿童乐园(腾飞商厦店),127.985215,45.212811,景点,腾飞大街162号腾飞商厦,体育休闲服务;休闲场所;游乐场,3.5,[]
淘乐比亲子游乐馆,128.829826,45.835282,景点,龙寓生活汇二楼,体育休闲服务;休闲场所;游乐场,3.3,[]
荡秋千,128.024732,44.669498,景点,红豆杉景区红豆杉游乐场,风景名胜;风景名胜相关;旅游景点,3.2,[]
童话雪谷,128.132468,44.391435,景点,山河屯林业局东升委1组238号,风景名胜;风景名胜;风景名胜,3.6,[]
淘气包儿童乐园,128.839995,45.838480,景点,存水巷23号,体育休闲服务;休闲场所;游乐场,3.4,23.00
贝贝城主题乐园,129.563475,46.321375,景点,通江路553号亿达广场,体育休闲服务;休闲场所;游乐场,3.2,[]
淘气堡(商业路店),129.251184,46.006801,景点,新时代购物广场(商业路店),体育休闲服务;休闲场所;游乐场,3.3,18.00
百科乐园,128.330185,45.452847,景点,西同庆街与连庆胡同交叉口东南40米,风景名胜;风景名胜相关;旅游景点,2.8,[]
森林宝贝,127.965575,45.217125,景点,北二道街与一曼路交叉口西60米,体育休闲服务;休闲场所;游乐场,2.4,[]
亚布力亚雪乐园,128.606262,44.929434,景点,明礼街与和平路交叉口西南180米,体育休闲服务;休闲场所;游乐场,2.8,[]
亚布力儿童乐园,128.515481,44.824814,景点,亚布力哈雪谷旅游度假村(寒酥庄园)西北侧90米,体育休闲服务;休闲场所;休闲场所,3.2,[]
亲子滑雪乐园,128.495475,44.798375,景点,雪域路与雪山路交叉口东北340米,体育休闲服务;休闲场所;休闲场所,2.0,[]
哈尔滨巴彦大顶山温泉,127.242000,46.013497,景点,大顶子山北方三亚湾温泉水世界东侧100米,生活服务;洗浴推拿场所;洗浴推拿场所,4.2,[]
遇见汤泉,126.549897,45.720266,景点,群力第七大道B45栋-2层01,生活服务;洗浴推拿场所;洗浴推拿场所,4.8,115.00
哈尔滨枫叶小镇温泉度假酒店,126.467207,45.825814,景点,智谷三街5555号,住宿服务;住宿服务相关;住宿服务相关,4.7,[]
滨果汤泉空间,126.603661,45.763869,景点,爱建南路与锦园路交叉口西南20米,生活服务;洗浴推拿场所;洗浴推拿场所,4.7,173.00
悦溪棠温泉洗浴,126.586281,45.705044,景点,哈西街道西宁北路101号,生活服务;生活服务场所;生活服务场所,4.7,47.00
禧沐汤泉,126.541838,45.712868,景点,群力家园C区滇池东路1372号,生活服务;洗浴推拿场所;洗浴推拿场所,4.7,149.00
哈尔滨大江户汤池(群力店),126.569519,45.733965,景点,金江路676号,生活服务;洗浴推拿场所;洗浴推拿场所|体育休闲服务;体育休闲服务场所;体育休闲服务场所,4.6,71.00
银河欢乐世界温泉洗浴,126.497076,45.800211,景点,世茂大道83号,生活服务;洗浴推拿场所;洗浴推拿场所,4.7,57.00
美丽岛水世界,126.933836,45.678654,景点,[],体育休闲服务;度假疗养场所;度假村,4.3,[]
英杰温泉,127.353929,45.661265,景点,英杰村英杰风景区英杰温泉酒店1层,生活服务;洗浴推拿场所;洗浴推拿场所,4.3,[]
浴玺湾温泉水汇,126.639959,45.568265,景点,哈南十五路、哈南第八大道公共绿地、项目用地界线围合区域103室,生活服务;洗浴推拿场所;洗浴推拿场所|住宿服务;宾馆酒店;宾馆酒店,4.7,[]
汤沐河温泉生活馆(长安城南区店),126.705547,45.773520,景点,南直路357号(近泰富长安城),生活服务;洗浴推拿场所;洗浴推拿场所,4.6,[]
云尚汤泉洗浴会馆,126.604778,45.749268,景点,建议街1号-3层,生活服务;洗浴推拿场所;洗浴推拿场所,4.7,97.00
哈尔滨如景航运江景酒店(松花江中华巴洛克街区地铁站店),126.640079,45.790436,景点,江畔路19号(满汉楼江畔店旁),住宿服务;宾馆酒店;宾馆酒店,4.4,[]
亚布力森林温泉酒店,128.485175,44.793452,景点,金牌大道亚布力南站旁,住宿服务;宾馆酒店;五星级宾馆,4.5,[]
澜悦汇·养生沐浴,126.677659,45.765108,景点,先锋路328号,餐饮服务;中餐厅;中餐厅,4.5,115.00
君沐禧momo汤水汇·宾馆,126.648688,45.822653,景点,浦源路黑龙江科技大学旁,住宿服务;宾馆酒店;宾馆酒店,4.2,[]
大顶子山温泉度假村,127.240596,46.012568,景点,田堡村杭电枢纽杭电路1号,体育休闲服务;度假疗养场所;度假村|体育休闲服务;娱乐场所;娱乐场所|风景名胜;风景名胜相关;旅游景点,4.3,106.00
北国温泉小镇,127.177299,44.949417,景点,G1211吉黑高速东50米,商务住宅;住宅区;住宅区,4.2,[]
青水台养生汤泉洗浴,126.520995,45.827308,景点,欧美亚阳光家园BH28号楼3号商服,生活服务;洗浴推拿场所;洗浴推拿场所,4.6,[]
香水足浴馆(南岗花园街店),126.655687,45.765105,景点,辽阳街45号宜园小区,生活服务;洗浴推拿场所;洗浴推拿场所,4.5,91.00
哈尔滨太平湖温泉旅游度假酒店,126.306293,45.637966,景点,飞达路与环湖北路交汇处西南300米,住宿服务;宾馆酒店;宾馆酒店,3.8,[]
亚布力良栖青云民宿,128.506864,44.754010,景点,亚布力青云小镇东三街,住宿服务;旅馆招待所;旅馆招待所,4.8,[]
哈尔滨美丽岛温泉度假酒店,126.935275,45.678501,景点,美丽岛温泉水乐园南门西北处50米,住宿服务;住宿服务相关;住宿服务相关,4.1,[]
亚布力亚布洛尼酒店,128.449490,44.781646,景点,亚布力滑雪旅游度假区阳光度假村阳光大街8号,住宿服务;宾馆酒店;宾馆酒店,4.4,[]
哈尔滨水沐城市温泉度假酒店,126.966067,45.529661,景点,金澜路,住宿服务;住宿服务相关;住宿服务相关,4.3,[]
花筑·栖禧民宿(雪谷风景区店),128.124691,44.397248,景点,山河屯林业局东升委1组31号,住宿服务;旅馆招待所;旅馆招待所,4.8,[]
亚布力雲枫酒店,128.483902,44.788935,景点,金牌大道108号,住宿服务;宾馆酒店;宾馆酒店,4.4,[]
枫叶小镇温泉酒店·宴会厅,126.467084,45.825019,景点,智谷三街5555号,餐饮服务;餐饮相关场所;餐饮相关,4.4,166.00
亚布力芳源李·1897民宿,128.503328,44.750981,景点,青云小镇西14街1号,住宿服务;旅馆招待所;旅馆招待所,4.8,[]
哈尔滨拾光海岸温泉商务酒店(海豚堡水乐园店),126.758298,45.774120,景点,先锋路2号,餐饮服务;中餐厅;中餐厅,4.5,[]
水沐城市温泉,126.965705,45.529592,景点,金澜路与长安路交叉口西北180米,生活服务;洗浴推拿场所;洗浴推拿场所,4.4,44.00
亚布力温泉国际度假中心,128.508196,44.757385,景点,青云小镇内,住宿服务;住宿服务相关;住宿服务相关|体育休闲服务;度假疗养场所;度假村,4.3,[]
亚布力温泉滑雪度假酒店,128.491921,44.795526,景点,青山村165号,住宿服务;住宿服务相关;住宿服务相关,4.5,[]
亚布力森林温泉,128.485658,44.792929,景点,驴充充汽车充电站(亚布力森林温泉酒店)西侧80米,生活服务;生活服务场所;生活服务场所,4.2,[]
酥寒漫境民宿(亚布力滑雪场度假区店),128.504575,44.794675,景点,亚布力镇雪乡路晶一晶雪服店东北100米,住宿服务;住宿服务相关;住宿服务相关,4.4,[]
亚布力壹号别院民宿,128.621798,44.932548,景点,亚布力镇护林街与绥满公路交叉路口东南约70米,住宿服务;旅馆招待所;旅馆招待所,4.9,[]
寒酥庄园酒店(亚布力滑雪旅游度假区),128.515175,44.825075,景点,亚布力滑雪旅游度假区亚雪公路珍奇动物科技示范园东南方向30米,住宿服务;住宿服务相关;住宿服务相关,4.9,[]
亚布力美居滑雪温泉度假别墅,128.504358,44.755960,景点,西四街与沿河路交叉路口往东南约50米,住宿服务;住宿服务相关;住宿服务相关,4.5,[]
亚布力梵山雪麓民宿,128.504625,44.794625,景点,亚布力镇青山村亚布力晶一晶雪服店东北100米,住宿服务;住宿服务相关;住宿服务相关,4.9,[]
英杰温泉酒店,127.349173,45.661834,景点,英杰乡友联村杨家屯,住宿服务;宾馆酒店;四星级宾馆,3.7,[]
碧海云天商务会馆(太平路),127.403426,46.083260,景点,碧海云天广场前,住宿服务;宾馆酒店;宾馆酒店,4.2,[]
琪瑞酒店(哈尔滨太平国际机场店),126.280376,45.633397,景点,立功村,住宿服务;宾馆酒店;宾馆酒店,4.8,[]
亚布力青年雪鼎山庄,128.488157,44.789857,景点,尚志亚布力滑雪场旅游度假区金牌大道85号,住宿服务;住宿服务相关;住宿服务相关,4.9,[]
亚布力富丽山居民宿,128.481024,44.784097,景点,亚布力金牌大道亚雪旅游集团西北100米,住宿服务;旅馆招待所;旅馆招待所,4.8,[]
雪韵假日精选酒店(亚布力滑雪旅游度假区店),128.482775,44.789575,景点,亚布力镇金牌大道84号,住宿服务;宾馆酒店;宾馆酒店,4.3,[]
亚布力听雪小筑滑雪温泉度假别墅,128.504018,44.751764,景点,青云小镇西十一街1号,住宿服务;旅馆招待所;旅馆招待所,4.6,[]
亚布力·沁园春lce and Snow World·轻奢别墅(亚布力南站店),128.504098,44.796135,景点,亚布力镇大青山村雪山路8号,住宿服务;宾馆酒店;宾馆酒店,4.9,[]
亚布力北方有雪民宿(亚布力滑雪旅游度假区店),128.496374,44.796630,景点,亚布力滑雪旅游度假区青山村雪山路105号,住宿服务;旅馆招待所;旅馆招待所,4.6,[]
亚布力滑雪场温泉滑雪度假山庄,128.488261,44.790686,景点,亚雪酒店(亚布力滑雪旅游度假区店)西北侧130米,体育休闲服务;度假疗养场所;度假村,4.0,127.00
亚布力滑雪温泉森林别墅,128.506125,44.756625,景点,亚布力滑雪场青云小镇西五街四栋,住宿服务;住宿服务相关;住宿服务相关,5.0,[]
野有故里设计师民宿,128.505011,44.754488,景点,亚布力滑雪场青云小镇A区,住宿服务;住宿服务相关;住宿服务相关,4.8,[]
花筑·西柚度假民宿(哈尔滨冰雪大世界店),126.582384,45.820457,景点,龙江第一村525栋1号,住宿服务;住宿服务相关;住宿服务相关,4.8,[]
尚岛酒店(哈尔滨机场路店),126.461011,45.656724,景点,机场路855号,住宿服务;住宿服务相关;住宿服务相关,3.9,[]
哈尔滨太平国际机场银轩温泉酒店,126.307077,45.639220,景点,飞达路与环湖北路交汇处西南300米,住宿服务;宾馆酒店;宾馆酒店,3.8,[]
亚布力玖间度假别墅(滑雪旅游度假区店),128.503439,44.760439,景点,亚布力青云小镇西二街与沿河路交叉口西30米路南,住宿服务;住宿服务相关;住宿服务相关,4.9,[]
奕海客情民宿(亚布力滑雪旅游度假区店),128.502609,44.752717,景点,亚布力镇锅盔山景区综合服务中心西南方400米,住宿服务;住宿服务相关;住宿服务相关,4.5,[]
戏水乐园温泉水汇,126.496934,45.800153,景点,世茂大道与丰源街交叉口东北100米,体育休闲服务;休闲场所;休闲场所|生活服务;生活服务场所;生活服务场所,4.1,153.00
亚布力缘雪阁滑雪温泉度假别墅,128.503123,44.760482,景点,亚布力旅游度假区青云小镇西二道街119号,住宿服务;住宿服务相关;住宿服务相关,4.3,[]
亚布力友所居温泉民宿,128.506821,44.756674,景点,森林公园派出所南150米,住宿服务;住宿服务相关;住宿服务相关,4.8,[]
五龙源,126.495095,45.512168,景点,新兴街道昆仑路五龙源,风景名胜;公园广场;公园,3.7,[]
亚布力九号别墅(亚布力滑雪旅游度假区店),128.508355,44.754277,景点,亚布力青云小镇沁雪木屋饺子馆东北200米,住宿服务;住宿服务相关;住宿服务相关,4.5,[]
亚布力滑雪场雪鼎山庄,128.517282,44.826773,景点,亚布力滑雪场旅游度假区金牌大道85号,住宿服务;住宿服务相关;住宿服务相关,4.4,[]
五常凤山水沐温泉酒店,127.164997,44.915998,景点,新华家园3号楼(新华书店西胡同),住宿服务;宾馆酒店;宾馆酒店,4.0,[]
亚布力雪龙度假山庄,128.499153,44.795768,景点,亚布力滑雪旅游度假区大青山村98号,体育休闲服务;度假疗养场所;度假疗养场所,4.3,[]
亚布力付家大院酒店,128.494808,44.796269,景点,亚布力镇大青山村91号,住宿服务;住宿服务相关;住宿服务相关,4.3,[]
常林湾温泉水汇,126.860125,45.233575,景点,拉林镇西黄村西门外屯常林湾温泉酒店,生活服务;洗浴推拿场所;洗浴推拿场所,4.3,[]
依兰富都温泉酒店,129.561473,46.314090,景点,四街七委农发行北侧约100米,住宿服务;宾馆酒店;宾馆酒店,3.7,[]
云鼎宾馆,128.483939,44.788817,景点,金牌大道亚布力滑雪场内(国家森林公园医院南500米),住宿服务;宾馆酒店;三星级宾馆,4.3,[]
焕妍社,126.606959,45.768972,景点,工懋街39号,生活服务;美容美发店;美容美发店,4.0,[]
墅云居·Travel休闲度假民宿(亚布力滑雪旅游度假区店),128.506761,44.756570,景点,青云小镇青云路好灶头铁锅炖东北50米处,住宿服务;旅馆招待所;旅馆招待所,4.9,[]
亚布力.雅舍360度全视野雪景Valley滑雪温泉美宿(青云小镇店),128.504850,44.753613,景点,青云路与东四街交叉口西北20米,住宿服务;旅馆招待所;旅馆招待所,4.1,[]
亚布力特色农家院,128.507562,44.795444,景点,亚雪公路与雪青公路交叉口西北60米,住宿服务;住宿服务相关;住宿服务相关,4.1,[]
亚布力青云小镇清雅轩民宿,128.506325,44.755649,景点,青云路与东二街交叉口东南20米,住宿服务;旅馆招待所;旅馆招待所,4.7,[]
亚布力元茂屯民俗温泉民宿(亚布力滑雪旅游度假区店),128.483380,44.790059,景点,亚布力林业局金牌大道84号,体育休闲服务;度假疗养场所;度假村|住宿服务;住宿服务相关;住宿服务相关,4.1,[]
亚布力君悦度假酒店,128.506922,44.759647,景点,青云路46号,住宿服务;宾馆酒店;宾馆酒店,4.0,[]
木兰鑫温泉洗浴宾馆,128.038760,45.950057,景点,民主二道街教委东100米,住宿服务;旅馆招待所;旅馆招待所|生活服务;洗浴推拿场所;洗浴推拿场所,[],[]
福尔阳光温泉会馆,126.963604,45.546088,景点,平安小区小区6号楼5门市,生活服务;洗浴推拿场所;洗浴推拿场所,3.5,117.00
英杰温泉小镇清风民宿,127.353525,45.657375,景点,英杰温泉小镇十七号别墅清风民宿,住宿服务;旅馆招待所;旅馆招待所,4.4,[]
温泉洗浴(平安大街店),127.485086,46.357402,景点,平安大街与中心大街交叉口西120米,生活服务;洗浴推拿场所;洗浴推拿场所,3.9,[]
哈尔滨亚布力青云小镇别墅,128.506015,44.756295,景点,亚布力青云小镇C区15号,住宿服务;旅馆招待所;旅馆招待所|风景名胜;风景名胜相关;旅游景点,3.8,[]
百强水上乐园温泉水汇,126.757025,45.775091,景点,先锋路与板材路交叉口西120米,体育休闲服务;休闲场所;游乐场,3.8,[]
御泉谷温泉度假酒店,126.911456,45.668603,景点,伏尔加支路888号(新农村二组),住宿服务;住宿服务相关;住宿服务相关,4.3,[]
名仕桑拿泳池温泉设备,126.644125,45.780225,景点,太古街637号,公司企业;公司;公司|购物服务;专卖店;专营店,4.2,[]
金泽寒地温泉小镇,128.056450,44.449795,景点,雪谷长青景区西北方800米,住宿服务;宾馆酒店;宾馆酒店,4.2,[]
雪谷李姐温泉酒店,128.126254,44.396328,景点,雪谷兄弟缘客栈附近(瑞丰宾馆北50米),住宿服务;住宿服务相关;住宿服务相关,4.7,[]
隐居别院民宿(亚布力滑雪旅游度假区店),128.495825,44.796425,景点,亚布力南站东北方700米,住宿服务;旅馆招待所;旅馆招待所,4.2,[]
沐雪山舍·Comfortable自然生活·亲子休闲度假民宿(亚布力滑雪旅游度假区店),128.507524,44.753806,景点,青云新区五区锅炉房北12号,住宿服务;旅馆招待所;旅馆招待所,4.6,[]
福尔阳光温泉会馆(阿城区分店),126.967620,45.531292,景点,审计局家属楼东门西160米,生活服务;洗浴推拿场所;洗浴推拿场所,2.0,90.00
英杰温泉小镇清风民宿(十五号别墅),127.353625,45.657475,景点,九天池酒店(英杰风景区店)东侧110米,住宿服务;旅馆招待所;旅馆招待所,4.5,[]
亚布力滑雪场木屋森林温泉别墅,128.491780,44.790849,景点,亚布力滑雪场78号,住宿服务;宾馆酒店;宾馆酒店,3.9,[]
北国春温泉旅游度假山庄,128.500503,44.796460,景点,亚布力镇雪山路青山村卫生所斜对面(距离亚布力滑雪场300米),住宿服务;宾馆酒店;宾馆酒店,[],[]
美丽岛温泉水乐园售票处,126.935208,45.678454,景点,美丽岛温泉度假酒店西南侧,生活服务;售票处;公园景点售票处,[],[]
亚布力刘家院滑雪温泉度假别墅,128.505759,44.753446,景点,青云小镇A区28号,住宿服务;住宿服务相关;住宿服务相关,4.1,[]
嘉毅客栈(中国雪谷风景区店),128.129358,44.392284,景点,山河屯林业局东升林场(大河身经营所),住宿服务;住宿服务相关;住宿服务相关,4.9,[]
哈尔滨华清池酒店,126.590317,45.742100,景点,康安路108号(河山街地铁站1号口步行410米),住宿服务;宾馆酒店;宾馆酒店,2.6,[]
佰源民宿酒店(东北虎林园店),126.609583,45.826017,景点,东北亚大街1738号广信新城小区BS-4号楼1号商服2层3层,住宿服务;旅馆招待所;旅馆招待所,4.8,[]
LORI雅致民宿(哈尔滨西站店),126.587484,45.698820,景点,哈西大街万达华宅f1栋2单元3002,住宿服务;住宿服务相关;住宿服务相关,4.5,[]
39号洗浴搓澡馆,126.641712,45.846276,景点,松浦大道3299号华美太古广场s39号,生活服务;洗浴推拿场所;洗浴推拿场所,4.4,52.00
亚布力程悠悠滑雪度假别墅,128.504818,44.754584,景点,亚布力滑雪旅游度假区青云小镇1区9号别墅,住宿服务;住宿服务相关;住宿服务相关,4.1,[]
清肤泉温泉会馆,127.212369,44.711514,景点,山河大街与奋斗路交叉口东320米,生活服务;美容美发店;美容美发店,3.4,[]
春上汤泉,126.659175,45.730553,景点,和祥路134号,生活服务;洗浴推拿场所;洗浴推拿场所,4.7,65.00
清肤泉水疗会馆,126.598742,45.987638,景点,顺南花园小区东区B栋、C栋西门北210米,生活服务;生活服务场所;生活服务场所,3.8,[]
浴来浴好洗浴汗蒸馆,126.697737,45.747433,景点,龙珅花园闽江小区(南区)闽江路192号-2号,生活服务;洗浴推拿场所;洗浴推拿场所,4.2,56.00
秋果温泉旅游度假别墅(亚布力滑雪场店),128.504775,44.756275,景点,西四街与青云路交叉口西120米,住宿服务;宾馆酒店;宾馆酒店,[],[]
雪山温泉,128.482565,44.788795,景点,亚布力元茂屯民俗温泉度假村西南侧150米,生活服务;洗浴推拿场所;洗浴推拿场所,3.9,[]
凤山水沐温泉洗浴(新华嘉园店),127.164992,44.916289,景点,雅臣路与建设大街交叉口东南120米,生活服务;洗浴推拿场所;洗浴推拿场所,4.3,38.00
常林湾温泉酒店,126.859961,45.233631,景点,拉林镇西黄村西门外屯,住宿服务;宾馆酒店;宾馆酒店,[],[]
鸿博汤泉洗浴,127.226475,44.712675,景点,凤凰大道与山河大街交叉口西北40米,生活服务;洗浴推拿场所;洗浴推拿场所,3.9,79.00
XZATQQP云栖民宿(哈尔滨西站店),126.594286,45.701299,景点,哈尔滨万达公寓(中兴大道219号),住宿服务;住宿服务相关;住宿服务相关,[],[]
御泉谷国际温泉度假区售票处,126.909661,45.667662,景点,御泉谷国际温泉度假区,生活服务;售票处;公园景点售票处,[],[]
静思泉,127.239839,46.013819,景点,通江路(哈尔滨市大顶子山欢乐水世界)大顶子山温泉旅游区,风景名胜;风景名胜;风景名胜,2.4,[]
财富温泉假日酒店,128.329646,45.452551,景点,西同庆街65号,住宿服务;宾馆酒店;宾馆酒店,[],[]
逍遥泉,127.240196,46.013881,景点,通江路(哈尔滨市大顶子山欢乐水世界)大顶子山温泉旅游区大顶子山北方三亚湾温泉水世界,风景名胜;风景名胜相关;旅游景点,2.6,[]
潮泉谷,126.911674,45.668627,景点,御泉谷国际温泉度假区东北侧180米,体育休闲服务;休闲场所;休闲场所,2.5,[]
踏雪泉,127.239945,46.012831,景点,通江路(哈尔滨市大顶子山欢乐水世界)大顶子山温泉旅游区大顶子山北方三亚湾温泉水世界大顶子山原汤池,风景名胜;风景名胜相关;旅游景点,2.6,[]
温泉假日酒店,128.040181,45.949896,景点,民主二道街与中心路交叉口西20米,住宿服务;宾馆酒店;宾馆酒店,[],[]
亚布力雪场北国春温泉度假山庄,128.502472,44.794154,景点,亚布力镇青山村退役军人服务站西南侧110米,住宿服务;宾馆酒店;宾馆酒店,4.0,[]
不绝泉,127.472101,45.393904,景点,吉兴林场施业区金龙山国际旅游度假区内,风景名胜;风景名胜相关;旅游景点,3.1,[]
哈尔滨汤合宫温泉度假酒店,126.530877,45.841094,景点,G10绥满高速入口与G10绥满高速交叉口南260米,住宿服务;宾馆酒店;宾馆酒店,[],[]
哈尔滨亚布力滑雪温泉度假别墅,128.507391,44.794041,景点,亚布力滑雪旅游度假区青云小镇98号,商务住宅;住宅区;别墅,[],[]
雪谷金泽温泉民宿(山河屯林业局店),128.062725,44.445425,景点,雪谷洪波客栈东侧,住宿服务;住宿服务相关;住宿服务相关,[],[]
御泉谷熙琳温泉度假公寓,126.911475,45.668625,景点,御泉谷国际温泉度假区东北侧170米,住宿服务;宾馆酒店;宾馆酒店,[],[]
哈尔滨澜亭悦温泉酒店有限公司,126.559625,45.710375,景点,城乡路与伽倻大街交叉口东220米,住宿服务;宾馆酒店;宾馆酒店,[],[]
人参池,127.240166,46.013181,景点,通江路(哈尔滨市大顶子山欢乐水世界)大顶子山温泉旅游区大顶子山北方三亚湾温泉水世界,风景名胜;风景名胜相关;旅游景点,2.4,[]
大顶子山温泉度假村售票处,127.240596,46.012568,景点,田堡村杭电枢纽杭电路1号大顶子山温泉度假村,生活服务;售票处;公园景点售票处,[],[]
藏红花池,127.240008,46.013515,景点,通江路(哈尔滨市大顶子山欢乐水世界)大顶子山温泉旅游区大顶子山北方三亚湾温泉水世界,风景名胜;风景名胜;风景名胜,2.6,[]
寿泉,127.240025,46.013209,景点,通江路(哈尔滨市大顶子山欢乐水世界)大顶子山温泉旅游区大顶子山北方三亚湾温泉水世界,风景名胜;风景名胜;风景名胜,2.0,[]
当归池,127.240158,46.012140,景点,通江路(哈尔滨市大顶子山欢乐水世界)大顶子山温泉旅游区大顶子山北方三亚湾温泉水世界,风景名胜;风景名胜;风景名胜,2.4,[]
叠翠泉,127.239883,46.013362,景点,通江路(哈尔滨市大顶子山欢乐水世界)大顶子山温泉旅游区大顶子山北方三亚湾温泉水世界大顶子山原汤池,风景名胜;风景名胜相关;旅游景点,2.4,[]
芦荟池,127.239990,46.013671,景点,通江路(哈尔滨市大顶子山欢乐水世界)大顶子山温泉旅游区大顶子山北方三亚湾温泉水世界,风景名胜;风景名胜;风景名胜,2.1,[]
Club Med地中海俱乐部亚布力度假村(暂停营业),128.451907,44.782086,景点,亚布力镇地中海俱乐部前台,体育休闲服务;度假疗养场所;度假村|住宿服务;住宿服务相关;住宿服务相关,4.0,[]
御泉谷国际温泉度假区,126.909661,45.667662,景点,新利街道伏尔加支路888号距离伏尔加庄园300米,风景名胜;风景名胜相关;旅游景点|商务住宅;商务住宅相关;商务住宅相关,4.0,[]
宾县英杰风景区,127.355495,45.657064,景点,英杰村,风景名胜;风景名胜;国家级景点,4.0,[]
北国春温泉度假山庄(亚布力滑雪旅游度假区店)(暂停营业),128.508742,44.797036,景点,青山村38号,体育休闲服务;度假疗养场所;度假村|住宿服务;住宿服务相关;住宿服务相关,4.6,[]
哈尔滨市大顶子山欢乐水世界,127.242178,46.011370,景点,杨林乡田堡村,体育休闲服务;休闲场所;水上活动中心,4.0,[]
雪韵假日精选酒店(亚布力新体委滑雪场店)(暂停营业),128.458213,44.775757,景点,金牌大道84号,住宿服务;宾馆酒店;宾馆酒店,4.3,[]
阿仂锦温泉谷(暂停营业),127.031216,45.561000,景点,哈红公路南侧,体育休闲服务;体育休闲服务场所;体育休闲服务场所,3.4,49.00
哈尔滨溪溪里汤泉洗浴酒店(暂停营业),126.553593,45.812053,景点,松北大道57号,住宿服务;宾馆酒店;宾馆酒店,3.8,[]
晟塘温泉酒店(装修中),126.528788,45.841298,景点,万宝大道189号,住宿服务;宾馆酒店;宾馆酒店,[],[]
浩瀚欢乐温泉小镇,126.537905,45.881399,景点,世界欢乐城内,风景名胜;风景名胜相关;旅游景点,3.6,[]
亚布力滑雪旅游度假区,128.459895,44.772421,景点,金牌大道84号,体育休闲服务;度假疗养场所;度假村,4.7,[]
哈尔滨热雪奇迹,126.500714,45.803200,景点,世茂大道99号融创茂1楼,体育休闲服务;运动场馆;滑雪场|体育休闲服务;娱乐场所;娱乐场所,4.7,256.00
玉峰滑雪度假山庄,127.213613,45.400538,景点,哈尔滨外国语学院对面,体育休闲服务;度假疗养场所;度假村,4.0,[]
北极滑雪场,127.173733,45.416648,景点,玉泉铁北委,体育休闲服务;运动场馆;滑雪场,3.9,[]
亚布力滑雪场旅游度假村,128.453825,44.760775,景点,高山楼南侧,体育休闲服务;度假疗养场所;度假村,4.0,[]
亚布力滑雪,128.490620,44.808155,景点,亚布力镇青山村单红元民宿,风景名胜;风景名胜;风景名胜,4.1,[]
热雪奇迹体育·滑雪训练中心(哈尔滨店),126.501664,45.802669,景点,世茂大道99号哈尔滨融创茂F1层,体育休闲服务;体育休闲服务场所;体育休闲服务场所|生活服务;生活服务场所;生活服务场所,3.8,266.00
亚布力滑雪场,128.517304,44.826862,景点,亚布力镇青山村青顶子屯1号,住宿服务;住宿服务相关;住宿服务相关,4.3,134.00
雪迹滑雪俱乐部,127.454089,45.256774,景点,帽儿山高山体院滑雪场,体育休闲服务;运动场馆;滑雪场,4.1,[]
乐滑雪具(群力店),126.531891,45.726190,景点,群力第五大道恒祥空间4号楼4-2门市,购物服务;专卖店;专营店,4.4,[]
龙珠二龙山滑雪场,127.410487,45.725112,景点,二龙山风景区,体育休闲服务;运动场馆;滑雪场,3.8,[]
亚布力滑雪场接待中心,128.507681,44.795422,景点,亚布力镇,公司企业;公司企业;公司企业,[],[]
凤山滑雪场,127.172981,45.397992,景点,哈阿高速公路玉泉口出处收费站右侧林场对过距玉泉火车站2公里,体育休闲服务;运动场馆;滑雪场,3.8,[]
滑雪体验,126.560767,45.775459,景点,太阳大道1458号哈尔滨冰雪大世界,风景名胜;风景名胜相关;旅游景点,4.2,[]
玄泽滑雪,128.610955,44.930600,景点,亚布力镇团结委政府1号楼202号,体育休闲服务;运动场馆;运动场所,3.3,[]
尚志市亚布力滑雪场旅游度假俱乐部,127.698539,45.045805,景点,乌吉密乡青山村,体育休闲服务;度假疗养场所;度假村,3.5,[]
亚布力滑雪场缆车起点,128.451610,44.781404,景点,亚布力阳光度假村沐云楼山顶酒店东南侧,体育休闲服务;运动场馆;运动场所,3.6,[]
大梨滑雪服,126.598855,45.731229,景点,顾新路192号1-s14门市,体育休闲服务;体育休闲服务场所;体育休闲服务场所,4.0,[]
中国雪谷双雁滑雪场,128.055658,44.449946,景点,山河屯林业局长青林场,体育休闲服务;休闲场所;游乐场,3.6,[]
亚布力滑雪场雪景火炕房,128.576129,44.915786,景点,亚雪公路与G10绥满高速出口交叉口东北40米,体育休闲服务;体育休闲服务场所;体育休闲服务场所,3.8,[]
亚布力滑雪场-观景台,128.434515,44.743956,景点,亚布力镇亚雪公路亚布力滑雪旅游度假区亚布力滑雪场内,风景名胜;风景名胜;观景点,3.8,[]
亚布力滑雪漫途,128.480991,44.772395,景点,好汉泊水库西50米,体育休闲服务;体育休闲服务场所;体育休闲服务场所,3.7,[]
蓝山滑雪,128.501335,44.794672,景点,亚布力镇大青山村117号,体育休闲服务;运动场馆;运动场所,3.0,[]
亚布力(亚雪)滑雪度假乐园,128.611289,44.936361,景点,林政路152号,体育休闲服务;运动场馆;运动场所,3.8,[]
我爱滑雪之亚布力站,126.515868,45.829399,景点,龙祥路1817号保利9号小区商铺3栋C8号商服,体育休闲服务;运动场馆;运动场所,3.6,[]
旅行家滑雪UVH,128.614213,44.929870,景点,永顺路37号,体育休闲服务;运动场馆;运动场所,3.1,[]
亚布力滑雪(尚志店),128.498696,44.792588,景点,尚志市别树一阁客栈旁边,体育休闲服务;运动场馆;运动场所|生活服务;生活服务场所;生活服务场所,3.3,[]
哈尔滨市雪精灵越野滑雪轮滑少儿俱乐部,126.610431,45.773018,景点,工程东段社区东南门旁,体育休闲服务;体育休闲服务场所;体育休闲服务场所,3.6,[]
亚克力亲子滑雪,128.499425,44.795575,景点,亚布力镇青山村卫生所西南侧90米,体育休闲服务;运动场馆;运动场所,3.3,156.00
亚布力滑雪户外俱乐部,128.616585,44.930495,景点,亚布力林业局站前美食一条街综合5号楼6单元102室,体育休闲服务;运动场馆;运动场所,3.0,[]
雪飞舞滑雪俱乐部(亚布力滑雪场店),128.492875,44.795425,景点,雪山路与雪域路交叉口东南80米,体育休闲服务;运动场馆;运动场所,3.1,96.00
亚布力滑雪(和平路店),128.609771,44.930936,景点,和平路与大直街交叉口东80米,体育休闲服务;运动场馆;运动场所,3.5,[]
亚布力好汉泊滑雪场,128.449707,44.774815,景点,亚布力滑雪场民宿西南侧,体育休闲服务;运动场馆;运动场所,3.6,[]
新体委滑雪,128.615702,44.932031,景点,林政路与美食街交叉口东北160米,生活服务;旅行社;旅行社,3.6,[]
莲花山滑雪场,128.611439,44.930348,景点,大众胡同与和平路交叉口东南40米,体育休闲服务;运动场馆;综合体育馆,3.2,[]
东城高峰滑雪队,126.495475,45.801625,景点,丰源街与世阳路交叉口东南160米,体育休闲服务;运动场馆;运动场所,2.8,[]
亚布力滑雪(北国春店),128.503088,44.806502,景点,亚布力雪都滑雪度假中心西北侧380米,体育休闲服务;运动场馆;运动场所,3.9,[]
萨蒙滑雪场,126.643233,45.783190,景点,南四道街与南五道街交叉口西80米,体育休闲服务;运动场馆;综合体育馆,3.8,[]
哈尔滨逸游滑雪服务有限公司,128.613075,44.931925,景点,和平路与大众胡同交叉口东北200米,体育休闲服务;体育休闲服务场所;体育休闲服务场所,3.1,[]
领航滑雪(亚布力店),128.505225,44.796175,景点,亚雪公路与雪青公路交叉口西北260米,体育休闲服务;运动场馆;运动场所,2.5,[]
瑞吉山国际滑雪俱乐部,128.615747,44.929601,景点,林政路与美食街交叉口东南120米,体育休闲服务;休闲场所;休闲场所,1.9,[]
雪遇滑雪乐园,128.614606,44.930823,景点,和平路与林政路交叉口西40米,体育休闲服务;运动场馆;运动场所,2.4,[]
领雪城市滑雪,128.620189,44.930485,景点,通乡路与护林街交叉口西南340米,体育休闲服务;休闲场所;休闲场所,1.6,[]
极速滑雪木墅房,128.504625,44.757775,景点,西三街与青云路交叉口西180米,体育休闲服务;体育休闲服务场所;体育休闲服务场所,3.4,[]
福运滑雪(亚布力店),128.624675,44.942875,景点,营林街与林茂路交叉口东北140米,体育休闲服务;运动场馆;运动场所,2.2,[]
亚布力阳光度假村滑雪场(暂停营业),128.452384,44.781808,景点,金牌大道84号亚布力滑雪旅游度假区,体育休闲服务;运动场馆;滑雪场,4.5,[]
亚布力新体委滑雪场(暂停营业),128.459762,44.772608,景点,金牌大道84号,体育休闲服务;运动场馆;滑雪场,4.5,427.00
新亚布力滑雪场(暂停营业),128.449340,44.774191,景点,金牌大道84号,体育休闲服务;运动场馆;滑雪场,4.2,[]
帽儿山高山滑雪场(暂停营业),127.452381,45.250935,景点,尚志哈体院帽儿山高山滑雪场酒店1层,体育休闲服务;运动场馆;滑雪场,4.5,[]
玉泉国际滑雪场(暂停营业),127.210629,45.404106,景点,玉泉镇(近新民屯),体育休闲服务;运动场馆;滑雪场,4.2,[]
神鹿雪场(暂停营业),127.368385,45.304834,景点,平山镇平山旅游度假区内,体育休闲服务;运动场馆;滑雪场,4.2,[]
亚布力(哈尔滨)国际滑雪场(暂停营业),128.456698,44.777348,景点,亚布力滑雪场南走200米,体育休闲服务;运动场馆;滑雪场,4.2,[]
亚布力雪都滑雪度假中心(暂停营业),128.504890,44.803241,景点,亚布力镇大青山村,体育休闲服务;运动场馆;滑雪场,4.3,[]
兴旺滑雪场,127.132878,45.421552,景点,玉泉镇(哈阿高速亚沟出口下),体育休闲服务;运动场馆;滑雪场,4.2,[]
霜雪滑雪场(暂停营业),127.139248,45.418119,景点,西山屯高速公路玉泉出口左拐3公里,体育休闲服务;运动场馆;滑雪场,4.3,[]
哈尔滨红利滑雪场有限公司(暂停营业),126.871480,45.757593,景点,团结镇红利村,体育休闲服务;运动场馆;滑雪场,4.2,[]
玉泉国际狩猎场鹿鸣谷滑雪场(暂停开放),127.217808,45.422588,景点,玉泉镇北部山区,体育休闲服务;运动场馆;滑雪场|风景名胜;风景名胜;风景名胜,4.5,[]
黑龙江省长寿山滑雪场(暂停营业),127.255222,45.62268,景点,宾西国家森林公园内,体育休闲服务;运动场馆;滑雪场,3.9,[]
雪境滑雪场(哈尔滨体育学院教学训练基地),127.512259,45.269991,景点,帽儿山镇(哈尔滨体育学院二校区),体育休闲服务;运动场馆;运动场所,4.4,80.00
亚布力滑雪(暂停营业),126.584305,45.694314,景点,南兴街108号,体育休闲服务;运动场馆;运动场所,4.2,[]
跩姐滑雪俱乐部(暂停营业),127.454625,45.256525,景点,帽儿山镇高山滑雪场综合楼跩姐滑雪俱乐部,体育休闲服务;运动场馆;运动场所,4.1,59.00
途远铧子山森林公园滑雪场(暂停营业),128.659107,46.088209,景点,富林镇铧子山林场,体育休闲服务;运动场馆;滑雪场,3.9,[]
上京国际滑雪场,127.083455,45.423650,景点,鸽子洞(301国道亚沟出口),体育休闲服务;运动场馆;滑雪场,3.7,[]
延寿欣悦山庄滑雪场,128.153028,45.441856,景点,青川乡欣悦山庄,体育休闲服务;运动场馆;滑雪场,3.8,[]
威虎山国际滑雪俱乐部(暂停营业),127.141794,45.415373,景点,玉泉威虎山森林公园停车点附近,体育休闲服务;运动场馆;运动场所,4.5,[]
亚布力滑雪场冬至夏至度假屋(暂停营业),128.505122,44.752267,景点,亚布力林业局青云新区第五区青云小镇东五街,住宿服务;住宿服务相关;住宿服务相关,3.9,[]
南岗区王岗镇靠山村西城玉龙滑雪场(暂停营业),126.587661,45.657125,景点,电缆街188号,体育休闲服务;运动场馆;滑雪场,3.8,[]
亚布力滑雪场(青顶子屯店)(暂停营业),128.517258,44.826745,景点,亚布力镇一心三队,体育休闲服务;体育休闲服务场所;体育休闲服务场所,4.2,[]
心悦来滑雪场(暂停营业),128.138339,44.387666,景点,山河屯林业局大河身森林经营所,体育休闲服务;运动场馆;滑雪场,3.8,[]
尚志市石咀山冬际滑雪场(暂停营业),128.028171,45.208083,景点,[],体育休闲服务;体育休闲服务场所;体育休闲服务场所,3.8,[]
好汉泊滑雪场(暂停营业),128.480380,44.782393,景点,金牌大道82号,体育休闲服务;运动场馆;滑雪场,3.7,[]
雪谷佳欣滑雪场(暂停营业),128.073986,44.444689,景点,龙爪沟附近,体育休闲服务;运动场馆;滑雪场,4.0,[]
亚布力滑雪(微澜美宿店),128.504670,44.794710,景点,亚布力镇大青山村青顶子屯,体育休闲服务;运动场馆;运动场所,4.3,63.00
玉泉金都滑雪场(暂停营业),127.121254,45.419360,景点,玉泉镇王岗村,体育休闲服务;运动场馆;滑雪场,3.7,[]
亚布力滑雪票务,128.621456,44.932210,景点,亚布力阳光小区A9二单元601,生活服务;售票处;售票处,3.5,[]
亚布洛尼滑雪(黑龙江店)(暂停营业),128.508525,44.796475,景点,亚布力镇大青山村大青山屯130号,体育休闲服务;运动场馆;滑雪场,3.8,[]
亚布力滑雪门票(暂停营业),128.499322,44.796102,景点,青山村雪山路99号,体育休闲服务;运动场馆;运动场所,3.7,[]
亚布力漫途滑雪(暂停营业),128.499889,44.791689,景点,望山度假酒店对面100米处,体育休闲服务;体育休闲服务场所;体育休闲服务场所,3.7,[]
新濠阳光滑雪场,128.427927,44.776749,景点,金牌大道附近,体育休闲服务;运动场馆;滑雪场,3.7,[]
鼎双滑雪俱乐部(暂停开放),127.368855,45.513515,景点,黑龙江省哈尔滨市阿城区横头山庄园内,风景名胜;风景名胜相关;旅游景点,3.8,[]
亚布力滑雪场旅游接待处(暂停开放),128.500835,44.796489,景点,亚布力镇青山村,风景名胜;风景名胜相关;旅游景点,3.5,[]
哈尔滨市帽儿山滑雪场(暂停营业),126.497675,45.809875,景点,恒源街与世祥路交叉口东南80米,体育休闲服务;运动场馆;滑雪场,4.1,[]
亚布力滑雪场-健身区(暂停营业),128.463647,44.775048,景点,通信山庄南侧100米,体育休闲服务;运动场馆;运动场所,3.8,[]
马迭尔滑雪场(暂停营业),127.214971,45.416945,景点,[],体育休闲服务;运动场馆;综合体育馆,2.9,[]
亚冬滑雪场(暂停营业),126.593475,45.652325,景点,东娱传媒北侧70米,体育休闲服务;运动场馆;运动场所,4.1,[]
深途滑雪俱乐部(暂停营业),127.454280,45.256669,景点,雪迹滑雪俱乐部东南侧,体育休闲服务;运动场馆;滑雪场,3.2,[]
亚布力滑雪纯玩旅途,127.220776,44.710776,景点,山河镇山河大街54号,体育休闲服务;体育休闲服务场所;体育休闲服务场所,3.7,[]
头一庄滑雪场(暂停营业),128.389945,45.374750,景点,[],体育休闲服务;运动场馆;综合体育馆,4.1,[]
阳光滑雪场,128.451625,44.779825,景点,麓城国际公寓东南侧260米,体育休闲服务;运动场馆;运动场所,4.1,[]
悬羊岭滑雪场(暂停营业),129.150390,46.294857,景点,[],体育休闲服务;运动场馆;运动场所,3.9,[]
金河湾湿地植物园-百亩塔头,126.497236,45.782103,景点,江湾路西段金河湾湿地植物园内,风景名胜;风景名胜相关;旅游景点,3.3,[]
百草园,126.502907,45.783929,景点,松北街道松北街道江湾路西段金河湾湿地植物园内(东侧),风景名胜;风景名胜相关;旅游景点,3.3,[]
三剑客,126.497674,45.781983,景点,江湾路西段金河湾湿地植物园内,风景名胜;风景名胜相关;旅游景点,2.5,[]
天鹅州,126.504468,45.783506,景点,江湾路西段金河湾湿地植物园内(东侧),风景名胜;风景名胜相关;旅游景点,2.8,[]
睡莲池,126.500539,45.780994,景点,江湾路西段金河湾湿地植物园内(东南角),风景名胜;风景名胜相关;旅游景点,2.1,[]
擎爱阁,126.565392,45.753401,景点,群力外滩生态湿地内(东侧),风景名胜;风景名胜相关;旅游景点,3.1,[]
友和池,126.563274,45.753143,景点,群力外滩生态湿地内(东侧),风景名胜;风景名胜相关;旅游景点,3.2,[]
白渔泡湿地公园,126.900756,45.899197,景点,巨源镇白鱼泡,风景名胜;风景名胜;风景名胜,4.1,[]
白渔泡湿地公园-观鸟亭,126.907280,45.902373,景点,哈尔滨道外区巨源镇白渔泡湿地公园(东北角),风景名胜;风景名胜相关;旅游景点,3.1,[]
呼兰河口湿地垂钓公园,126.747029,45.942225,景点,呼兰河口湿地公园5号门,体育休闲服务;休闲场所;休闲场所,4.1,[]
阿什河国家湿地公园(不对外开放),126.788651,45.764995,景点,先锋路附0号,风景名胜;公园广场;公园,4.0,[]
延寿蚂蜒河国家湿地公园,128.315970,45.440686,景点,[],风景名胜;公园广场;公园,4.0,[]
滨河湿地公园,126.591070,45.969092,景点,哈萝公路与萧红大道交叉口南150米,风景名胜;公园广场;公园,3.9,[]
木兰松花江湿地公园,128.045703,45.941704,景点,木兰镇,风景名胜;公园广场;公园,3.8,[]
雅集阁,126.532462,45.749246,景点,友谊西路与融江路交叉口西北320米,风景名胜;风景名胜相关;旅游景点,3.6,[]
巴彦江湾国家湿地公园,127.565686,46.407418,景点,[],风景名胜;公园广场;公园,3.4,[]
湿地园,126.653477,45.700618,景点,三合路1号,风景名胜;公园广场;公园,3.5,[]
泓霖湾湿地公园,127.176687,44.943656,景点,政法大街(铂金府邸北侧约250米),风景名胜;公园广场;公园,3.6,[]
揽翠亭,126.616219,45.793306,景点,中东铁路水上公园南侧270米,风景名胜;风景名胜相关;旅游景点,3.1,[]
天下第一莲,126.735487,45.923863,景点,莲花岛内(西侧),风景名胜;风景名胜相关;旅游景点,3.3,[]
塔头湿地,127.372257,45.511776,景点,金龙山国家森林公园内(西侧),风景名胜;公园广场;公园,2.7,[]
白鱼泡湿地公园-娱乐区,126.906723,45.904636,景点,巨源镇白鱼泡(巨源镇)白渔泡湿地公园内(东北角),风景名胜;风景名胜相关;旅游景点,3.4,[]
河口湿地公园-日月广场,126.716186,45.940882,景点,腰堡街道东岗村呼兰河口湿地公园内(南侧),风景名胜;公园广场;城市广场,2.6,[]
百岛千湖湿地公园,126.740688,45.864214,景点,民主西环公路032县道,风景名胜;公园广场;公园,4.0,[]
二龙潭国家湿地公园,129.016915,46.001795,景点,707乡道南50米,风景名胜;风景名胜相关;旅游景点,3.5,[]
平乐古城(不对外开放),126.586981,45.580382,景点,哈南第八大道与松花路交叉口西380米,风景名胜;风景名胜相关;旅游景点,3.8,[]
石人城子古城遗址,126.827590,46.284285,景点,803乡道,风景名胜;风景名胜;风景名胜,3.7,[]
团山子古城遗址,126.462825,46.079919,景点,[],风景名胜;风景名胜;风景名胜,3.6,[]
古城子古城遗址,126.871822,45.877253,景点,古城北路,风景名胜;风景名胜;风景名胜,3.7,[]
一面坡古镇收藏博物馆,128.068398,45.062850,景点,一面坡镇普庆街,科教文化服务;博物馆;博物馆,3.4,[]
腰堡古城遗址,126.768508,45.972959,景点,腰堡中学北侧190米,风景名胜;风景名胜相关;旅游景点,3.7,[]
穆昆城古城遗址,126.891137,46.075446,景点,808乡道,风景名胜;风景名胜;风景名胜,3.6,[]
半里城子古城遗址,127.128104,44.939625,景点,站前路49号,风景名胜;风景名胜;风景名胜,3.6,[]
南土城子古城遗址,126.818464,45.187090,景点,506乡道,风景名胜;风景名胜;风景名胜,3.6,[]
营城子古城,126.968823,45.172122,景点,506乡道,风景名胜;风景名胜;风景名胜,3.4,[]
常安金代古城遗址,127.749322,45.724702,景点,[],风景名胜;风景名胜相关;旅游景点,3.4,[]
永宁古城遗址,127.344902,45.902870,景点,西北外环路,风景名胜;风景名胜;风景名胜,3.4,[]
金代曲江古城遗址,127.794254,45.752528,景点,古城屯西北角,风景名胜;风景名胜相关;旅游景点,3.6,[]
娄富屯古城,128.407799,45.468743,景点,延中公路,风景名胜;风景名胜;风景名胜,3.5,[]
庆华古山寨遗址,127.533180,45.718257,景点,[],风景名胜;风景名胜相关;旅游景点,3.6,[]
太合堂古城遗址,127.079168,45.857703,景点,G1211吉黑高速,风景名胜;风景名胜;风景名胜,3.4,[]
东厢房,126.607842,45.975643,景点,萧红东胡同与萧红大道交叉口北80米,风景名胜;风景名胜相关;旅游景点,2.8,[]
下甸子古城遗址,126.916305,46.284291,景点,站前北亮丽大街010乡,风景名胜;风景名胜;风景名胜,3.5,[]
仁合古城,127.783675,45.906223,景点,037县道,风景名胜;风景名胜;风景名胜,3.3,[]
新宏村古城址,127.236355,46.153104,景点,兴旺路,风景名胜;风景名胜;风景名胜,3.3,[]
新农古城遗址,126.921639,46.213293,景点,804乡道,风景名胜;风景名胜;风景名胜,3.5,[]
金都古城(暂停开放),126.928937,45.688089,景点,[],风景名胜;风景名胜;风景名胜,4.2,[]
平乐古城遗址,126.587015,45.580401,景点,松花路69号,风景名胜;风景名胜;风景名胜,3.5,[]
老街滋味坊(直营旗舰店),126.660607,45.771854,景点,东大直街96号1-2层,餐饮服务;中餐厅;中餐厅,4.7,61.00
老街烧烤海鲜烤猪手,126.609822,45.762289,景点,安升街121号,餐饮服务;中餐厅;特色/地方风味餐厅,4.5,54.00
老街滋味坊(民安小区店),126.611710,45.746235,景点,民安街190号,餐饮服务;中餐厅;中餐厅,4.7,73.00
老街味道(花园街店),126.657337,45.766548,景点,花园街171号(烟厂地铁站4号口步行280米),餐饮服务;中餐厅;综合酒楼,4.1,58.00
老街砂锅居(中华巴洛克风情街店),126.642361,45.780866,景点,南勋街307号,餐饮服务;中餐厅;中餐厅,4.6,54.00
魏家菜老街味道(融江路店),126.540633,45.711868,景点,群力融江路942号,餐饮服务;餐饮相关场所;餐饮相关,4.5,51.00
偏脸子哈尔滨老烧烤(自兴街店),126.606673,45.719281,景点,自兴街51号(学府路地铁站出入口步行420米),餐饮服务;中餐厅;中餐厅,4.7,90.00
老街滋味坊(香坊大街店),126.683903,45.724463,景点,香坊大街57号,餐饮服务;餐饮相关场所;餐饮相关,4.7,54.00
李氏熏酱老街砂锅居(升平街店),126.638631,45.785637,景点,升平街37号-1号37-3号,餐饮服务;中餐厅;东北菜,4.6,49.00
哈尔滨老街国际青年旅舍,126.620341,45.775887,景点,中央大街西三道街16号1单元10-1楼,住宿服务;住宿服务相关;住宿服务相关,4.6,[]
隆栎老北京炭火锅(巴陵街),126.661812,45.755168,景点,巴陵街52-16号,餐饮服务;中餐厅;火锅店,4.7,69.00
草市街,126.646469,45.777646,景点,道外区,地名地址信息;交通地名;道路名,[],[]
老松滨饭店(菜艺街店),126.683041,45.734403,景点,菜艺街125号,餐饮服务;中餐厅;中餐厅,4.7,77.00
老街坊饺子熏酱酒馆(四安小区店)(装修中),126.610743,45.761880,景点,安升街与安定街交叉口东60米,餐饮服务;中餐厅;中餐厅,4.4,38.00
老牌坊云南鱼豆花火锅(大成街店),126.656135,45.766663,景点,大成街229号(近东大直街花园街),餐饮服务;中餐厅;火锅店,4.7,101.00
老街称盘麻辣烫(润达国际店),126.676962,45.784121,景点,东直路118号百盛购物中心道外区太平桥店B1层,餐饮服务;中餐厅;火锅店,4.3,27.00
偏脸子哈尔滨老烧烤(建国北六道街店),126.599169,45.751679,景点,建国北六道街24号,餐饮服务;中餐厅;特色/地方风味餐厅,4.7,90.00
一头牛正宗齐齐哈尔烤肉(太古街店),126.652164,45.780646,景点,太古街370号,餐饮服务;中餐厅;特色/地方风味餐厅,4.7,55.00
宣威街小区,126.669144,45.754611,景点,宣威街与宣化街辅路交叉口东100米,商务住宅;住宅区;住宅小区,[],[]
邢氏老太太烤串(马端街店),126.673304,45.763490,景点,马端街59号,餐饮服务;中餐厅;特色/地方风味餐厅|餐饮服务;中餐厅;综合酒楼,4.7,77.00
哈尔滨振宁酒店(中央大街地铁站索菲亚教堂店),126.612050,45.772465,景点,红霞街100号,住宿服务;宾馆酒店;宾馆酒店,4.5,[]
老六杀猪菜(进乡街),126.697068,45.695148,景点,进乡街133号,餐饮服务;中餐厅;东北菜,4.7,60.00
红专街早市,126.614854,45.772316,景点,通江街和红专街交叉口通江街86号,购物服务;便民商店/便利店;便民商店/便利店,4.7,[]
山河屯铁锅炖(通江街店),126.612351,45.776079,景点,通江街178号,餐饮服务;中餐厅;中餐厅,4.7,70.00
饭得标哈尔滨盒饭(通达街店),126.606514,45.746070,景点,通达街323号,餐饮服务;餐饮相关场所;餐饮相关,4.6,23.00
建设街步行街,126.642005,45.760853,景点,建设街67号(博物馆地铁站4号口步行230米),购物服务;特色商业街;步行街|地名地址信息;交通地名;道路名,4.3,[]
哈尔滨高丽一条街,126.698184,45.727315,景点,延福街与苏顺胡同交叉口,购物服务;特色商业街;特色商业街,4.3,[]
哈尔滨伯爵大酒店(中央大街店),126.633118,45.766902,景点,买卖街11号,住宿服务;宾馆酒店;四星级宾馆,4.5,[]
太古街,126.648290,45.781085,景点,道外区,地名地址信息;交通地名;道路名,[],[]
米德熊俄式西餐厅(红霞街店),126.615598,45.773751,景点,红霞街67号,购物服务;专卖店;儿童用品店,4.7,89.00
道口街,126.719851,45.776315,景点,道外区,地名地址信息;交通地名;道路名,[],[]
希岸酒店(哈尔滨中央大街巴洛克历史文化街区店),126.638992,45.771102,景点,南极街副169-19号,住宿服务;宾馆酒店;宾馆酒店,4.6,[]
巴洛克酒店(哈尔滨中华巴洛克店),126.643025,45.782091,景点,南三道街21号,住宿服务;宾馆酒店;宾馆酒店,4.6,[]
红河新区七街区,126.694561,45.782108,景点,大有坊街道宏伟路宏图街,商务住宅;住宅区;住宅小区,[],[]
哈尔滨向日葵酒店(中央大街索菲亚教堂第一医院店),126.629949,45.773620,景点,买卖街153号,住宿服务;宾馆酒店;三星级宾馆,4.7,[]
炭火楼(安心街总店),126.616930,45.754076,景点,安心街95号,餐饮服务;中餐厅;火锅店,4.7,81.00
哈尔滨中央大街大公馆1903酒店(索菲亚教堂店),126.618097,45.772080,景点,东风街18号,住宿服务;宾馆酒店;宾馆酒店,4.7,[]
麦当劳(中华巴洛克餐厅),126.637281,45.782374,景点,靖宇街421-425号,餐饮服务;快餐厅;麦当劳,4.8,26.00
如家商旅酒店(哈尔滨中央大街步行街店),126.619150,45.777038,景点,西头道街38号,住宿服务;宾馆酒店;宾馆酒店,4.8,[]
美仑酒店(哈尔滨中央大街火车站店),126.631039,45.759233,景点,松花江街道铁路街29号,住宿服务;宾馆酒店;宾馆酒店,4.7,[]
上海街,126.601712,45.762960,景点,道里区,地名地址信息;交通地名;道路名,[],[]
哈尔滨中央大街索菲亚美居酒店,126.624464,45.772740,景点,兆麟街92号,住宿服务;宾馆酒店;经济型连锁酒店,4.7,[]
锦江之星(哈尔滨火车站店),126.630882,45.758955,景点,铁路街7-1号,住宿服务;宾馆酒店;宾馆酒店,4.6,[]
哈尔滨萬·宋式美学酒店(中央大街索菲亚教堂店),126.623086,45.774090,景点,东八道街7号,住宿服务;宾馆酒店;宾馆酒店,4.7,[]
山河屯铁锅炖(哈站全国总店),126.615243,45.750779,景点,民安街29号,餐饮服务;中餐厅;中餐厅,4.7,61.00
如家商旅酒店(哈尔滨中央大街火车站机场巴士站店),126.630608,45.757891,景点,铁路街12号(铁路街与海城街交叉口),住宿服务;宾馆酒店;宾馆酒店,4.7,[]
哈尔滨中央大街卓澜酒店,126.611953,45.759728,景点,安德街61号,住宿服务;宾馆酒店;宾馆酒店,4.4,[]
马迭尔M+酒店(哈尔滨中央大街红专街早市店),126.612089,45.770058,景点,经纬八道街1号(中央大街地铁站3号口步行350米),住宿服务;宾馆酒店;宾馆酒店,4.7,[]
哈尔滨行宿青年旅舍(中央大街店),126.615658,45.769823,景点,霞曼街93号(中央大街地铁站1号口步行90米),住宿服务;旅馆招待所;旅馆招待所,4.7,[]
沃香邨火炉烤肉总店(安埠街店),126.699305,45.729150,景点,安埠街197号,餐饮服务;中餐厅;特色/地方风味餐厅,4.7,53.00
Yunik酒店(哈尔滨中央大街索菲亚教堂店),126.625549,45.771505,景点,兆麟街105-1号,住宿服务;宾馆酒店;宾馆酒店,4.7,[]
潮漫酒店(哈尔滨火车站机场巴士站店),126.630756,45.758904,景点,铁路街7号,住宿服务;宾馆酒店;宾馆酒店,4.7,[]
军民街,126.693439,45.685263,景点,香坊区,地名地址信息;交通地名;道路名,[],[]
如家商旅酒店(哈尔滨中央大街地铁站安国街店),126.613193,45.763247,景点,安国街76号,住宿服务;宾馆酒店;经济型连锁酒店,4.8,[]
川粹餐厅 (川菜馆 秋林/花园街),126.650366,45.762427,景点,龙江街40号,餐饮服务;中餐厅;四川菜(川菜),4.7,69.00
哈尔滨中央大街索菲亚希尔顿欢朋酒店,126.619233,45.768161,景点,经纬街139号(中央大街地铁站2号口步行250米),住宿服务;宾馆酒店;宾馆酒店,4.6,[]
上和臻品中国菜(花园街店),126.664952,45.771002,景点,花园街附38-6号,餐饮服务;中餐厅;海鲜酒楼,4.8,127.00
哈尔滨悦枫酒店(中央大街地铁站索菲亚教堂店),126.616778,45.769512,景点,通江街7号(中央大街地铁站1号口步行90米),住宿服务;宾馆酒店;宾馆酒店,4.9,[]
海底捞火锅(新一百店),126.625189,45.769950,景点,石头街道尚志大街大商哈尔滨新一百购物广场6楼,餐饮服务;中餐厅;火锅店,4.7,84.00
哈尔滨卷烟厂(一曼街),126.657794,45.772130,景点,一曼街106号,公司企业;工厂;工厂,[],[]
哈尔滨凯斯顿酒店(中央大街步行街索菲亚教堂店),126.617450,45.776408,景点,上游街3号,住宿服务;宾馆酒店;宾馆酒店,4.6,[]
桔子哈尔滨东大直街医大一院酒店,126.661199,45.772026,景点,一曼街96号,住宿服务;宾馆酒店;宾馆酒店,4.7,[]
理想假日酒店(中央大街步行街哈站北广场店),126.620163,45.759082,景点,安心街41号,住宿服务;宾馆酒店;宾馆酒店,4.6,[]
哈尔滨金豆酒店(中央大街步行街圣索菲亚教堂店),126.610708,45.775661,景点,高谊街85号(友谊宫地铁站1号口步行260米),住宿服务;住宿服务相关;住宿服务相关,4.6,[]
建设街鞋城,126.642654,45.761019,景点,建设街123号(南岗区博物馆站地铁站4号口步行270米),购物服务;服装鞋帽皮具店;服装鞋帽皮具店,4.7,[]
沙曼小区三街区,126.618997,45.726327,景点,振兴街32-12号,商务住宅;住宅区;住宅小区,[],[]
哈尔滨万达假日酒店(中央大街地铁站店),126.619968,45.767290,景点,经纬街90号(中央大街地铁站1号口步行390米),住宿服务;宾馆酒店;四星级宾馆|住宿服务;宾馆酒店;五星级宾馆|餐饮服务;餐饮相关场所;餐饮相关,4.5,[]
哈尔滨柏悦假日酒店(国际会展中心五十九中店),126.704692,45.726133,景点,果园街40-3号,住宿服务;宾馆酒店;宾馆酒店,3.9,[]
五常市建设大街步行街(五常一百店),127.163656,44.917252,景点,建设街,购物服务;特色商业街;步行街,4.4,[]
尚志市老街基乡龙王庙村民委员会,127.770207,44.996268,景点,025乡道南50米,政府机构及社会团体;政府机关;乡镇以下级政府及事业单位,[],[]
ManOSalwa曼奥萨瓦巴基斯坦餐厅哈尔滨,126.620002,45.735853,餐饮,七政街73号(西大桥地铁站1A口步行420米),餐饮服务;外国餐厅;外国餐厅,4.4,90.00
小资太太茶餐厅(哈尔滨中央大街店),126.618250,45.773183,餐饮,红专街10号(中央书店旁),餐饮服务;快餐厅;茶餐厅,4.7,80.00
绿茶餐厅(哈尔滨凯德店),126.609369,45.721820,餐饮,学府路1-1号凯德广场学府商场4层12/13号,餐饮服务;中餐厅;中餐厅,4.6,150.00
欧罗巴西餐厅(哈尔滨中央大街店),126.621809,45.771823,餐饮,西十一道街11号,餐饮服务;外国餐厅;西餐厅(综合风味),4.6,110.00
金色时光西餐厅(哈尔滨中央大街店),126.619254,45.775413,餐饮,中央大街西四道街51号,餐饮服务;外国餐厅;俄国菜|餐饮服务;外国餐厅;西餐厅(综合风味),4.7,91.00
悦荟牛排餐厅(哈尔滨万象汇店),126.538119,45.810178,餐饮,世茂大道555号华润万象汇3层,餐饮服务;外国餐厅;牛扒店(扒房),4.4,55.00
哈尔滨麦当劳工大校内餐厅,126.634365,45.743803,餐饮,司令街11号,餐饮服务;快餐厅;麦当劳,4.5,35.00
露西亚咖啡西餐厅(哈尔滨俄侨纪念馆),126.618425,45.777202,餐饮,中央大街西头道街57号,餐饮服务;外国餐厅;俄国菜|餐饮服务;外国餐厅;西餐厅(综合风味),4.4,102.00
京炭·號火锅餐厅(哈尔滨融创文化旅游城店),126.496392,45.803232,餐饮,世阳路168号,餐饮服务;中餐厅;火锅店,4.3,98.00
哈尔滨友谊宫-西餐厅,126.607582,45.777960,餐饮,九站街1-6-2,餐饮服务;外国餐厅;西餐厅(综合风味),4.3,144.00
谷语中餐厅,126.694879,45.741692,餐饮,红旗大街237号(湘江路地铁站3号口步行80米),餐饮服务;中餐厅;中餐厅,4.7,107.00
黑宝石西餐厅,126.606664,45.760041,餐饮,安隆街与上海街交叉口,餐饮服务;外国餐厅;西餐厅(综合风味),4.7,243.00
波特曼西餐厅(道里店),126.619881,45.773656,餐饮,西七道街53号,餐饮服务;外国餐厅;西餐厅(综合风味),4.7,179.00
外滩701观江餐厅(富力广场店),126.587167,45.757326,餐饮,友谊路660号富力广场5号门通道7层701,餐饮服务;餐饮相关场所;餐饮相关,4.7,50.00
波特曼西餐厅(南岗店),126.642213,45.755993,餐饮,西大直街12号(博物馆地铁站3B口步行360米),餐饮服务;外国餐厅;西餐厅(综合风味),4.7,179.00
索菲娅俄式西餐厅(中央大街店),126.614573,45.772405,餐饮,红专街91号(距中央大街站1号口步行430米),餐饮服务;外国餐厅;西餐厅(综合风味),4.8,90.00
塔道斯西餐厅,126.618949,45.774685,餐饮,中央大街127号,餐饮服务;外国餐厅;西餐厅(综合风味),4.7,132.00
圣罗蒂娅俄式西餐厅(中央大街店),126.613072,45.775934,餐饮,通江街161-163号,餐饮服务;外国餐厅;外国餐厅,4.8,136.00
马迭尔西餐厅(中央大街店),126.621229,45.772951,餐饮,西八道街7号,餐饮服务;外国餐厅;西餐厅(综合风味),4.7,160.00
隐厨中国餐馆(红旗大街店),126.696393,45.746227,餐饮,红旗大街287号,餐饮服务;中餐厅;中餐厅,4.7,90.00
米德维奇俄式西餐厅(西六道街店),126.620695,45.774351,餐饮,西六道街27号,餐饮服务;外国餐厅;俄国菜,4.7,136.00
华梅西餐厅(中央大街店),126.618969,45.773091,餐饮,中央大街112号,餐饮服务;外国餐厅;西餐厅(综合风味),4.7,98.00
普拉维奇俄式西餐厅,126.621229,45.772951,餐饮,西八道街10号,餐饮服务;中餐厅;中餐厅,4.7,142.00
尹记餐馆(花园店),126.659434,45.767883,餐饮,花园街120号(烟厂地铁站3号口步行280米),餐饮服务;中餐厅;中餐厅,4.7,44.00
胡桃里音乐酒馆(哈尔滨西城红场店),126.591347,45.704747,餐饮,哈西大街299号西城红场3号厂房,餐饮服务;餐饮相关场所;餐饮相关,4.7,156.00
艾依古丽新疆餐厅,126.681446,45.701598,餐饮,星河路华润紫云府1栋-2层24号门市,餐饮服务;中餐厅;清真菜馆,4.7,74.00
江畔餐厅,126.609604,45.778529,餐饮,防汛路与通江街交叉口西140米,餐饮服务;中餐厅;中餐厅,4.5,145.00
秋林西餐厅,126.646008,45.761549,餐饮,阿什河街62号(博物馆地铁站2号口步行460米),餐饮服务;外国餐厅;外国餐厅,4.6,188.00
顺和祥清真花园餐厅(爱建汇励生活港店),126.603686,45.762975,餐饮,爱建路12-9号,餐饮服务;餐饮相关场所;餐饮相关,4.7,107.00
列娜狐俄式西餐厅,126.617150,45.772946,餐饮,中央大街与西七道街交叉口西160米(红砖街26号),餐饮服务;外国餐厅;西餐厅(综合风味),4.7,85.00
1918中餐厅,126.678216,45.744425,餐饮,衡山路48-52号,餐饮服务;中餐厅;综合酒楼,4.6,136.00
罗曼蒂克俄式西餐厅(中央大街店),126.617341,45.775262,餐饮,通江街道中医街35-1号,餐饮服务;外国餐厅;外国餐厅,4.7,87.00
哈拉海和牛主题餐厅(群力店),126.563693,45.737400,餐饮,群力第四大道956号金中环广场F1层,餐饮服务;中餐厅;中餐厅|体育休闲服务;体育休闲服务场所;体育休闲服务场所,4.6,94.00
金汉斯南美烤肉自助餐厅,126.616334,45.779791,餐饮,哈尔滨印象城A座2楼(防洪纪念塔对面),餐饮服务;中餐厅;特色/地方风味餐厅,4.5,93.00
叶卡捷琳堡俄式西餐厅,126.613188,45.774891,餐饮,上游街106号1栋1层101号房,餐饮服务;外国餐厅;西餐厅(综合风味),4.7,80.00
肉食主义美式餐厅(铁瓦社区店),126.623033,45.743271,餐饮,铁路街511-1号,餐饮服务;外国餐厅;西餐厅(综合风味),4.6,104.00
将军牛排韩国餐厅(会展中心店),126.699541,45.757084,餐饮,黄河路323号,餐饮服务;外国餐厅;韩国料理,4.6,68.00
松发餐馆(河柏小区店),126.580360,45.743123,餐饮,松发街3-3号,餐饮服务;中餐厅;中餐厅,4.7,50.00
桂萍餐馆,126.592081,45.738947,餐饮,康安三道街4-8号,餐饮服务;中餐厅;中餐厅,4.6,50.00
盛世家宴甄选自助餐厅,126.692189,45.748612,餐饮,闽江路231号(嵩山路昆仑庄园旁),餐饮服务;中餐厅;海鲜酒楼,4.6,313.00
渔乐圈海鲜餐厅,126.573715,45.731118,餐饮,金江路212号工农大街与金江路交口漫步巴黎小区侧门200米处,餐饮服务;中餐厅;海鲜酒楼,4.6,146.00
庆赫隆海鲜餐厅,126.683487,45.743919,餐饮,华山路13号都市嘉园B栋1-1号,购物服务;综合市场;水产海鲜市场,4.7,144.00
波特曼西餐厅(银泰城店),126.541099,45.737777,餐饮,群力大道2399号银泰城购物中心1层1007铺,餐饮服务;外国餐厅;外国餐厅,4.6,179.00
久里美式小餐馆(曲线店),126.624029,45.745449,餐饮,曲线街64号1层(哈工大地铁站1号口步行380米),餐饮服务;中餐厅;中餐厅,4.6,118.00
月下三旬创意料理餐厅,126.607633,45.766559,餐饮,安宁街181号,餐饮服务;中餐厅;中餐厅,4.7,93.00
圣索菲亚明星小熊主题观景俄餐厅(中央大街店),126.627721,45.771242,餐饮,地段街128号三层A23-1号,餐饮服务;中餐厅;中餐厅,4.6,70.00
威尼托餐厅·啤酒花园,126.631200,45.752238,餐饮,松花江街85号,餐饮服务;餐饮相关场所;餐饮相关,4.6,71.00
溯源汇牛排餐厅,126.538766,45.740554,餐饮,元江路262号,餐饮服务;外国餐厅;外国餐厅,4.6,177.00
觅思特韩餐厅,126.618341,45.775769,餐饮,中央大街168号秋林里道斯B1层,餐饮服务;快餐厅;快餐厅,4.6,56.00
阿克汉格俄式西餐厅,126.617537,45.769129,餐饮,端街副45号(中央大街地铁站2号口步行130米),餐饮服务;外国餐厅;外国餐厅,4.6,93.00
模拟游戏·肉食店餐厅,126.595991,45.701099,餐饮,哈西大街462号,餐饮服务;中餐厅;中餐厅,4.5,121.00
哈拉海和牛主题餐厅(会展中心店),126.695820,45.748625,餐饮,红旗大街218-2号,餐饮服务;中餐厅;中餐厅,4.5,145.00
满堂鸿茶餐厅(中央大街店),126.618268,45.776907,餐饮,西头道街46号,餐饮服务;中餐厅;中餐厅,4.6,86.00
十二号餐厅阿尔法铁板烧旗舰店,126.622974,45.773418,餐饮,东八道街11-13号,餐饮服务;中餐厅;中餐厅,4.7,196.00
净心莲素食餐厅(汇龙外滩首府店),126.549762,45.742624,餐饮,外滩首府A区Y1C栋1-2层10号,餐饮服务;中餐厅;中式素菜馆,4.6,76.00
Salam萨拉姆巴基斯坦餐厅(桥南小区店),126.628445,45.738908,餐饮,元士街附1号桥南小区,餐饮服务;餐饮相关场所;餐饮相关,4.6,82.00
珍妮西餐厅,126.629303,45.747238,餐饮,西大直街92号,餐饮服务;外国餐厅;外国餐厅,4.6,121.00
悦荟牛排餐厅(红博中央公园店),126.698488,45.757638,餐饮,红博中央公园负二层悦荟牛排,餐饮服务;外国餐厅;牛扒店(扒房),4.5,55.00
老俄楼西餐厅(邮政街店),126.636636,45.756382,餐饮,邮政街与北京街交口邮政街303号,餐饮服务;外国餐厅;西餐厅(综合风味),4.6,105.00
嘉年海鲜品质家宴餐厅,126.635386,45.685702,餐饮,健平路25号,餐饮服务;中餐厅;海鲜酒楼,4.5,71.00
肯德基车速取餐厅(聚源店),126.535547,45.814133,餐饮,中源大道11188号,餐饮服务;快餐厅;肯德基,4.7,26.00
春雨餐馆(黑山街店),126.656395,45.755475,餐饮,黑山街132-2号,餐饮服务;中餐厅;中餐厅,4.6,45.00
将军牛排韩国餐厅(哈西红场店),126.592736,45.702845,餐饮,和谐大道300号哈尔滨西城红场六楼,餐饮服务;外国餐厅;韩国料理|餐饮服务;外国餐厅;牛扒店(扒房),4.5,68.00
将军牛排韩国餐厅(师大学府凯德店),126.609587,45.721197,餐饮,学府路1-1号凯德广场5层5-8号,餐饮服务;外国餐厅;韩国料理,4.5,67.00
圣彼得俄式西餐厅,126.617909,45.771044,餐饮,大安街40号(中央大街地铁站1号口步行310米),餐饮服务;餐饮相关场所;餐饮相关,4.5,91.00
利华餐厅(文景街107号院店),126.650157,45.743989,餐饮,文景街105号,餐饮服务;中餐厅;中餐厅,4.6,63.00
明静苑有机素食餐厅,126.677767,45.743157,餐饮,奋斗路街道衡山路隆顺街交口隆顺街2号,餐饮服务;中餐厅;中式素菜馆,4.6,71.00
安德烈俄式西餐厅(中央大街店),126.619122,45.777337,餐饮,西头道街33号,餐饮服务;外国餐厅;外国餐厅,4.6,100.00
Whit You与你西式融合料理餐厅,126.596523,45.702919,餐饮,中兴大道165号,餐饮服务;餐饮相关场所;餐饮相关,4.6,94.00
友谊川味甄选餐厅,126.533877,45.745505,餐饮,融江路4298号,餐饮服务;中餐厅;四川菜(川菜),4.6,78.00
将军牛排·韩国餐厅(融创乐园店),126.503067,45.802690,餐饮,世茂大道99号融创茂3层3056A、3057B号,餐饮服务;外国餐厅;韩国料理,4.3,68.00
仙仙家休闲西餐厅(学院路店),126.545652,45.873811,餐饮,学院路208号,餐饮服务;外国餐厅;西餐厅(综合风味),4.5,24.00
悦荟牛排餐厅(王府井店),126.566196,45.732797,餐饮,景江东路899号王府井4层,餐饮服务;外国餐厅;牛扒店(扒房),4.3,54.00
果然大地超级素食自助餐厅(太平桥乐松店),126.675070,45.784838,餐饮,太平桥乐松一楼,餐饮服务;餐饮相关场所;餐饮相关,4.6,27.00
苏力克俄式西餐厅,126.617598,45.772000,餐饮,中央大街东风街副28号,餐饮服务;餐饮相关场所;餐饮相关,4.5,94.00
将军牛排韩餐餐厅(太平桥百盛店),126.676665,45.784114,餐饮,东直路118号百盛太平桥店负一层AS-B1-003号,餐饮服务;外国餐厅;韩国料理,4.3,68.00
西苑餐厅(法院街店),126.627677,45.742389,餐饮,法院街21号近哈工大西门,餐饮服务;中餐厅;中餐厅,4.7,61.00
华竹马尔斯俄式家庭餐厅(龙塔店),126.678077,45.746353,餐饮,汉水路381号,餐饮服务;外国餐厅;西餐厅(综合风味),4.5,104.00
秋林洋行俄士餐厅(秋林公司门店),126.645701,45.760625,餐饮,东大直街319号秋林公司中厅二楼环廊,餐饮服务;外国餐厅;俄国菜|餐饮服务;糕饼店;糕饼店,4.5,112.00
禾宴小厨中餐厅,126.595804,45.757338,餐饮,哈药路356号(公路大桥地铁站3号口旁),餐饮服务;中餐厅;中餐厅,4.6,53.00
外婆中餐厅(友谊家园店),126.626058,45.604028,餐饮,新疆大街139号(五十五中对面),餐饮服务;中餐厅;中餐厅,4.5,47.00
瓦西里俄式西餐厅,126.614663,45.774532,餐饮,中医街75号,餐饮服务;外国餐厅;外国餐厅,4.3,74.00
小安利餐厅(桦树街店),126.696307,45.787568,餐饮,桦树街198号(桦树街地铁站4号口步行50米),餐饮服务;中餐厅;中餐厅,4.5,62.00
城堡休闲俄式西餐厅,126.610542,45.777951,餐饮,通江街218号天鹅城堡1楼进门左转,餐饮服务;外国餐厅;外国餐厅,4.3,80.00
尤利娅俄餐馆,126.620920,45.770428,餐饮,西十二道街40-3号,餐饮服务;餐饮相关场所;餐饮相关,4.4,89.00
捷琳娜俄餐馆,126.617408,45.774240,餐饮,红霞街33号,餐饮服务;中餐厅;中餐厅,4.5,78.00
红菜头俄式西餐厅,126.613344,45.774137,餐饮,中医街97号,餐饮服务;餐饮相关场所;餐饮相关,4.3,67.00
克拉斯诺西餐厅(中央大街店),126.620659,45.764179,餐饮,北安街30号,餐饮服务;外国餐厅;西餐厅(综合风味),4.3,97.00
文化餐厅(宣普街店),126.668235,45.778327,餐饮,宣普街58号(港城饭店西北),餐饮服务;中餐厅;中餐厅,4.6,60.00
李先生牛肉面餐厅(学府店),126.610820,45.723902,餐饮,西大直街560号(学府路地铁站3b口步行150米),餐饮服务;快餐厅;快餐厅,4.5,21.00
杜漫西餐厅(中华巴洛克店),126.638580,45.782797,餐饮,靖宇街389号,餐饮服务;外国餐厅;外国餐厅,4.4,115.00
丁丁俄式西餐厅(中央大街店),126.614422,45.772375,餐饮,红专街95号,餐饮服务;外国餐厅;外国餐厅,4.4,82.00
摩欧客意式餐厅(哈东万达店),126.760325,45.716475,餐饮,香福路52号万达广场哈尔滨哈东店F3层,餐饮服务;外国餐厅;外国餐厅,4.2,39.00
李先生牛肉面餐厅(广润店),126.615089,45.697861,餐饮,学府路93-5号(医大二院地铁站2号口步行50米),餐饮服务;快餐厅;快餐厅,4.6,26.00
将军牛排韩国餐厅(机场路顾乡店),126.593613,45.734840,餐饮,埃德蒙顿路38号凯德广场四楼,餐饮服务;外国餐厅;韩国料理,4.4,68.00
番茄俄式西餐厅,126.616066,45.772553,餐饮,红专街52号,餐饮服务;外国餐厅;西餐厅(综合风味),4.2,63.00
全厨记中餐厅(自兴街店),126.606292,45.718785,餐饮,自兴街55号(学府路地铁站出入口步行440米),餐饮服务;中餐厅;中餐厅,4.4,51.00
研古食方药膳素食餐厅,126.604923,45.753619,餐饮,阳明街1号,餐饮服务;中餐厅;中餐厅,4.4,27.00
仙仙家休闲西餐厅(通达大街店),127.167784,44.918122,餐饮,人和路158号,餐饮服务;外国餐厅;西餐厅(综合风味),4.3,59.00
宏发餐馆(钱塘街),126.643984,45.791255,餐饮,钱塘街157-1号,餐饮服务;中餐厅;中餐厅,4.4,48.00
顺通餐馆,126.661415,45.751420,餐饮,巴山街21-19号,餐饮服务;中餐厅;中餐厅,4.5,51.00
伏尔加庄园金环西餐厅,126.902580,45.670235,餐饮,哈成路16公里处伏尔加庄园内,餐饮服务;外国餐厅;西餐厅(综合风味),4.4,143.00
果然大地超级素食自助餐厅(新阳路比优特店),126.606048,45.748851,餐饮,凯旋城1期,餐饮服务;餐饮相关场所;餐饮相关,4.4,26.00
Salaam萨拉姆巴基斯坦餐厅(黑大店),126.616223,45.704218,餐饮,学府东四道街352号,餐饮服务;餐饮相关场所;餐饮相关,4.4,74.00
江畔餐厅(旭初街),126.627872,45.783378,餐饮,胜利街道旭初街9号,餐饮服务;中餐厅;中餐厅,4.4,108.00
龙塔云尚西餐厅,126.680501,45.748324,餐饮,长江路178号龙塔(东南角),餐饮服务;外国餐厅;西餐厅(综合风味),4.5,183.00
维欣罗杰斯餐厅(会展店),126.698217,45.754717,餐饮,红旗大街301号红博会展购物广场F1层,餐饮服务;外国餐厅;西餐厅(综合风味),4.1,31.00
又见芳华西餐厅,126.531198,45.871703,餐饮,[],餐饮服务;外国餐厅;外国餐厅,4.5,69.00
米莊办饭馆(香埠店),126.693612,45.726333,餐饮,延福街166号,餐饮服务;中餐厅;中餐厅,4.3,26.00
麦当劳绿色新城餐厅,126.659580,45.580037,餐饮,建安头道街副27号一层商户,餐饮服务;快餐厅;快餐厅,4.5,26.00
尼克的餐厅(鲁商·松江新城林溪湾店),126.628911,45.682737,餐饮,健兴路97号,餐饮服务;餐饮相关场所;餐饮相关,4.2,64.00
哈尔滨市南岗区万江旮旯骨气餐厅,126.636153,45.745173,餐饮,复华四道街51号,餐饮服务;餐饮相关场所;餐饮相关,4.5,57.00
哈尔滨工业大学南苑餐厅,126.635637,45.731076,餐饮,一匡街2号哈工大科学园院内(近文化大厦),餐饮服务;中餐厅;中餐厅,4.4,12.00
鑫日千里马朝鲜族餐厅(香坊万达店),126.678394,45.740562,餐饮,衡山路17号万达广场(哈尔滨香坊店)3F层,餐饮服务;外国餐厅;韩国料理,4.2,30.00
松咖啡自助餐厅·松北香格里拉,126.555048,45.802651,餐饮,松北大道3号,餐饮服务;咖啡厅;咖啡厅,3.9,208.00
乐尚音乐餐厅(民生尚都怡园店),126.515835,45.720353,餐饮,群力第六大道4108号,餐饮服务;中餐厅;中餐厅,4.3,41.00
福满楼中餐厅(建安二道街店),126.658743,45.585947,餐饮,建安二道街10号,餐饮服务;中餐厅;综合酒楼,4.5,60.00
维欣罗杰斯餐厅(和兴路店),126.635829,45.726207,餐饮,"王兆新村副15栋,和兴路85号",餐饮服务;中餐厅;中餐厅,4.3,34.00
果然大地超级素食自助餐厅(金爵万象店),126.583025,45.698975,餐饮,中兴左街2号(金爵万象商业广场二楼),购物服务;综合市场;果品市场,4.5,18.00
东北农业大学-学生第3餐厅,126.725287,45.748727,餐饮,东北农业大学北区第六学生公寓南门东220米,餐饮服务;中餐厅;中餐厅,4.5,14.00
果然大地超级素食自助餐厅(顾乡店),126.586273,45.736943,餐饮,顾乡大街顾乡大街87号(顾乡比优特二楼),餐饮服务;中餐厅;中餐厅,4.3,21.00
东极雪黑豚餐馆,126.548833,45.742995,餐饮,兴江路2468号,餐饮服务;中餐厅;中餐厅,4.3,74.00
商大酒店中餐厅,126.609843,45.743911,餐饮,民众街与通达街交叉口西南20米,餐饮服务;中餐厅;中餐厅,4.6,63.00
哈尔滨中央大街希尔顿欢朋酒店·早餐厅,126.640635,45.759665,餐饮,邮政街147号酒店2楼,餐饮服务;中餐厅;中餐厅,4.4,50.00
哈尔滨JW万豪酒店·龙苑中餐厅,126.528401,45.798566,餐饮,创新一路199号哈尔滨JW万豪酒店,餐饮服务;中餐厅;中餐厅,4.1,174.00
航航餐馆,126.672642,45.739730,餐饮,民航路17号,餐饮服务;中餐厅;特色/地方风味餐厅,4.4,48.00
哈尔滨万达文华酒店(品珍中餐厅),126.498220,45.800720,餐饮,世茂大道87号万达文华酒店二楼,餐饮服务;餐饮相关场所;餐饮相关,4.4,188.00
维欣罗杰斯餐厅(金爵万象店),126.583025,45.698975,餐饮,中兴左街2号金爵万象B2层B1303,餐饮服务;中餐厅;中餐厅,4.1,36.00
新巴黎大酒店-巴黎中餐厅,126.655079,45.750049,餐饮,中山路177号新巴黎大酒店内二楼,餐饮服务;外国餐厅;外国餐厅,4.2,88.00
香厨中餐厅,126.555032,45.802739,餐饮,松北大道1号哈尔滨松北香格里拉一楼,餐饮服务;中餐厅;中餐厅,4.2,195.00
东北农业大学第四餐厅,126.723808,45.747970,餐饮,东北农业大学院内,餐饮服务;中餐厅;中餐厅,4.6,14.00
外滩1898社区餐厅(群力第二大道店),126.523063,45.735991,餐饮,群力第二大道与阳明滩大桥交口,餐饮服务;中餐厅;中餐厅,4.5,40.00
回德顺餐厅(红星花园店),126.676579,45.770582,餐饮,一曼街2-208-7号(近工程大学),餐饮服务;中餐厅;清真菜馆,4.3,91.00
菜乡餐馆(经纬头道街店),126.622521,45.765345,餐饮,经纬头道街38-3号,餐饮服务;中餐厅;中餐厅,4.4,38.00
马迭尔德式西餐厅精酿啤酒屋(中央大街店),126.619229,45.768084,餐饮,经纬街139号,餐饮服务;外国餐厅;西餐厅(综合风味),4.5,126.00
洛克里美式烟熏烤肉西餐厅(中华巴洛克店),126.640702,45.782167,餐饮,南头道街75号,餐饮服务;外国餐厅;外国餐厅,4.3,117.00
东北农业大学学生一餐厅,126.725130,45.739655,餐饮,木材街59号东北农业大学南北区,餐饮服务;中餐厅;中餐厅,4.4,15.00
叁江名鱼主题餐厅,126.616955,45.776258,餐饮,上游街5号2层,餐饮服务;餐饮相关场所;餐饮相关,4.1,73.00
顺祥园餐馆(赣南小区店),126.705472,45.737963,餐饮,新成街道建成街10号,餐饮服务;中餐厅;中餐厅,4.3,31.00
成吉思汗风情园餐厅,126.544448,45.678490,餐饮,达康路38号,餐饮服务;中餐厅;清真菜馆,4.2,91.00
塔玛拉格鲁吉亚餐厅,126.644979,45.754418,餐饮,花园街道交通街50号,餐饮服务;餐饮相关场所;餐饮相关,4.4,111.00
哈尔滨融创施柏阁酒店·Bela Bela全日制餐厅,126.495340,45.801355,餐饮,丰源街199号哈尔滨融创施柏阁酒店一楼,餐饮服务;餐饮相关场所;餐饮相关,4.2,134.00
张正发茶餐厅,126.552881,45.871788,餐饮,兴晨路与兴城路交叉口西北20米,餐饮服务;中餐厅;广东菜(粤菜),4.2,51.00
外滩宴·中餐厅,126.548606,45.746930,餐饮,友谊西路3666号(兴江路交叉口),餐饮服务;中餐厅;中餐厅,4.4,376.00
阿迪力餐厅,126.647612,45.715389,餐饮,凤凰路木研街交叉路口25号,餐饮服务;中餐厅;中餐厅,4.3,45.00
哈尔滨汇智美爵酒店(哈西高铁站店)·粤锦中餐厅,126.558410,45.710114,餐饮,金属街25号汇智东方悦,餐饮服务;餐饮相关场所;餐饮相关,4.4,83.00
黑龙江大学格致园餐厅,126.619577,45.706552,餐饮,学府东四道街79号附近,餐饮服务;中餐厅;中餐厅,4.5,13.00
985·闲庭餐厅,126.632587,45.732451,餐饮,一匡街2号,餐饮服务;中餐厅;中餐厅,4.3,94.00
喜盈园餐馆(清华大街店),126.610598,45.717851,餐饮,清华大街4号(理工大学地铁站2号口步行340米),餐饮服务;中餐厅;中餐厅,4.2,38.00
浙江饭馆(信恒现代城馨园店),126.713112,45.757488,餐饮,黄河路302号,餐饮服务;中餐厅;中餐厅,4.3,80.00
荟正歧药膳餐厅,126.588353,45.697854,餐饮,南兴街28号,餐饮服务;餐饮相关场所;餐饮相关,4.1,24.00
银河水世界餐厅,126.497047,45.800146,餐饮,世茂大道与丰源街交叉口东北120米,餐饮服务;中餐厅;中餐厅,4.3,40.00
乔维斯西餐厅,126.975902,45.544834,餐饮,牌路大街484号,餐饮服务;外国餐厅;西餐厅(综合风味),4.1,49.00
德嘉码头中餐厅,126.573756,45.754241,餐饮,友谊西路交叉口烧烤营地,餐饮服务;中餐厅;中餐厅,4.3,84.00
海悦荟海鲜自助餐厅(巴拉斯店),126.619525,45.773725,餐饮,西七道巴拉斯美食城4楼,餐饮服务;中餐厅;海鲜酒楼,3.9,76.00
梧桐树下西韩餐厅(民安大街店),126.314870,45.376498,餐饮,民安大街与伏千胡同交叉口东60米,餐饮服务;外国餐厅;韩国料理,4.2,75.00
道里区饱元助老餐厅,126.551244,45.736463,餐饮,兴江路1646号,餐饮服务;快餐厅;快餐厅,4.2,10.00
indulge bistro沉迷西餐厅(安心街148号小区店),126.616680,45.753334,餐饮,安心街146号,餐饮服务;咖啡厅;咖啡厅,4.1,59.00
果然邂逅轻食营养餐厅(恒大盛和天下店),126.571349,45.750440,餐饮,友谊西路1966号,餐饮服务;中餐厅;中餐厅,4.2,69.00
黔之味特色餐厅,126.622389,45.704797,餐饮,学府东四道街104号,餐饮服务;中餐厅;中餐厅,4.0,24.00
哈尔滨会展中心希尔顿酒店全日制餐厅,126.703575,45.750975,餐饮,哈尔滨会展中心希尔顿酒店,餐饮服务;外国餐厅;外国餐厅,4.2,203.00
运来餐馆(平房店),126.670066,45.580910,餐饮,联盟大街58-8号,餐饮服务;中餐厅;中餐厅,4.0,32.00
宽小馆中餐厅,126.621490,45.770167,餐饮,中央大街西十三道街43号,餐饮服务;中餐厅;中餐厅,3.9,87.00
故乡情餐馆天合店,126.595214,45.733245,餐饮,新合街33号,餐饮服务;中餐厅;中餐厅,4.2,33.00
张正发茶餐厅(哈西万达店),126.589575,45.700075,餐饮,中兴大道168号万达广场哈尔滨哈西店B1层,餐饮服务;中餐厅;广东菜(粤菜),3.9,21.00
秋林·格瓦斯百年文化餐厅,126.618960,45.774196,餐饮,中央大街与红霞街交叉口东南40米,餐饮服务;餐饮相关场所;餐饮相关,4.5,23.00
黑龙江省人民政府机关餐厅,126.660225,45.742227,餐饮,文中街7号(省政府地铁站3号口步行450米),餐饮服务;中餐厅;中餐厅,4.5,16.00
滨娟花餐馆(安化北段社区店),126.618682,45.757966,餐饮,安化街77号,餐饮服务;中餐厅;中餐厅,4.1,12.00
福汇楼中餐厅,126.994518,45.532948,餐饮,金都大街恒大城3期56号楼,餐饮服务;中餐厅;中餐厅,4.4,108.00
肯德基永平餐厅工会户外劳动者服务站点(乐松购物广场太平桥餐厅),126.674912,45.784970,餐饮,东直路与安华街交叉口东南60米,餐饮服务;中餐厅;中餐厅,4.3,[]
私房家宴中餐厅,126.651484,45.751251,餐饮,中山路252号,餐饮服务;中餐厅;中餐厅,3.9,34.00
延明餐馆,126.969854,45.531289,餐饮,金都街道139号审计局下面,餐饮服务;中餐厅;清真菜馆,4.2,57.00
故乡情餐馆(建国北二道街分店),126.601657,45.750991,餐饮,建国街道建国北二道街18号,餐饮服务;中餐厅;中餐厅,4.1,22.00
发财饭馆,126.617456,45.668272,餐饮,电缆街134号,餐饮服务;餐饮相关场所;餐饮相关,4.0,23.00
肯德基车速取餐厅(国展店),126.640384,45.754304,餐饮,国展购物中心停车场喜莱牛火锅旁边,餐饮服务;餐饮相关场所;餐饮相关,4.2,[]
新疆阿里88烧烤餐厅(南七道街店),126.647712,45.783539,餐饮,南七道街184号新疆阿里88烧烤餐厅,餐饮服务;中餐厅;特色/地方风味餐厅,4.2,44.00
铭屿茶餐厅,126.630097,45.748749,餐饮,利群街8-2号(哈工大地铁站2号口步行490米),餐饮服务;中餐厅;广东菜(粤菜),4.4,18.00
金山朝族民俗餐厅(世贸大道店),126.520118,45.807187,餐饮,世茂大道213号,餐饮服务;中餐厅;清真菜馆,4.2,33.00
香浓风味餐馆,126.620015,45.780945,餐饮,井街胡同22号,餐饮服务;中餐厅;中餐厅,4.0,30.00
姐妹韩式餐馆(安静小区店),126.618658,45.757130,餐饮,安化街100-8号(近安广街),餐饮服务;外国餐厅;韩国料理,4.1,35.00
黑龙江省中医药大学附属第一医院-餐厅,126.651468,45.728171,餐饮,和平路20号,餐饮服务;中餐厅;中餐厅,4.2,17.00
老市场餐厅,126.600160,45.977878,餐饮,南大街与南牌路交汇处,餐饮服务;中餐厅;中餐厅,4.3,49.00
隆兴餐厅(新闻街),127.966259,45.211912,餐饮,尚志镇新闻街9号,餐饮服务;中餐厅;东北菜,4.2,45.00
计生委大餐厅,126.315448,45.363777,餐饮,民主街计生委综合楼1层西侧1号,餐饮服务;中餐厅;中餐厅,4.1,38.00
松·邻间餐厅Song Neighborhood Cafe(哈尔滨中央大街英迪格酒店),126.617696,45.779842,餐饮,中央大街与防汛路交叉口东南40米,餐饮服务;外国餐厅;外国餐厅,3.8,135.00
外滩1900音乐餐厅,126.702945,45.778057,餐饮,武源街与武源二道街交叉口东100米,餐饮服务;中餐厅;中餐厅,4.5,[]
77号餐厅(锦江绿色家园店),126.591629,45.746182,餐饮,河松街2号锦江绿色家园,餐饮服务;中餐厅;东北菜,4.2,114.00
飨阁中餐厅(群力店),126.544310,45.731087,餐饮,群力第五大道2669号,餐饮服务;中餐厅;中餐厅,4.2,84.00
浩斯餐厅,128.750996,45.979354,餐饮,隆达路喜鹊街红绿灯北行20米道东,餐饮服务;中餐厅;中餐厅,4.2,79.00
九食饮茶餐厅(花卉小区店),126.641947,45.714741,餐饮,哈平路104号院内地下停车口对面,餐饮服务;餐饮相关场所;餐饮相关,4.2,44.00
玛米娅地中海餐厅,126.595207,45.741942,餐饮,建国街326号,餐饮服务;中餐厅;中餐厅,4.1,131.00
佳儿萌豆儿童辅食餐厅(乐松店),126.648926,45.719278,餐饮,三大动力路8号乐松广场3F层,餐饮服务;中餐厅;中餐厅,4.0,35.00
太阳好家园餐馆,126.637840,45.745198,餐饮,繁荣街143-3号,餐饮服务;中餐厅;中餐厅,4.3,51.00
哈尔滨汽轮机厂有限责任公司客人餐厅,126.683711,45.710093,餐饮,动力路345号汽轮机厂门口,餐饮服务;中餐厅;中餐厅,4.3,27.00
冠洋世纪大酒店-茉莉雅全日制餐厅,126.651300,45.751354,餐饮,中山路252号,餐饮服务;餐饮相关场所;餐饮相关,4.2,45.00
尚志市乐咖会音乐餐厅,127.978780,45.215187,餐饮,尚志镇水上公园2号3门市(一代二楼),餐饮服务;中餐厅;中餐厅,4.1,41.00
全心贝爱儿童餐厅(银泰城购物中心店),126.540835,45.737592,餐饮,群力大道2399号银泰城购物中心F3层,购物服务;购物相关场所;购物相关场所,3.9,39.00
天合中餐厅(友谊路店),126.599172,45.768725,餐饮,友谊路399号报业大厦F3层,餐饮服务;中餐厅;中餐厅,3.6,69.00
幸福里餐厅(鸿祥嘉园店),128.047863,45.951024,餐饮,人民路132号,餐饮服务;中餐厅;中餐厅,4.3,54.00
哈尔滨工业大学二校区锦绣餐厅,126.681975,45.758057,餐饮,黄河路73号,餐饮服务;中餐厅;中餐厅,4.0,13.00
和意美食餐厅,126.614403,45.731935,餐饮,西大直街361-1号(和兴路地铁站1A口旁),餐饮服务;中餐厅;中餐厅,3.9,28.00
汉堡客西餐厅(总店),126.975783,45.533602,餐饮,牌路大街190号(近中国银行),餐饮服务;外国餐厅;西餐厅(综合风味),3.7,31.00
聚笼餐厅(透笼国际商品城店),126.630610,45.770750,餐饮,买卖街104号,餐饮服务;中餐厅;中餐厅,4.3,16.00
东晓狗肉馆主题餐厅(熙街店),126.548226,45.668365,餐饮,哈双路455号,餐饮服务;中餐厅;中餐厅,4.2,63.00
丁香荟餐厅,126.590669,45.692540,餐饮,哈尔滨大街680号,餐饮服务;中餐厅;东北菜,4.1,64.00
鼎盛源餐馆(北岸明珠店),126.549379,45.804044,餐饮,江湾路北岸明珠一期108号楼1层3号,餐饮服务;中餐厅;中餐厅,4.1,36.00
美食汇自助餐厅(松北万达文华酒店),126.498390,45.800766,餐饮,世茂大道87号万达文华酒店一楼,餐饮服务;餐饮相关场所;餐饮相关,2.6,181.00
艾豪丽西餐厅(中央大街店),126.620412,45.768669,餐饮,西十四道街64号,餐饮服务;外国餐厅;西餐厅(综合风味),3.8,104.00
泰叶泰式菜椰子鸡餐厅(凯旋新生活购物广场店),126.646404,45.719864,餐饮,哈平路2号凯旋购物广场4楼F4-Z014商铺,餐饮服务;外国餐厅;泰国/越南菜品餐厅|餐饮服务;外国餐厅;韩国料理,4.0,66.00
尚志市避风塘原味餐厅(世纪富苑店),127.990871,45.214361,餐饮,世纪富苑,餐饮服务;中餐厅;中餐厅,4.3,34.00
阳光餐厅(恒隆嘉园店),126.548005,45.666801,餐饮,哈双路422号恒隆嘉园,餐饮服务;中餐厅;中餐厅,3.9,29.00
林语主题餐厅(华旗饭店),126.697725,45.753525,餐饮,新春街道红旗大街301号华旗饭店,餐饮服务;中餐厅;中餐厅,3.9,112.00
小时代西韩餐厅,127.159490,44.922832,餐饮,五常镇文化路电大商服459号,餐饮服务;外国餐厅;西餐厅(综合风味)|餐饮服务;外国餐厅;韩国料理,4.2,44.00
观江国际社区助老餐厅(群力观江国际店),126.557630,45.744578,餐饮,景江西路2188号群力·观江国际,餐饮服务;中餐厅;中餐厅,3.9,15.00
老松滨东北菜馆(哈尔滨融创茂店),126.503588,45.803712,餐饮,融创茂三层3050号,餐饮服务;餐饮相关场所;餐饮相关,4.2,39.00
东北菜馆(哈尔滨大街店),126.579374,45.699028,餐饮,哈尔滨大街527-15号(哈尔滨大街与中兴左街交叉口),餐饮服务;中餐厅;东北菜,4.4,50.00
沿江饺子东北菜(哈尔滨中央大街店),126.620377,45.781183,餐饮,井街胡同5-6号,餐饮服务;中餐厅;特色/地方风味餐厅,4.1,39.00
正阳楼学府店特色东北菜 (地标美食名店),126.613841,45.711656,餐饮,学府三道街62号,餐饮服务;中餐厅;中餐厅,4.8,57.00
吉顺熏酱饺子东北菜(南岗店),126.624304,45.716773,餐饮,学兴路39-1号,餐饮服务;中餐厅;中餐厅,4.7,58.00
高家小院铁锅炖·东北菜(哈西高铁站店),126.575173,45.685091,餐饮,王岗镇永红村哈双路111号,餐饮服务;中餐厅;中餐厅,4.7,55.00
吉顺熏酱饺子东北菜(宏伟路店),126.696103,45.784476,餐饮,宏伟路81-3号(桦树街地铁站4号口步行470米),购物服务;购物相关场所;购物相关场所,4.7,58.00
六泰居·尔滨地标·东北菜(中海店),126.541273,45.723354,餐饮,群力第六大道2047号,餐饮服务;中餐厅;东北菜,4.7,61.00
六泰居·尔滨地标·东北菜(哈西店),126.587145,45.696413,餐饮,西宁南路71号,购物服务;购物相关场所;购物相关场所,4.6,43.00
六泰居·尔滨地标·东北菜(学府路总店),126.606276,45.718827,餐饮,自兴街67号,餐饮服务;中餐厅;中餐厅,4.7,44.00
六泰居·尔滨地标·东北菜(松北店),126.522936,45.806953,餐饮,世贸大道120号,餐饮服务;中餐厅;中餐厅,4.7,58.00
宾鹏饺子.尔滨地标.东北菜(平公街店),126.671847,45.757215,餐饮,平公街11-13号,餐饮服务;中餐厅;中餐厅,4.6,50.00
六泰居·尔滨地标·东北菜(银泰城·悦街店),126.540143,45.741524,餐饮,丽江路4146号,餐饮服务;中餐厅;中餐厅,4.7,47.00
三尺巷东北杀猪菜锅包肉(道里店),126.593975,45.756152,餐饮,河曲街17号,餐饮服务;中餐厅;中餐厅,4.7,31.00
小胖私厨状元宴东北私房菜馆,126.626519,45.717752,餐饮,延兴东路12-14号,餐饮服务;中餐厅;中餐厅,4.7,81.00
宾鹏饺子(尔滨地标.东北菜上江街店),126.579066,45.732405,餐饮,上江街11号美晨家园底商,餐饮服务;中餐厅;特色/地方风味餐厅,4.6,39.00
六泰居·尔滨地标·东北菜(爱建店),126.603149,45.761884,餐饮,爱建路12号,餐饮服务;中餐厅;中餐厅,4.7,50.00
高家小院铁锅炖·东北菜(香坊店),126.760440,45.719995,餐饮,香福路67号(哈尔滨泰莱时代影城旁),餐饮服务;中餐厅;中餐厅,4.6,61.00
九转小磨 · 非遗东北菜(哈西万达店),126.586677,45.699798,餐饮,中兴大道168号哈西万达广场3层3033号,餐饮服务;中餐厅;中餐厅,4.6,59.00
老善溜肉段(中华巴洛克店.非遗东北菜),126.641624,45.782947,餐饮,中华巴洛克街区南勋三道街72号,餐饮服务;中餐厅;中餐厅,4.6,40.00
六泰居·尔滨地标·东北菜(幸福路店),126.654663,45.715763,餐饮,幸福路15-1号春江新城商服,餐饮服务;中餐厅;中餐厅,4.7,57.00
宾鹏饺子(尔滨地标.东北菜松北店),126.522562,45.806852,餐饮,世茂大道114号,餐饮服务;中餐厅;特色/地方风味餐厅,4.6,48.00
泰和居•地标•东北菜(革新街店),126.661629,45.753326,餐饮,革新街39号,餐饮服务;中餐厅;中餐厅,4.6,55.00
同合居·非遗东北菜(中央公园店),126.698486,45.757621,餐饮,哈尔滨经开区南岗集中区红旗大街339号红博中央公园,餐饮服务;中餐厅;中餐厅,4.5,54.00
六泰居·尔滨地标·东北菜(黄河路店),126.690815,45.755139,餐饮,新春街道黄河路75号,餐饮服务;中餐厅;中餐厅,4.7,41.00
宾鹏饺子(尔滨地标.东北菜哈西店),126.586505,45.695751,餐饮,哈尔滨大街650号金爵万象,餐饮服务;中餐厅;中餐厅,4.6,32.00
泰和居·地标·东北菜(群力店),126.539006,45.712842,餐饮,群力融江路与滇池东路1470号交叉口,餐饮服务;中餐厅;东北菜,4.6,49.00
泰和居·地标·东北菜(香坊店),126.677342,45.727821,餐饮,六顺街道中山路61号开运花园,餐饮服务;中餐厅;东北菜,4.6,55.00
宾鹏饺子(尔滨地标.东北菜泰山路店),126.703842,45.748980,餐饮,泰山路229号,餐饮服务;中餐厅;东北菜,4.6,29.00
泰和居·地标·东北菜(中央大街店),126.614333,45.773835,餐饮,通江街115号,餐饮服务;中餐厅;中餐厅,4.6,55.00
小师厨·粤菜·东北菜(索菲亚店),126.627191,45.766620,餐饮,兆麟街28号斜角街交汇处(近索菲亚教堂300米),餐饮服务;中餐厅;中餐厅,4.6,64.00
隐市·李东北杀猪菜(群力店),126.540065,45.741485,餐饮,丽江路4136号,餐饮服务;餐饮相关场所;餐饮相关,4.6,52.00
宾鹏饺子(尔滨地标.东北菜通顺街店),126.599138,45.736805,餐饮,通顺街4-7号宾鹏饺子,餐饮服务;中餐厅;东北菜,4.6,41.00
隐市·李东北杀猪菜(幸福路店),126.657499,45.714424,餐饮,幸福路6-2号商服,餐饮服务;中餐厅;中餐厅,4.6,52.00
独一处水饺·东北菜馆(星光耀广场二期店),126.531022,45.732812,餐饮,群力朗江路1016号,餐饮服务;餐饮相关场所;餐饮相关,4.6,40.00
同合居·非遗东北菜(万象汇店),126.538826,45.810078,餐饮,世茂大道555号哈尔滨松北万象汇L3层,餐饮服务;中餐厅;中餐厅,4.5,57.00
高家小院铁锅炖·东北菜(平房店),126.645242,45.609147,餐饮,新疆东路与联乡路交叉口南60米,餐饮服务;中餐厅;中餐厅,4.5,52.00
泰和居·地标·东北菜(哈西店),126.585937,45.698027,餐饮,西宁南路82号,餐饮服务;中餐厅;特色/地方风味餐厅,4.6,55.00
刘府私房老厨东北菜·地锅烤肉店,126.611572,45.772641,餐饮,红霞街副101号1层,餐饮服务;中餐厅;东北菜,4.5,46.00
小苞米铁锅炖东北菜(哈尔滨中央大街店),126.612820,45.775848,餐饮,通江街178-4号(距人民广场站1号口步行860m),餐饮服务;中餐厅;中餐厅,4.5,45.00
巷里人家.地道东北菜,126.578924,45.699296,餐饮,哈尔滨大街525-7号华润凯旋门,餐饮服务;中餐厅;中餐厅,4.5,41.00
榆林镇春饼东北菜,126.612969,45.776233,餐饮,江畔戎庭西门东南300米,餐饮服务;中餐厅;东北菜,4.5,48.00
吉顺熏酱饺子东北菜,126.650953,45.717135,餐饮,幸福路83号,餐饮服务;中餐厅;中餐厅,4.5,58.00
兰棱杀猪菜(堡旭大道店),126.332608,45.383045,餐饮,堡旭大道旭日嘉园楼下新公安局对面(旭日嘉园商服25号),餐饮服务;中餐厅;中餐厅,4.7,69.00
莱福双城杀猪菜(红旗总店),126.698604,45.761964,餐饮,淮河路256号入口进来就看见了,餐饮服务;中餐厅;中餐厅,4.7,59.00
九转小磨 (中山路店),126.651165,45.751521,餐饮,中山路252-2号,餐饮服务;中餐厅;中餐厅,4.7,74.00
同合居民间菜馆(中央大街松雷店),126.619189,45.770193,餐饮,中央大街66号2层B-1,餐饮服务;中餐厅;中餐厅,4.7,50.00
董庐烤鸭·民间菜·饺子(群力店),126.563997,45.737359,餐饮,景江东路1375-2号1-2层,餐饮服务;中餐厅;中餐厅,4.7,60.00
双城兰棱杀猪菜(群力店),126.541281,45.712541,餐饮,融江路1025号,餐饮服务;中餐厅;中餐厅,4.7,62.00
九转小磨 (哈西大街店),126.594414,45.707503,餐饮,哈西街道哈西大街338号,餐饮服务;中餐厅;中餐厅,4.7,57.00
老韩甸杀猪菜(堡旭大道店),126.333991,45.383271,餐饮,堡旭大道旭日嘉园1号楼1S14号商服,餐饮服务;中餐厅;中餐厅,4.7,49.00
兰棱杀猪菜(东街店),126.322020,45.368621,餐饮,文昌大街202号,餐饮服务;中餐厅;中餐厅,4.6,53.00
双城兰棱杀猪菜(马端街店),126.671838,45.763099,餐饮,马端街110-24号,餐饮服务;中餐厅;中餐厅,4.7,65.00
九转小磨(宏伟路店),126.696140,45.781261,餐饮,宏伟路122号(宏图街口哈一机第八区楼房小区),餐饮服务;中餐厅;东北菜,4.7,57.00
老仁义·清真菜(太古街店),126.656879,45.783274,餐饮,太古街243号(轩辕小区8栋门面房),餐饮服务;中餐厅;清真菜馆,4.6,64.00
喜村杀猪菜江鱼馆(世贸店),126.522624,45.806884,餐饮,世茂大道与祥安南大街辅路交叉口东300米,餐饮服务;中餐厅;中餐厅,4.6,53.00
九转小磨(爱建店),126.606123,45.769115,餐饮,经纬十一道街61号,餐饮服务;中餐厅;中餐厅,4.7,57.00
喜村杀猪菜江鱼馆(群力店),126.567920,45.730229,餐饮,群力第七大道779号,餐饮服务;中餐厅;中餐厅,4.6,53.00
同合居民间菜馆(王府井店),126.566102,45.732097,餐饮,景江东路899号3F-025号,餐饮服务;中餐厅;中餐厅,4.6,50.00
小烟火,126.564775,45.735625,餐饮,群力第五大道1159号二楼(金中环商业广场漫咖啡楼上),餐饮服务;中餐厅;中餐厅,4.7,117.00
老韩院杀猪菜,126.615125,45.758175,餐饮,新阳路132号,餐饮服务;中餐厅;中餐厅,4.7,30.00
前屯二哥杀猪菜(旗舰店),126.598548,45.746337,餐饮,建国街265-2号一层,餐饮服务;中餐厅;中餐厅,4.6,50.00
福贵杀猪菜,126.614819,45.756983,餐饮,安祥街54号,餐饮服务;中餐厅;中餐厅,4.6,76.00
九转小磨(王府井店),126.566175,45.732817,餐饮,景江东路899号王府井购物中心F4层,餐饮服务;中餐厅;东北菜,4.5,57.00
同合居民间菜馆(红博会展店),126.700686,45.754808,餐饮,红旗大街301号红博会展购物广场餐饮区21-1号,餐饮服务;中餐厅;中餐厅,4.5,50.00
菜根香家常菜,126.587164,45.695369,餐饮,金爵万象662号,餐饮服务;中餐厅;海鲜酒楼,4.6,88.00
老韩甸杀猪菜(工农大街店),126.582527,45.734292,餐饮,工农大街7号1层,餐饮服务;中餐厅;中餐厅,4.6,78.00
东北第一锹手抓海鲜(原创总店),126.670366,45.763375,餐饮,龙福家园南2门旁,餐饮服务;餐饮相关场所;餐饮相关,4.6,66.00
同合居民间菜馆(香坊万达店),126.677843,45.740051,餐饮,衡山路17号,餐饮服务;中餐厅;中餐厅,4.6,50.00
老韩甸杀猪菜,126.320169,45.368256,餐饮,文昌大街152号(工商行对面-温馨小区A栋4号门市),餐饮服务;中餐厅;特色/地方风味餐厅,4.6,54.00
双城杀猪菜(黑山街店),126.656337,45.755488,餐饮,黑山街134号,餐饮服务;中餐厅;中餐厅,4.6,39.00
老韩杀猪菜(一中店),126.969742,45.517648,餐饮,延川大街1号(一中南200米),餐饮服务;中餐厅;中餐厅,4.6,52.00
葛记关东菜馆,126.642430,45.781920,餐饮,南二道街与南勋街交叉口西北120米,餐饮服务;中餐厅;特色/地方风味餐厅,4.6,48.00
杨岗妙味品东北老菜馆(东平公寓店),126.669862,45.758302,餐饮,平准街38号-2号,餐饮服务;中餐厅;中餐厅,4.5,76.00
老韩甸杀猪菜世茂大道店(冰雪大世界店),126.528648,45.808912,餐饮,世茂大道261号,餐饮服务;中餐厅;中餐厅,4.6,69.00
明德·砂锅家常菜(银泰城·悦街店),126.540432,45.740427,餐饮,群力丽江路4016号,餐饮服务;中餐厅;中餐厅,4.6,42.00
妈妈菜金牌锅烙(会展店),126.696615,45.759265,餐饮,海河东路副211号(红博中央公园比优特对面),餐饮服务;中餐厅;中餐厅,4.5,45.00
关里四姥爷民间菜旗舰店,126.679160,45.763510,餐饮,华山北路76号,餐饮服务;中餐厅;东北菜,4.6,42.00
关东乐杀猪菜馆(中央大街店),126.616218,45.770775,餐饮,通江街35号(中央大街地铁站1号口步行210米),餐饮服务;中餐厅;中餐厅,4.5,47.00
老仁义·清真菜(红博中央公园店),126.700652,45.757290,餐饮,红旗大街339号红博中央公园B2层,餐饮服务;中餐厅;中餐厅,4.5,60.00
小厨堂精致中国菜(和平小区店),126.976997,45.541560,餐饮,民权大街85号,餐饮服务;中餐厅;中餐厅,4.4,56.00
同合居民间菜馆(哈东万达店),126.760327,45.717626,餐饮,香福路55号哈东万达广场步行街三层3026-3027号商铺,餐饮服务;中餐厅;中餐厅,4.3,50.00
最东北民俗风情饭店(西大直街店),126.623950,45.741656,餐饮,西大直街183号(西大桥地铁站2B口步行360米),餐饮服务;中餐厅;中餐厅,4.6,79.00
金脉食府中国清真菜,126.683922,45.786896,餐饮,东直路与太平南四道街交叉口东北100米,餐饮服务;中餐厅;清真菜馆,4.6,95.00
金老妈家常菜(红河一街区店),126.684178,45.784354,餐饮,红旗大街482号红河一街区,餐饮服务;餐饮相关场所;餐饮相关,4.5,39.00
老仁义·非遗清真菜(王府井店),126.566917,45.733110,餐饮,景江东路899号王府井购物中心关东古巷店F4层,餐饮服务;中餐厅;中餐厅,4.5,53.00
东方饺子王(王府井关东古巷店),126.565325,45.733935,餐饮,群力第五大道关东古巷,餐饮服务;中餐厅;特色/地方风味餐厅,4.5,46.00
熹悦江渔村创意融合菜,126.552508,45.734583,餐饮,群力兴江路1618号,餐饮服务;中餐厅;中餐厅,4.2,78.00
老仁义·清真菜(新一百店),126.624931,45.769723,餐饮,石头道街118号新一百6层,餐饮服务;中餐厅;清真菜馆,4.5,56.00
老正宗杀猪菜,126.309076,45.374729,餐饮,双城北街,餐饮服务;中餐厅;中餐厅,4.6,54.00
老道外扒肉家常菜馆,126.627598,45.771921,餐饮,地段街134号扒肉家常菜馆,餐饮服务;中餐厅;中餐厅,4.6,32.00
砂鏜焗尓滨菜特色牛杂毛肚宝藏小店,126.595019,45.752828,餐饮,河鼓街副3-1号(河松街地铁站1号口步行390米),餐饮服务;餐饮相关场所;餐饮相关,4.5,61.00
133下饭菜(民生店),126.654134,45.737415,餐饮,民生路182号,餐饮服务;餐饮相关场所;餐饮相关,4.4,27.00
妈妈菜金牌锅烙(安发桥店),126.614743,45.755079,餐饮,安固街122号(近安发桥),餐饮服务;中餐厅;中餐厅,4.5,42.00
老仁义·非遗清真菜(红旗茂店),126.629075,45.605275,餐饮,新疆大街117号红旗·Mall购物中心哈尔滨店F3层,餐饮服务;餐饮相关场所;餐饮相关,4.3,53.00
东北第一锹(哈西万达店),126.588672,45.698696,餐饮,南兴街109号,体育休闲服务;体育休闲服务场所;体育休闲服务场所,4.6,83.00
老韩杀猪菜(八中店),126.968031,45.548187,餐饮,金城街八中生态园1号楼3门,餐饮服务;中餐厅;中餐厅,4.5,40.00
穆家沟永发杀猪菜,126.673831,45.674356,餐饮,穆家头道街33号(近立汇美罗湾),餐饮服务;中餐厅;中餐厅,4.6,63.00
133下饭菜(百盛广场店),126.616599,45.778848,餐饮,百盛购物中心负一层,餐饮服务;中餐厅;东北菜,4.2,26.00
老仁义·清真菜(杉杉奥特莱斯店),126.559091,45.876689,餐饮,利民大道555号杉杉奥特莱斯广场·哈尔滨3F层,餐饮服务;中餐厅;清真菜馆,4.3,60.00
老韩甸杀猪菜(融创贸宏源街店),126.510743,45.806928,餐饮,宏源街275号,餐饮服务;中餐厅;东北菜,4.6,72.00
三八东北杀猪菜(闽江路店),126.704707,45.746839,餐饮,闽江路95号,餐饮服务;中餐厅;中餐厅,4.5,46.00
宴福记融合菜(果园星城B区店),126.702610,45.727945,餐饮,延福街87号,餐饮服务;中餐厅;中餐厅,4.6,60.00
东北第一锹(幸福路旗舰店),126.651713,45.716881,餐饮,幸福路63号,餐饮服务;餐饮相关场所;餐饮相关,4.6,88.00
泰当铁锅杀猪菜饺子馆,126.639003,45.760735,餐饮,颐园街19号(哈尔滨站地铁站3号口步行320米),餐饮服务;中餐厅;特色/地方风味餐厅,4.4,36.00
咱家杀猪菜,126.616362,45.738760,餐饮,清明四道街50-2号,餐饮服务;中餐厅;中餐厅,4.4,43.00
乡里人淳朴家常菜饭店,126.590496,45.732497,餐饮,乡里街98号,餐饮服务;中餐厅;中餐厅,4.5,52.00
家旺饺子私房菜(双兴小区店),126.624029,45.719126,餐饮,延兴东路39号家旺饺子私房菜,餐饮服务;中餐厅;中餐厅,4.4,69.00
隆春杀猪菜(融创·锦园店),126.499525,45.811336,餐饮,世祥路151号,餐饮服务;中餐厅;中餐厅,4.4,68.00
哈府老菜馆(哈尔滨中央大街店),126.617898,45.776181,餐饮,上游街2号,餐饮服务;中餐厅;东北菜,4.4,60.00
西泉宴鱼家菜(爱建店),126.606346,45.768372,餐饮,爱建路2-2号,餐饮服务;中餐厅;中餐厅,4.5,60.00
添禧熏酱饺子家常菜,126.603471,45.762235,餐饮,爱建路12号,餐饮服务;中餐厅;中餐厅,4.5,54.00
秋林小馆·现炒东北菜(秋林店),126.645926,45.760614,餐饮,东大直街319号秋林公司中厅穹顶环廊二楼,餐饮服务;中餐厅;特色/地方风味餐厅,4.4,29.00
王家猪蹄拿手菜,126.646894,45.753834,餐饮,河沟街41号(南岗区交通街92单元101-102室),餐饮服务;餐饮相关场所;餐饮相关,4.3,43.00
探关东铁锅炖(宇光万和城店),126.642193,45.573313,餐饮,平房区开发区南城九路与南城第五大道东北侧局部地段S1-1-2层01号,餐饮服务;中餐厅;中餐厅,4.4,55.00
同合居·非遗东北菜(平房红旗茂),126.628838,45.605262,餐饮,新疆大街117号(红旗茂商业城B2区B1F层084号商铺),餐饮服务;中餐厅;特色/地方风味餐厅,4.5,50.00
何大厨东北特色杀猪菜,126.680660,45.700300,餐饮,松海路63号(劳动公园地铁站1号口步行340米),餐饮服务;餐饮相关场所;餐饮相关,4.5,50.00
哈基地铁锅炖东北菜,126.587090,45.746978,餐饮,河柏街179号,餐饮服务;中餐厅;中餐厅,4.5,80.00
老韩杀猪菜(二中店),126.975758,45.533548,餐饮,牌路大街186号,餐饮服务;中餐厅;中餐厅,4.4,64.00
张府记大桥饭店(铁锅炖东北菜索菲亚店),126.633749,45.772617,餐饮,南马路146号,餐饮服务;中餐厅;特色/地方风味餐厅|餐饮服务;中餐厅;火锅店,4.5,32.00
大当家杀猪菜,126.517071,45.810301,餐饮,祥安南大街1613号(世纪花园C区斜对面),餐饮服务;中餐厅;中餐厅,4.4,56.00
忆东北坛肉(工农大街店),126.564165,45.722154,餐饮,新城小区112栋6单元101,餐饮服务;中餐厅;东北菜,4.5,37.00
三胖杀猪菜,126.653740,45.712858,餐饮,幸福三道街8号文革小区3栋1单元1层1号,餐饮服务;中餐厅;东北菜,4.6,45.00
邢府菜,126.693793,45.741546,餐饮,红旗大街172号,餐饮服务;中餐厅;火锅店,4.4,47.00
双城杀猪菜,126.678690,45.733496,餐饮,司徒街89号(省医院地铁站1号口步行430米),餐饮服务;中餐厅;中餐厅,4.5,30.00
嘉宴饺子传统菜,126.549500,45.740695,餐饮,兴江路2298号,餐饮服务;中餐厅;特色/地方风味餐厅,4.4,56.00
肥肥胖子鹅私房菜(宣和街店),126.676933,45.750597,餐饮,宣和街43号,餐饮服务;中餐厅;中餐厅,4.5,80.00
胖姐农家院杀猪菜,126.546817,45.701897,餐饮,机场路98号,餐饮服务;中餐厅;中餐厅,4.4,49.00
老齐双城杀猪菜(通江胡同店),126.611508,45.776089,餐饮,通江胡同1-16号,餐饮服务;中餐厅;中餐厅,4.4,47.00
旺福独一处饺子东北菜馆,126.651098,45.717086,餐饮,幸福路79号,餐饮服务;中餐厅;特色/地方风味餐厅,4.5,53.00
食咣里传统菜馆(理工店),126.624564,45.713392,餐饮,学府三道街23号学府花园,餐饮服务;中餐厅;中餐厅,4.3,47.00
东北饺子馆(哈尔滨中央大街店),126.613541,45.774660,餐饮,通江街154-1号,餐饮服务;中餐厅;特色/地方风味餐厅,4.3,25.00
招财小馆(只做十八道菜),126.674258,45.745331,餐饮,南岗区开发区丽顺街23号,餐饮服务;中餐厅;中餐厅,4.4,68.00
老韩杀猪菜(宾县店),127.458588,45.750696,餐饮,宾糖路21号尚城时代一期,餐饮服务;中餐厅;中餐厅,4.4,39.00
聂家熏酱饺子家常菜(林机小区店),126.689210,45.702223,餐饮,进乡街73号-2号门,餐饮服务;中餐厅;中餐厅,4.5,54.00
华兴杀猪菜(中粮锦云世家店),126.330320,45.367686,餐饮,中粮锦云世家小区东门13A楼S05-S07号,餐饮服务;餐饮相关场所;餐饮相关,4.5,70.00
西泉宴鱼家菜(三姓小区店),126.657174,45.766455,餐饮,花园街167号,餐饮服务;中餐厅;中餐厅,4.5,47.00
兄弟私家菜(松北商大店),126.559761,45.821133,餐饮,军安小区42栋学海街1929号,餐饮服务;中餐厅;中餐厅,4.3,48.00
老独一处熏酱砂锅菜,126.592077,45.740142,餐饮,顾乡大街与康安二道街交叉口西60米,餐饮服务;中餐厅;中餐厅,4.5,46.00
久香东北老菜馆(通江街店),126.613076,45.775406,餐饮,通江街174号,餐饮服务;中餐厅;东北菜,4.5,50.00
成高子杀猪菜(延福街店),126.702152,45.727534,餐饮,延福街84号,餐饮服务;中餐厅;中餐厅,4.5,43.00
63号私家菜馆正宗杀猪菜,126.649510,45.737597,餐饮,文景街63-11号,餐饮服务;中餐厅;中餐厅,4.5,42.00
独一处饺子熏酱东北菜(六顺街店),126.682224,45.736345,餐饮,六顺街49号独一处水饺熏酱家常菜,餐饮服务;中餐厅;特色/地方风味餐厅,4.3,43.00
东子名厨私房菜,128.617512,44.930403,餐饮,亚布力镇美食街站前4号楼3单元,餐饮服务;中餐厅;中餐厅,4.2,43.00
717东北菜,126.616186,45.752941,餐饮,安心街160号,餐饮服务;餐饮相关场所;餐饮相关,4.4,30.00
名厨三八饭店,126.554797,45.676656,餐饮,王岗镇金海城小区,餐饮服务;中餐厅;中餐厅,4.3,50.00
哈尔滨老菜馆(一匡街店),126.631341,45.737695,餐饮,一匡街13号,餐饮服务;中餐厅;中餐厅,4.5,46.00
馨东北老菜馆,126.628502,45.776512,餐饮,买卖街235号,餐饮服务;中餐厅;中餐厅,4.2,39.00
乡村名流农家菜(果园街店),126.705101,45.723543,餐饮,果园街16-1号,餐饮服务;中餐厅;中餐厅,4.4,44.00
儒加压锅熏酱家常菜,126.617762,45.768006,餐饮,经纬四道街1-1,餐饮服务;中餐厅;中餐厅,4.1,49.00
饭先生小盘菜,126.622417,45.715398,餐饮,科文街44号,餐饮服务;中餐厅;东北菜,4.1,19.00
老双城韩福杀猪菜(苗圃小区C区店),126.629092,45.733981,餐饮,五瑞街41号,餐饮服务;中餐厅;特色/地方风味餐厅,4.5,55.00
于二小猪肉馆·东北杀猪菜,126.576897,45.817140,餐饮,中原大道龙江第一村102-2,餐饮服务;中餐厅;东北菜,4.4,62.00
郝氏正宗杀猪菜,126.418246,45.647968,餐饮,老机场路13公里向东村小赵家,餐饮服务;中餐厅;中餐厅,4.3,54.00
大东北小份菜自助盒饭(道外店),126.683402,45.788205,餐饮,太平大街130号,餐饮服务;中餐厅;中餐厅,4.1,14.00
成高子杀猪菜总店(江南中环路店),126.850963,45.698262,餐饮,哈成路与江南中环路交叉口东60米,餐饮服务;中餐厅;中餐厅,4.4,47.00
百乐杀猪菜(八中生态小区店),126.967325,45.548225,餐饮,上京大道160号八中生态小区2号楼(检察院斜对面),餐饮服务;中餐厅;中餐厅,4.4,39.00
老韩家杀猪菜(平房第一店),126.649030,45.605613,餐饮,东海路88号,餐饮服务;中餐厅;中餐厅,4.3,44.00
龙福楼东北菜(大发市场店),126.603881,45.736853,餐饮,康安路16-8号,餐饮服务;中餐厅;东北菜,4.4,50.00
老韩杀猪菜(五中店),126.965644,45.533605,餐饮,达仁悦城东北门东南70米,餐饮服务;餐饮相关场所;餐饮相关,4.3,65.00
东北老菜馆(通江街店),126.614043,45.773765,餐饮,通江街132号(友谊宫地铁站1号口步行460米),餐饮服务;中餐厅;东北菜,4.1,48.00
榆林佬家春饼家常菜,126.616905,45.759529,餐饮,安升街17号,餐饮服务;中餐厅;中餐厅,4.4,40.00
胜利杀猪菜,126.470105,45.661221,餐饮,机场路薛家胜利杀猪菜,餐饮服务;中餐厅;中餐厅,4.3,56.00
鸿运双城杀猪菜(恒源街店),126.497627,45.810043,餐饮,恒源街1019号,餐饮服务;中餐厅;中餐厅,4.3,43.00
心港湾铁锅炖农家菜(教师公寓店),126.527980,45.873811,餐饮,教师公寓东1门北60米,餐饮服务;中餐厅;中餐厅,4.0,50.00
永光杀猪菜(鸿泰小区店),126.651985,45.788916,餐饮,北14道街3号(清真寺地铁站3号口步行100米),餐饮服务;中餐厅;中餐厅,4.4,42.00
金盛胖子杀猪菜,126.545520,45.700930,餐饮,老机场路150号,餐饮服务;中餐厅;中餐厅,4.3,57.00
宏膳坊老街砂锅家常菜,126.614964,45.750428,餐饮,民安街39号,餐饮服务;中餐厅;中餐厅,4.0,38.00
老道外杀猪菜骨头馆,126.534436,45.724692,餐饮,朗江路647号,餐饮服务;中餐厅;中餐厅,4.1,34.00
悦诚东北老菜馆(悦城店),126.588237,45.707613,餐饮,和谐大道210悦城,餐饮服务;中餐厅;东北菜,4.4,30.00
家味饺子家常菜(长安城南区店),126.706212,45.773872,餐饮,南直路357-8号,餐饮服务;中餐厅;特色/地方风味餐厅,4.1,44.00
韩家杀猪菜,126.847622,45.698470,餐饮,成高子镇哈成路59号,餐饮服务;中餐厅;中餐厅,4.2,64.00
西集杀猪菜,127.147006,46.140363,餐饮,武丰畜牧养殖有限公司东北侧290米,餐饮服务;中餐厅;中餐厅,4.2,64.00
小江鱼双城杀猪菜,126.705954,45.787106,餐饮,南棵二道街137号,餐饮服务;中餐厅;中餐厅,4.2,30.00
饮厨杀猪菜,126.312624,45.380557,餐饮,双腾达大街名城华都小区B栋,餐饮服务;中餐厅;中餐厅,4.3,43.00
大东北小份菜(玫瑰湾西区店),126.559020,45.724512,餐饮,群力第七大道1795号,餐饮服务;快餐厅;快餐厅,4.2,27.00
乡宴双城杀猪菜,126.585275,45.738932,餐饮,新亭街29号,餐饮服务;中餐厅;中餐厅,4.4,55.00
博宁牛骨头小盘菜(前进家园店),126.542821,45.811982,餐饮,-世博路187号,餐饮服务;中餐厅;中餐厅,4.3,148.00
福家东北菜,126.620038,45.780806,餐饮,尚志小区西北门旁,餐饮服务;中餐厅;中餐厅,4.2,41.00
悠小鲜家常菜(欧美亚世界阳光店),126.520953,45.825916,餐饮,龙轩路1951号欧美亚小区东门,餐饮服务;中餐厅;中餐厅,4.4,45.00
双城杀猪菜(鞍山街店),126.652511,45.763158,餐饮,鞍山街38号(医大一院地铁站3号口步行220米),餐饮服务;中餐厅;中餐厅,4.1,36.00
福禄鑫乡村杀猪菜农家小院(吉城家园店),126.964670,45.546135,餐饮,吉成家园3号楼门市,餐饮服务;中餐厅;中餐厅,4.2,54.00
白毛井杀猪菜,126.633131,45.703273,餐饮,征仪路318号(征仪路地铁站1号口步行360米),餐饮服务;中餐厅;特色/地方风味餐厅,4.1,54.00
东北地方菜馆(哈尔滨中央大街店),126.621388,45.767281,餐饮,经纬街99号(尚志大街地铁站3号口步行340米),餐饮服务;中餐厅;东北菜,4.0,44.00
郎府私房菜,126.493343,45.815302,餐饮,中源大道14465号,餐饮服务;中餐厅;中餐厅,4.2,40.00
独一无二特色大盘菜(红霞街),126.609659,45.772106,餐饮,红霞街副117-2号,餐饮服务;中餐厅;中餐厅,3.9,39.00
清真小盘菜(清河湾小区D区店),126.592466,45.729430,餐饮,顾新路369号,餐饮服务;中餐厅;清真菜馆,4.4,57.00
大东北小份菜(道里店),126.611396,45.761015,餐饮,安国街146号,餐饮服务;中餐厅;东北菜,4.2,25.00
馨东北老菜馆(平公街店),126.671457,45.757230,餐饮,平公街17-2号,餐饮服务;中餐厅;东北菜,4.1,25.00
云宝大东北小份菜(南岗店),126.646049,45.757320,餐饮,建设大院西南门旁(博物馆地铁站3A口步行250米),餐饮服务;中餐厅;中餐厅,4.0,13.00
金耕烤鸭东北菜金紫邑店,126.982390,45.543861,餐饮,金紫邑小区附房6号,餐饮服务;中餐厅;中餐厅,4.4,59.00
妈妈家常菜酱骨饺子馆(机务小区店),126.638630,45.760921,餐饮,颐园街31号(哈尔滨站地铁站3号口步行300米),餐饮服务;中餐厅;特色/地方风味餐厅,4.0,28.00
四季东北家常菜(温泉谷店),128.507856,44.761164,餐饮,青云路与西二街交叉口东北120米,餐饮服务;中餐厅;东北菜,4.4,79.00
李家杀猪菜(龙江小区店),126.718171,45.795383,餐饮,新一头道街龙江小区19号楼3单元103室,餐饮服务;餐饮相关场所;餐饮相关,3.9,49.00
希勤杀猪菜,126.305514,45.384384,餐饮,腾达大街地税家属楼31号,餐饮服务;中餐厅;中餐厅,4.1,30.00
春饼锅烙私家菜(百年新城西区店),126.656316,45.790525,餐饮,北十七道街24号(清真寺地铁站3号口步行430米),餐饮服务;餐饮相关场所;餐饮相关,4.1,42.00
老道外(李记)小菜馆手擀面东北菜杀猪菜,126.622333,45.768949,餐饮,西十四道街20号,餐饮服务;中餐厅;中餐厅,4.0,40.00
小两口家常菜(南十九道街店),126.662195,45.788298,餐饮,南十八道街153号滨江凤凰城南区,餐饮服务;中餐厅;中餐厅,4.4,51.00
老上海小笼灌汤包私家菜(珠江路店),126.694151,45.736599,餐饮,红旗大街珠江路055号5单元1层1号,餐饮服务;中餐厅;东北菜,4.0,16.00
李府私家菜(东直路店),126.697430,45.790704,餐饮,东直路454号,餐饮服务;中餐厅;中餐厅,4.0,45.00
小鱼馆家常菜(道外店),126.650446,45.788628,餐饮,道地灵街副16号(清真寺地铁站2号口步行170米),餐饮服务;中餐厅;东北菜,3.9,70.00
老韩杀猪菜(延寿店),128.326244,45.454109,餐饮,延寿镇爱建家园19号楼十一门市,餐饮服务;中餐厅;特色/地方风味餐厅,4.1,55.00
老掌柜杀猪菜,126.631439,45.601569,餐饮,友协街道建文街63号,餐饮服务;中餐厅;中餐厅,4.1,31.00
八大碗锅烙小盘菜(仁寿胡同店),126.973872,45.535776,餐饮,牌路大街仁寿胡同47号,餐饮服务;中餐厅;中餐厅,3.9,31.00
老汤酱骨满族菜(王兆小区店),126.648845,45.730279,餐饮,文政街54号王兆小区,餐饮服务;中餐厅;中餐厅,3.9,34.00
鸡西刀削面农家菜(哈站店),126.634097,45.758507,餐饮,海关街154号,餐饮服务;中餐厅;中餐厅,4.0,20.00
大东北小份菜(和兴路店),126.611877,45.729647,餐饮,和兴三道街178号,餐饮服务;中餐厅;中餐厅,4.1,15.00
妈妈菜小花卷草帽饼(滨港水岸店),126.679743,45.797482,餐饮,迎新街142-144号附近,餐饮服务;中餐厅;中餐厅,3.9,50.00
婷小妹东北大饭包,126.655275,45.765325,餐饮,辽阳街15-7号(烟厂地铁站1号口步行400米),餐饮服务;中餐厅;东北菜,4.1,11.00
禄福鑫乡村杀猪菜五常(第32分店),127.151694,44.925536,餐饮,五常镇体育路泓霖西区一号楼,餐饮服务;中餐厅;中餐厅,4.2,49.00
毛毛小盘菜,126.644283,45.774726,餐饮,南平街附48-2号,餐饮服务;中餐厅;中餐厅,4.0,19.00
家常菜馆(公司街店),126.632820,45.757923,餐饮,公司街161号(哈尔滨站地铁站3号口步行490米),餐饮服务;中餐厅;特色/地方风味餐厅|餐饮服务;中餐厅;东北菜,3.8,40.00
金牌小厨下饭菜,126.623975,45.715812,餐饮,科文街19号,餐饮服务;中餐厅;中餐厅,3.9,39.00
喜迎家常菜(哈尔滨中央大街店),126.617217,45.776011,餐饮,上游街副26号,餐饮服务;中餐厅;中餐厅,4.1,69.00
大东北小份菜(哈西店),126.598559,45.703766,餐饮,尤家街305号大东北扒肉馆,餐饮服务;餐饮相关场所;餐饮相关,3.7,51.00
王记私房菜(鑫泉·金岗湾店),126.551331,45.672337,餐饮,哈双路305-9号物资库改造(金岗湾小区)9栋1-2层04号商服,餐饮服务;中餐厅;东北菜,4.1,[]
迎客仙杀猪菜,126.751518,45.735922,餐饮,幸福镇汲家店村老集资楼,餐饮服务;中餐厅;中餐厅,4.0,59.00
新农村杀猪菜,127.164996,45.759198,餐饮,宾西镇兴滨路荣兴新城A-13门市,餐饮服务;中餐厅;中餐厅,3.8,37.00
双城胜丰杀猪菜,126.520840,45.715321,餐饮,崂山路218号双城胜丰杀猪菜,餐饮服务;餐饮相关场所;餐饮相关,4.1,48.00
哈尔滨市松北区盛鼎坊私房菜,126.551677,45.873339,餐饮,泓林金色地标2栋1-2层2号商服,餐饮服务;中餐厅;中餐厅,3.9,40.00
海拉尔炭火锅(哈尔滨中央大街店),126.620309,45.780161,餐饮,中央大街1号哈尔滨中央大街,餐饮服务;中餐厅;火锅店,4.3,89.00
萍姐火锅(哈尔滨总店),126.587572,45.696104,餐饮,西宁南路81号,餐饮服务;中餐厅;火锅店,4.7,87.00
宏鸣火锅(哈尔滨总店),126.654061,45.769603,餐饮,一曼街116号(烟厂地铁站1号口步行230米),餐饮服务;中餐厅;火锅店,4.5,58.00
哈尔滨市道里区福成庆小黑牛火锅店,126.603606,45.763611,餐饮,爱建路12-13号,餐饮服务;中餐厅;火锅店,4.7,73.00
熊喵来了火锅(哈尔滨学府凯德店),126.609318,45.721104,餐饮,学府路1-1号凯德广场F5层,餐饮服务;中餐厅;火锅店,4.6,78.00
壹家海派老火锅(哈尔滨西城红场店),126.593777,45.704694,餐饮,哈西大街299号,餐饮服务;中餐厅;火锅店,4.7,123.00
五里关火锅(哈尔滨店),126.584746,45.697187,餐饮,哈尔宾哈尔滨大街、南兴街、西宁南路、中兴左街围合区域北侧2栋1-2层02号,餐饮服务;中餐厅;火锅店,4.6,69.00
熊喵来了火锅(哈尔滨太平桥百盛店),126.677465,45.784305,餐饮,太平桥百盛购物中心B1哈尔信超市旁AS-B1-012AS-013号,餐饮服务;中餐厅;火锅店,4.5,80.00
小洞天熊猫羊火锅(哈尔滨旗舰店),126.696471,45.747065,餐饮,红旗大街299号,餐饮服务;餐饮相关场所;餐饮相关,4.6,60.00
熊喵来了火锅(哈尔滨西城红场店),126.592759,45.702893,餐饮,哈西大街299号西城红场生活港F5层,餐饮服务;中餐厅;火锅店,4.6,61.00
哈尔滨市道里区转么么自助小火锅,126.616599,45.778848,餐饮,百盛商场富一层,餐饮服务;中餐厅;火锅店,4.6,52.00
熊喵来了火锅(哈尔滨王府井店),126.566175,45.732817,餐饮,王府井购物中心景江东路899号4楼,餐饮服务;中餐厅;火锅店,4.4,64.00
成科北虾滑自助老火锅(哈尔滨店),126.663649,45.767714,餐饮,宽桥街97号,餐饮服务;中餐厅;火锅店,4.6,64.00
海底捞火锅(红博中央公园店),126.700452,45.756722,餐饮,黄河路红博中央公园1F,餐饮服务;中餐厅;火锅店,4.8,116.00
桥根火锅(总店),126.579885,45.743557,餐饮,松发街与康安路辅路交叉口北80米,餐饮服务;中餐厅;火锅店,4.8,74.00
老康火锅(黄河路总店),126.713324,45.757044,餐饮,黄河路信恒现代城馨园B栋,餐饮服务;中餐厅;火锅店,4.7,80.00
老牌坊云南鱼豆花火锅(红旗大街店),126.696862,45.748661,餐饮,红旗大街333号,餐饮服务;中餐厅;火锅店,4.7,94.00
皇城老妈火锅(群力店),126.563322,45.731357,餐饮,景江西路868号1-1层(群力第六大道与交汇口),餐饮服务;中餐厅;火锅店,4.7,78.00
揽香老火锅,126.685930,45.750906,餐饮,玉山路13号,餐饮服务;中餐厅;火锅店,4.7,98.00
桥根火锅(中央大街店),126.614044,45.772238,餐饮,红专街111号(中央大街地铁站1号口步行470米),餐饮服务;中餐厅;火锅店,4.8,70.00
老康火锅(群力旗舰店),126.543753,45.732189,餐饮,丽江路2722号,餐饮服务;中餐厅;火锅店,4.7,99.00
火锅泰斗,126.530332,45.811052,餐饮,利源街268号,餐饮服务;中餐厅;火锅店,4.7,88.00
萍姐火锅(中央大街店),126.619654,45.770331,餐饮,中央大街58号6层(中央大街地铁站1号口步行340米),餐饮服务;中餐厅;火锅店,4.7,90.00
左记清真炭火锅(安宁街店),126.616749,45.763361,餐饮,安宁街83号,餐饮服务;中餐厅;火锅店,4.7,78.00
海底捞火锅(松雷店),126.642831,45.758845,餐饮,东大直街329号松雷商业8层,餐饮服务;中餐厅;火锅店,4.8,107.00
桥根火锅(哈西宜家店),126.597199,45.696781,餐饮,哈西大街516-15号(哈西大街地铁站1号口左侧后方100米处)香缇雅诺二期后街,餐饮服务;中餐厅;火锅店,4.8,79.00
天顺源火锅(爱建店),126.605148,45.760255,餐饮,爱建新城上海街104号,餐饮服务;中餐厅;综合酒楼|餐饮服务;中餐厅;火锅店,4.7,96.00
七公火锅鸡(中央大街店),126.615391,45.772640,餐饮,欧柏林大厦南门旁,生活服务;生活服务场所;生活服务场所,4.7,40.00
壹家海派老火锅(友谊路店),126.595557,45.763217,餐饮,友谊路500号(上海街地铁站2号口步行350米),餐饮服务;中餐厅;火锅店,4.7,129.00
海底捞火锅(西城红场店),126.593830,45.702694,餐饮,哈西大街和中兴大道交汇处西城红场5楼5010号商铺,餐饮服务;中餐厅;火锅店,4.8,122.00
桥根火锅(哈西店),126.594069,45.715418,餐饮,清华大街262号,餐饮服务;中餐厅;火锅店,4.8,77.00
大洋火锅,126.587428,45.698340,餐饮,南兴街137号,餐饮服务;中餐厅;火锅店,4.7,73.00
欢乐时光火锅,126.666738,45.753468,餐饮,宣化街136号,餐饮服务;中餐厅;火锅店,4.7,59.00
德龙火锅(安国街店),126.611038,45.760333,餐饮,安国街154号,餐饮服务;中餐厅;火锅店,4.7,47.00
海底捞火锅(凯德广场店),126.608048,45.720752,餐饮,学府路1-1号凯德广场学府04层32-35号,餐饮服务;中餐厅;火锅店,4.8,89.00
桥根火锅(通达街店),126.619195,45.739608,餐饮,清明六道街36号(西大桥地铁站1B口步行160米),餐饮服务;餐饮相关场所;餐饮相关,4.8,71.00
大吉利潮汕牛肉火锅(王府井店),126.566077,45.733529,餐饮,群力第五大道1159号王府井购物中心四楼,餐饮服务;中餐厅;火锅店,4.7,82.00
五斗火锅(和平路店),126.658889,45.736551,餐饮,和平路56-2号,餐饮服务;中餐厅;火锅店,4.7,80.00
首府壹号肥牛海鲜火锅,126.549587,45.743334,餐饮,兴江路2535号1-3层(汇龙外滩首府),生活服务;生活服务场所;生活服务场所,4.6,80.00
德龙火锅(文昌街店),126.655870,45.744684,餐饮,文昌街139-1号,餐饮服务;中餐厅;火锅店,4.7,47.00
海底捞火锅(万象汇店),126.536766,45.809454,餐饮,世贸大道555号华润万象汇L3层L319号商铺,餐饮服务;中餐厅;火锅店,4.7,105.00
桥根火锅(健康路店),126.656213,45.711579,餐饮,健康路52-1号,餐饮服务;中餐厅;火锅店,4.8,68.00
乾橙自助火锅,126.608948,45.721066,餐饮,学府路1-1号凯德广场·学府5F层,餐饮服务;中餐厅;火锅店,4.6,87.00
大龙燚成都清油火锅(中央大街店),126.617133,45.773934,餐饮,红霞街24号,餐饮服务;中餐厅;火锅店,4.7,84.00
德龙火锅(安康街店),126.611829,45.767623,餐饮,安康街1号(中央大街地铁站3号口步行310米),餐饮服务;中餐厅;火锅店,4.6,47.00
海底捞火锅(群力银泰城店),126.540389,45.735745,餐饮,群力大道2399号银泰城购物中心4楼4019号商铺,餐饮服务;中餐厅;火锅店,4.7,87.00
桥根火锅(会展中心店),126.695932,45.764746,餐饮,辽河路80号(距市二院地铁3号口380米),餐饮服务;中餐厅;火锅店,4.8,70.00
黔小二贵州酸汤火锅(农大店),126.726847,45.734677,餐饮,城东新居A4栋3号门市,餐饮服务;中餐厅;火锅店,4.6,38.00
新柏乐火锅(中源大道),126.568280,45.814507,餐饮,中源大道新柏乐火锅,餐饮服务;中餐厅;火锅店,4.6,112.00
德龙火锅(黄河路店),126.691431,45.755241,餐饮,黄河路副77-1号,餐饮服务;中餐厅;火锅店,4.6,47.00
桥根火锅(开发区店),126.697421,45.744252,餐饮,汉水路128号正西方向30米科技公寓北区,餐饮服务;中餐厅;火锅店,4.8,69.00
蜀宴重庆老火锅(河柏街店),126.586851,45.746938,餐饮,河栢街181号,餐饮服务;中餐厅;火锅店,4.6,43.00
德龙火锅(通达街店),126.625525,45.735904,餐饮,通达街29号,餐饮服务;中餐厅;火锅店,4.6,47.00
黔火火贵州酸菜火锅,126.587084,45.695936,餐饮,金爵万象1期2号楼11号门市,餐饮服务;中餐厅;火锅店,4.7,73.00
冯校长老火锅(金中环店),126.564218,45.737233,餐饮,景江东路1369-11号1-2层,餐饮服务;中餐厅;火锅店,4.6,81.00
老北京炭火锅(河松街店),126.579761,45.748654,餐饮,河松街209号,餐饮服务;中餐厅;火锅店,4.6,50.00
哈牛潮汕牛肉火锅(哈西店),126.586482,45.695798,餐饮,哈尔滨大街642号,餐饮服务;中餐厅;火锅店,4.6,111.00
德龙火锅(松源街店),126.594455,45.745161,餐饮,松源街53号,餐饮服务;中餐厅;火锅店,4.5,47.00
桥根火锅(学院路志华店),126.547581,45.873857,餐饮,学院路泓林金色地标10栋14号,餐饮服务;中餐厅;火锅店,4.7,75.00
承承重庆老火锅(松北店),126.557875,45.810225,餐饮,学海西街734号华润中海江城小区S5栋17号,餐饮服务;中餐厅;火锅店,4.6,94.00
漫步江南火锅(安埠店),126.700946,45.729274,餐饮,安埠街167号安埠街通天街交口,餐饮服务;中餐厅;火锅店,4.6,66.00
大道火锅(河柏小区店),126.578561,45.742687,餐饮,河山街138号河柏小区,餐饮服务;中餐厅;火锅店,4.6,99.00
德龙火锅(淮河路店),126.706616,45.763282,餐饮,淮河路6号,餐饮服务;中餐厅;火锅店,4.6,47.00
赵九记火锅(中央大街索菲亚店),126.623372,45.769492,餐饮,尚志大街114号,餐饮服务;餐饮相关场所;餐饮相关,4.6,79.00
桥根火锅(宝宇中华巴洛克店),126.633100,45.779590,餐饮,新马路140号(北马路地铁站3号口步行110米),餐饮服务;中餐厅;火锅店,4.8,64.00
三块九重庆市井火锅,126.592842,45.713552,餐饮,哈尔滨市哈西大街23号,餐饮服务;中餐厅;火锅店,4.6,54.00
老康火锅(哈西店),126.593989,45.713327,餐饮,哈西大街与货场头道街(哈西头道街)交口-尚熙雅轩5号门市,餐饮服务;中餐厅;火锅店,4.6,102.00
德龙火锅(安和店),126.612291,45.755653,餐饮,新阳路243号,餐饮服务;中餐厅;火锅店,4.6,47.00
八旗巷火锅店,126.642866,45.781911,餐饮,南三道街与南勋街交叉口西北120米,餐饮服务;中餐厅;火锅店,4.6,37.00
桥根火锅(融创店),126.500515,45.812579,餐饮,融创锦园1期B4栋10号商服,餐饮服务;中餐厅;火锅店,4.8,78.00
张大叔成都市井火锅(红专街店),126.615984,45.772812,餐饮,红专街75号(中央大街地铁站1号口步行490米),餐饮服务;中餐厅;火锅店,4.5,58.00
德龙火锅(共乐店),126.602571,45.751069,餐饮,共乐西头道街5号,餐饮服务;中餐厅;火锅店,4.5,47.00
巷木子成都火锅(翰林辰霞店),126.530476,45.873549,餐饮,学院路柏林路翰林辰霞B栋商服,餐饮服务;中餐厅;火锅店,4.5,50.00
桥根火锅(群力店),126.557854,45.717334,餐饮,四方台大道172号,餐饮服务;中餐厅;火锅店,4.8,76.00
锅瘾重庆老火锅,126.516836,45.806206,餐饮,世纪花园A区41号楼4号商服世贸大道181号,餐饮服务;中餐厅;火锅店,4.6,83.00
哈嘉强老北方铜火锅(中央大街店),126.613351,45.774919,餐饮,通江街160号(友谊宫地铁站1号口步行320米),餐饮服务;中餐厅;中餐厅,4.6,65.00
德龙火锅(幸福路店),126.654834,45.715471,餐饮,幸福路46号,餐饮服务;中餐厅;火锅店,4.6,47.00
渝井巷重庆老火锅(清华大街店),126.604541,45.716528,餐饮,清华大街86号院内,餐饮服务;中餐厅;火锅店,4.6,103.00
桥根火锅(农大店),126.726620,45.731751,餐饮,团结街5-1号,餐饮服务;中餐厅;火锅店,4.7,76.00
黔火火贵州酸汤火锅(香坊乐松店),126.650429,45.718307,餐饮,哈安街33号,餐饮服务;中餐厅;火锅店,4.6,54.00
九门重庆老火锅(河沟街店),126.650550,45.756110,餐饮,河沟街25号9门,餐饮服务;中餐厅;火锅店,4.6,113.00
老康火锅(宜家店),126.598345,45.689576,餐饮,哈西大街与同济街交角地段第AS1栋10号,餐饮服务;中餐厅;火锅店,4.5,80.00
德龙火锅(宣庆店),126.674972,45.757126,餐饮,宣庆街59号,餐饮服务;中餐厅;火锅店,4.6,47.00
辰宝牛骨火锅人和街店,126.655862,45.755281,餐饮,人和街120号,餐饮服务;中餐厅;火锅店,4.5,59.00
桥根火锅(草市街店),126.649775,45.778502,餐饮,阳光路6号,餐饮服务;中餐厅;火锅店,4.8,56.00
云间悦番茄肥牛火锅(三合路店),126.660292,45.704581,餐饮,三合路307-309号,餐饮服务;中餐厅;火锅店,4.6,57.00
农大超越火锅鸡(哈西万达店),126.586162,45.699643,餐饮,兴达路129号D2栋X单元1-2层D2-31号农大超越火锅鸡,餐饮服务;中餐厅;火锅店,4.6,36.00
老康火锅(桥南街店),126.624010,45.740689,餐饮,西大直街与桥南街交口桥南街44号负一层,餐饮服务;中餐厅;火锅店,4.5,101.00
德龙火锅(花园街店),126.657273,45.766508,餐饮,花园街173号1-2层,餐饮服务;中餐厅;中餐厅,4.5,47.00
李茂源老北京炭火锅(松海路店),126.682896,45.699193,餐饮,松海路14号,餐饮服务;中餐厅;火锅店,4.5,57.00
桥根火锅(宏图店),126.706119,45.782404,餐饮,宏图街69号商户,餐饮服务;中餐厅;火锅店,4.7,61.00
铜帮煮炭火锅汆锅底(总店),126.698441,45.761720,餐饮,淮河路258号红旗住宅新区34栋,餐饮服务;餐饮相关场所;餐饮相关,4.5,63.00
小素米火锅,126.566814,45.732302,餐饮,观复国际内街628-45号,餐饮服务;中餐厅;火锅店,4.5,82.00
桥根火锅(鲁商店),126.632511,45.685365,餐饮,保健路街道健平路119号,餐饮服务;中餐厅;火锅店,4.7,71.00
德龙火锅(河梁街),126.595281,45.756744,餐饮,河梁街22号(公路大桥地铁站3号口步行120米),餐饮服务;中餐厅;火锅店,4.5,47.00
桥根火锅(民生路店),126.653648,45.738266,餐饮,民生路309-5号负一层,餐饮服务;中餐厅;火锅店,4.7,70.00
桥根火锅(松北商大店),126.558741,45.816893,餐饮,前进路8号银河小区,餐饮服务;中餐厅;火锅店,4.5,59.00
桥根火锅(学院路熹街店),126.514840,45.875795,餐饮,学院路滨才熹街F座110号,餐饮服务;中餐厅;火锅店,4.7,70.00
桥根火锅(民生尚都店),126.513238,45.721135,餐饮,群力西区民生尚都A21栋3号,餐饮服务;中餐厅;火锅店,4.7,70.00
黔火火夺夺粉火锅(学院路店),126.549752,45.871888,餐饮,志华商城3栋3号商服2层,餐饮服务;餐饮相关场所;餐饮相关,4.6,63.00
您作煮火锅(香坊大街店),126.685862,45.724456,餐饮,香坊大街80号(珑瑞小区北侧底商),餐饮服务;中餐厅;火锅店,4.5,70.00
成洪记老火锅,126.688715,45.756374,餐饮,嵩山路99-11号,餐饮服务;中餐厅;火锅店,4.6,74.00
桥根火锅(龙源小区店),126.971445,45.544095,餐饮,华龙路88号龙源小区,餐饮服务;中餐厅;火锅店,4.3,57.00
渝夫人重庆老火锅(上和·园著店),126.575813,45.730236,餐饮,金江路25号1层,餐饮服务;中餐厅;火锅店,4.5,87.00
20号碳火锅(哈药路店),126.605703,45.750990,餐饮,哈药路134号,餐饮服务;中餐厅;火锅店,4.7,67.00
名城火锅,126.650735,45.716785,餐饮,幸福路118号,餐饮服务;中餐厅;火锅店,4.6,84.00
渝井巷重庆老火锅(群力店),126.530448,45.718409,餐饮,群力会议培训中心东北门西100米,餐饮服务;中餐厅;火锅店,4.5,123.00
百年炭香火锅(革新街店),126.658069,45.750781,餐饮,革新街120号,餐饮服务;中餐厅;火锅店,4.6,91.00
绿园火锅(进乡街店),126.692588,45.698052,餐饮,进乡街118号,餐饮服务;中餐厅;火锅店,4.6,56.00
老私房涮肚火锅(闽江路直营),126.698284,45.747779,餐饮,闽江路187号(会展中心地铁站4号口步行340米),餐饮服务;中餐厅;火锅店,4.5,82.00
李茂源羊蝎子火锅(汉广街店),126.626113,45.736425,餐饮,汉广街50号,餐饮服务;中餐厅;火锅店,4.5,64.00
李茂源羊蝎子火锅直营(哈西店),126.586660,45.695362,餐饮,哈尔滨大街654号,餐饮服务;中餐厅;火锅店,4.5,58.00
三乐四川火锅,126.615510,45.769007,餐饮,经纬街194号(中央大街地铁站3号口步行130米),餐饮服务;中餐厅;四川菜(川菜)|餐饮服务;中餐厅;火锅店,4.5,83.00
川井巷重庆老火锅(通达街店),126.624612,45.736266,餐饮,通达街45-3号(汉广街交口),餐饮服务;餐饮相关场所;餐饮相关,4.5,82.00
黔火火贵州酸汤火锅(桥东街店),126.625625,45.740575,餐饮,贵新街136号西桥住宅小区,餐饮服务;中餐厅;火锅店,4.2,55.00
小红渝老火锅,126.651464,45.716844,餐饮,幸福路73号,餐饮服务;中餐厅;火锅店,4.6,88.00
老灶火锅(翰林辰霞店),126.530029,45.873557,餐饮,利民开发区学院路翰林晨霞博雅园B栋2号,餐饮服务;中餐厅;中餐厅,4.3,47.00
赵九记火锅(群力体育公园店),126.549107,45.738050,餐饮,群力大道1888号(体育公园地铁站2号口旁),餐饮服务;中餐厅;火锅店,4.5,88.00
渝井巷重庆老火锅(珠江路店),126.686855,45.736659,餐饮,三辅三道街70号门洞进来院内,餐饮服务;中餐厅;火锅店,4.6,121.00
桥根火锅(南京路店),126.578503,45.895440,餐饮,利民开发区北京路名流新城14栋2号商服,餐饮服务;中餐厅;火锅店,4.5,60.00
桥根火锅(哈东万达店),126.762159,45.717725,餐饮,永盛路65号,餐饮服务;中餐厅;火锅店,4.4,71.00
开火火锅(太古店),126.649761,45.781204,餐饮,太古街388号,餐饮服务;中餐厅;火锅店,4.4,48.00
桥根火锅(双城店),126.317964,45.371826,餐饮,奥运新城1栋6号,餐饮服务;中餐厅;火锅店,4.6,67.00
涮涮演绎自助小火锅(哈尔滨学府四直营店),126.622754,45.704841,餐饮,学府东四道街92号涮涮演绎自助火锅,餐饮服务;餐饮相关场所;餐饮相关,4.5,22.00
国府肥牛火锅(影剧院店),126.981505,45.541041,餐饮,通城街十二委十一组,餐饮服务;中餐厅;火锅店,4.3,74.00
小红馆老火锅(工程店),126.692526,45.774165,餐饮,红平小区22号楼院内1号门市房丫丫洗衣店斜对面,餐饮服务;中餐厅;火锅店,4.6,45.00
小红馆老火锅(黑科技大学店),126.657934,45.820986,餐饮,浦源路馨园小区9号楼1号商服,餐饮服务;中餐厅;火锅店,4.3,45.00
草舍魏火锅店,126.530408,45.810496,餐饮,利源街188号,餐饮服务;中餐厅;火锅店,4.5,77.00
广汕楼潮汕海鲜粥底火锅,126.674530,45.763432,餐饮,马端街108号龙福家园,餐饮服务;中餐厅;火锅店,4.5,79.00
云鼎肥牛火锅(友谊家园店),126.626653,45.604220,餐饮,新疆大街副139号云鼎肥牛火锅店,生活服务;生活服务场所;生活服务场所,4.5,83.00
旺庄重庆老火锅(江北万达店),126.499624,45.811367,餐饮,世祥路127号,餐饮服务;中餐厅;火锅店,4.4,78.00
辣莊重庆老火锅(哈西万达广场店),126.587107,45.699909,餐饮,中兴大道168号万达广场(哈尔滨哈西店)3F层3029/3030A,餐饮服务;中餐厅;火锅店,4.4,77.00
蚝探长佛跳墙火锅(群力店),126.576896,45.734530,餐饮,上江街31-3号,餐饮服务;中餐厅;火锅店,4.4,123.00
大福炭火锅(新城里小区店),126.641846,45.597897,餐饮,新城里街5-1号,餐饮服务;餐饮相关场所;餐饮相关,4.3,68.00
韩愈重庆美蛙鱼火锅,126.625475,45.716047,餐饮,科大小区201栋7号,餐饮服务;中餐厅;火锅店,4.3,65.00
老私房涮肚火锅(哈西店),126.594478,45.707092,餐饮,学府四道街与哈西大街转角DS1栋1-2层06号,餐饮服务;中餐厅;火锅店,4.5,81.00
七公火锅鸡(哈尔滨融创茂店),126.502974,45.803303,餐饮,世茂大道99号哈尔滨融创茂F3层,餐饮服务;中餐厅;中餐厅,4.2,42.00
一栋洋楼火锅,126.620791,45.769695,餐饮,西十三道街62号-1-4层,餐饮服务;中餐厅;火锅店,4.5,139.00
轩兴园火锅(马端街店),126.671697,45.763530,餐饮,马端街108号龙福家园,餐饮服务;中餐厅;火锅店,4.3,51.00
许府牛火锅(黑龙江哈尔滨太平桥百盛广场),126.676395,45.784047,餐饮,东直路118号百盛购物中心五楼,餐饮服务;中餐厅;火锅店,4.3,52.00
任记庄园炭火锅(军乐园店),126.622808,45.733774,餐饮,汉广街81-1号,餐饮服务;中餐厅;火锅店,4.5,79.00
七公火锅鸡(银泰城购物中心店),126.541051,45.737023,餐饮,群力大道2399号银泰城购物中心F4层,餐饮服务;中餐厅;火锅店,4.2,42.00
好宴上品火锅,126.539929,45.811353,餐饮,聚源街与世博路交叉口东南40米,餐饮服务;中餐厅;火锅店,4.5,73.00
七公火锅鸡(凯德广场·学府店),126.609256,45.721505,餐饮,学府路1-1号凯德广场·学府5F层,餐饮服务;中餐厅;火锅店,4.0,42.00
七公火锅鸡(学府东路店),126.616755,45.704214,餐饮,学府路322号,餐饮服务;餐饮相关场所;餐饮相关,4.6,42.00
桥根火锅(贵都大厦店),127.161532,44.919114,餐饮,通达大街124号,餐饮服务;中餐厅;火锅店,4.2,53.00
臻馨火锅,126.559244,45.882669,餐饮,利民大道与宜春路交叉口东南80米,餐饮服务;中餐厅;火锅店,4.6,67.00
宏鸣火锅(学院路店),126.550688,45.873026,餐饮,学院路90号(近广厦学员),餐饮服务;中餐厅;火锅店,4.5,57.00
羊羊家炭火锅(中央大街店),126.614804,45.774574,餐饮,中医街71号(友谊宫地铁站2号口步行440米),餐饮服务;中餐厅;火锅店,4.4,68.00
陈记火锅王(五常店),127.164674,44.920337,餐饮,亚臣路450号,餐饮服务;中餐厅;火锅店,4.3,55.00
好鸭有虾鸭虾火锅(学院路店),126.544380,45.873475,餐饮,学院路182号,餐饮服务;中餐厅;火锅店,4.4,40.00
平靓正顺德火锅(河柏小区店),126.582299,45.746112,餐饮,河山街138号河柏小区,餐饮服务;中餐厅;火锅店,4.4,83.00
您做主火锅(滨江新城A区店),126.658570,45.783364,餐饮,太古街206号,餐饮服务;中餐厅;火锅店,4.4,65.00
谭火火重庆火锅,126.626886,45.742394,餐饮,护军街48号(哈工大地铁站3号口步行210米),餐饮服务;中餐厅;火锅店,4.5,55.00
老江沿清真炭火锅(中央大街店),126.622313,45.779367,餐饮,友谊路与井街交汇处,餐饮服务;中餐厅;火锅店,4.6,57.00
哈牛潮汕牛肉火锅(工大店),126.629627,45.738435,餐饮,一匡街57号江城之珠C栋商户,餐饮服务;中餐厅;火锅店,4.6,70.00
鑫缘时尚火锅(学院路店),126.543102,45.872038,餐饮,学院路丽景花园9L-3号商服丽景花园4号门,餐饮服务;中餐厅;火锅店,4.4,30.00
煮时代鲜羊火锅,126.650053,45.787786,餐饮,靖宇街197号(清真寺地铁站2号口旁),餐饮服务;中餐厅;火锅店,4.4,71.00
小老板炭火锅自助(平公街店),126.672983,45.757154,餐饮,平公街5号,餐饮服务;中餐厅;火锅店,4.2,69.00
涮涮演绎自助小火锅(哈尔滨香坊乐松店),126.650041,45.717695,餐饮,哈安街9号涮涮演绎自助火锅,餐饮服务;餐饮相关场所;餐饮相关,4.4,22.00
农大超越火锅鸡(学院路店),126.550285,45.872033,餐饮,兴城路志华商城2栋28号商服,餐饮服务;中餐厅;火锅店,4.5,30.00
许府牛火锅(大麦动物王国店),126.583009,45.698947,餐饮,中兴左街2号金爵万象商业广场F6层,餐饮服务;中餐厅;火锅店,4.3,47.00
涮涮演绎自助小火锅(哈尔滨哈西万达金街店),126.586002,45.699602,餐饮,兴达路137号涮涮演绎自助火锅,餐饮服务;中餐厅;火锅店,4.5,22.00
桥根火锅(建文街店),126.644167,45.604075,餐饮,建文街22号,餐饮服务;中餐厅;火锅店,4.4,73.00
川尚虾滑自助老火锅,126.633061,45.703431,餐饮,征仪路310-2(征仪路地铁站2号口步行440米),餐饮服务;中餐厅;火锅店,4.5,75.00
许府牛火锅(黑龙江哈尔滨松雷香坊店),126.649951,45.721589,餐饮,和平路1号松雷国际商厦香坊店第5层,生活服务;生活服务场所;生活服务场所,4.3,57.00
囍井巷重庆居民楼火锅(中山路店),126.672078,45.732014,餐饮,中山路116号(保险公司和邮政管理局中间铁大门进来前行20米右侧平房),餐饮服务;中餐厅;火锅店,4.5,64.00
好鸭有虾鸭虾火锅(融创店),126.503262,45.803441,餐饮,世茂大道99号哈尔滨融创茂F3层,餐饮服务;餐饮相关场所;餐饮相关,4.1,40.00
七公火锅鸡(哈尔滨红旗·Mall购物中心店),126.628452,45.605277,餐饮,新疆大街117号红旗·Mall购物中心B1层,餐饮服务;中餐厅;火锅店,4.3,42.00
20号火锅(人和名苑店),126.659055,45.760117,餐饮,人和胡同20号车库(人和街禧龙宾馆旁边胡同),餐饮服务;中餐厅;火锅店,4.4,76.00
巴兵蜀将地摊火锅(民安街店),126.609850,45.745215,餐饮,民安街195号,餐饮服务;中餐厅;火锅店,4.5,38.00
赵府炭火锅(黑大芳洲园店),126.636983,45.707097,餐饮,启智路88-8-4,餐饮服务;中餐厅;火锅店,4.5,76.00
田茂源火锅(民生尚都瑞园店),126.522007,45.721064,餐饮,群力西区F37栋1-3层6号,餐饮服务;中餐厅;火锅店,4.3,45.00
桥根火锅(呼兰店),126.601017,45.978420,餐饮,南大街92号广聚宾馆楼下,餐饮服务;中餐厅;火锅店,4.3,73.00
顺成小火锅(旭升家园店),126.665294,45.706138,餐饮,旭升街附3-1号(旭升街地铁站1号口步行440米),餐饮服务;中餐厅;火锅店,4.3,40.00
双层老北京炭火锅(建安店),126.660314,45.582889,餐饮,绿色新城13号楼副1-2号门市,餐饮服务;中餐厅;火锅店,4.5,75.00
小红馆老火锅(商大店),126.559509,45.820775,餐饮,军安绿色家园3号门进来右手边就是,餐饮服务;中餐厅;火锅店,4.4,45.00
鑫春火锅,126.583902,45.890070,餐饮,南京路3300号,餐饮服务;中餐厅;火锅店,4.3,55.00
佟德炭火锅(松海路店),126.679493,45.700614,餐饮,松海路83号(恒大御景湾一期1号楼15号门市),餐饮服务;餐饮相关场所;餐饮相关,4.4,46.00
蜀爷地摊火锅,126.608388,45.724536,餐饮,康宁路5号(学府路地铁站1号口步行280米),餐饮服务;中餐厅;火锅店,4.4,53.00
怡翠养生火锅(玉山路店),126.685271,45.744470,餐饮,哈尔滨经开区南岗集中区玉山路42号,餐饮服务;中餐厅;火锅店,4.5,234.00
小红馆老火锅(师大店总店),126.557503,45.872181,餐饮,杉杉路师大家属楼11号楼3单元102,餐饮服务;中餐厅;火锅店,4.5,45.00
阿珍创新土鸡火锅(宣庆街店),126.674997,45.758218,餐饮,宣庆街77-3号,餐饮服务;中餐厅;火锅店,4.5,40.00
涮涮演绎自助小火锅(哈尔滨汉广街店),126.625802,45.736650,餐饮,汉广街43号涮涮演绎自助火锅,餐饮服务;中餐厅;火锅店,4.4,22.00
小红馆老火锅(江南师大夜市店),126.621182,45.722364,餐饮,和兴小十一道街30号,餐饮服务;中餐厅;火锅店,4.5,45.00
小红馆重庆老火锅(服装城店),126.610609,45.703453,餐饮,中兴大道28号雄师家园,餐饮服务;中餐厅;火锅店,4.4,45.00
顺宏时尚精品火锅,126.980380,45.536634,餐饮,解放大街与会宁路交口东南交(312-1号)达仁·印象城购物中心,餐饮服务;中餐厅;火锅店,4.0,37.00
老康火锅(河柏店),126.582589,45.746159,餐饮,河柏街54号,餐饮服务;中餐厅;火锅店,4.5,109.00
顺成小火锅(菜站小区店),126.657466,45.712159,餐饮,健康路67号,餐饮服务;中餐厅;火锅店,4.2,35.00
涮涮演绎自助小火锅(哈尔滨香坊果园店),126.702241,45.727525,餐饮,延福街82号涮涮演绎自助火锅,餐饮服务;中餐厅;火锅店,4.3,22.00
澳洲肥牛火锅店(松北店),126.533137,45.815357,餐饮,中源大道11311号,餐饮服务;中餐厅;火锅店,4.5,260.00
阿珍创新土鸡火锅(河柏街店),126.582635,45.746427,餐饮,河柏街217-3号,餐饮服务;中餐厅;火锅店,4.5,74.00
重庆娃火锅(群力店),126.506459,45.719024,餐饮,群力西第六大道中海时代9栋19号二楼,餐饮服务;中餐厅;火锅店,4.5,89.00
蜀将火锅(学院路店),126.551309,45.871113,餐饮,学院路二道街志华商城9栋4号,餐饮服务;中餐厅;火锅店,4.4,46.00
万福楼火锅(民生尚都店),126.513230,45.720584,餐饮,群力第六大道4287号,餐饮服务;中餐厅;中餐厅,4.5,71.00
重庆渝井巷老火锅(松北区店),126.580463,45.819723,餐饮,龙江第一村四街区411-2栋,餐饮服务;中餐厅;火锅店,4.4,113.00
福海海鲜牛肉火锅(融创茂店),126.502974,45.803303,餐饮,融创茂购物中心三楼,餐饮服务;中餐厅;火锅店,4.5,106.00
涮涮演绎自助小火锅(哈尔滨体育学院店),126.673488,45.756861,餐饮,平公街8-1号涮涮演绎自助火锅,生活服务;生活服务场所;生活服务场所,4.4,22.00
凉都鲜牛肉火锅(哈尔滨融创文旅城店),126.498275,45.811175,餐饮,世祥路237号,餐饮服务;中餐厅;中餐厅,4.1,58.00
釜鼎火锅(汇智五洲城六期店),126.782420,45.747964,餐饮,金香中路汇智五洲城6期北进户大堂旁C28-14号釜鼎火锅店,餐饮服务;中餐厅;火锅店,4.2,39.00
涮涮演绎自助小火锅(哈尔滨江北融创茂店),126.496884,45.807619,餐饮,恒源街812号万达华园C4-1-102号涮涮演绎,餐饮服务;中餐厅;火锅店,4.5,22.00
小巷子街坊火锅(哈西店),126.594295,45.708423,餐饮,哈西大街312号-1,餐饮服务;餐饮相关场所;餐饮相关,4.4,59.00
涮涮演绎自助小火锅(哈尔滨道外马克威店),126.658697,45.785808,餐饮,南新街136号涮涮演绎自助火锅,餐饮服务;中餐厅;火锅店,4.3,22.00
顺成小火锅(旗舰店),126.641976,45.678863,餐饮,跃兴街3-23号,餐饮服务;中餐厅;火锅店,4.1,41.00
自由煮艺自助旋转小火锅,126.616986,45.769978,餐饮,霞曼街61号(中央大街地铁站1号口步行130米),餐饮服务;餐饮相关场所;餐饮相关,4.3,20.00
农大超越火锅鸡(哈工程店),126.692521,45.775218,餐饮,大有坊街20号(大有坊街地铁站3号口步行90米),餐饮服务;餐饮相关场所;餐饮相关,4.3,53.00
桥根火锅,127.979775,45.213425,餐饮,尚志镇飞街264号,餐饮服务;中餐厅;火锅店,4.3,84.00
农大超越火锅鸡(黑大店),126.618136,45.704404,餐饮,学府四道街272号,餐饮服务;中餐厅;火锅店,4.4,49.00
巴实重庆老火锅(馨美家园店),126.699668,45.781607,餐饮,宏图街161号馨美家园,餐饮服务;中餐厅;火锅店,4.4,64.00
壹号院火锅,126.633852,45.736710,餐饮,一匡街一号,餐饮服务;中餐厅;火锅店,4.4,63.00
涮涮演绎自助小火锅(哈尔滨王岗店),126.553112,45.674441,餐饮,哈双路305-15号王岗物资库改造(金岗湾小区)9栋-1层01号涮涮演绎自助火锅,生活服务;生活服务场所;生活服务场所,4.2,22.00
宫记潮汕鲜牛肉火锅,126.511555,45.805816,餐饮,宏源街117号,餐饮服务;中餐厅;火锅店,4.3,82.00
旧友火锅(兴建店),126.641638,45.605308,餐饮,友协东三道街附5号,餐饮服务;餐饮相关场所;餐饮相关,4.3,81.00
爆鼎烧烤(正宗哈尔滨烧烤标杆老店),126.648656,45.778696,餐饮,东莱街100号,餐饮服务;中餐厅;特色/地方风味餐厅,4.6,68.00
小味串店(松北店),126.529747,45.808000,餐饮,城市之星·豪布斯卡,餐饮服务;餐饮相关场所;餐饮相关,4.6,81.00
通海俄式烧烤(世茂店),126.525758,45.807570,餐饮,世茂大道194号,餐饮服务;中餐厅;特色/地方风味餐厅,4.6,81.00
凤忆优品烧烤,126.530677,45.807996,餐饮,城市之星·豪布斯卡,餐饮服务;餐饮相关场所;餐饮相关,4.4,59.00
乡音土窑坑烤利源街店,126.530404,45.810406,餐饮,利源街178号,餐饮服务;中餐厅;中餐厅,4.5,60.00
邢氏老太太烤串(松北一店),126.524265,45.807294,餐饮,世茂大道150号,餐饮服务;中餐厅;特色/地方风味餐厅,4.6,78.00
郭老三铁板串,126.530398,45.811907,餐饮,世博路1451号,餐饮服务;餐饮相关场所;餐饮相关,4.6,84.00
1989车轱辘烤肉,126.529434,45.812423,餐饮,滨北街180号,餐饮服务;中餐厅;中餐厅,4.6,55.00
小核桃品质串店(世茂大道店),126.517167,45.806714,餐饮,祥安南大街1236号,餐饮服务;中餐厅;中餐厅,4.7,67.00
友味烧烤(江北世茂店),126.521695,45.806661,餐饮,世茂大道102号,餐饮服务;中餐厅;中餐厅,4.6,71.00
安小胖韩国烤肉专门店(万象汇L3店),126.538825,45.809675,餐饮,世茂大道555号哈尔滨松北万象汇L3层,餐饮服务;中餐厅;中餐厅,4.2,64.00
乡音土窑坑烤(世贸店),126.521093,45.806482,餐饮,世茂大道94号,餐饮服务;中餐厅;综合酒楼,4.6,77.00
冰城串说烧烤(世茂大道店),126.521346,45.806530,餐饮,世茂大道96号,餐饮服务;中餐厅;中餐厅,4.6,69.00
状元阁烧烤(松北冰雪大世界店),126.543190,45.811899,餐饮,世博路151号,餐饮服务;中餐厅;特色/地方风味餐厅,4.6,72.00
三兄弟灰太狼烧烤(世茂大道店),126.516931,45.806958,餐饮,祥安南大街1260号(世茂大道交口),餐饮服务;中餐厅;特色/地方风味餐厅,4.7,80.00
四喜烧烤(总店),126.518529,45.807114,餐饮,祥安南大街1227号,餐饮服务;中餐厅;中餐厅,4.7,73.00
金多烤鸡手世茂店,126.521278,45.807597,餐饮,世茂大道与祥安南大街辅路交叉口东北220米,餐饮服务;餐饮相关场所;餐饮相关,4.4,66.00
三顺炭火烤肉(大润发店),126.528513,45.807226,餐饮,天翔街与世茂大道交叉口东160米,餐饮服务;中餐厅;综合酒楼,3.9,35.00
佳木斯永和原味烧烤店(松北店),126.517125,45.806351,餐饮,世茂大道187号,餐饮服务;餐饮相关场所;餐饮相关,4.5,76.00
小牛馆(世博路店),126.537337,45.811353,餐饮,世博路650号华润·幸福里,餐饮服务;中餐厅;清真菜馆,4.4,81.00
8090旧厂烧烤,126.529610,45.812541,餐饮,滨北街188号,餐饮服务;中餐厅;特色/地方风味餐厅,4.5,17.00
大富烧烤烤鱼,126.546875,45.804295,餐饮,新湾路473号,餐饮服务;中餐厅;特色/地方风味餐厅,4.4,53.00
金刚山烧烤(世纪花园B区店),126.519631,45.807062,餐饮,世茂大道207号,餐饮服务;中餐厅;特色/地方风味餐厅,4.5,76.00
核桃碳烤肉馆(世茂店),126.513616,45.805239,餐饮,世茂大道123号,餐饮服务;中餐厅;中餐厅,4.6,70.00
齐齐哈尔米家碳火家庭烤肉店,126.519561,45.807031,餐饮,世茂大道205号,餐饮服务;餐饮相关场所;餐饮相关,4.5,57.00
一头牛正宗齐齐哈尔烤肉(松北店),126.516994,45.812963,餐饮,祥安南大街1895号,餐饮服务;中餐厅;中餐厅,4.6,55.00
鞑子炭火烤羊腿(世博路店),126.544091,45.811553,餐饮,世博路78号,餐饮服务;中餐厅;中餐厅,4.4,93.00
老李头烧烤店,126.547254,45.806518,餐饮,世茂大道752号,餐饮服务;中餐厅;特色/地方风味餐厅,4.4,76.00
聚点烧烤(世茂店),126.523416,45.808114,餐饮,世茂大道221-29号,餐饮服务;中餐厅;特色/地方风味餐厅,4.2,66.00
小院烧烤,126.530918,45.811523,餐饮,世博路1325号(金星村),餐饮服务;餐饮相关场所;餐饮相关,4.4,40.00
老派串店(松北店),126.514452,45.805545,餐饮,世纪花园A区92号楼6号,餐饮服务;外国餐厅;外国餐厅,4.4,56.00
王碳长齐齐哈尔家乡烤肉(松北世贸店),126.514624,45.805591,餐饮,世茂大道145号世纪花园A区,餐饮服务;中餐厅;中餐厅,4.5,67.00
种花家的串店(世茂店),126.513328,45.805165,餐饮,世茂大道119号,餐饮服务;中餐厅;特色/地方风味餐厅,4.6,66.00
肚神串吧·大片涮肚砂锅居,126.544634,45.812121,餐饮,世博路33号,餐饮服务;中餐厅;火锅店,4.2,66.00
福和炭火烧肉(世纪花园A区店),126.513072,45.805086,餐饮,世茂大道115号,餐饮服务;中餐厅;中餐厅,4.6,137.00
苏小呆鲜串烧烤,126.517098,45.807163,餐饮,世茂大道161号世纪花园A区,餐饮服务;餐饮相关场所;餐饮相关,4.5,61.00
识食务者.铝盆烤肉,126.545494,45.806411,餐饮,天旭街333号,餐饮服务;餐饮相关场所;餐饮相关,4.2,93.00
探匠烧烤(世贸店),126.516986,45.806861,餐饮,翔安南大街1248号,餐饮服务;中餐厅;中餐厅,4.6,55.00
华溪家,126.541725,45.811977,餐饮,正远新座,餐饮服务;中餐厅;中餐厅,4.2,65.00
壹壹捌正宗齐齐哈尔烤肉(融创店),126.511635,45.805576,餐饮,宏源街99号,餐饮服务;中餐厅;中餐厅,4.6,57.00
小石头串店,126.542760,45.812024,餐饮,世博路181号,餐饮服务;中餐厅;中餐厅,4.2,65.00
正宗齐市小铝盘烤肉,126.536406,45.811703,餐饮,凯利广场世博路669号,餐饮服务;中餐厅;特色/地方风味餐厅,4.2,40.00
小灰狼烧烤,126.541003,45.811476,餐饮,世博路322号,餐饮服务;中餐厅;特色/地方风味餐厅,4.1,70.00
山葵烤肉(世贸店),126.514027,45.805406,餐饮,世茂大道133号,餐饮服务;中餐厅;中餐厅,4.4,86.00
解馋碳烤大串,126.546151,45.809531,餐饮,龙唐街440号,餐饮服务;中餐厅;中餐厅,4.0,52.00
烤上啦正宗齐齐哈尔烤肉(世纪花园A区店),126.512690,45.805003,餐饮,世茂大道109号世纪花园A区90栋4号,餐饮服务;中餐厅;中餐厅,4.4,76.00
纪红大肉串(松北店),126.514895,45.805597,餐饮,世茂大道147号,餐饮服务;中餐厅;特色/地方风味餐厅,4.5,86.00
玉姐烧烤,126.525747,45.810739,餐饮,鑫源街,餐饮服务;中餐厅;特色/地方风味餐厅,4.1,60.00
爽哥地锅烤肉(松北店),126.516971,45.812502,餐饮,祥安南大街1845号,餐饮服务;餐饮相关场所;餐饮相关,4.4,53.00
当燃地锅烤肉(松北店),126.526476,45.810744,餐饮,世茂大道277号你好荷兰城,餐饮服务;餐饮相关场所;餐饮相关,4.0,49.00
老姜烧烤(新新怡園店),126.558854,45.806745,餐饮,松北一路30号,餐饮服务;中餐厅;特色/地方风味餐厅,4.5,63.00
鑫东北烧烤(北兴小区店),126.547152,45.809147,餐饮,北兴小区1号楼商服15号,餐饮服务;中餐厅;中餐厅,4.3,34.00
刘老庄烧烤,126.550811,45.809229,餐饮,前进家园社区农电小区16号门市,餐饮服务;中餐厅;中餐厅,4.1,60.00
街边儿烧烤,126.538896,45.812542,餐饮,聚源街368号,餐饮服务;餐饮相关场所;餐饮相关,4.1,41.00
鲜牛禧铺齐齐哈尔烤肉(松北店),126.517061,45.812685,餐饮,祥安南大街1871号,餐饮服务;餐饮相关场所;餐饮相关,4.5,60.00
原味拾光小串店,126.551275,45.807594,餐饮,四海园小区(世茂大道地铁站4号口步行460米),餐饮服务;中餐厅;清真菜馆,4.3,58.00
三味真火齐齐哈尔烤肉(世纪花园A区店),126.510517,45.807328,餐饮,宏源街295号,餐饮服务;中餐厅;中餐厅,4.2,77.00
串巷烧烤,126.555776,45.811848,餐饮,松北大道47号,餐饮服务;中餐厅;特色/地方风味餐厅,4.3,57.00
肇东小饼烧烤,126.546739,45.809582,餐饮,众和城西南门西南60米,餐饮服务;中餐厅;特色/地方风味餐厅,4.0,52.00
亚克西烧烤,126.557549,45.816733,餐饮,前进路8号银河小区,餐饮服务;中餐厅;特色/地方风味餐厅,4.6,59.00
紫彤品质自助烤肉,126.505025,45.803925,餐饮,世茂大道99号哈尔滨融创茂F3层,餐饮服务;中餐厅;中餐厅,4.6,75.00
小胖品质烧烤茶缸肚,126.544975,45.812575,餐饮,龙唐街488号,餐饮服务;中餐厅;特色/地方风味餐厅,4.1,28.00
小董哥一元烧烤·涮串,126.513590,45.808933,餐饮,世纪花园c区90栋,餐饮服务;中餐厅;特色/地方风味餐厅,4.1,50.00
王胖子烧烤,126.557806,45.810723,餐饮,华润中海江城S3栋3号商服,餐饮服务;中餐厅;特色/地方风味餐厅,4.1,48.00
新疆大串(世纪花园店),126.511416,45.807709,餐饮,世纪花园A区4号楼19号库,餐饮服务;中餐厅;清真菜馆,3.9,46.00
阿里巴巴大串毛肚(龙川路店),126.545738,45.822109,餐饮,龙川路271号(龙川路地铁站2号口步行410米),餐饮服务;中餐厅;中餐厅,4.2,70.00
不一班的牛齐齐哈尔炭火烤肉,126.557800,45.816400,餐饮,银河小区八号楼,餐饮服务;餐饮相关场所;餐饮相关,4.1,60.00
站街烧烤,126.562085,45.807116,餐饮,学院小区1号楼7号商服,餐饮服务;中餐厅;特色/地方风味餐厅,4.0,54.00
晟宸柒壹柒烤吧(红星威尼斯庄园店),126.523746,45.825180,餐饮,龙轩路1758号,餐饮服务;中餐厅;特色/地方风味餐厅,4.6,70.00
哈不二烤肉与酒(融创乐园店),126.499053,45.801429,餐饮,世茂大道以北六星酒店1至2层13号,餐饮服务;外国餐厅;外国餐厅,4.5,80.00
小火路边烧烤,126.545187,45.821766,餐饮,龙川路325号(龙川路地铁站2号口步行470米),餐饮服务;中餐厅;综合酒楼,4.1,83.00
小俩口烧烤(商大店),126.557991,45.819169,餐饮,文汇路160号,餐饮服务;中餐厅;特色/地方风味餐厅,4.2,79.00
烤哆啦旋转自助烤肉(融创茂哈尔滨店),126.501175,45.802725,餐饮,世茂大道99号哈尔滨融创茂F3层,餐饮服务;中餐厅;中餐厅,4.4,78.00
岩姐烧烤,126.559734,45.816938,餐饮,银河小区15栋7号商服,餐饮服务;餐饮相关场所;餐饮相关,3.9,61.00
牛三喜正宗齐齐哈尔烤肉(银河小区店),126.559972,45.816995,餐饮,银河小区15号楼5号门市,餐饮服务;中餐厅;特色/地方风味餐厅,4.2,52.00
龙福烧烤店,126.557981,45.816752,餐饮,银河小区11号楼2号门市,餐饮服务;中餐厅;特色/地方风味餐厅,3.9,25.00
陈记鸿·水浒烤肉(松北融创店),126.500249,45.811457,餐饮,万达·秀园北3门北90米,餐饮服务;餐饮相关场所;餐饮相关,4.6,61.00
对瓶崔一元鲜串烧烤,126.557776,45.819170,餐饮,文汇路180号,餐饮服务;餐饮相关场所;餐饮相关,4.3,47.00
尚百串烧烤,126.500289,45.808462,餐饮,世林路609号,餐饮服务;中餐厅;特色/地方风味餐厅,4.4,87.00
张记品质烧烤(文汇路店),126.559197,45.819897,餐饮,文汇路军安绿色家园20号楼10号,餐饮服务;中餐厅;特色/地方风味餐厅,4.5,50.00
风栖谣烧烤酒馆,126.499161,45.801215,餐饮,恒源街18号,餐饮服务;中餐厅;中餐厅,4.5,56.00
典点壹品烧烤,126.522870,45.825877,餐饮,龙轩路1805号,餐饮服务;中餐厅;特色/地方风味餐厅,4.5,75.00
香香婆自助烤肉(军安绿色家园店),126.559752,45.820623,餐饮,前进14号区军安绿色家园41号楼3号2层,餐饮服务;外国餐厅;外国餐厅,4.0,62.00
原味烧烤,126.525268,45.825134,餐饮,龙轩路1646号,餐饮服务;中餐厅;特色/地方风味餐厅,4.3,74.00
成亮大片烤肉店,126.498167,45.803408,餐饮,万达文化旅游城酒店群一期S7-913层05号,餐饮服务;中餐厅;中餐厅,4.4,96.00
夜烤大侠烧烤酒馆(红星熙墅店),126.526821,45.826535,餐饮,江安街1269号,餐饮服务;中餐厅;综合酒楼,4.2,67.00
巴特尔烧烤店,126.559604,45.819436,餐饮,文汇路24号,餐饮服务;中餐厅;特色/地方风味餐厅,4.2,29.00
阿淘哥地摊小串烤羊腿,126.559071,45.819852,餐饮,文汇路79号,餐饮服务;中餐厅;特色/地方风味餐厅,4.1,34.00
一炭酒尽烤吧(欧美亚世界阳光店),126.522539,45.825925,餐饮,欧美亚小区24栋11号商服,餐饮服务;中餐厅;特色/地方风味餐厅,4.3,63.00
小艾琪烧烤(红星威尼斯庄园店),126.521178,45.825219,餐饮,红星威尼斯庄园S1-17号商服,餐饮服务;中餐厅;中餐厅,3.9,61.00
小核桃品质串店(融创旗舰店),126.495075,45.810308,餐饮,世祥路567号融创中园s118门市,餐饮服务;中餐厅;中餐厅,4.6,71.00
老宋大叔现烤牛肉干(松北店),126.499998,45.811235,餐饮,世祥路111号,餐饮服务;餐饮相关场所;餐饮相关,4.4,69.00
景阳烧烤(融创·中园店),126.496019,45.810699,餐饮,融创中园S1栋30-31号商服,餐饮服务;中餐厅;中餐厅,4.6,69.00
雲龍鞑子炭火烤羊腿(万达城店),126.497735,45.809176,餐饮,恒源街931号,餐饮服务;中餐厅;特色/地方风味餐厅,4.5,78.00
正宗齐齐哈尔烤肉(欧美亚世界阳光店),126.519409,45.825942,餐饮,龙轩路2073号,餐饮服务;中餐厅;中餐厅,4.2,69.00
711海鲜烧烤,126.498853,45.801999,餐饮,恒源街140号万达城外街商铺F栋F1-101号,餐饮服务;餐饮相关场所;餐饮相关,4.3,50.00
炖顿香铁锅炖烧烤(冰雪大世界融创茂店),126.498518,45.803104,餐饮,世茂大道以北S7-S91-2层S8-2号,餐饮服务;中餐厅;中餐厅,4.0,67.00
老三原味肉串地摊小炉子烧烤松北店,126.516956,45.828401,餐饮,祥安北大街1489号一层,餐饮服务;中餐厅;中餐厅,4.6,88.00
齐齐哈尔烤肉,126.498137,45.803418,餐饮,万达文化旅游城酒店群一期S7-913层05号,餐饮服务;中餐厅;中餐厅,4.4,94.00
酒点半串店(松北店)(装修中),126.516447,45.806111,餐饮,世贸大道175号,餐饮服务;中餐厅;中餐厅,4.6,61.00
探味串店(融创·中园店),126.495928,45.810463,餐饮,融创·世祥路479号融创中园二期,餐饮服务;中餐厅;中餐厅,4.6,59.00
四喜烧烤(万达融创茂店),126.496343,45.810871,餐饮,世祥路431号,餐饮服务;中餐厅;特色/地方风味餐厅,4.6,67.00
齐市家庭烤肉,126.496161,45.810735,餐饮,世祥路455号,餐饮服务;餐饮相关场所;餐饮相关,4.5,65.00
哈尔滨市松北区小宝碳烤油店,126.496956,45.808249,餐饮,万达文华旅游城C12号楼1单元1层106商服,餐饮服务;餐饮相关场所;餐饮相关,4.5,64.00
冰城马家·非遗齐市烤肉(融创店),126.495644,45.810112,餐饮,世祥路474号万华园小区C11号楼8号,餐饮服务;餐饮相关场所;餐饮相关,4.5,64.00
TAO.品质串店,126.496121,45.813282,餐饮,恒源街1110号26号,餐饮服务;中餐厅;中餐厅,4.5,50.00
炉边原味烧烤,126.495876,45.810597,餐饮,世祥路483号,餐饮服务;中餐厅;特色/地方风味餐厅,4.6,58.00
九把火烧烤,126.496754,45.807354,餐饮,世林路925号,餐饮服务;餐饮相关场所;餐饮相关,4.4,48.00
牛牛齐市烤肉,126.495590,45.810626,餐饮,世祥路融创中园二期南门旁100米,餐饮服务;中餐厅;特色/地方风味餐厅,4.5,45.00
匠心优品烧烤(松北店),126.495003,45.810311,餐饮,世祥路587号,餐饮服务;中餐厅;特色/地方风味餐厅,4.4,64.00
姜记串道(世祥路店),126.496006,45.810053,餐饮,世祥路450号,餐饮服务;中餐厅;特色/地方风味餐厅,4.3,50.00
锦铎烧烤,126.500199,45.812857,餐饮,万达城-锦园二期商服B15-1-15,餐饮服务;餐饮相关场所;餐饮相关,4.1,59.00
马路牙子原味烧烤,126.499663,45.811345,餐饮,世祥路143号,餐饮服务;中餐厅;综合酒楼,4.0,62.00
哥们地锅烤肉,126.498714,45.811185,餐饮,世祥路213号,餐饮服务;中餐厅;中餐厅,4.2,63.00
来喜烧烤,126.493373,45.810162,餐饮,世祥路771号万达中园小区A5-6号楼30号商服,餐饮服务;中餐厅;特色/地方风味餐厅,4.4,18.00
小羊村吊炉烤羊排,126.493898,45.809635,餐饮,世祥路640号,餐饮服务;中餐厅;中餐厅,4.5,38.00
汇洋海鲜烧烤,126.498834,45.811147,餐饮,世祥路209号,餐饮服务;餐饮相关场所;餐饮相关,4.2,94.00
新疆特色烧烤,126.497459,45.812581,餐饮,恒源街1243号,餐饮服务;餐饮相关场所;餐饮相关,4.4,50.00
北城以北烧烤(湖畔绿色家园店),126.507452,45.826043,餐饮,北城以北烧烤,餐饮服务;中餐厅;中餐厅,4.6,52.00
三只羊·吊炉烤羊排,126.498870,45.811165,餐饮,"规划05路以东,三环路以南、规划08路以西、规划82路以北融创锦园B1-1栋05号房",餐饮服务;中餐厅;中餐厅,4.2,50.00
万紫骞红来吧朋友烤肉(旗舰店),126.495244,45.809907,餐饮,世祥路518号,餐饮服务;中餐厅;中餐厅,4.1,65.00
大刚原味烧烤店,126.495613,45.812193,餐饮,恒源街1110号一层16号商服,餐饮服务;餐饮相关场所;餐饮相关,4.3,70.00
合江手艺串店(融创店),126.494585,45.810451,餐饮,世祥路595号,餐饮服务;中餐厅;中餐厅,4.5,58.00
破店地摊儿烧烤(融创融园店),126.490413,45.798164,餐饮,世阳路丰源街世贸大道玺源街围合地块Y1号楼1层115号(43-2号),餐饮服务;中餐厅;特色/地方风味餐厅,4.4,66.00
阿强烧烤(恒源街店),126.497874,45.809647,餐饮,恒源街967号,餐饮服务;中餐厅;中餐厅,4.1,160.00
炳道烤全羊坊,126.581633,45.818085,餐饮,龙江第一村3区309栋1号,餐饮服务;外国餐厅;外国餐厅,4.4,127.00
野串烧烤(融创·融园店),126.490524,45.798189,餐饮,世茂大道45号,餐饮服务;餐饮相关场所;餐饮相关,4.3,74.00
黑哥大片烤肉,126.495864,45.810039,餐饮,世祥路470号,餐饮服务;中餐厅;特色/地方风味餐厅,3.7,70.00
五哥原味烧烤,126.497358,45.812728,餐饮,恒源街964号,餐饮服务;餐饮相关场所;餐饮相关,4.4,50.00
优品鲜烤肉火锅超市(世祥路店),126.493092,45.810147,餐饮,世祥路795号,购物服务;综合市场;农副产品市场,4.0,[]
黑哥大片烤肉·齐齐哈尔烤肉,126.495924,45.810136,餐饮,世祥路470号,餐饮服务;中餐厅;中餐厅,4.4,75.00
君庆齐市烤肉烧烤店,126.496042,45.807251,餐饮,万达华园C12-2-17号商服,餐饮服务;中餐厅;特色/地方风味餐厅,3.9,76.00
黄柱烧烤店,126.504740,45.826029,餐饮,左岸大街1366号湖畔绿色家园,餐饮服务;中餐厅;中餐厅,4.2,77.00
金龙海鲜齐市烤肉(融创·融园店),126.494019,45.801666,餐饮,丰源街233号,餐饮服务;餐饮相关场所;餐饮相关,4.3,51.00
大春烧烤(松北店),126.576487,45.818148,餐饮,学富街松北镇前进村新汲家屯,餐饮服务;中餐厅;特色/地方风味餐厅,4.0,54.00
松江鲜肉串店(松北总店),126.497633,45.809967,餐饮,恒源街1011号,餐饮服务;中餐厅;中餐厅,4.0,75.00
波仔油边大串,126.507752,45.824646,餐饮,左岸大街与龙轩路交叉口南100米,餐饮服务;餐饮相关场所;餐饮相关,4.3,46.00
捌零情怀老烧烤,126.497577,45.812948,餐饮,融创锦园二期B13-104室,餐饮服务;中餐厅;特色/地方风味餐厅,4.1,50.00
以串会友烧烤,126.493449,45.804073,餐饮,丰源街499号,餐饮服务;中餐厅;中餐厅,4.0,44.00
老张家齐齐哈尔烤肉,126.493274,45.799079,餐饮,世茂大道77号,餐饮服务;餐饮相关场所;餐饮相关,4.0,66.00
老于溜达串,126.494798,45.810334,餐饮,世祥路591号,餐饮服务;中餐厅;中餐厅,4.3,54.00
八度音乐烤吧店,126.492866,45.815318,餐饮,中源大道14499号,购物服务;服装鞋帽皮具店;服装鞋帽皮具店,4.2,66.00
蒙香来流动烤全羊,126.577832,45.820795,餐饮,船口街道热源路717-4号,餐饮服务;餐饮相关场所;餐饮相关|购物服务;购物相关场所;购物相关场所,4.4,48.00
偏脸子哈尔滨老烧烤(爱建店),126.600181,45.763863,餐饮,上海街9号1-2层107号,餐饮服务;中餐厅;特色/地方风味餐厅,4.7,90.00
喜串烧烤店(恒大绿洲店),126.591555,45.821125,餐饮,中源大道恒大绿洲剧场,餐饮服务;中餐厅;特色/地方风味餐厅,4.2,52.00
路边烤牛肉(爱建路旗舰店),126.599783,45.760250,餐饮,爱建路46号,餐饮服务;餐饮相关场所;餐饮相关,4.7,113.00
小酒吧烧烤(爱建店),126.604204,45.765131,餐饮,爱建路8号菱建物业商务写字楼F1层,餐饮服务;中餐厅;中餐厅,4.7,64.00
陈记鸿·水浒烤肉(爱建店),126.600429,45.764411,餐饮,爱建滨江写字楼西南门旁,餐饮服务;中餐厅;中餐厅,4.7,52.00
偏脸子哈尔滨老烧烤(银泰店),126.539842,45.742141,餐饮,丽江路4226号,餐饮服务;中餐厅;中餐厅,4.7,90.00
老帽串店(中央大街店),126.613218,45.775818,餐饮,通江街155号(友谊宫地铁站1号口步行230米),餐饮服务;中餐厅;特色/地方风味餐厅,4.6,64.00
邢氏老太太烤串(爱建店),126.600347,45.763735,餐饮,上海街9-1号1-2层1号,餐饮服务;中餐厅;特色/地方风味餐厅,4.6,84.00
乡音土窑坑烤(经纬街店),126.605317,45.770254,餐饮,经纬十二道街61号,餐饮服务;中餐厅;中餐厅,4.5,61.00
领烤人齐齐哈尔火炉烤肉(总店),126.610542,45.772096,餐饮,红霞街118-1号,餐饮服务;外国餐厅;外国餐厅,4.6,54.00
老四烧烤(工友胡同店),126.602624,45.770665,餐饮,友谊路314-4号,餐饮服务;中餐厅;特色/地方风味餐厅,4.6,66.00
王胖胖的烤肉店,126.534638,45.741915,餐饮,融江路4020号,餐饮服务;中餐厅;中餐厅,4.7,50.00
小味串店(汇励99城市公园店),126.605844,45.761595,餐饮,紫园路40号,餐饮服务;中餐厅;中餐厅,4.7,96.00
通海俄式烧烤(爱建店)(装修中),126.599709,45.764197,餐饮,上海街9-9号,餐饮服务;中餐厅;中餐厅,4.6,82.00
壹烤城肚王·烧烤(哈尔滨非遗店),126.529355,45.739596,餐饮,朗江路2400号,餐饮服务;中餐厅;特色/地方风味餐厅,4.7,121.00
陈记鸿·水浒烤肉(银泰城店),126.540005,45.741903,餐饮,丽江路4186号,餐饮服务;餐饮相关场所;餐饮相关,4.6,57.00
樱雪亭日料和牛烧肉(银泰城·悦街店),126.540619,45.739965,餐饮,丽江路3956号,餐饮服务;外国餐厅;日本料理,4.6,146.00
炭之家大片烤肉(中央大街店),126.616868,45.770954,餐饮,大安街55号(中央大街地铁站1号口步行260米),餐饮服务;中餐厅;中餐厅,4.7,69.00
二乐小笨串(河山街总店),126.583521,45.747836,餐饮,河山街90-5号(河山街地铁站4号口步行480米),餐饮服务;餐饮相关场所;餐饮相关,4.6,50.00
你有故事我有酒海鲜工坊,126.537075,45.736712,餐饮,群力融江路3671号,餐饮服务;中餐厅;海鲜酒楼,4.7,117.00
老味烧烤(群力店),126.529831,45.741258,餐饮,朗江路2059号,餐饮服务;中餐厅;中餐厅,4.6,70.00
一楽肉铺,126.593502,45.758930,餐饮,河清街83号(公路大桥地铁站4号口步行190米),餐饮服务;餐饮相关场所;餐饮相关,4.7,87.00
二乐小笨串(群力店),126.535612,45.741764,餐饮,融江路4043号,餐饮服务;餐饮相关场所;餐饮相关,4.6,50.00
通海俄式烧烤(中央大街店),126.615580,45.772690,餐饮,红专街79号(距地铁中央大街站1号口步行450m),餐饮服务;中餐厅;中餐厅,4.6,72.00
万福和牛烧肉小酒馆(元江路店),126.538501,45.741542,餐饮,元江路362号,餐饮服务;餐饮相关场所;餐饮相关,4.6,262.00
核桃碳烤肉馆(群力店),126.540418,45.740511,餐饮,丽江路4046号,餐饮服务;中餐厅;中餐厅,4.6,90.00
小味串店(群力店),126.549339,45.738103,餐饮,群力大道1888号(体育公园地铁站2号口旁),餐饮服务;餐饮相关场所;餐饮相关,4.7,104.00
金多烤鸡手烧烤(正常营业),126.583540,45.747652,餐饮,河松小区806栋1层4号,餐饮服务;中餐厅;特色/地方风味餐厅,4.7,58.00
老河松鞑子碳火烤羊腿,126.579787,45.748688,餐饮,河松街211号,餐饮服务;中餐厅;特色/地方风味餐厅,4.6,109.00
核桃碳烤肉馆(中央大街店),126.617233,45.771055,餐饮,大安街47号二层,餐饮服务;中餐厅;中餐厅,4.6,78.00
城有铭街市烧烤小龙虾(河松小区3期店),126.583648,45.747023,餐饮,河山街116-4号,餐饮服务;中餐厅;特色/地方风味餐厅,4.6,66.00
老帽串店(中央大街二店),126.616194,45.770367,餐饮,"通江街29-1号,地铁中央大街站2号出口20米",餐饮服务;中餐厅;特色/地方风味餐厅,4.6,64.00
金豆齐齐哈尔炭火烤肉(中央大街店),126.610659,45.775703,餐饮,高谊街85号距地铁人民广场站1号口步行660m,餐饮服务;餐饮相关场所;餐饮相关,4.5,74.00
可口香串店(中央大街店),126.622476,45.780158,餐饮,井街15号(近兆麟公园),餐饮服务;中餐厅;特色/地方风味餐厅,4.6,54.00
韩金洞首尔无限烤肉(中央大街松雷店),126.619196,45.770204,餐饮,中央大街66号(中央大街地铁站1号口步行300米),餐饮服务;外国餐厅;韩国料理,4.8,68.00
洋洋烧烤(中央大街店),126.614174,45.775454,餐饮,上游街39号(友谊宫地铁站2号口步行350米),餐饮服务;餐饮相关场所;餐饮相关,4.6,65.00
老味烧烤(总店),126.617074,45.760590,餐饮,安达街34号,餐饮服务;中餐厅;特色/地方风味餐厅,4.7,93.00
冰城串说·羊肉串烧烤(中央大街店),126.619624,45.770325,餐饮,中央大街58号4楼,餐饮服务;中餐厅;中餐厅,4.7,80.00
觅味烧烤(群力朗江路店),126.530624,45.738366,餐饮,群力朗江路1689号,餐饮服务;中餐厅;特色/地方风味餐厅,4.6,45.00
小龙这家小串(爱建店),126.601340,45.755221,餐饮,河江街46号,餐饮服务;中餐厅;特色/地方风味餐厅,4.7,74.00
小七烤海鲜串店(招商·贝肯山店),126.538985,45.739527,餐饮,元江路172号,餐饮服务;中餐厅;中餐厅,4.6,90.00
领烤人齐齐哈尔火炉烤肉(二店),126.611927,45.772439,餐饮,红霞街100-1号,餐饮服务;餐饮相关场所;餐饮相关,4.6,51.00
叙叙旧齐齐哈尔烤肉(学院路店),126.543189,45.870916,餐饮,利民西三大街丽景花园11L-8商服,餐饮服务;中餐厅;中餐厅,4.7,61.00
翅咤风云烧烤,126.589438,45.821517,餐饮,学子街1355号,餐饮服务;中餐厅;中餐厅,3.7,47.00
牛鼎记齐市烤肉(中央大街总店),126.622225,45.780154,餐饮,井街8号(兆麟公园地铁站3号口步行2分钟190米),餐饮服务;中餐厅;特色/地方风味餐厅,4.6,56.00
街角家庭烤牛肉店(哈尔滨印象城A座店),126.615446,45.779719,餐饮,友谊路187号印象城广场A座7号门,餐饮服务;餐饮相关场所;餐饮相关,4.5,77.00
大叹号烤肉,126.616479,45.778876,餐饮,中央大街百盛负一层大叹号烤肉,餐饮服务;中餐厅;中餐厅,4.6,63.00
小文烧烤涮(河洲街店),126.591585,45.757652,餐饮,河洲街29-4号,餐饮服务;中餐厅;特色/地方风味餐厅,4.6,61.00
平凡小串·烧烤夜包子,126.537033,45.737009,餐饮,道理群力融江路3771号,餐饮服务;餐饮相关场所;餐饮相关,4.6,78.00
兄弟烧烤(中央大街·总店),126.615653,45.770681,餐饮,通江街56号,餐饮服务;餐饮相关场所;餐饮相关,4.5,65.00
双门洞的夏天韩国烤肉店(中央大街店),126.614684,45.772663,餐饮,通江街96号(中央大街地铁站1号口步行430米),餐饮服务;餐饮相关场所;餐饮相关,4.6,91.00
经纬四烧烤(中央大街店),126.617709,45.767380,餐饮,经纬4道街6-3号(朝鲜小学对面),餐饮服务;中餐厅;特色/地方风味餐厅,4.6,60.00
合江手艺串店(河柏街店),126.583611,45.747238,餐饮,河山街116-1,餐饮服务;餐饮相关场所;餐饮相关,4.7,76.00
那公婆原生态烤肉(北站店),126.543731,45.855256,餐饮,利民大道32号(太阳新城A座-5号),餐饮服务;中餐厅;中餐厅,4.6,64.00
老石记烧烤(河山街店),126.583665,45.746760,餐饮,河山街124-1号,餐饮服务;餐饮相关场所;餐饮相关,4.6,68.00
城邑村·烧肉·小酒馆,126.539134,45.739477,餐饮,元江路152号,餐饮服务;餐饮相关场所;餐饮相关,4.6,91.00
红旗小串(河柏店),126.582255,45.746116,餐饮,河柏街64号,餐饮服务;中餐厅;中餐厅,4.6,64.00
悦橙齐齐哈尔大片肉自助烤肉,126.619015,45.775404,餐饮,中央大街139号万象城三层,餐饮服务;外国餐厅;西餐厅(综合风味),4.5,77.00
乌托邦烤羊腿羊排烧烤(河江店),126.600573,45.755014,餐饮,河江街48-2号(近河阳街与交口),餐饮服务;餐饮相关场所;餐饮相关,4.6,83.00
东牌牌小炉子烧烤(河鼓店),126.594670,45.752435,餐饮,河鼓街11号(与河政街交口),购物服务;购物相关场所;购物相关场所|餐饮服务;餐饮相关场所;餐饮相关,4.6,72.00
李家齐齐哈尔烤肉(中央大街店),126.621191,45.768729,餐饮,西十四道街48号,餐饮服务;餐饮相关场所;餐饮相关,4.7,58.00
火柴屋无限烤牛肉馆(银泰城店),126.537108,45.736633,餐饮,融江路3641号,餐饮服务;餐饮相关场所;餐饮相关,4.6,148.00
小七串店(河山街总店),126.583514,45.747676,餐饮,河松小区806栋1单元1层1号,餐饮服务;中餐厅;特色/地方风味餐厅,4.6,67.00
邢氏老太太烤串(群力王府井店),126.567394,45.735807,餐饮,群力第五大道985号,购物服务;专卖店;烟酒专卖店|餐饮服务;餐饮相关场所;餐饮相关,4.7,74.00
汇炙烤肉(金帝商城店),126.619803,45.769762,餐饮,中央大街48号,餐饮服务;中餐厅;中餐厅,4.6,59.00
老帽串店(河山街店),126.583477,45.747927,餐饮,河山街90-4号(河山街地铁站4号口步行480米),餐饮服务;餐饮相关场所;餐饮相关,4.5,64.00
瘾酒串吧(银泰城店),126.540173,45.735732,餐饮,群力大道2399号银泰城购物中心F1层,餐饮服务;中餐厅;中餐厅,4.6,90.00
门前大桥下私房串(河江街小区店),126.598622,45.755739,餐饮,河润街62号,餐饮服务;中餐厅;中餐厅,4.6,80.00
西塔老太太泥炉烤肉(月星家居店),126.603736,45.762543,餐饮,爱建路12号靠近锦园,餐饮服务;中餐厅;特色/地方风味餐厅,4.6,80.00
李四腰子大串一绝,126.615039,45.770514,餐饮,经纬街道大安街79号,餐饮服务;中餐厅;特色/地方风味餐厅,4.5,43.00
赵二乐小笨串(河山街店),126.583522,45.746151,餐饮,河山街107号(河山街地铁站4号口步行330米),餐饮服务;餐饮相关场所;餐饮相关,4.6,60.00
公冶家齐市家庭烤肉(群力店),126.530376,45.739181,餐饮,朗江路1859号,餐饮服务;中餐厅;中餐厅,4.6,94.00
巨阳碳牛齐齐哈尔家庭烤肉(中央大街旗舰店),126.613707,45.774520,餐饮,通江街150号(友谊宫地铁站1号口步行370米),餐饮服务;外国餐厅;外国餐厅,4.4,65.00
老丁烧烤,126.592130,45.755863,餐饮,河梁街35号(公路大桥地铁站3号口步行340米),餐饮服务;餐饮相关场所;餐饮相关,4.7,72.00
乌托邦碳烤羊腿羊排,126.611628,45.763145,餐饮,安松街67-1号,餐饮服务;中餐厅;特色/地方风味餐厅,4.6,90.00
探匠烧烤(阳明店),126.604858,45.753675,餐饮,阳明街13号,餐饮服务;中餐厅;特色/地方风味餐厅,4.7,61.00
遇见便当(群力店),126.563686,45.736434,餐饮,景江东路1305号1-2层35号,餐饮服务;餐饮相关场所;餐饮相关,4.8,20.00
晓宇盒饭(总店),126.610162,45.744890,餐饮,民安街232号,餐饮服务;中餐厅;中餐厅,4.7,18.00
遇见便当(爱建店),126.604090,45.764991,餐饮,爱建路8号111室,餐饮服务;快餐厅;快餐厅,4.7,20.00
柳州肥姨妈大骨螺蛳粉(滨江街店),126.662029,45.783260,餐饮,滨江街甲48号,餐饮服务;中餐厅;中餐厅,4.7,26.00
比格比萨自助(哈尔滨中央大街店),126.619517,45.770273,餐饮,中央大街58号2层,餐饮服务;快餐厅;快餐厅,4.7,66.00
张家清真小吃,126.589799,45.736828,餐饮,新华街84号,餐饮服务;中餐厅;清真菜馆,4.7,23.00
白杨包子(道外区宏图街总店),126.699732,45.782376,餐饮,馨美家园小区东侧4号楼宏图街161(41-24)门市,餐饮服务;中餐厅;清真菜馆,4.7,27.00
张亮麻辣烫(哈尔滨金爵万象店),126.583313,45.698278,餐饮,哈尔滨大街580号,餐饮服务;中餐厅;中餐厅,4.7,30.00
董大美麻辣烫总店(贵新街店),126.626105,45.741252,餐饮,贵新街146号,餐饮服务;中餐厅;特色/地方风味餐厅,4.7,21.00
比格比萨自助(哈尔滨红博中央公园店),126.700679,45.757306,餐饮,红旗大街339号红博中央公园B2层17号,餐饮服务;餐饮相关场所;餐饮相关,4.7,60.00
螺与非螺蛳粉(中央大街店),126.617497,45.769916,餐饮,霞曼街52号(中央大街地铁站1号口步行160米),餐饮服务;餐饮相关场所;餐饮相关,4.7,29.00
胖姐快餐(六顺街),126.684913,45.736299,餐饮,六顺街副1-4-6号,餐饮服务;中餐厅;中餐厅,4.7,16.00
王记小馆(贵新小区店),126.629451,45.740915,餐饮,护军街16号(哈工大地铁站3号口步行460米),餐饮服务;中餐厅;中餐厅,4.7,25.00
遇见便当(南岗店),126.646276,45.761656,餐饮,阿什河街61号(博物馆地铁站2号口步行450米),餐饮服务;中餐厅;中餐厅,4.7,20.00
亮亮小吃砂锅坛肉(和平小区店),126.708144,45.764542,餐饮,南直路291-4号,餐饮服务;中餐厅;中餐厅,4.7,35.00
比格比萨自助(西城红场生活港店),126.593172,45.703030,餐饮,哈西大街299号西城红场生活港F6层,餐饮服务;快餐厅;快餐厅,4.7,70.00
珍粥道24小时(西城红场店),126.594115,45.703217,餐饮,哈西大街299号,餐饮服务;中餐厅;中餐厅,4.7,61.00
壹号螺蛳粉火锅(旗舰店),126.590274,45.699677,餐饮,和谐大道327号,餐饮服务;中餐厅;火锅店,4.6,66.00
老崔内蒙羊汤馅饼烧麦,126.674670,45.731722,餐饮,三辅街119号,餐饮服务;中餐厅;中餐厅,4.6,19.00
麦当劳(慧海餐厅),126.610569,45.724336,餐饮,市西大直街416号,餐饮服务;快餐厅;麦当劳,4.7,22.00
柳州肥姨妈大骨螺蛳粉(哈尔滨哈西万达店),126.587039,45.700398,餐饮,兴达路51号哈西万达广场,餐饮服务;中餐厅;中餐厅,4.7,20.00
珍粥道24小时(黄河路店),126.689301,45.754955,餐饮,黄河路73-1号,餐饮服务;快餐厅;快餐厅,4.6,58.00
比格比萨自助(哈尔滨学府路凯德店),126.608942,45.721194,餐饮,学府路1凯德广场·学府5F层,餐饮服务;快餐厅;快餐厅,4.7,64.00
冰城外婆铁锅焖面(哈尔滨中央大街店),126.616236,45.770680,餐饮,大安街88号(中央大街地铁站1号口步行210米),餐饮服务;中餐厅;中餐厅,4.6,24.00
炉具胡同百姓小吃(松发街店),126.579344,45.746222,餐饮,松发街29号,餐饮服务;中餐厅;中餐厅,4.7,53.00
麦当劳(安阳路得来速店),126.588159,45.742383,餐饮,安阳路一号(河山街地铁站1号口步行190米),餐饮服务;快餐厅;麦当劳,4.7,30.00
珍粥道24小时(上海街店),126.599169,45.764603,餐饮,上海街9-17号,餐饮服务;快餐厅;快餐厅,4.6,62.00
春饼小吃,126.644198,45.791414,餐饮,钱塘街149号,餐饮服务;中餐厅;中餐厅,4.6,63.00
街口王·羊汤馅饼(世贸店),126.520907,45.807479,餐饮,世贸大道221-2号,餐饮服务;中餐厅;中餐厅,4.7,23.00
肯德基(中央大街胶囊车店),126.619475,45.772425,餐饮,中央大街89号七道街马迭尔冷饮厅广场2层,餐饮服务;快餐厅;肯德基,4.6,40.00
米村拌饭(学府四道街店),126.616325,45.704207,餐饮,学府四道街3号楼1-2层5号,餐饮服务;中餐厅;中餐厅,4.7,33.00
潮汕打冷海鲜粥(河松小区店),126.579122,45.746053,餐饮,河柏街281号,餐饮服务;餐饮相关场所;餐饮相关,4.7,112.00
必胜客(果戈里大街店),126.647378,45.759034,餐饮,果戈里大街338号,餐饮服务;快餐厅;必胜客,4.7,60.00
壹号螺蛳粉火锅(中央大街店),126.596814,45.759453,餐饮,爱建路77号,餐饮服务;中餐厅;火锅店,4.6,74.00
喜家德虾仁水饺(哈尔滨新华店),126.627239,45.771728,餐饮,地段街与石头道街交口石头道街79号,餐饮服务;中餐厅;特色/地方风味餐厅,4.7,29.00
肯德基(东滨广场店),126.695441,45.726355,餐饮,延福街164号(延福街与升永街交汇处),餐饮服务;快餐厅;肯德基,4.7,32.00
胖大嫂手擀麻辣面(总店),126.630595,45.748994,餐饮,松花江街123号(哈工大地铁站2号口步行480米),餐饮服务;中餐厅;中餐厅,4.6,21.00
必胜客(哈尔滨西城红场店),126.592492,45.703426,餐饮,哈西大街299号西城红场F1B008-1,餐饮服务;快餐厅;必胜客,4.7,60.00
饭得标哈尔滨盒饭(哈西店),126.596175,45.706737,餐饮,西兴街41号,餐饮服务;中餐厅;中餐厅,4.6,17.00
朴实人家小吃(邮政街店),126.627909,45.747342,餐饮,邮政街434-2号(近哈工大),餐饮服务;中餐厅;中餐厅,4.6,32.00
麦当劳(万达餐厅),126.677904,45.740371,餐饮,衡山路17号万达广场万达百货1层,餐饮服务;快餐厅;麦当劳,4.7,27.00
老三小吃(哈工程店),126.678172,45.770368,餐饮,一曼街2-209-7号,餐饮服务;中餐厅;中餐厅,4.6,34.00
喜家德虾仁水饺(哈尔滨万象汇店),126.538531,45.809031,餐饮,世茂大道549号万象汇外围商业街1楼1W01号商铺,餐饮服务;餐饮相关场所;餐饮相关,4.6,34.00
柳州肥姨妈大骨螺蛳粉(红旗茂店),126.630395,45.605720,餐饮,新祥里街4号(新疆大街地铁站1号口步行160米),餐饮服务;餐饮相关场所;餐饮相关,4.6,17.00
新健小吃,126.650155,45.774637,餐饮,承德街79号,餐饮服务;中餐厅;中餐厅,4.6,48.00
红专尹胖子油炸糕(红专街店),126.613748,45.771971,餐饮,红专街88号门口,餐饮服务;快餐厅;快餐厅,4.6,11.00
必胜客(索菲亚店),126.626543,45.769321,餐饮,兆麟街63号(尚志大街地铁站1号口步行480米),餐饮服务;快餐厅;必胜客,4.7,64.00
喜家德虾仁水饺(世茂大道店),126.551516,45.805507,餐饮,世茂大道776号北岸明珠龙湾D栋106,餐饮服务;餐饮相关场所;餐饮相关,4.7,34.00
永吉小吃美食店,126.695217,45.732673,餐饮,农艺街7号(公滨路地铁站3B口步行440米),餐饮服务;中餐厅;中餐厅,4.6,43.00
张二清真小吃,126.589713,45.736914,餐饮,新华街94号,餐饮服务;中餐厅;清真菜馆,4.6,24.00
肯德基(鞍山街店),126.651333,45.764968,餐饮,东大直街下方地一大道210号穆斯林医院,餐饮服务;快餐厅;肯德基,4.6,38.00
板凳李川味米饭快餐(黑大三四高层小区店),126.619418,45.712242,餐饮,学府三道街46号,餐饮服务;快餐厅;快餐厅,4.5,28.00
大螺螺蛳粉(学府凯德店),126.607702,45.720498,餐饮,自兴街19号(学府路地铁站出入口步行290米),餐饮服务;中餐厅;中餐厅,4.6,20.00
喜家德虾仁水饺(大街店),126.585441,45.695275,餐饮,哈尔滨大街593号壹品新境小区,餐饮服务;中餐厅;特色/地方风味餐厅,4.6,34.00
麦当劳(哈尔滨南直路悦山国际店),126.708645,45.749413,餐饮,华轩美景东北2门旁,餐饮服务;快餐厅;麦当劳,4.7,32.00
旺盛小吃(康安小区北区店),126.591831,45.740915,餐饮,康安二道街47号(康安派出所),餐饮服务;中餐厅;中餐厅,4.5,37.00
欣欢元风味小吃(经北小区店),126.617660,45.767300,餐饮,经纬四道街10-4号,餐饮服务;中餐厅;中餐厅,4.6,33.00
满堂彩永和快餐店(爱建路店),126.603374,45.764895,餐饮,爱建路9-7号,餐饮服务;快餐厅;快餐厅,4.4,19.00
赛百味(哈西店),126.594247,45.689478,餐饮,哈尔滨大街辰能溪树庭院南区S4-2-16号一层,餐饮服务;快餐厅;快餐厅,4.5,25.00
喜家德虾仁水饺(家得乐悦然臻城店),126.685117,45.699331,餐饮,通乡街85号家得乐一楼,餐饮服务;中餐厅;中餐厅,4.6,35.00
炉具胡同百姓小吃(汉水路店),126.697286,45.744924,餐饮,汉水路237号,餐饮服务;餐饮相关场所;餐饮相关,4.5,40.00
工大小吃,126.637424,45.744844,餐饮,繁荣街147号,餐饮服务;中餐厅;中餐厅,4.6,35.00
必胜客(哈尔滨融创茂店),126.505350,45.802875,餐饮,世茂大道99号万达茂1号门1层,餐饮服务;快餐厅;必胜客,4.6,43.00
四哥冰糖葫芦传统小吃,126.618540,45.774833,餐饮,中央大街152号,餐饮服务;餐饮相关场所;餐饮相关,4.6,12.00
永顺小吃(长春街店),126.645239,45.790651,餐饮,长春街37号,餐饮服务;中餐厅;中餐厅,4.5,42.00
Pennehut畔尼意面(哈尔滨哈西万达店),126.587125,45.700225,餐饮,哈西大街168号万达广场3f3037A,餐饮服务;餐饮相关场所;餐饮相关,4.3,55.00
赛百味(枫叶小镇奥特莱斯店),126.463714,45.823114,餐饮,中源大道16999号,餐饮服务;快餐厅;快餐厅,4.4,25.00
阳光快餐(师大店),126.625281,45.724547,餐饮,和兴路50号师大院内家属楼2栋2单元102室,餐饮服务;快餐厅;快餐厅,4.4,32.00
盛安小吃,126.648733,45.783786,餐饮,南八道街30号,餐饮服务;中餐厅;中餐厅,4.4,56.00
李先生牛肉面大王(哈尔滨通乡街餐厅),126.684954,45.699293,餐饮,进乡街道通乡街东侧85号1层F1-4A/F1-5/6F1-11岛,餐饮服务;快餐厅;快餐厅,4.3,29.00
塔斯汀中国汉堡(哈尔滨市道里凯旋城店),126.606314,45.749136,餐饮,新阳路街道新阳路365号凯旋城休闲购物广场,餐饮服务;餐饮相关场所;餐饮相关,4.5,23.00
秋姐快餐(通站街店),126.684191,45.723024,餐饮,通站街76号,餐饮服务;快餐厅;快餐厅,4.6,11.00
顾乡张二清真小吃(河山街店),126.583597,45.747102,餐饮,河山街116-3号,餐饮服务;餐饮相关场所;餐饮相关,4.4,16.00
云梦小吃,126.556543,45.707434,餐饮,金山堡三道街,餐饮服务;中餐厅;火锅店,4.6,31.00
肯德基(太平洋商厦店),126.633416,45.605708,餐饮,新疆大街8号,餐饮服务;快餐厅;肯德基,4.6,36.00
成都小吃(第五方圆里),126.662232,45.746149,餐饮,第五方圆里18-2,餐饮服务;中餐厅;中餐厅,4.4,50.00
丁香小吃(宜居家园B区店),126.521788,45.716240,餐饮,宜居家园B区西南门旁,餐饮服务;中餐厅;中餐厅,4.5,43.00
破摊小串·野馄饨电烤(上江街店),126.578652,45.732779,餐饮,上江街17-2号,餐饮服务;中餐厅;中餐厅,4.5,74.00
华莱士·全鸡汉堡(太平大街店),126.686907,45.789579,餐饮,维也纳河畔新城16栋1层8号商服,餐饮服务;快餐厅;快餐厅,4.5,18.00
桂在香知桂林米粉(王府井店),126.566217,45.732781,餐饮,景江东路899号王府井购物中心关东古巷店B1层,餐饮服务;快餐厅;快餐厅,4.1,21.00
魏家小吃(长春街店),126.640021,45.787628,餐饮,长春街232号,餐饮服务;中餐厅;中餐厅,4.3,13.00
鹤记生煎(万达广场哈尔滨哈西店),126.587100,45.699721,餐饮,中兴大道168号万达广场(哈尔滨哈西店)1F层D2-45,餐饮服务;中餐厅;中餐厅,4.3,21.00
健康小吃,126.649515,45.774343,餐饮,承德街16号,餐饮服务;中餐厅;中餐厅,4.5,13.00
湘约小吃(贵新小区店),126.629105,45.741132,餐饮,贵新街1号贵新小区,餐饮服务;中餐厅;中餐厅,4.3,37.00
华莱士·全鸡汉堡(革新街店),126.661936,45.750669,餐饮,省果戈里大街与巴山街交叉路口往东约50米(果戈里大街35号院),餐饮服务;快餐厅;快餐厅,4.3,18.00
盒饭侠自助快餐,126.647843,45.763884,餐饮,龙江街74-2号,餐饮服务;餐饮相关场所;餐饮相关,4.5,13.00
成滨牛肉板面(职工大院店),126.686587,45.735919,餐饮,三辅三道街56-2号,餐饮服务;中餐厅;安徽菜(徽菜),4.4,18.00
沙县小吃(万达华府店),126.591724,45.700382,餐饮,哈西万达华府东区B4-28,餐饮服务;中餐厅;特色/地方风味餐厅,4.4,18.00
178扒肉快捷小吃,126.670273,45.591100,餐饮,-保国五道街与集智街交叉口南50米,餐饮服务;中餐厅;中餐厅,4.5,36.00
奥斯小吃,126.614848,45.716856,餐饮,文兴街55号靠近中国邮政储蓄银行,餐饮服务;中餐厅;中餐厅,4.3,26.00
华莱士·全鸡汉堡(哈尔滨梓华山店),126.685032,45.763410,餐饮,省华山小区A栋-1-2层4号门市,餐饮服务;快餐厅;快餐厅,4.3,18.00
满街香大碗麻辣烫总店,126.587041,45.735738,餐饮,华义街12号,餐饮服务;中餐厅;中餐厅,4.3,17.00
北方小吃,126.668490,45.754596,餐饮,宣威街12-6号2单元103门,餐饮服务;餐饮相关场所;餐饮相关,4.2,88.00
秋豪单记板面(征仪路店),126.634400,45.697142,餐饮,征仪路420号(征仪路地铁站4号口步行200米),餐饮服务;中餐厅;中餐厅,4.5,16.00
润园粥道中式快餐(润广尚城店),126.645339,45.758708,餐饮,建设街80-6号(博物馆地铁站3A口步行140米),餐饮服务;快餐厅;快餐厅,4.4,21.00
老金山朝鲜风味小吃(安国小区店),126.614420,45.766441,餐饮,安道街94号(中央大街地铁站2号口步行150米),餐饮服务;外国餐厅;韩国料理,4.1,39.00
永胜小吃(高明小区店),126.977414,45.540375,餐饮,金城街道高明小区八号楼,餐饮服务;中餐厅;中餐厅,4.2,40.00
福咔恰铁板牛肉汉堡(比优特红博店),126.696275,45.757025,餐饮,红旗大街339号红博中央公园B2层比优特超市门口左转,餐饮服务;快餐厅;快餐厅,3.8,20.00
华莱士·全鸡汉堡(哈尔滨哈西站店),126.579556,45.706515,餐饮,哈尔滨大街501号哈尔滨西站候车厅B11,餐饮服务;快餐厅;快餐厅,4.0,18.00
品味居小吃(大方里街店),126.666025,45.782863,餐饮,大方里小区223栋,餐饮服务;中餐厅;中餐厅,4.3,9.00
City1+1城市比萨·意面(松北大润发店),126.527896,45.807651,餐饮,世茂大道400号大润发超市1层1013号铺,餐饮服务;餐饮相关场所;餐饮相关,3.9,33.00
聚鑫小吃(延平街店),126.682462,45.780944,餐饮,太安大街43号新乐小区,餐饮服务;中餐厅;中餐厅,4.2,38.00
董小姐鸡西刀削面(农垦小吃街联盟店),126.529923,45.873326,餐饮,利民开发区学院路B1栋22号商服,餐饮服务;中餐厅;中餐厅,4.2,16.00
沙县小吃(通顺街店),126.600698,45.737205,餐饮,通顺街2-1号,餐饮服务;中餐厅;特色/地方风味餐厅,4.4,23.00
进香小吃(丁香家园店),126.685662,45.705648,餐饮,进乡街65-1号(进乡街地铁站2号口旁),餐饮服务;中餐厅;中餐厅,4.3,28.00
道外张二清真小吃,126.647338,45.778640,餐饮,德胜街87号,餐饮服务;中餐厅;清真菜馆,4.3,27.00
美鑫源快餐店(安心街店),126.615648,45.752464,餐饮,安心街172-2号,餐饮服务;快餐厅;快餐厅,4.4,18.00
金都烧烤小吃(哈尔滨中央大街店),126.615918,45.770837,餐饮,通江街39号(中央大街地铁站1号口步行200米),餐饮服务;中餐厅;特色/地方风味餐厅,4.2,57.00
沙县小吃(经纬头道街店),126.622403,45.765143,餐饮,经纬头道街38-1号,餐饮服务;中餐厅;特色/地方风味餐厅,4.3,31.00
魔都三兄弟.重庆小面.川渝小吃(哈尔滨太平桥百盛店),126.676295,45.783806,餐饮,东直路118号百盛购物中心(太平桥店)B1,餐饮服务;餐饮相关场所;餐饮相关,4.0,26.00
华莱士·全鸡汉堡(托斯卡纳店),126.566408,45.881433,餐饮,托斯卡纳D-B21幢1层3号商服,餐饮服务;快餐厅;快餐厅,4.1,18.00
顺玉朝鲜小吃(苗圃小区B区店),126.627306,45.732650,餐饮,汉兴街84号,餐饮服务;中餐厅;中餐厅,4.1,43.00
南玉朝鲜风味小吃,126.610904,45.771449,餐饮,红砖街147-1号(近通江街),餐饮服务;外国餐厅;韩国料理,4.2,61.00
沙县小吃(革新街店),126.660607,45.752831,餐饮,革新街49-1附近,餐饮服务;中餐厅;特色/地方风味餐厅,4.2,17.00
胡七万快餐店(旭辉苑店),126.663975,45.704075,餐饮,旭升街地铁站1号口步行190米,餐饮服务;快餐厅;快餐厅,4.3,14.00
和氏快餐盒饭(古香小区店),126.679312,45.724430,餐饮,香顺街1号,餐饮服务;快餐厅;快餐厅,4.2,13.00
福八盒饭·快餐,126.691940,45.727817,餐饮,安埠街402号(公滨路地铁站3A口步行410米),餐饮服务;快餐厅;快餐厅,4.3,15.00
德生小吃部,126.630393,45.713969,餐饮,学府三道街3-3号,餐饮服务;中餐厅;中餐厅,4.0,35.00
一手店(河政花园住宅小区店),126.590662,45.749363,餐饮,河松街15-2号河政小区2栋3单元1楼1门,餐饮服务;餐饮相关场所;餐饮相关,4.1,39.00
尹记清真小吃(马家街店),126.648938,45.757434,餐饮,马家街63号,餐饮服务;中餐厅;清真菜馆,4.3,58.00
喜辣猫干汁大碗麻辣烫(辽阳街店),126.652020,45.767193,餐饮,辽阳街61-3号,餐饮服务;中餐厅;中餐厅,4.3,14.00
臻记港式快餐,126.648026,45.783091,餐饮,南七道街166号太古新天地207栋-1-1层13号,餐饮服务;快餐厅;快餐厅,3.8,24.00
炉具胡同百姓小吃(世博路店),126.527196,45.811019,餐饮,世茂大道277号你好荷兰城,餐饮服务;中餐厅;中餐厅,4.5,16.00
古火肴烧饼铺子(工农大街店),126.563837,45.721871,餐饮,新城小区112栋3单元1层1号(原工农大街639号王记砂锅),餐饮服务;快餐厅;快餐厅,4.2,6.00
重庆特色小吃(文治头道街店),126.644475,45.730075,餐饮,文治头道街33号,餐饮服务;中餐厅;四川菜(川菜),4.1,25.00
回香小吃,126.632560,45.600634,餐饮,建文头道街10号5单元1楼1门,餐饮服务;中餐厅;清真菜馆,4.3,58.00
旮旯小吃(河润街店),126.599965,45.754165,餐饮,河阳街4号,餐饮服务;餐饮相关场所;餐饮相关,4.2,70.00
陕西名小吃(复华小区店),126.636351,45.744825,餐饮,复华小区C-2栋1层3B号,餐饮服务;餐饮相关场所;餐饮相关,4.0,27.00
宏仁快餐(海上银座B栋店),126.598419,45.764691,餐饮,上海街7号海上银座B栋F1层,餐饮服务;快餐厅;快餐厅,4.0,13.00
沙县小吃(仪兴小区店),126.611731,45.729589,餐饮,西大直街381号仪兴医院,餐饮服务;中餐厅;中餐厅,4.3,16.00
街头小吃(道里店),126.609980,45.758439,餐饮,安国街202-1号,餐饮服务;餐饮相关场所;餐饮相关,4.4,65.00
宏伟小吃(平湖小区店),126.694734,45.792495,餐饮,新江桥街34号,餐饮服务;中餐厅;中餐厅,4.2,15.00
兴鹏小吃,126.296420,45.390370,餐饮,迎宾路162号,餐饮服务;中餐厅;中餐厅,4.1,37.00
胡七万快餐连锁,126.706253,45.733896,餐饮,南直路27号(南直路地铁站3号口旁),餐饮服务;快餐厅;快餐厅,4.3,14.00
露露韩式砂锅快餐(公安局家属楼店),127.981892,45.210558,餐饮,尚志镇东大直街(公安家属楼下),餐饮服务;外国餐厅;韩国料理,4.2,29.00
白雪小吃(振兴街51号小区店),126.613259,45.720793,餐饮,振兴街51号(学府路地铁站3B口步行420米),餐饮服务;中餐厅;中餐厅,4.1,27.00
李记坛肉老道外小吃(巴山街店),126.661371,45.751393,餐饮,奋斗路街道巴山街21-23号,餐饮服务;中餐厅;中餐厅,4.0,15.00
峰华快餐,126.622990,45.723083,餐饮,和兴路50号哈尔滨师范大学院内,餐饮服务;快餐厅;快餐厅,4.4,29.00
弘晟快餐(台胞小区店),126.650794,45.789924,餐饮,北十四道街62号,餐饮服务;快餐厅;快餐厅,4.4,23.00
利新小吃,127.109428,46.443147,餐饮,兴隆镇得权委3组中心路85号,餐饮服务;中餐厅;中餐厅,3.9,22.00
瑞兴小吃(苗圃小区B区店),126.629227,45.733464,餐饮,五瑞街8号,餐饮服务;中餐厅;中餐厅,4.1,30.00
哈尔滨市香坊区烤斗士烤肉饭快餐店,126.695042,45.739493,餐饮,红旗大街赣水路201-14号,餐饮服务;中餐厅;中餐厅,3.9,11.00
邵大伟生煎包粥铺(果园街店),126.705304,45.725805,餐饮,果园街15-4号,餐饮服务;餐饮相关场所;餐饮相关,4.3,19.00
福顺小吃(民益街店),126.637250,45.758910,餐饮,民益街103-1号,餐饮服务;中餐厅;中餐厅,4.3,32.00
白云边第一家快餐,126.556050,45.708220,餐饮,城乡路金城街白云边第一家快餐,餐饮服务;快餐厅;快餐厅,3.9,52.00
清真面馆小吃(民生尚都瑞园店),126.520900,45.718808,餐饮,民生尚都崂山路299号,餐饮服务;中餐厅;清真菜馆,4.2,32.00
潘记粥铺营养快餐(哈尔滨中央大街哈站北广场瀚瑞酒店店),126.629095,45.761464,餐饮,哈尔滨站出入口旁,餐饮服务;快餐厅;快餐厅,4.1,36.00
名厨风味小吃,126.692666,45.784804,餐饮,红河小区五街区501栋4单元1楼2号,餐饮服务;中餐厅;中餐厅,4.2,35.00
新疆天山烧烤小吃(南马路店),126.640072,45.774757,餐饮,南马路97号,餐饮服务;餐饮相关场所;餐饮相关,4.2,64.00
南方小吃店,126.614964,45.703582,餐饮,学府路88号(黑龙江大学地铁站3B口步行310米),餐饮服务;中餐厅;中餐厅,4.2,13.00
老妈滋味小吃(贵新小区店),126.629151,45.741102,餐饮,护军街20号(哈工大地铁站3号口步行430米),餐饮服务;中餐厅;中餐厅,4.0,19.00
英姐快餐(城东新居B区店),126.726347,45.733443,餐饮,木材街副27-3号城东新居B区3栋8号商服,餐饮服务;快餐厅;快餐厅,4.0,17.00
回回香小吃(香坊区建德小区店),126.705203,45.731049,餐饮,果园街139号(公滨路),餐饮服务;中餐厅;清真菜馆,4.1,47.00
薛家快餐,126.601128,45.985630,餐饮,公园路29号,餐饮服务;餐饮相关场所;餐饮相关,4.1,19.00
富婆婆快餐(松北店),126.535516,45.813495,餐饮,凯利汽车广场西区1-23号,餐饮服务;快餐厅;快餐厅,3.6,25.00
栗子哥盒饭快餐店(衡山路店),126.677026,45.738107,餐饮,衡山路5号(省医院地铁站2号口步行120米),餐饮服务;快餐厅;快餐厅,4.2,24.00
姚记风味小吃(滨江凤凰城南区店),126.663025,45.787618,餐饮,南新街37号(靖宇公园地铁站1号口步行350米),餐饮服务;快餐厅;快餐厅,4.0,34.00
老兵的士快餐(辽河小区店),126.691306,45.761997,餐饮,淮河路303-2号,餐饮服务;快餐厅;快餐厅,4.0,13.00
王小胖大理过桥米线,126.663175,45.754773,餐饮,文教街91-1号,餐饮服务;中餐厅;特色/地方风味餐厅,4.1,14.00
伊顺斋快餐(松研住宅小区店),126.639909,45.717106,餐饮,哈平六道街10号4栋2单元1层2号,餐饮服务;快餐厅;快餐厅,3.9,28.00
糖墩墩多味传统小吃店,126.615101,45.770522,餐饮,大安街与通江街交叉口西60米,餐饮服务;餐饮相关场所;餐饮相关,4.4,17.00
香胖子一碗肉小吃部,126.612075,45.771581,餐饮,红专街112号,餐饮服务;中餐厅;中餐厅,4.3,12.00
小吃便宜坊,127.969063,45.227721,餐饮,纺织街44号,餐饮服务;中餐厅;中餐厅,4.0,20.00
炉具胡同百姓小吃(哈西店),126.587043,45.689213,餐饮,王岗大街691号,餐饮服务;中餐厅;中餐厅,4.4,54.00
农垦小吃街联盟(翰林辰霞店),126.529700,45.873704,餐饮,胜利街与柏林路交叉口东北20米,购物服务;特色商业街;特色商业街,4.1,15.00
老五抻面小吃(哈尔滨五常市建设大街步行街店),127.159671,44.918049,餐饮,五常市二商店后院,餐饮服务;中餐厅;中餐厅,4.1,39.00
马二清真小吃(星光家属小区店),126.672178,45.711506,餐饮,大庆副路8-1号,餐饮服务;中餐厅;清真菜馆,4.0,23.00
鑫达风味小吃(西环路店),127.464642,45.744759,餐饮,G1011哈同高速入口与G1011哈同高速出口交叉口西100米,餐饮服务;中餐厅;中餐厅,4.0,34.00
杨国文麻辣小吃(银行小区店),126.628525,45.776471,餐饮,买卖街233号,餐饮服务;中餐厅;中餐厅,4.1,14.00
胖姐快餐(西典家园店),126.597802,45.703653,餐饮,哈西西典家园b2栋1单元,餐饮服务;中餐厅;中餐厅,4.1,49.00
靓点小吃部(文林社区店),126.643728,45.740799,餐饮,文库街19-5号,餐饮服务;中餐厅;中餐厅,3.9,7.00
回香小吃(道外区宏图街店),126.695339,45.781157,餐饮,宏图街181-2号(哈一机第八区楼房小区对面),餐饮服务;中餐厅;清真菜馆,4.1,20.00
闽南小吃,126.621439,45.771135,餐饮,西十一道街40号室内B57、59号闽南五香卷,餐饮服务;中餐厅;中餐厅,3.8,18.00
满满香特色小吃,126.671060,45.616747,餐饮,青岛路麦肯对面满满香小吃,餐饮服务;中餐厅;中餐厅,4.2,17.00
小猪憨尼,126.640804,45.783150,餐饮,中华巴洛克关东美食街B001,餐饮服务;中餐厅;火锅店,4.2,19.00
半亩田刀削面·扒肉快餐,126.601290,45.987216,餐饮,顺记胡同19号半亩田刀削面扒肉快餐,餐饮服务;中餐厅;中餐厅,4.0,33.00
沙县小吃(鞍山街店),126.649266,45.765003,餐饮,升昇旅店西南门旁,餐饮服务;中餐厅;中餐厅,4.2,18.00
造到堡西式快餐(哈南万达店),126.617566,45.573662,餐饮,平房区哈南万达华府门市E区E3-18号,餐饮服务;快餐厅;快餐厅,3.7,31.00
海利快餐(海利百货店),126.650029,45.766337,餐饮,铁岭街86、100-2号海利百货2层,餐饮服务;快餐厅;快餐厅,4.0,16.00
嗨!有家快餐,126.602020,45.769476,餐饮,工程街-89号(人民广场地铁站2号口步行400米),餐饮服务;快餐厅;快餐厅,3.8,13.00
民航快餐,126.692064,45.739553,餐饮,赣水路232号(珠江路地铁站3号口步行380米),餐饮服务;快餐厅;快餐厅,4.1,14.00
好民居快餐(滨江新城F区店),126.664972,45.786216,餐饮,太古街32号副6号滨江新城F区,餐饮服务;中餐厅;中餐厅,4.4,[]
哈尔滨市阿城区寻味小吃(牌东路店),126.980067,45.542745,餐饮,和平小区36号楼,餐饮服务;中餐厅;中餐厅,4.2,25.00
餐尚瘾快餐店(东都公元2期店),126.779398,45.788981,餐饮,天恒大街179号东都公园小区2区16栋8号门市,餐饮服务;快餐厅;快餐厅,4.1,13.00
宋小毛自助快餐,126.670706,45.712063,餐饮,大庆副路22号1层,餐饮服务;快餐厅;快餐厅,4.1,16.00
胖姨小吃(温馨家园店),126.673836,45.749603,餐饮,宣庆街与长江路交叉口西北40米,餐饮服务;中餐厅;中餐厅,4.0,[]
必胜客(松北万象汇餐厅),126.537146,45.809924,餐饮,世茂大道555号哈尔滨松北万象汇L2层,餐饮服务;快餐厅;必胜客,4.6,59.00
米村拌饭(松北万象汇店),126.538469,45.810079,餐饮,世茂大道555号万象汇3楼L393号麦当劳那个门上去三楼直梯对面,餐饮服务;外国餐厅;韩国料理,4.5,29.00
吧吧香五常老式麻辣烫,126.531067,45.807724,餐饮,天翔街855号城市之星小区G3综合楼一层A124号商服,餐饮服务;餐饮相关场所;餐饮相关,4.4,19.00
老羊倌羊汤小馆,126.525710,45.799585,餐饮,世纪大道1181号,餐饮服务;中餐厅;中餐厅,4.4,27.00
比格比萨自助(哈尔滨松北万象汇店),126.538007,45.809751,餐饮,世茂大道555号万象汇3层,餐饮服务;快餐厅;快餐厅,4.5,72.00
喜家德虾仁水饺(松北大润发店),126.527558,45.807571,餐饮,世茂大道400号城市之星小区S1号综合体1-3层,餐饮服务;餐饮相关场所;餐饮相关,4.6,31.00
吉野家(松北大润发店),126.527679,45.807361,餐饮,世茂大道400号城市之星小区S1号综合体1-3层01号大润发(松北店),餐饮服务;快餐厅;吉野家,4.4,30.00
邵胖子麻辣烫(世茂大道万象汇店),126.538878,45.810006,餐饮,世茂大道555号哈尔滨松北万象汇B1层,餐饮服务;中餐厅;中餐厅,4.4,17.00
麦当劳(万象汇店),126.538919,45.810608,餐饮,世茂大道555号华润万象汇L1层L1555号商铺,餐饮服务;快餐厅;麦当劳,4.7,47.00
味千拉面(万象汇店),126.538808,45.810007,餐饮,松北街道世茂大道555号哈尔滨松北万象汇3层L361号,餐饮服务;外国餐厅;日本料理|生活服务;生活服务场所;生活服务场所,4.1,53.00
桂在香知桂林米粉(世茂大道万象汇店),126.538685,45.810180,餐饮,世贸大道555号华润万象汇B161商铺,餐饮服务;中餐厅;中餐厅,4.2,21.00
肯德基(松北润发店),126.527783,45.807732,餐饮,世茂大道400号城市之星小区S1号综合体,餐饮服务;快餐厅;肯德基,4.6,23.00
李先生牛肉面大王(哈尔滨松北万象汇餐厅),126.538791,45.809896,餐饮,世茂大道555号华润万象汇B1,餐饮服务;餐饮相关场所;餐饮相关,4.2,19.00
泰乐一品·咖喱蛋包饭(万象汇店),126.537440,45.809955,餐饮,世茂大道555号华润万象汇L3层L315号商铺,餐饮服务;快餐厅;快餐厅,4.0,81.00
正居鲜面(万象汇店),126.538184,45.809718,餐饮,世茂大道555号哈尔滨松北万象汇B1层,餐饮服务;快餐厅;快餐厅,4.1,15.00
麦当劳(哈尔滨松北嗨梦餐厅),126.526647,45.809073,餐饮,世茂大道247号,餐饮服务;快餐厅;麦当劳,4.7,32.00
面恩老陈记羊杂面,126.525274,45.799464,餐饮,世纪大道1217号,餐饮服务;中餐厅;中餐厅,4.4,34.00
李先生牛肉面大王(哈尔滨世贸大道餐厅),126.527326,45.808825,餐饮,世贸大道247号,餐饮服务;快餐厅;快餐厅,4.3,29.00
肯德基(松北万象汇店),126.537181,45.809971,餐饮,世茂大道555号哈尔滨松北万象汇F3层,餐饮服务;快餐厅;肯德基,4.6,48.00
原汁原味包子铺(北岸明珠店),126.545448,45.804845,餐饮,新湾路585号(近市政府、太阳岛),餐饮服务;餐饮相关场所;餐饮相关,4.3,14.00
味到西安(松北店),126.525783,45.808582,餐饮,世贸大道245号(世茂大道与鑫源街交汇处),餐饮服务;中餐厅;西北菜,4.4,35.00
王春春鸡汤饭(哈尔滨万象汇店),126.538876,45.810172,餐饮,世茂大道555号华润万象汇负一楼B158号商铺,餐饮服务;中餐厅;中餐厅,4.0,27.00
鸡柳大人(江北万象汇店),126.538836,45.809834,餐饮,世茂大道555号华润置地哈尔滨松北万象汇SB140号,餐饮服务;快餐厅;快餐厅,4.0,15.00
牛牧田冒菜店,126.538794,45.809873,餐饮,松北街道万象汇,餐饮服务;中餐厅;中餐厅,3.5,20.00
福咔恰铁板牛肉汉堡(松北万象汇店),126.538780,45.809981,餐饮,世茂大道555号华润万象汇负1楼中岛,餐饮服务;快餐厅;快餐厅,3.8,20.00
柳州肥姨妈大骨螺蛳粉(松北世茂大道店),126.514566,45.805581,餐饮,世茂大道143号,餐饮服务;餐饮相关场所;餐饮相关,4.7,28.00
盖东来大块牛肉饭(凯利店),126.536230,45.811300,餐饮,世博路714号,餐饮服务;中餐厅;中餐厅,4.3,20.00
榆林镇筋饼(世茂大道店),126.522311,45.807845,餐饮,世纪花园B区46栋1号商服,餐饮服务;中餐厅;中餐厅,4.6,54.00
鑫禧禾五嫂面馆,126.521972,45.807783,餐饮,世茂大道221-14号,餐饮服务;餐饮相关场所;餐饮相关,4.7,21.00
五爷拌面(世纪花园店),126.521815,45.807705,餐饮,世茂大道221-12号附近,餐饮服务;餐饮相关场所;餐饮相关,4.3,26.00
小陶牛肉汤(世纪花园B区店),126.524783,45.808397,餐饮,世纪花园B区37栋2号商服,餐饮服务;中餐厅;中餐厅,4.5,23.00
塔斯汀中国汉堡(伊春市南岔步行街店),126.538855,45.812886,餐饮,聚源街406号,餐饮服务;快餐厅;快餐厅,4.6,18.00
四宝牛杂面(凯利广场店),126.537500,45.811839,餐饮,世博路591号,餐饮服务;中餐厅;中餐厅,4.4,21.00
晓宇盒饭(万象汇店),126.536831,45.811334,餐饮,世博路678号华润·幸福里,餐饮服务;中餐厅;中餐厅,4.4,16.00
辛焖道鸡公煲(世贸大道店),126.522523,45.807891,餐饮,世贸大道221-19号,餐饮服务;中餐厅;中餐厅,4.5,41.00
满宝馄饨(HRB万象汇店),126.539925,45.811025,餐饮,聚源街201号,餐饮服务;中餐厅;中餐厅,4.4,20.00
牛约堡-牛肉汉堡(哈尔滨万象汇店),126.538054,45.811361,餐饮,世博路548号,餐饮服务;快餐厅;快餐厅,4.1,34.00
大西北拉面,126.537727,45.811346,餐饮,凯利广场世博路580号,餐饮服务;中餐厅;清真菜馆,4.3,18.00
谷大妈川湘菜,126.518908,45.806922,餐饮,世纪花园B区11号楼2号商服,餐饮服务;快餐厅;快餐厅,4.5,30.00
众德济·自助水饺,126.519509,45.807063,餐饮,世茂大道203号,餐饮服务;中餐厅;特色/地方风味餐厅,4.5,24.00
陈记老七手擀面(世纪花园店),126.519848,45.807175,餐饮,世茂大道221号世纪花园B区,餐饮服务;中餐厅;中餐厅,4.5,24.00
顽皮姥爷吃货铺(世茂大道店),126.519221,45.806955,餐饮,世茂大道199号,餐饮服务;餐饮相关场所;餐饮相关,4.5,27.00
伊润牛拉(世茂大道店),126.521246,45.807607,餐饮,世茂大道221-6号,餐饮服务;快餐厅;快餐厅,4.4,21.00
李海龙麻辣烫(华润·幸福里店),126.537876,45.811366,餐饮,世博路574万象汇东侧,餐饮服务;中餐厅;火锅店,4.2,25.00
福明兄弟大碗麻辣烫(华润·幸福里店),126.538786,45.811253,餐饮,世博路504号,餐饮服务;中餐厅;特色/地方风味餐厅,4.3,15.00
顺溜麻辣烫,126.536327,45.811793,餐饮,世博路683号,餐饮服务;中餐厅;中餐厅,4.4,22.00
馫之味九记潮汕砂锅粥(松北店),126.511709,45.805456,餐饮,松祥街道宏源街87号,餐饮服务;中餐厅;中餐厅,4.6,79.00
正宗淮南牛肉汤(华润·幸福里店),126.536475,45.811850,餐饮,世博路675号,餐饮服务;中餐厅;安徽菜(徽菜)|生活服务;生活服务场所;生活服务场所,4.4,22.00
遇见便当(凯利店),126.537566,45.813981,餐饮,中源大道11088号凯利广场东区3号楼3-113-13号商服,餐饮服务;餐饮相关场所;餐饮相关,4.4,19.00
志勇烧饼凯利店,126.538882,45.812626,餐饮,聚源街376号,餐饮服务;餐饮相关场所;餐饮相关,4.2,12.00
艳良绥化酸菜汤(世纪花园A区店),126.515055,45.805684,餐饮,世贸大道151号,餐饮服务;中餐厅;中餐厅,4.5,19.00
杨妈蒸饺(松北店),126.536467,45.813948,餐饮,凯利汽车广场东14-19,餐饮服务;中餐厅;特色/地方风味餐厅,4.3,51.00
哈明亮透汁包子铺(北岸明珠店),126.550697,45.806310,餐饮,世茂大道776号北岸明珠龙湾E栋102商服,餐饮服务;快餐厅;快餐厅,4.3,13.00
邵大伟生煎包粥铺(前进家园店),126.540013,45.812855,餐饮,聚源街和世文路交叉口,餐饮服务;中餐厅;中餐厅,4.4,12.00
张记板面前进总店,126.540280,45.813185,餐饮,前进家园5号楼19号商服,餐饮服务;中餐厅;中餐厅,4.3,20.00
晓霞盒饭,126.539955,45.813196,餐饮,前进家园小区一期5号楼s16号,餐饮服务;中餐厅;中餐厅,4.2,14.00
围裙奶奶面馆(北岸明珠店),126.551497,45.805693,餐饮,北岸明珠龙湾D栋103室,餐饮服务;餐饮相关场所;餐饮相关,4.4,21.00
鸡西超级大冷面(世纪花园店),126.515163,45.805719,餐饮,世茂大道153号世纪花园a区93栋,餐饮服务;中餐厅;中餐厅,4.2,32.00
东四胡同四宝牛杂面(融创店),126.512564,45.804928,餐饮,世纪花园A区90号楼3号,餐饮服务;中餐厅;中餐厅,4.4,19.00
华莱士·全鸡汉堡(哈尔滨师范附小店),126.517042,45.810535,餐饮,祥安南大街1627号宜和园华莱士,餐饮服务;快餐厅;快餐厅,4.3,18.00
绥化酸菜汤(松北店),126.514323,45.804463,餐饮,世茂滨江新城一期1区2栋13号商服世贸大道82-13,餐饮服务;中餐厅;中餐厅,4.2,18.00
吉晟居砂锅面(世纪花园A区店),126.511977,45.807889,餐饮,世博路2644号,餐饮服务;餐饮相关场所;餐饮相关,4.2,15.00
王泱懿汤膳面,126.513757,45.805298,餐饮,世茂大道129号,餐饮服务;餐饮相关场所;餐饮相关,4.3,14.00
临榆炸鸡腿(世博路店),126.514351,45.809177,餐饮,健康世纪花园(世博路)89号楼5号商服,餐饮服务;快餐厅;快餐厅,4.5,21.00
喜家德虾仁水饺(融创茂店),126.505651,45.803823,餐饮,世茂大道融创茂永辉超市1楼,餐饮服务;快餐厅;快餐厅,4.6,30.00
口福鸡西刀削面(世纪花园A区店),126.513448,45.808368,餐饮,世博路2530号,餐饮服务;快餐厅;快餐厅,4.4,16.00
姜志勇烧饼店,126.512262,45.807954,餐饮,世博路2620号,餐饮服务;快餐厅;快餐厅,4.3,7.00
龙跃熏酱油泼面(怡园小区店),126.559621,45.808009,餐饮,松北一路33号,餐饮服务;中餐厅;中餐厅,4.1,30.00
里面牛肉面馆,126.557913,45.809834,餐饮,华润·中海·江城东2门北50米,餐饮服务;中餐厅;中餐厅,4.2,28.00
肯德基(松北万达茂店),126.505084,45.803665,餐饮,世茂大道99号融创茂1层,餐饮服务;冷饮店;冷饮店,4.6,38.00
米村拌饭(哈尔滨融创茂店),126.503406,45.803215,餐饮,世茂大道99号融创茂三层3036号商铺,餐饮服务;中餐厅;中餐厅,4.4,33.00
吉野家(哈尔滨融创茂店),126.504829,45.804057,餐饮,世茂大道99号万达茂商场内步行街1层1031A商铺,餐饮服务;快餐厅;快餐厅,4.4,30.00
东方饺子王(融创茂店),126.503976,45.803662,餐饮,世茂大道99号融创茂3层3025号,餐饮服务;中餐厅;特色/地方风味餐厅,4.4,41.00
塔斯汀中国汉堡(哈尔滨市松北融创茂店),126.505559,45.804335,餐饮,世茂大道99号融创茂一层J1层,餐饮服务;快餐厅;快餐厅,4.5,18.00
项大娘生烫牛肉米线(江北商大店),126.557486,45.819651,餐饮,文汇路229号,餐饮服务;中餐厅;中餐厅,4.5,21.00
马记远兰州牛肉面(融创茂店),126.503086,45.803383,餐饮,世茂大道99号融创茂3楼中岛3015号,餐饮服务;餐饮相关场所;餐饮相关,4.3,31.00
霸夫蒜香炸鸡(融创店),126.503310,45.803352,餐饮,世茂大道99号哈尔滨融创茂F3层,餐饮服务;快餐厅;快餐厅,4.3,15.00
麦当劳(松北万达店),126.502445,45.803370,餐饮,世茂大道99号万达茂购物中心1层1001-1003A,餐饮服务;快餐厅;麦当劳,4.6,32.00
李先生牛肉面大王(哈尔滨松北融创茂餐厅),126.502999,45.803304,餐饮,世茂大道99号,餐饮服务;快餐厅;快餐厅,4.2,21.00
佟源记炸肉(哈尔滨融创茂店),126.505735,45.803943,餐饮,世茂大道99号哈尔滨融创茂F1层永辉超市入口旁,餐饮服务;餐饮相关场所;餐饮相关,3.9,25.00
满巍明生炸鸡架(哈尔滨市融创茂店),126.503296,45.803468,餐饮,世茂大道99号融创茂3层3052B号商铺,餐饮服务;中餐厅;中餐厅,3.7,22.00
华莱士·全鸡汉堡(松北商大店),126.560207,45.816325,餐饮,学海街1395号银河小区2号楼5号商服,餐饮服务;快餐厅;快餐厅,4.1,18.00
龙海饺子坊(银河小区店),126.560253,45.815625,餐饮,银河小区1号楼13号商服,餐饮服务;中餐厅;特色/地方风味餐厅,4.3,42.00
陈生重庆鸡公煲,126.559875,45.816625,餐饮,银河小区15号楼2号商服,餐饮服务;中餐厅;中餐厅,4.1,26.00
老街口王家羊汤馅饼(文汇路店),126.556240,45.819501,餐饮,军安绿色家园小区17栋2号商服一层,餐饮服务;快餐厅;快餐厅,4.4,16.00
稻香日式牛肉饭(融创茂店),126.503123,45.803508,餐饮,世茂大道99号哈尔滨融创茂F3层,餐饮服务;餐饮相关场所;餐饮相关,3.7,24.00
张亮麻辣烫(学海街店),126.560111,45.817202,餐饮,学海街1467号银河小区15栋,餐饮服务;中餐厅;特色/地方风味餐厅,4.3,30.00
小咦咝螺蛳粉(商大店),126.559985,45.816596,餐饮,银河小区2号楼13号商服,餐饮服务;餐饮相关场所;餐饮相关,4.0,14.00
蒸凰肠粉(融创茂店),126.503169,45.803523,餐饮,世茂大道99号哈尔滨融创茂F3层,餐饮服务;中餐厅;中餐厅,4.0,27.00
半亩良田排骨米饭(北岸明珠荣大购物广场店)(暂停营业),126.551775,45.805275,餐饮,北岸明珠荣大购物中心负1层A区3号世茂大道地铁3号口,餐饮服务;餐饮相关场所;餐饮相关,4.3,21.00
肯德基(祥安北大街店),126.516998,45.821599,餐饮,祥安北大街649号北岸观江国际一楼,餐饮服务;快餐厅;肯德基,4.4,27.00
塔斯汀中国汉堡(哈尔滨市松北商大校外店),126.559389,45.819544,餐饮,文汇路50号水木清华小区二区B4-02,餐饮服务;快餐厅;快餐厅,4.4,21.00
邵胖子麻辣烫(融创茂店),126.501225,45.802725,餐饮,世茂大道99-1号哈尔滨融创茂(室内步行街)3F的3067A商铺,餐饮服务;中餐厅;特色/地方风味餐厅,4.3,23.00
半亩良田排骨米饭(融创茂店),126.501325,45.802525,餐饮,世茂大道99号融创茂三楼,餐饮服务;中餐厅;中餐厅,4.0,27.00
穆香斋牛肉面(融创旗舰店),126.502432,45.804042,餐饮,世贸大道以北六星酒店1至二层10号商服,餐饮服务;中餐厅;清真菜馆,4.2,24.00
五爷拌面(商大店),126.558748,45.819945,餐饮,文汇路401号军安绿色家园20号楼,餐饮服务;中餐厅;中餐厅,4.2,16.00
张亮麻辣烫(哈尔滨欧美亚店),126.525038,45.825884,餐饮,龙轩路1635号1639号,餐饮服务;中餐厅;中餐厅,4.2,30.00
星晨凌手擀面(松北分店),126.521208,45.825205,餐饮,红星威尼斯庄园北1门旁,餐饮服务;中餐厅;中餐厅,4.4,24.00
撒哈达姆兰州辣子牛肉面(江北万达店),126.498425,45.807840,餐饮,世林路777号,餐饮服务;中餐厅;清真菜馆,4.4,18.00
居民楼麻辣烫(融创店),126.499070,45.808072,餐饮,世林路721号,餐饮服务;中餐厅;特色/地方风味餐厅,4.5,14.00
喜锦荟尚品国粹水饺松北区万达店,126.498092,45.806885,餐饮,恒源街679号万达文化旅游城A栋1层S06号,餐饮服务;餐饮相关场所;餐饮相关|购物服务;购物相关场所;购物相关场所,4.3,23.00
祥大叔烧饼羊汤店(融创茂店),126.497855,45.805199,餐饮,万达文化旅游城配建住宅E30栋1至2层104号(恒源街496号),餐饮服务;中餐厅;中餐厅,4.5,15.00
麦当劳(哈尔滨松北香树湾),126.515700,45.826023,餐饮,祥安北大街1232、1220号,餐饮服务;快餐厅;麦当劳,4.6,33.00
张亮麻辣烫(融创茂店),126.498184,45.807108,餐饮,恒源街万达文花旅游城产业综合体A座s07号商服,餐饮服务;中餐厅;中餐厅,4.3,30.00
西落舌冒菜·冒肚(融创店),126.495753,45.812342,餐饮,恒源街1110-10商服,餐饮服务;中餐厅;中餐厅,4.6,47.00
满宝馄饨(HRB融创茂店),126.498551,45.810687,餐饮,世祥路216号,餐饮服务;中餐厅;特色/地方风味餐厅,4.3,19.00
德克士(万达·秀园店),126.497848,45.807917,餐饮,万达·秀园西2门南50米,餐饮服务;快餐厅;快餐厅,4.4,26.00
御之面师·四宝牛杂面总店(江北万达店),126.496968,45.807598,餐饮,江北融创恒源街792号,餐饮服务;餐饮相关场所;餐饮相关,4.4,21.00
哈滨妈妈盒饭·熏酱,126.497625,45.808325,餐饮,恒源街844号,餐饮服务;餐饮相关场所;餐饮相关,4.5,15.00
七台河福临麻辣烫(融创店),126.497720,45.809342,餐饮,恒源街943号,餐饮服务;中餐厅;特色/地方风味餐厅,4.4,26.00
筱九娘砂锅米线鸡公煲,126.515817,45.827164,餐饮,祥安北大街1344号,餐饮服务;餐饮相关场所;餐饮相关,4.4,17.00
塔斯汀中国汉堡(哈尔滨市松北香树湾店),126.515858,45.826227,餐饮,龙轩路2467号香树湾小区S5号楼1层4号,餐饮服务;快餐厅;快餐厅,4.3,21.00
人七福气面馆(融创店),126.497675,45.810175,餐饮,万达城D9栋1至2层S08号商服,餐饮服务;中餐厅;中餐厅,4.5,18.00
晓宇盒饭(融创店),126.496862,45.809559,餐饮,恒源街898号万达·华园,餐饮服务;中餐厅;中餐厅,4.5,14.00
车掌柜砂锅王老油饼,126.497661,45.809974,餐饮,恒源街1007号,餐饮服务;餐饮相关场所;餐饮相关,4.3,25.00
盖东来大块牛肉饭(融创茂店),126.494910,45.806787,餐饮,世林路1081号万华园小区C12-2号商铺楼39号商服,餐饮服务;中餐厅;中餐厅,4.3,20.00
华莱士·全鸡汉堡(松北万达店),126.496985,45.808376,餐饮,恒源街870号万华园小区C12-1号商铺楼5号商服,餐饮服务;快餐厅;快餐厅,4.3,18.00
厚三秦肉夹馍酸辣粉(江北店),126.496654,45.807339,餐饮,万达华园商服世林路941号,餐饮服务;中餐厅;中餐厅,4.2,25.00
刘文祥大碗麻辣烫(香树湾店),126.516155,45.828542,餐饮,香树湾南1门东60米,餐饮服务;快餐厅;快餐厅,4.4,29.00
肯德基(商业大学店),126.565775,45.822475,餐饮,学海街1号哈尔滨商业大学A区体育场,餐饮服务;快餐厅;快餐厅,4.4,31.00
郎一家传统麻辣面(万达店),126.497596,45.810235,餐饮,万达城D9栋1-2层S09号商服,餐饮服务;中餐厅;中餐厅,4.3,28.00
卓展邵胖子麻辣烫(融创·锦园店),126.497486,45.811472,餐饮,恒源街与世祥路交叉口北80米,餐饮服务;中餐厅;火锅店,4.3,17.00
港丰云记(松北融创店),126.496895,45.809230,餐饮,恒源街964号万华园小区C9号楼8号商服,餐饮服务;中餐厅;特色/地方风味餐厅,4.3,14.00
高魁刀削面(香树湾店),126.515895,45.826676,餐饮,香树湾1286号,餐饮服务;中餐厅;中餐厅,4.2,19.00
刘八两安徽板面(香树湾店),126.515788,45.826495,餐饮,龙轩路2467号香树湾,餐饮服务;中餐厅;中餐厅,4.2,13.00
满堂彩永和(松北店),126.515809,45.828536,餐饮,祥安北大街1494号,餐饮服务;中餐厅;中餐厅,4.2,20.00
李海龙麻辣烫(松北万达店),126.497786,45.810324,餐饮,世祥路288号,餐饮服务;中餐厅;火锅店,4.2,25.00
白杨包子(恒源街店),126.497450,45.811231,餐饮,恒源街1161号,餐饮服务;快餐厅;快餐厅,4.3,18.00
五爷拌面(融创·锦园店),126.497625,45.811080,餐饮,世祥路297号,餐饮服务;餐饮相关场所;餐饮相关,4.2,17.00
秋豪单记板面(世林路店),126.495262,45.807012,餐饮,世林路1051号,餐饮服务;快餐厅;快餐厅,4.3,10.00
忆东北老味砂锅(祥安北大街店),126.516860,45.827225,餐饮,祥安北大街1345号,餐饮服务;快餐厅;快餐厅,4.2,32.00
步大叔黏糊麻辣烫万华园店,126.496834,45.809827,餐饮,恒源街1032号,餐饮服务;中餐厅;火锅店,4.3,19.00
粥到粥全(哈尔滨融创文旅城店),126.493053,45.804702,餐饮,丰源街579号,餐饮服务;餐饮相关场所;餐饮相关,4.3,13.00
丁记牛肉板面(松北店),126.493629,45.811417,餐饮,世祥路897号融创中园一期A4-5-110号商服,餐饮服务;餐饮相关场所;餐饮相关,4.4,21.00
肯德基(哈尔滨店),126.565281,45.777116,餐饮,冰景路辅路与松北大道交叉口西南400米,餐饮服务;快餐厅;肯德基,4.5,37.00
牛肉传(冰雪大世界店),126.565275,45.777125,餐饮,太阳大道1458号哈尔滨冰雪大世界,餐饮服务;中餐厅;中餐厅,4.3,52.00
小门五常麻辣烫,126.587854,45.822165,餐饮,学子街1492号恒大绿洲小区3-11商服,餐饮服务;中餐厅;中餐厅,4.2,17.00
金麒麟披萨驿站,126.610527,45.769644,餐饮,经纬九道街18号附近,餐饮服务;快餐厅;快餐厅,4.7,41.00
邵胖子麻辣烫(卓展购物中心B座店),126.602866,45.760558,餐饮,上海街99号卓展购物中心B座,餐饮服务;中餐厅;特色/地方风味餐厅,4.7,19.00
必胜客(枫叶奥莱店),126.463652,45.822231,餐饮,中源大道16999号枫叶小镇奥特莱斯北区1F层,餐饮服务;快餐厅;必胜客,4.3,73.00
赵氏麻辣烫,126.606102,45.773600,餐饮,工程街27号(人民广场地铁站1号口步行110米),餐饮服务;中餐厅;特色/地方风味餐厅,4.6,16.00
肯德基(枫叶小镇店),126.462353,45.822398,餐饮,中源大道16999枫叶小镇一楼罗马广场电梯下面,餐饮服务;快餐厅;肯德基,4.5,22.00
妈妈小食堂(中央大街店),126.608930,45.772623,餐饮,中医街与新开街交叉口西南40米,餐饮服务;中餐厅;中餐厅,4.6,47.00
味千拉面(枫叶小镇店),126.463832,45.823036,餐饮,高新技术产业开发区科技创新城中源大道16999号枫叶小镇,餐饮服务;外国餐厅;日本料理,4.3,57.00
麦当劳(松花江店),126.617906,45.778925,餐饮,中央大街257号,餐饮服务;快餐厅;麦当劳,4.6,24.00
麦当劳(月星家居店),126.603188,45.761817,餐饮,上海街66号月星家居1层,餐饮服务;快餐厅;快餐厅,4.6,27.00
肯德基(太阳岛店),126.600148,45.786210,餐饮,太阳岛风景区17栋,餐饮服务;快餐厅;快餐厅,4.2,42.00
志勇烧饼(经纬十二道街店),126.605991,45.770643,餐饮,经纬十二道街与工部街交口(近工程小区),餐饮服务;中餐厅;中餐厅,4.5,14.00
东方饺子王(上海街店),126.599578,45.764338,餐饮,上海街9-10号(上海街地铁站2号口步行220米),餐饮服务;中餐厅;特色/地方风味餐厅|餐饮服务;中餐厅;东北菜,4.6,60.00
麦当劳(银泰城购物中心店),126.540995,45.737793,餐饮,群力大道2399号银泰城购物中心F1层,餐饮服务;快餐厅;麦当劳,4.6,31.00
喜家德虾仁水饺(公路大桥店),126.594642,45.760120,餐饮,哈药路501号,餐饮服务;中餐厅;特色/地方风味餐厅,4.6,31.00
必胜客(哈尔滨新江畔店),126.617789,45.778741,餐饮,花浦小区东南门西70米,餐饮服务;快餐厅;必胜客,4.6,49.00
麦当劳(中央大街餐厅),126.619429,45.772465,餐饮,中央大街83号,餐饮服务;快餐厅;麦当劳,4.7,27.00
汤火功夫麻辣烫(富力广场店),126.587991,45.757761,餐饮,富力广场-L519,餐饮服务;中餐厅;火锅店,4.3,20.00
喜家德虾仁水饺(爱建店),126.604013,45.764851,餐饮,爱建路8-13号,餐饮服务;中餐厅;特色/地方风味餐厅,4.6,32.00
京兆丰老开封灌汤包(爱建滨江写字楼店),126.603838,45.765566,餐饮,爱建滨江写字楼东南门东北50米,餐饮服务;中餐厅;中餐厅,4.5,40.00
肯德基(群力银泰城店),126.541211,45.737333,餐饮,丽江路2399号银泰城购物中心F1,餐饮服务;快餐厅;快餐厅,4.7,27.00
同发面馆,126.593125,45.759775,餐饮,河洛街与河清街交叉口东40米,餐饮服务;中餐厅;东北菜,4.6,32.00
喜家德虾仁水饺(道里百盛店),126.616839,45.779015,餐饮,百盛购物中心B1层,餐饮服务;中餐厅;特色/地方风味餐厅,4.6,31.00
張飛扒肉•四代传承(中央大街店),126.621155,45.772329,餐饮,西九道街24号,餐饮服务;中餐厅;中餐厅,4.6,40.00
老常记饺子(总店),126.582837,45.748561,餐饮,河山街79-1号,餐饮服务;中餐厅;特色/地方风味餐厅,4.6,54.00
乔尔披萨(招商·贝肯山三期店),126.539106,45.739157,餐饮,元江路92号,餐饮服务;快餐厅;快餐厅,4.6,103.00
丁记牛肉板面(群力店),126.529454,45.739028,餐饮,朗江路2280号,餐饮服务;中餐厅;中餐厅,4.6,19.00
有家炸串,126.596965,45.756865,餐饮,哈药路381号4单元103室,餐饮服务;快餐厅;快餐厅,4.5,39.00
肯德基(河松店),126.584284,45.749243,餐饮,河松街29号(财智大厦一楼),餐饮服务;快餐厅;肯德基,4.7,53.00
开封灌汤包子铺(哈尔滨中央大街店),126.621070,45.772329,餐饮,西九道街24-1,餐饮服务;中餐厅;中餐厅,4.6,41.00
卓展邵胖子麻辣烫(融江路店),126.536180,45.739686,餐饮,融江路3853号,餐饮服务;中餐厅;火锅店,4.5,19.00
不仅是一家米线,126.593560,45.758492,餐饮,河清街54号,餐饮服务;快餐厅;快餐厅,4.5,35.00
塔斯汀中国汉堡(哈尔滨市松北富力城店),126.600968,45.828317,餐饮,中源大道辅路与浦顺街交叉口东北500米,餐饮服务;快餐厅;快餐厅,4.3,24.00
必胜客(银泰城店),126.539946,45.735525,餐饮,群力大道2399号银泰城购物中心2号门外,餐饮服务;快餐厅;必胜客,4.7,50.00
西关侯肉夹馍酸辣汤(友谊路总店),126.615153,45.777629,餐饮,友谊路148号1层,餐饮服务;中餐厅;中餐厅,4.5,19.00
撒哈达姆兰州辣子牛肉面(河山街縫店),126.582836,45.748326,餐饮,河山街79-2号,餐饮服务;中餐厅;中餐厅,4.6,30.00
珍粥道(群力远大店),126.559423,45.738036,餐饮,群力大道1176号(远大购物广场2楼),餐饮服务;快餐厅;快餐厅,4.6,58.00
麦当劳(远大购物中心群力店),126.559028,45.738761,餐饮,群力大道1176号一层05号商铺,餐饮服务;快餐厅;麦当劳,4.6,23.00
吉野家(中央大街店),126.618166,45.776218,餐饮,金谷大厦西北门南80米,餐饮服务;快餐厅;吉野家,4.6,30.00
李先生牛肉面大王(哈尔滨爱建路餐厅),126.603686,45.762955,餐饮,爱建路12号,餐饮服务;休闲餐饮场所;休闲餐饮场所,4.4,30.00
赖扁担重庆小面(友谊路店),126.615365,45.777707,餐饮,友谊路134-1号,餐饮服务;中餐厅;四川菜(川菜),4.3,17.00
老贾安徽板面,126.612256,45.771571,餐饮,红专街110号(中央大街地铁站1号口步行490米),餐饮服务;餐饮相关场所;餐饮相关,4.5,13.00
老厨家(中央大街店),126.619533,45.773602,餐饮,西七道街55号巴拉斯美食城3楼,餐饮服务;中餐厅;东北菜,4.8,76.00
佐度王子扒房(天鹅湖店),126.700437,45.756982,餐饮,红旗大街339号食林外街06号,餐饮服务;外国餐厅;外国餐厅,4.7,152.00
快乐窗咖啡店,126.627446,45.747897,餐饮,木工街2-2号,餐饮服务;咖啡厅;咖啡厅,4.8,53.00
弗德堡德国小馆(工大店),126.625614,45.745013,餐饮,砖街16号(与下夹树街交口第19中学后身工大对面),餐饮服务;中餐厅;中餐厅,4.7,105.00
老厨家(友谊路总店),126.601707,45.770538,餐饮,友谊路318号,餐饮服务;中餐厅;中餐厅,4.7,75.00
老厨家旗舰店(中央大街西三道街店),126.619260,45.776095,餐饮,西三道街27-3号,餐饮服务;中餐厅;东北菜,4.7,87.00
老厨家(哈西店),126.589473,45.702917,餐饮,和谐大道293号1层,餐饮服务;中餐厅;中餐厅,4.7,87.00
朝汐披萨融合料理店(中央大街店),126.620939,45.771309,餐饮,西十一道街29号(金安5号门东100米),购物服务;服装鞋帽皮具店;服装鞋帽皮具店,4.7,83.00
莫斯科·新派俄韵西餐厅(中央大街店),126.612243,45.770762,餐饮,东风街99号(中央大街地铁站3号口步行400米),餐饮服务;餐饮相关场所;餐饮相关,4.8,81.00
老厨家(文政街总店),126.643656,45.732017,餐饮,文政新区17栋5门,餐饮服务;中餐厅;中餐厅,4.7,64.00
LEUVEN鲁汶比利时啤酒屋(群力店),126.567119,45.730420,餐饮,景江东路461号,体育休闲服务;娱乐场所;酒吧|餐饮服务;中餐厅;中餐厅,4.7,121.00
久里1928美式精酿花园,126.643354,45.754564,餐饮,花园街405号,餐饮服务;外国餐厅;西餐厅(综合风味),4.7,109.00
COMMUNE幻师(西城红场店),126.593655,45.704120,餐饮,哈西大街299号西城红场四号厂房,餐饮服务;外国餐厅;西餐厅(综合风味)|体育休闲服务;娱乐场所;酒吧,4.7,110.00
佐度王子扒房(西城红场店),126.591664,45.702817,餐饮,哈西大街299号7层F7001号,餐饮服务;外国餐厅;牛扒店(扒房)|餐饮服务;外国餐厅;西餐厅(综合风味),4.7,167.00
壹家俄餐(中央大街店),126.620400,45.768940,餐饮,中央大街23号2层,餐饮服务;中餐厅;中餐厅,4.7,164.00
通海俄式烧烤(嵩山路店),126.688661,45.756335,餐饮,嵩山路99-15号(距地铁3号线海河东路站1号口步行880m),餐饮服务;外国餐厅;俄国菜,4.6,65.00
LYFATTI莱芙缇披萨(赣水路店),126.674298,45.742433,餐饮,赣水路23号,餐饮服务;快餐厅;快餐厅,4.7,102.00
圣堡西姆俄式西餐厅,126.616435,45.772702,餐饮,红专街44号,餐饮服务;外国餐厅;西餐厅(综合风味),4.6,63.00
弗德堡德国小馆(松北店),126.517232,45.806525,餐饮,祥安南大街1218号,餐饮服务;外国餐厅;德国菜,4.6,102.00
通海俄式烧烤(哈西店),126.585015,45.698754,餐饮,西宁南路40号,餐饮服务;外国餐厅;俄国菜,4.7,75.00
久里精酿啤酒餐厅(鲁商店),126.625618,45.684612,餐饮,绥化路136号1-2层04号商服,餐饮服务;外国餐厅;西餐厅(综合风味),4.6,104.00
索菲蒂亚·俄式西餐厅(中央大街店),126.626128,45.776729,餐饮,地段街191号,餐饮服务;外国餐厅;西餐厅(综合风味),4.6,78.00
叁杯精酿酒肉社(工大店),126.623001,45.740934,餐饮,西大直街203号(西大桥地铁站2B口步行300米),餐饮服务;中餐厅;中餐厅,4.5,127.00
杺匠西餐,126.564025,45.730699,餐饮,景江西路780号,餐饮服务;外国餐厅;西餐厅(综合风味),4.7,193.00
久里精酿啤酒餐厅(世纪花园店),126.517347,45.806419,餐饮,世纪花园A区41号楼A1号商服,餐饮服务;中餐厅;中餐厅,4.5,115.00
花里HANARI(西城红场店),126.591168,45.703185,餐饮,哈西大街299号西城红场生活港F7层,餐饮服务;外国餐厅;西餐厅(综合风味),4.5,146.00
圣曼蒂娅俄式西餐厅(中央大街店),126.610815,45.773090,餐饮,中医街116号,餐饮服务;外国餐厅;外国餐厅,4.6,67.00
彼得蒂堡俄式西餐厅(中央大街店),126.614494,45.771368,餐饮,东风街69-1号,餐饮服务;外国餐厅;西餐厅(综合风味),4.5,63.00
芳楼美院西餐厅,126.690444,45.748952,餐饮,嵩山路65号,餐饮服务;外国餐厅;西餐厅(综合风味),4.6,122.00
哈克斯俄式西餐厅,126.616624,45.772766,餐饮,红专街副38号,餐饮服务;外国餐厅;外国餐厅,4.5,78.00
摩欧客意式餐厅(金安国际购物广场店),126.620238,45.771526,餐饮,中央大街69号A区B2层710,餐饮服务;外国餐厅;意式菜品餐厅,4.4,38.00
米德熊俄式西餐厅(万达黑金店),126.584904,45.700089,餐饮,中兴大道168号万达广场(哈西万达店)万达三楼,餐饮服务;外国餐厅;西餐厅(综合风味),4.6,88.00
阿格洛夫俄式西餐厅,126.620424,45.768681,餐饮,西十四道街66号,餐饮服务;外国餐厅;西餐厅(综合风味),4.6,[]
漫屿Tipsy·Brunch西餐吧,126.583704,45.698599,餐饮,西宁南路金爵万象二期A栋15号商服,餐饮服务;外国餐厅;西餐厅(综合风味),4.6,111.00
罗斯丁俄式西餐厅,126.617753,45.772222,餐饮,东风街25号,餐饮服务;餐饮相关场所;餐饮相关,4.5,77.00
维克多俄式西餐厅,126.617960,45.775187,餐饮,中医街6号,餐饮服务;外国餐厅;外国餐厅,4.6,135.00
克里姆俄式餐厅,126.621420,45.773834,餐饮,西七道街19号,餐饮服务;外国餐厅;外国餐厅,4.4,73.00
中古vintage俄式西餐(中央大街店),126.616493,45.770137,餐饮,通江街27号,餐饮服务;外国餐厅;西餐厅(综合风味),4.5,102.00
MIO·弥欧洋房菜,126.620527,45.768673,餐饮,西十四道街66号一楼,餐饮服务;外国餐厅;西餐厅(综合风味),4.2,105.00
国际饭店-小巴黎西餐厅,126.642191,45.756701,餐饮,西大直街4号(博物馆地铁站3b口步行260米),餐饮服务;餐饮相关场所;餐饮相关,4.5,99.00
AFAN创意西餐·牛排肉铺(哈西万达华宅店),126.589726,45.698889,餐饮,南兴街与和谐大道交叉口西80米,餐饮服务;外国餐厅;外国餐厅,4.6,98.00
梦幻爱丽丝俄罗斯餐厅(中央大街店),126.614989,45.779051,餐饮,防汛路与中央大街交叉口西南200米,餐饮服务;外国餐厅;外国餐厅,4.6,50.00
芳庭西餐店,126.627144,45.748198,餐饮,木工街3-15号,餐饮服务;外国餐厅;外国餐厅,4.4,65.00
青柠西餐,126.629875,45.749925,餐饮,邮政街353-7号利群小区,餐饮服务;外国餐厅;外国餐厅,4.5,82.00
泰戈·西餐厅精酿酒吧,126.633966,45.785639,餐饮,公浴街2号,餐饮服务;外国餐厅;西餐厅(综合风味),4.3,90.00
波特曼西餐小馆,126.645567,45.754185,餐饮,交通街38号,餐饮服务;外国餐厅;外国餐厅,4.4,69.00
圣彼媂堡俄式西餐厅,126.626127,45.776761,餐饮,地段街191-1号,餐饮服务;外国餐厅;西餐厅(综合风味),4.4,80.00
圣彼得堡观江水晶宫殿俄式餐厅(中央大街店),126.616255,45.779561,餐饮,中央大街印象城A座4楼,餐饮服务;外国餐厅;西餐厅(综合风味),4.5,114.00
圣堡罗西餐厅,126.618213,45.776501,餐饮,中央大街194号,餐饮服务;外国餐厅;西餐厅(综合风味),4.4,95.00
芝芝兽中国披萨(菜艺街总店),126.683484,45.732140,餐饮,菜艺街28号,餐饮服务;快餐厅;快餐厅,4.2,36.00
马尔斯西餐馆,126.626126,45.776989,餐饮,地段街201号(兆麟小学对面),餐饮服务;外国餐厅;西餐厅(综合风味),4.6,74.00
悦荟牛排餐厅(哈西万达店),126.588925,45.700475,餐饮,中兴大道万达广场3层,餐饮服务;外国餐厅;牛扒店(扒房),4.4,55.00
披萨王(金爵万象店),126.584187,45.698723,餐饮,西宁南路9号二层,餐饮服务;快餐厅;快餐厅,4.1,53.00
马迭尔西餐厅(太阳岛店),126.602341,45.786402,餐饮,太阳岛风景区内(东南角),餐饮服务;外国餐厅;外国餐厅,4.3,93.00
大格局西餐音乐酒馆(宣庆街店),126.674856,45.755991,餐饮,宣庆街副43号,体育休闲服务;娱乐场所;酒吧,3.7,30.00
小茉莉西餐厅,126.543962,45.713424,餐饮,伊春路龙章路东湖路地段E-19栋商业1层01号,餐饮服务;快餐厅;快餐厅,4.1,48.00
猫妃榴莲西饼坊,126.579626,45.699256,餐饮,哈尔滨大街与中兴左街交叉口西140米,餐饮服务;外国餐厅;西餐厅(综合风味),4.3,69.00
Ourika奥丽卡餐厅(桥南小区店),126.627180,45.739449,餐饮,桥南街4-26号,餐饮服务;外国餐厅;外国餐厅,4.2,81.00
樱花雨咖啡西餐(五国新城大厦店),129.558730,46.318482,餐饮,五国新城大厦东门西北120米,餐饮服务;外国餐厅;西餐厅(综合风味),4.2,30.00
俄罗斯国家馆(中央大街店),126.619647,45.770436,餐饮,中央大街54号56号58号一层,风景名胜;风景名胜;风景名胜,4.2,[]
Pipe Bistro&Taproom管子西餐&精酿Bistro,126.555314,45.806504,餐饮,松北一路68号(世茂大道地铁站2号口步行290米),体育休闲服务;娱乐场所;酒吧,4.2,141.00
冰峰西餐旗舰店,129.562713,46.316823,餐饮,依兰镇劳动小区1楼东数第二门市,餐饮服务;餐饮相关场所;餐饮相关,4.1,15.00
Dear.西餐.简餐,126.558950,45.738416,餐饮,群力大道1176号群力远大购物中心7层6号,餐饮服务;外国餐厅;西餐厅(综合风味),3.2,79.00
牛一鞭牛排牛尾锅,128.742818,45.975846,餐饮,飞龙街与铧子山大街交叉口西20米,餐饮服务;中餐厅;中餐厅,4.0,25.00
KiKiNiNi创意西餐·牛扒肉铺(哈西万达华宅店),126.589676,45.698918,餐饮,哈西大街西宁南路南兴街中兴大道F3栋1-2层F5-38号,餐饮服务;餐饮相关场所;餐饮相关,4.0,112.00
小徐牛排板面(三辅三道街店),126.686908,45.736864,餐饮,三辅三道街78号(珠江路地铁站1号口步行340米),餐饮服务;快餐厅;快餐厅,4.0,14.00
黑羚咖啡名酒西餐工坊(金座新城店),127.170558,44.933591,餐饮,金座新城A栋商服,餐饮服务;咖啡厅;咖啡厅,3.8,75.00
切尔西派对工厂(哈工程店),126.690466,45.772171,餐饮,红旗大街400号商业城XD8XD9XD10号,餐饮服务;外国餐厅;西餐厅(综合风味),4.2,65.00
大喜芝简餐Brunch餐厅,126.623755,45.714150,餐饮,学府花园10栋一层12号门市,餐饮服务;外国餐厅;西餐厅(综合风味),4.1,20.00
大公馆1903酒店-餐厅威士忌牛排馆,126.618109,45.772061,餐饮,东风街16号(中央大街地铁站1号口步行490米),餐饮服务;餐饮相关场所;餐饮相关,4.2,[]
马克堡西餐厅,126.571162,45.721499,餐饮,龙葵路宝宇铂晨府S108,餐饮服务;外国餐厅;西餐厅(综合风味),3.9,20.00
酷公社榴莲披萨(万象汇店),126.537522,45.809940,餐饮,世贸大道555号万象汇负一层B126,餐饮服务;快餐厅;快餐厅,2.7,73.00
漫城西餐厅(延寿县店),128.328141,45.454313,餐饮,爱建家园15号楼2门市,餐饮服务;外国餐厅;西餐厅(综合风味),3.9,43.00
街角漫拾光西餐厅,127.469817,45.750069,餐饮,三中东大墙,餐饮服务;外国餐厅;西餐厅(综合风味)|餐饮服务;咖啡厅;咖啡厅,3.8,60.00
普罗旺斯音乐餐厅(龙泉名城店),127.992256,45.215458,餐饮,龙泉名城,餐饮服务;中餐厅;中餐厅,3.9,68.00
希尔顿欢朋酒店-餐厅,126.588173,45.697807,餐饮,中交香颂C座南兴街32号哈尔滨哈西希尔顿欢朋酒店,餐饮服务;外国餐厅;西餐厅(综合风味),4.1,50.00
winter inn假日餐厅(群力财富中心A座店),126.552475,45.737175,餐饮,兴江路85号财富中心A座5楼,餐饮服务;中餐厅;中餐厅,3.7,56.00
洛啡尔·西餐厅,126.309196,45.385443,餐饮,腾达大街与发达路交叉口西南60米,餐饮服务;外国餐厅;西餐厅(综合风味),4.0,36.00
宝莱坞西餐厅(金领大厦店),129.570450,46.320024,餐饮,东顺城路与健康街交叉口金领华城小区金领大厦厢房楼北数2号门市,餐饮服务;外国餐厅;西餐厅(综合风味),3.8,35.00
黑月西餐厅(兴建小区店),126.644875,45.603464,餐饮,兴建街兴建家园小区740楼12号,餐饮服务;外国餐厅;西餐厅(综合风味),3.4,21.00
洋葱头俄式西餐厅,126.620725,45.778475,餐饮,尚志大街与友谊路交叉口南40米,餐饮服务;外国餐厅;外国餐厅,3.5,[]
华梅马尔斯西餐(中华巴洛克店),126.637724,45.782340,餐饮,靖宇街419号(北马路地铁站4号口步行270米),餐饮服务;餐饮相关场所;餐饮相关,4.0,136.00
圣彼得堡观江俄罗斯餐厅,126.606340,45.774975,餐饮,友谊路与九站街交叉口西100米,餐饮服务;外国餐厅;外国餐厅,4.0,112.00
马迭尔西餐厅,126.565425,45.777275,餐饮,冰景路辅路与松北大道交叉口西南380米,餐饮服务;外国餐厅;外国餐厅,3.9,134.00
尚志市斯涅任克俄餐厅,128.004018,45.207314,餐饮,尚志镇政府对面(龙溪湾小区西侧),餐饮服务;外国餐厅;俄国菜,3.8,[]
冰峰西餐厅(金诚商厦店),129.564750,46.317388,餐饮,通江路与东联巷交叉口东北20米,餐饮服务;外国餐厅;西餐厅(综合风味),3.7,17.00
拉丝维斯西餐厅(通江路店),128.043822,45.945305,餐饮,和平小区西北门旁,餐饮服务;快餐厅;快餐厅,3.7,40.00
五常市米珈休闲西餐厅,127.168134,44.928204,餐饮,雅臣路646号,餐饮服务;外国餐厅;西餐厅(综合风味),4.2,87.00
哈尔滨中央大街君逸酒店·西餐厅,126.616350,45.771614,餐饮,东风街68号(中央大街地铁站1号口步行350米),餐饮服务;餐饮相关场所;餐饮相关,4.2,230.00
哈尔滨会展中心希尔顿酒店·厨艺西餐厅,126.703591,45.750986,餐饮,"长江路392号,哈尔滨会展中心希尔顿酒店1楼",餐饮服务;餐饮相关场所;餐饮相关,4.4,[]
亚道格鲁秀西餐酒吧,126.645050,45.753470,餐饮,海关街与河沟街交叉口西北60米,餐饮服务;餐饮相关场所;餐饮相关,3.7,[]
哈尔滨君逸酒店西餐厅(新吉购物中心店),126.667950,45.761726,餐饮,宣化街288号新吉购物中心B1层,餐饮服务;餐饮相关场所;餐饮相关,3.8,95.00
爱必胜时尚西餐厅(西公安街店),128.332125,45.452775,餐饮,西公安街延寿商场,餐饮服务;外国餐厅;西餐厅(综合风味),2.9,23.00
塞纳西餐厅,126.544104,45.728194,餐饮,汇智巴黎四季酒店,餐饮服务;外国餐厅;西餐厅(综合风味),2.8,131.00
杜漫西餐厅,126.642839,45.787650,餐饮,靖宇街389号中华巴洛克,餐饮服务;外国餐厅;外国餐厅,3.8,[]
海川西餐食品超市,126.640502,45.776677,餐饮,景阳街副175号,购物服务;购物相关场所;购物相关场所,4.0,138.00
绿茵阁西餐厅,126.658303,45.751561,餐饮,革新街83号(教堂对面),餐饮服务;外国餐厅;西餐厅(综合风味),3.6,[]
勃莱梅大酒店西餐厅,126.671270,45.733997,餐饮,中山路146号勃莱梅大酒店,餐饮服务;餐饮相关场所;餐饮相关,3.8,[]
阳光糕点零食屋西餐厅,127.156415,44.924156,餐饮,早市东头阳光小区一号楼3号门市,餐饮服务;甜品店;甜品店|购物服务;购物相关场所;购物相关场所,3.3,12.00
库滋明·俄式沙威玛(西十二道街店),126.619953,45.770609,餐饮,西十二道街71号,餐饮服务;外国餐厅;外国餐厅,4.2,[]
普希金俄式西餐厅,126.617296,45.769078,餐饮,友谊路111号25层,餐饮服务;外国餐厅;外国餐厅,3.1,[]
taeoc传统俄式西餐,126.618874,45.774658,餐饮,松浦洋行东门北150米,餐饮服务;外国餐厅;西餐厅(综合风味),3.3,[]
威利斯西餐厅,126.497885,45.715061,餐饮,澄湖街970号保利·天禧,餐饮服务;外国餐厅;西餐厅(综合风味),3.0,69.00
松浦达丽娅俄式西餐厅(暂停营业),126.618720,45.773592,餐饮,中央大街120号,餐饮服务;外国餐厅;西餐厅(综合风味),4.3,98.00
小乔回转寿司(哈尔滨万象汇店),126.537176,45.809558,餐饮,世茂大道555号华润万象汇三层L317号,餐饮服务;外国餐厅;日本料理,4.3,107.00
海里家里三文鱼(松北店),126.535258,45.809683,餐饮,世茂大道521号华润欢乐颂2号楼1层28号商服,餐饮服务;外国餐厅;日本料理,4.5,30.00
禾の日町饭团(松北万象汇店),126.538784,45.809945,餐饮,聚源街哈尔滨松北万象汇负一楼DB103,餐饮服务;外国餐厅;日本料理,3.7,18.00
吉多寿司(大润发店),126.528810,45.807632,餐饮,世茂大道400号大润发超市2楼,餐饮服务;外国餐厅;日本料理,3.5,31.00
春烧和牛(华润万象汇店),126.537736,45.810334,餐饮,世茂大道555号哈尔滨松北万象汇L3层,餐饮服务;外国餐厅;日本料理,3.6,121.00
这司有范儿寿司(凯利广场店),126.537845,45.812334,餐饮,凯利广场东区11-16,餐饮服务;外国餐厅;日本料理,4.2,35.00
食野家,126.530625,45.807825,餐饮,城市之星·豪布斯卡,餐饮服务;外国餐厅;日本料理,3.4,40.00
隐和精致料理,126.535278,45.825228,餐饮,龙轩路888号,餐饮服务;外国餐厅;日本料理,4.5,143.00
斋藤&外带寿司(凯利广场店),126.535525,45.813325,餐饮,中源大道11088凯利广场西区1号楼-21号商服,餐饮服务;外国餐厅;日本料理,3.9,16.00
甜缘寿司(世纪花园A区店),126.514617,45.808701,餐饮,世纪花园A区8栋18号车库世博路2416号,餐饮服务;外国餐厅;日本料理,3.9,14.00
七福寿司(哈尔滨融创茂店),126.503825,45.803775,餐饮,世茂大道99号哈尔滨融创茂F3层,餐饮服务;外国餐厅;日本料理,4.1,58.00
馨牛铁板料理(江北融创茂店),126.502375,45.803025,餐饮,世茂大道99号融创茂三层3009室,餐饮服务;外国餐厅;日本料理,4.4,117.00
中朝料理,126.524023,45.808245,餐饮,世茂大道221号世纪花园B区,餐饮服务;外国餐厅;日本料理,3.5,[]
郎之味寿司衢州鸭头(松北前进店),126.539860,45.812016,餐饮,聚源街377号松北购物中心1层G1,餐饮服务;餐饮相关场所;餐饮相关,3.5,22.00
鱼兜寿司,126.537831,45.813831,餐饮,凯利广场东区3-22号,餐饮服务;外国餐厅;日本料理,3.9,13.00
小鹿鹿的寿司铺,126.557386,45.812392,餐饮,文锦路292号(华润中海江城3-4商服),餐饮服务;外国餐厅;日本料理,3.5,11.00
这司有范儿寿司(中园店),126.493619,45.810428,餐饮,规划04路以东规划05路以西规划82路以北第A5-6栋2层137号房,餐饮服务;外国餐厅;日本料理,4.3,25.00
嘉乐比鲜挪威三文鱼(松北融创店),126.497385,45.812844,餐饮,融创锦园二期西门东南100米,餐饮服务;外国餐厅;日本料理,4.3,71.00
禹味咖喱,126.535625,45.812775,餐饮,思源街与世博路交叉口东北180米,餐饮服务;中餐厅;中餐厅,2.2,[]
范小馆饭饭寿司(松北店),126.490534,45.808997,餐饮,万华园C10栋3号商服丰源街1157号,餐饮服务;外国餐厅;日本料理,3.7,31.00
Vivi创品料理(爱琴路店),126.598093,45.761046,餐饮,爱琴路12号二楼餐厅,餐饮服务;外国餐厅;日本料理,4.7,169.00
淞江月·味自慢·料理,126.557989,45.748478,餐饮,景江西路2480号,餐饮服务;外国餐厅;日本料理,4.4,180.00
日吉丸·鸟将军·别馆(群力黑金店),126.538417,45.741777,餐饮,元江路422号,餐饮服务;外国餐厅;日本料理,4.6,90.00
福禧制面乌冬面专门店,126.539532,45.739991,餐饮,群力新区元江路291号,餐饮服务;快餐厅;快餐厅,4.6,40.00
日吉丸·鸟将军·本馆(汇励99城市公园店),126.605964,45.760551,餐饮,爱建汇丽广场院内A座8单元一层,餐饮服务;外国餐厅;日本料理,4.6,90.00
吉屋居酒屋(爱建店),126.603575,45.763794,餐饮,爱建南路与锦园路交叉口西南40米,餐饮服务;外国餐厅;日本料理,4.6,144.00
妍姐饭团,126.493045,45.806012,餐饮,世林路1283号,餐饮服务;快餐厅;快餐厅,3.8,13.00
姬髦烧鸟·鲜货炭烧bistro,126.538330,45.742100,餐饮,元江路462号,餐饮服务;餐饮相关场所;餐饮相关,4.7,155.00
汐宴日本料理(招商·贝肯山四期店),126.539218,45.743431,餐饮,群力第一大道1813号,餐饮服务;外国餐厅;日本料理,4.5,277.00
松業日料,126.603466,45.770832,餐饮,工程街71号,餐饮服务;外国餐厅;日本料理,4.6,126.00
吉屋居酒屋(群力店),126.539123,45.739041,餐饮,元江路招商贝肯山3期30-2栋1层2号,餐饮服务;外国餐厅;日本料理,4.6,120.00
上井精致料理自助(黑金店),126.541266,45.737657,餐饮,群力大道2399号L银泰城购物中心一楼1008号商铺,餐饮服务;外国餐厅;日本料理,4.6,296.00
鸟迦烧鸟居酒屋,126.534041,45.745826,餐饮,融江路4314号,餐饮服务;外国餐厅;日本料理,4.4,17.00
崎乐食堂(哈尔滨中央大街店),126.616977,45.773064,餐饮,红专街49号,餐饮服务;外国餐厅;日本料理,4.6,112.00
四月居酒屋(群力店),126.539228,45.738550,餐饮,元江路2号,餐饮服务;外国餐厅;日本料理,4.6,157.00
喜酉日式料理店金安国际店,126.621138,45.771953,餐饮,十道街27号,餐饮服务;外国餐厅;日本料理,4.6,278.00
虾匠精致料理,126.616429,45.771912,餐饮,红专街副48号红专小区,餐饮服务;中餐厅;中餐厅,4.6,92.00
山川.十九 烧鸟居酒屋,126.549934,45.738116,餐饮,群力大道1888号陈金体育楼下门市,餐饮服务;中餐厅;中餐厅,4.5,100.00
摩力食堂(中央大街店),126.618424,45.773236,餐饮,中央大街116-118号中央书店一楼半,餐饮服务;外国餐厅;日本料理,4.5,86.00
本源私宴(日式会席料理店),126.600641,45.769415,餐饮,友谊路366号(人民广场地铁站4号口步行490米),餐饮服务;外国餐厅;日本料理,4.2,641.00
翔一料理,126.539608,45.739732,餐饮,元江路201号,餐饮服务;外国餐厅;日本料理,4.4,126.00
知日料理(经纬六道街小区店),126.614382,45.768463,餐饮,经纬六道街副19号(中央大街地铁站3号口旁),餐饮服务;餐饮相关场所;餐饮相关,4.6,53.00
胡桃烧物,126.611286,45.768170,餐饮,安道街160号(中央大街地铁站3号口步行400米),餐饮服务;外国餐厅;日本料理,4.6,145.00
沧澜烧鸟&Bistro(汇励99城市公园店),126.607171,45.761404,餐饮,荆园路与安隆街交叉口西80米,餐饮服务;外国餐厅;外国餐厅,4.5,200.00
哈哈烧肉&Yakiniku(翠湖店),126.537176,45.731392,餐饮,融江路翠湖新天地5栋,餐饮服务;餐饮相关场所;餐饮相关,4.6,356.00
鳗好鳗鱼小铺,126.601839,45.756548,餐饮,阳明街63号,餐饮服务;中餐厅;中餐厅,4.5,89.00
千岛精致料理(王府井店),126.566226,45.734911,餐饮,群力第五大道770号山水书城旁,餐饮服务;外国餐厅;日本料理,4.7,349.00
众合道日式自助料理(麦凯乐国际公寓店),126.623364,45.771721,餐饮,尚志大街75号麦凯乐国际公寓A座12层A9号,餐饮服务;外国餐厅;日本料理,4.5,196.00
东香精致料理(卓展购物中心店),126.604618,45.757678,餐饮,安隆街106号卓展6楼,餐饮服务;中餐厅;海鲜酒楼,4.5,362.00
一护拉面(汇励99城市公园店),126.606427,45.760292,餐饮,豚盛居酒屋,餐饮服务;外国餐厅;日本料理,4.4,47.00
蚝探长.泥炉烤肉.生蚝小馆(总店),126.594896,45.743958,餐饮,钢铁街50-4号,餐饮服务;中餐厅;中餐厅,4.6,62.00
老鱼深夜食堂(融江路店),126.534993,45.743927,餐饮,融江路4243号,餐饮服务;餐饮相关场所;餐饮相关,4.5,70.00
小山海中华居酒屋,126.554414,45.737458,餐饮,群力第四大道1605号,餐饮服务;外国餐厅;日本料理,4.7,68.00
小野家烧鸟店,126.602444,45.755774,餐饮,河江街30号,餐饮服务;餐饮相关场所;餐饮相关,4.5,84.00
喜乐(招商·贝肯山三期店),126.539102,45.739214,餐饮,群力元江路102号,餐饮服务;外国餐厅;日本料理,4.4,145.00
隐炉和牛烧肉店(群力店),126.576649,45.735354,餐饮,群力上江街35-5-1号,餐饮服务;餐饮相关场所;餐饮相关,4.6,222.00
强炉烧肉屋,126.601617,45.755362,餐饮,河江街44号,餐饮服务;餐饮相关场所;餐饮相关,4.5,122.00
福和烧肉,126.532154,45.732969,餐饮,朗江路1023号,餐饮服务;中餐厅;中餐厅,4.5,172.00
樱花丼日式烧肉饭,126.505525,45.804175,餐饮,世茂大道与科技一街交叉口西北200米,餐饮服务;外国餐厅;日本料理,1.6,[]
野山小馆(中央大街店),126.616913,45.775088,餐饮,中医街39号,餐饮服务;中餐厅;中餐厅,4.4,56.00
河风精致寿司群力店,126.559957,45.734203,餐饮,群力第五大道1558号,餐饮服务;外国餐厅;日本料理,4.4,63.00
木焰忍伝一乐拉面,126.616636,45.772750,餐饮,红专街36号,餐饮服务;外国餐厅;日本料理,4.5,36.00
一休屋章鱼烧(金安国际购物广场店),126.620135,45.771546,餐饮,中央大街69号金安国际购物广场B1层646-2,餐饮服务;快餐厅;快餐厅,4.3,19.00
铱啦食堂·寿喜烧·寿司(中央大街店),126.617822,45.770655,餐饮,大安街与通江街交叉口东140米,餐饮服务;外国餐厅;日本料理,4.5,40.00
兮源寿喜烧(哈尔滨王府井店),126.569596,45.731282,餐饮,群力第七大道539号,餐饮服务;外国餐厅;日本料理,4.6,209.00
串卫门居酒屋,126.563965,45.730760,餐饮,景江西路790号,餐饮服务;外国餐厅;日本料理,4.6,165.00
渔跃寿司(麦凯乐店),126.624490,45.772699,餐饮,兆麟街90号麦凯乐公寓B座8层B10号,餐饮服务;外国餐厅;日本料理,4.1,93.00
武藏镜日式拉面,126.609385,45.760916,餐饮,安定街与正义街交口,餐饮服务;外国餐厅;日本料理,4.5,67.00
味之屋料理,126.612722,45.767912,餐饮,北安街200号(中央大街地铁站3号口步行240米),餐饮服务;餐饮相关场所;餐饮相关,4.3,90.00
河风精致寿司,126.608563,45.763640,餐饮,安松街108号,餐饮服务;外国餐厅;日本料理,4.3,127.00
食野家·日式大份丼饭,126.554575,45.820475,餐饮,文汇路与松北大道辅路交叉口东北280米,餐饮服务;外国餐厅;日本料理,3.2,[]
斋藤&外带寿司(道里店),126.610712,45.763948,餐饮,安定街35号,餐饮服务;外国餐厅;日本料理,3.9,19.00
塔可熊脆塔可餐饮店,126.621033,45.771900,餐饮,西十道街29号1层,餐饮服务;快餐厅;快餐厅,4.4,23.00
这司有范儿寿司(经纬街店),126.607741,45.770918,餐饮,经纬十一道街21号,餐饮服务;外国餐厅;日本料理,4.2,32.00
上隐鲜生寿司,126.607220,45.770053,餐饮,经纬十一道街31号,餐饮服务;餐饮相关场所;餐饮相关,4.4,48.00
和富料理(中央大街店),126.619025,45.775099,餐饮,金太阳新天地购物广场西四道街34号,餐饮服务;外国餐厅;日本料理,4.1,106.00
吉多寿司(建国街店),126.605740,45.754028,餐饮,建国街55号,餐饮服务;外国餐厅;外国餐厅,4.6,28.00
樱樱丁田寿司店,126.614515,45.766141,餐饮,安国街9号(中央大街地铁站2号口步行280米),餐饮服务;外国餐厅;日本料理,4.0,55.00
这司有范儿寿司(群力店),126.566470,45.738978,餐饮,恒大国际8栋1层7号,餐饮服务;外国餐厅;日本料理,4.5,25.00
奔跑寿司总店,126.555501,45.737786,餐饮,群力第四大道1333号A2-一层33号,餐饮服务;餐饮相关场所;餐饮相关,4.2,50.00
馨牛铁板烧(王府井购物中心店),126.566628,45.732715,餐饮,群力第五大道王府井购物中心3层027室,餐饮服务;中餐厅;特色/地方风味餐厅,4.2,108.00
嘉福外带寿司(中央大街店),126.620216,45.771846,餐饮,中央大街69号金安国际购物广场B1层,餐饮服务;外国餐厅;日本料理,3.9,18.00
顶钻寿司(新阳路店),126.619062,45.763615,餐饮,新阳路10号,餐饮服务;外国餐厅;日本料理,4.4,17.00
黑眼熊·中国寿司(百盛中央公园店),126.616677,45.778881,餐饮,中央大街222号百盛购物中心中央大街店B1层,餐饮服务;外国餐厅;日本料理,4.0,19.00
番生三文鱼(中央大街店),126.616823,45.775946,餐饮,上游街48号,餐饮服务;餐饮相关场所;餐饮相关,4.2,50.00
有禾精致寿司,126.608972,45.762557,餐饮,安升街133号,餐饮服务;外国餐厅;日本料理,4.0,59.00
七福精致料理(王府井店),126.566653,45.733086,餐饮,群力第五大道1159号王府井购物中心4层,餐饮服务;餐饮相关场所;餐饮相关,4.2,92.00
沐里食堂(松北万象汇店)(暂停营业),126.536162,45.809529,餐饮,世茂大道555号哈尔滨松北万象汇L1层,餐饮服务;中餐厅;中餐厅,4.0,34.00
花宴私房料理(爱建店)(暂停营业),126.601761,45.756664,餐饮,阳明街65号,餐饮服务;中餐厅;中餐厅,4.5,273.00
町然炉边炉端烧(暂停营业),126.614801,45.779007,餐饮,中央大街232号印象城D座3号门市,餐饮服务;外国餐厅;日本料理,4.2,60.00
禧柿料理,126.576567,45.735611,餐饮,上江街37-3号1层门市,餐饮服务;外国餐厅;日本料理,4.4,50.00
嘉乐比鲜刺身精品店(银泰城购物中心店),126.540093,45.736212,餐饮,群力大道2399号银泰城购物中心B1层,餐饮服务;外国餐厅;日本料理,4.2,70.00
久制烧肉,126.592819,45.733486,餐饮,乡中街5号,餐饮服务;餐饮相关场所;餐饮相关,4.5,111.00
蓝塞夫三文鱼(哈尔滨群力店)(暂停营业),126.564555,45.738606,餐饮,群力第四大道759号,餐饮服务;外国餐厅;外国餐厅,4.4,70.00
喜乐屋关东煮紫糯米饭团(银泰城悦街店),126.539875,45.742625,餐饮,丽江路4176号银泰城·悦街,餐饮服务;快餐厅;快餐厅|餐饮服务;中餐厅;中餐厅,3.6,17.00
顶钻寿司(志华店),126.543770,45.868793,餐饮,利民开发区警官路裕发新城9栋13号商服,餐饮服务;外国餐厅;外国餐厅,4.2,13.00
斋藤&外带寿司(江北大学城店),126.546725,45.870175,餐饮,黑龙利民开发区警官路北、文化路西聚源花园小区一栋17号商服,餐饮服务;餐饮相关场所;餐饮相关,4.0,16.00
斋藤&外带寿司(群力店),126.566575,45.739225,餐饮,群力大道恒大国际中心一期7栋1层06,餐饮服务;外国餐厅;日本料理,3.9,32.00
豚盛居酒屋(汇励99城市公园店),126.606467,45.760359,餐饮,爱建汇励广场A座,餐饮服务;外国餐厅;日本料理,3.9,36.00
吉多寿司(哈尔滨中央大街店),126.616662,45.769601,餐饮,通江街15号(中央大街地铁站1号口步行100米),餐饮服务;外国餐厅;日本料理,3.8,27.00
味千拉面(王府井购物中心店),126.566225,45.733475,餐饮,景江东路899号王府井购物中心4层,餐饮服务;餐饮相关场所;餐饮相关,4.3,50.00
汇炙和牛寿喜烧自助火锅(锦秀商厦店),126.619728,45.769748,餐饮,端街3号锦秀商厦F4层,餐饮服务;餐饮相关场所;餐饮相关,3.9,62.00
嘉乐比鲜刺身牛排精品专营店(友谊哈达店)(暂停营业),126.626963,45.779103,餐饮,友谊路22号(友谊仓储院内精品屋1号),餐饮服务;外国餐厅;外国餐厅,4.2,70.00
禾の日町饭团(关东古巷王府井购物中心店),126.565375,45.733275,餐饮,群力第五大道1159号王府井购物中心负,餐饮服务;餐饮相关场所;餐饮相关,3.8,18.00
锅花花螺蛳粉火锅(装修中),126.566878,45.734689,餐饮,群力第五大道770号,餐饮服务;外国餐厅;日本料理,4.3,[]
这司有范儿寿司志华店,126.547595,45.870905,餐饮,学院路学府地带B1栋一层16号商服,餐饮服务;外国餐厅;日本料理,4.2,25.00
团子君寿司·茶(曲线小区店),126.624293,45.746694,餐饮,瓦街13-5号,餐饮服务;外国餐厅;日本料理,4.6,105.00
谷道日式拉面(志华店),126.550852,45.872400,餐饮,学院路志华商城2栋18号,餐饮服务;外国餐厅;日本料理,4.1,21.00
久喜烧肉(恒大御府A区店),126.597020,45.732376,餐饮,恒大御府B区西北门东北170米,餐饮服务;中餐厅;中餐厅,4.5,57.00
神丸料理,126.623986,45.746675,餐饮,瓦街13-11号瓦街与曲线街交叉口,餐饮服务;甜品店;甜品店,4.4,117.00
禾日町饭团(新一百店),126.624719,45.770015,餐饮,石头街道118号(大商哈尔滨新一百购物广场五层F5C11号),餐饮服务;餐饮相关场所;餐饮相关,3.8,18.00
町门の食堂(王府井群力店),126.566175,45.732825,餐饮,景江东路899号王府井购物中心关东古巷店B1层,餐饮服务;外国餐厅;日本料理,3.8,42.00
一护拉面(木工街店),126.626710,45.748124,餐饮,木工街8号(邮政街),餐饮服务;外国餐厅;日本料理,4.6,48.00
阿迪饭团(新阳路店),126.610605,45.753513,餐饮,新阳路副285-1号,餐饮服务;快餐厅;快餐厅,4.0,14.00
寿司の家,126.627358,45.747926,餐饮,木工街4-2号,餐饮服务;外国餐厅;日本料理,4.5,60.00
鮨多寿司志华店,126.550377,45.870870,餐饮,志华商城8号楼一层F1-11,餐饮服务;外国餐厅;日本料理,3.9,6.00
樱吉寿司,126.629329,45.773719,餐饮,买卖街184号,餐饮服务;外国餐厅;日本料理,3.6,10.00
蓝塞夫三文鱼(中央大街索菲亚教堂店),126.630231,45.766752,餐饮,地段街21号,餐饮服务;外国餐厅;外国餐厅,4.2,74.00
吉多寿司(新亭街店),126.585990,45.738342,餐饮,新亭街17号,餐饮服务;餐饮相关场所;餐饮相关,3.7,17.00
禾の日町饭团(广厦店),126.550304,45.873524,餐饮,学院路泓林金色地标3号楼1号商服,餐饮服务;外国餐厅;日本料理,3.9,16.00
吉多寿司(群力店)(暂停营业),126.560800,45.724898,餐饮,群力新苑C区14栋1单元1层,餐饮服务;外国餐厅;日本料理,4.0,19.00
柚ザボン寿喜烧(铁工街店),126.626915,45.747490,餐饮,铁工街1-7号(哈工大地铁站1号口步行450米),餐饮服务;外国餐厅;日本料理,4.4,75.00
喜哆啦寿司(王府井购物中心店),126.566325,45.732975,餐饮,景江东路899号王府井购物中心关东古巷店B1层,餐饮服务;外国餐厅;日本料理,3.5,24.00
鮨多寿司(达江小区店),126.585993,45.738319,餐饮,达江街10号达江小区,餐饮服务;外国餐厅;日本料理,3.6,18.00
斋藤&外带寿司(康安店),126.593774,45.740099,餐饮,康安二道街13号,餐饮服务;外国餐厅;日本料理,4.0,20.00
冰之鲜三文鱼刺身,126.618850,45.759750,餐饮,安平街与安达街交叉口南100米,餐饮服务;外国餐厅;日本料理,3.6,102.00
北海导日式拉面烧饭(安达街小区店),126.615977,45.761236,餐饮,安达街副44号,餐饮服务;外国餐厅;日本料理,3.7,36.00
怀食日本料理(中央大街店),126.618424,45.773236,餐饮,中央书店一楼,餐饮服务;外国餐厅;外国餐厅,3.7,131.00
鮨·上川omakase,126.625873,45.745345,餐饮,曲线街道砖街7号(哈工大地铁站1号口步行220米),餐饮服务;外国餐厅;日本料理,4.4,983.00
味千拉面(松雷商业南岗店),126.643698,45.759297,餐饮,东大直街329号松雷商业7层,餐饮服务;快餐厅;快餐厅,4.5,57.00
这司有范寿司,126.530576,45.873469,餐饮,学院路柏林四季翰林辰霞三期B1栋-1层14号,餐饮服务;外国餐厅;日本料理,4.1,19.00
日和亭,126.626856,45.746855,餐饮,瓦街7-1号(哈工大地铁站1号口步行420米),餐饮服务;餐饮相关场所;餐饮相关,4.5,37.00
山姆烧肉,126.613745,45.762738,餐饮,安德街与安松街交叉口东北20米,餐饮服务;外国餐厅;外国餐厅,3.9,58.00
小乔回转寿司(南岗松雷店),126.643707,45.759037,餐饮,东大直街329号松雷国际购物广场7层,餐饮服务;外国餐厅;日本料理,4.5,100.00
鲸旨寿司(中央大街店),126.609745,45.761723,餐饮,安定街与安升街交叉口西南40米,餐饮服务;外国餐厅;日本料理,3.4,[]
可以食堂·融合料理(暂停营业),126.532912,45.863383,餐饮,学院路街道荣昌路1655号高鑫首府B-07,餐饮服务;外国餐厅;日本料理,3.5,15.00
盒美滋好先生精致寿司(群力店),126.560983,45.718430,餐饮,天薇丽景园18栋3单元,餐饮服务;餐饮相关场所;餐饮相关,4.3,64.00
小太子刺身精品行,126.627174,45.779103,餐饮,友谊路26号活海鲜厅24号,餐饮服务;外国餐厅;日本料理,3.6,[]
渔小二海鲜日料,126.532725,45.873475,餐饮,翰林辰霞,餐饮服务;外国餐厅;日本料理,4.0,29.00
聚多寿司,126.611901,45.766310,餐饮,安顺街156-3号,餐饮服务;餐饮相关场所;餐饮相关,3.8,[]
上井精致料理(南岗松雷商业店),126.643706,45.759138,餐饮,东大直街329号松雷商业南岗店6F层,餐饮服务;外国餐厅;外国餐厅,4.6,297.00
友喜小馆(西桥住宅小区店),126.626183,45.740456,餐饮,桥东街87号,餐饮服务;餐饮相关场所;餐饮相关,4.6,110.00
熊寿司(全城宅配店),126.640502,45.747608,餐饮,繁荣街101号,餐饮服务;餐饮相关场所;餐饮相关,4.6,211.00
吉多寿司(观江国际购物中心店),126.643248,45.821411,餐饮,浦源路3022号哈尔滨松北区观江国际购物中心B1层,餐饮服务;外国餐厅;日本料理,3.6,20.00
米泽屋中式丼饭寿司店(滨才路店),126.515130,45.876686,餐饮,尚品阳光K栋1号,餐饮服务;外国餐厅;日本料理,3.8,15.00
天妇寿司,126.626679,45.742544,餐饮,护军街60号三捷文化学校一楼,餐饮服务;外国餐厅;日本料理|餐饮服务;外国餐厅;韩国料理,4.0,14.00
有间居酒屋,126.511805,45.875473,餐饮,学院路熹街b9,餐饮服务;外国餐厅;日本料理,3.9,33.00
八代目拉面(花园街总店),126.649941,45.760179,餐饮,花园街331号,餐饮服务;中餐厅;清真菜馆,4.6,40.00
千代武日本料理(哈西店),126.590394,45.699152,餐饮,和谐大道337号,餐饮服务;外国餐厅;日本料理,4.7,151.00
嘉乐比鲜三文鱼(杉杉店),126.560937,45.877185,餐饮,利民大道555号杉杉奥特莱斯广场·哈尔滨F1层杉杉家得乐超市内,餐饮服务;餐饮相关场所;餐饮相关,3.8,71.00
鲜之道日式料理店,126.592806,45.711905,餐饮,哈西大街41号西城丽景,餐饮服务;外国餐厅;日本料理,4.5,340.00
鲑行者三文鱼王府井店,126.567200,45.732685,餐饮,金江路观复国际内街628-36号,餐饮服务;外国餐厅;日本料理,3.7,77.00
东边边东北山野居酒屋,126.586118,45.709504,餐饮,和谐大道152-2号爱达尊御loft栋1层02号商服,餐饮服务;外国餐厅;日本料理,4.6,100.00
盒美滋好先生精致寿司(七政公寓B栋店),126.627463,45.731950,餐饮,七政街七政公寓-B栋汉元街37号,餐饮服务;外国餐厅;日本料理,4.4,58.00
四月居酒屋(哈西店),126.591349,45.698055,餐饮,和谐大道396号,餐饮服务;外国餐厅;日本料理,4.7,121.00
本家炭火烧肉(花园街店),126.657526,45.766713,餐饮,花园街163号(烟厂地铁站4号口步行260米),餐饮服务;中餐厅;中餐厅,4.4,89.00
吉多寿司(阿什河街店),126.642034,45.764079,餐饮,阿什河街113号,餐饮服务;外国餐厅;外国餐厅,3.8,22.00
樱花丼·日式烧肉饭(恒大名都店),126.622008,45.833467,餐饮,中源大道3813-13,餐饮服务;外国餐厅;日本料理,4.0,25.00
釜将肉铺(辽河店),126.680568,45.763155,餐饮,辽河路副265号,餐饮服务;外国餐厅;日本料理,4.6,110.00
千代武日本料理(开发区店),126.673714,45.743723,餐饮,康顺街33号,餐饮服务;外国餐厅;日本料理,4.7,135.00
季旬味寿司居酒屋(龙江街店),126.651752,45.761742,餐饮,龙江街24-2号,餐饮服务;外国餐厅;日本料理,4.4,84.00
不晚烧肉,126.673558,45.756859,餐饮,平公街6-2号,餐饮服务;餐饮相关场所;餐饮相关,4.6,93.00
秋森小巷烧肉,126.674465,45.742663,餐饮,开发区大顺街8号,餐饮服务;餐饮相关场所;餐饮相关,4.6,307.00
牛YO寿喜烧(西城红场店),126.591558,45.702735,餐饮,哈西大街299号西城红场4F牛YO寿喜烧日式火锅自助,餐饮服务;外国餐厅;日本料理,4.6,162.00
花禾寿司米饭套餐(和兴商厦店),126.614290,45.737211,餐饮,清明四道街116号,餐饮服务;餐饮相关场所;餐饮相关,3.8,13.00
乐和小巷烧肉店(金爵万象3期店),126.585123,45.697508,餐饮,金爵万象3期,餐饮服务;外国餐厅;日本料理,4.5,135.00
丸美屋寿司(永达路店),126.570734,45.882220,餐饮,利民大道2996号地恒托斯卡纳4期,餐饮服务;外国餐厅;日本料理,3.8,23.00
卷卷地球屋饭团寿司店(哈尔滨银泰城购物中心店),126.541264,45.736412,餐饮,群力大道2399号银泰城购物中心,餐饮服务;外国餐厅;外国餐厅,3.3,25.00
马冬梅寿司(财富天地店),126.524001,45.875893,餐饮,学院路756号财富天地B1层,餐饮服务;外国餐厅;日本料理,2.7,21.00
斋藤&外带寿司(南新街),126.654072,45.787997,餐饮,尚朴街小区(清真寺地铁站3号口步行190米),餐饮服务;外国餐厅;日本料理,3.8,20.00
KOKO这里日本料理(开发区店),126.674158,45.745371,餐饮,丽顺街25号(与鸿翔路交口),餐饮服务;外国餐厅;日本料理,4.6,162.00
三丁目寿司居酒屋(西桥住宅小区店),126.626674,45.740326,餐饮,曲线街道桥东街71-1号,餐饮服务;外国餐厅;日本料理,4.3,92.00
吉屋居酒屋(哈西店),126.587074,45.698230,餐饮,王岗镇哈西南兴街149号,餐饮服务;外国餐厅;日本料理,4.6,119.00
隐炉和牛烧肉店,126.661719,45.748886,餐饮,哈尔滨市南岗区士课街8-4号,餐饮服务;外国餐厅;日本料理,4.4,102.00
拾九酒馆,126.614487,45.748765,餐饮,民丰街55号,餐饮服务;外国餐厅;日本料理,3.6,134.00
清禾寿司,126.539090,45.737766,餐饮,群力大道2399号银泰城购物中心,餐饮服务;外国餐厅;日本料理,3.0,91.00
鮨鳴SUSHI NARI,126.640343,45.747368,餐饮,繁荣街109号,餐饮服务;中餐厅;中餐厅,4.5,1332.00
丸炙寿司店,126.620825,45.753775,餐饮,抚安街与安发桥街辅路交叉口东北80米,餐饮服务;外国餐厅;日本料理,2.9,66.00
喜焱铁板烧(远大购物中心南岗店),126.643925,45.760475,餐饮,果戈里大街378号远大购物中心南岗店6F层,餐饮服务;中餐厅;中餐厅,3.8,99.00
吉多寿司(民生尚都店),126.519893,45.718502,餐饮,崂山路296号,餐饮服务;外国餐厅;外国餐厅,4.0,18.00
你的邻座创意韩餐(哈尔滨中央大街店),126.616308,45.773911,餐饮,红霞街51号,餐饮服务;餐饮相关场所;餐饮相关,4.6,63.00
将军牛排·尔滨地标韩餐(博物馆远大店),126.643861,45.760413,餐饮,荣市街18号远大购物中心(南岗店)6F层,餐饮服务;外国餐厅;韩国料理|餐饮服务;外国餐厅;牛扒店(扒房),4.5,68.00
将军牛排·尔滨地标韩餐(三大动力乐松店),126.649342,45.719506,餐饮,三大动力路8号乐松广场四楼,餐饮服务;外国餐厅;韩国料理,4.4,68.00
布车PINK韩餐酒馆(江北大学城店),126.550226,45.873192,餐饮,学院路泓林金色地标12号楼1号商服,餐饮服务;餐饮相关场所;餐饮相关,4.6,85.00
布车PINK韩餐酒馆(学府路店),126.612531,45.706735,餐饮,学府路哈西服装城四楼楼一厅7号,餐饮服务;餐饮相关场所;餐饮相关,4.6,87.00
杀猪天·韩国烤肉(总店),126.623448,45.742737,餐饮,铁路街519号(哈特购物中心对面),餐饮服务;外国餐厅;韩国料理,4.7,49.00
恩你小木屋·小韩料·火辣鸡爪(中央大街店),126.615500,45.771031,餐饮,通江街76号(中央大街地铁站1号口步行260米),餐饮服务;外国餐厅;韩国料理,4.6,77.00
尹东杰朝鲜族小火锅,126.625023,45.740961,餐饮,桥东街111号(西大桥地铁站3号口步行430米),餐饮服务;中餐厅;火锅店,4.7,44.00
韩国炸酱面(学府店四店),126.616060,45.704161,餐饮,学府东四道街356号,餐饮服务;外国餐厅;韩国料理,4.7,54.00
将军牛排·尔滨地标朝鲜族美食(总店),126.606819,45.749620,餐饮,新阳路347号,餐饮服务;外国餐厅;韩国料理|餐饮服务;外国餐厅;牛扒店(扒房),4.6,68.00
Picnic·韩国寿司店(总店),126.627725,45.740023,餐饮,桥东街45号,餐饮服务;外国餐厅;韩国料理,4.7,36.00
辣椒高手韩国辣料理(哈尔滨中央大街店),126.615865,45.773785,餐饮,红霞街59号,餐饮服务;外国餐厅;韩国料理,4.6,73.00
梁氏汤饭(桥东街店),126.626952,45.740248,餐饮,桥东街67号,餐饮服务;外国餐厅;韩国料理,4.6,75.00
千里马拌饭补身汤(总店),126.644554,45.723447,餐饮,和兴路29号林业大学斜对面(乐松商圈-林业大学-中医药大学-),餐饮服务;中餐厅;中餐厅,4.6,30.00
辛氏火炉(哈西店),126.588356,45.693043,餐饮,哈尔滨大街675号,餐饮服务;中餐厅;中餐厅,4.6,92.00
济州三餐(上和·园著店),126.575216,45.733371,餐饮,群力第七大道156号,餐饮服务;餐饮相关场所;餐饮相关,4.7,98.00
烤肉乐韩国料理,126.620694,45.704766,餐饮,学府东四道街182号1层,餐饮服务;外国餐厅;韩国料理,4.7,57.00
新罗·朝鲜族料理,126.625415,45.736311,餐饮,汉广街49-2号,餐饮服务;外国餐厅;韩国料理,4.6,58.00
宋妈妈烤肉,126.587338,45.696251,餐饮,西宁南路79号,餐饮服务;中餐厅;中餐厅,4.6,58.00
金博士民族餐厅,126.626214,45.741467,餐饮,贵新街41号(哈工大地铁站3号口步行370米),购物服务;购物相关场所;购物相关场所|餐饮服务;餐饮相关场所;餐饮相关,4.7,51.00
将军牛排·尔滨地标朝鲜族美食中央大街索菲亚店,126.620179,45.771544,餐饮,中央大街金安国际购物中心5楼,餐饮服务;外国餐厅;韩国料理,4.5,68.00
滋滋五花韩式烤肉店,126.626605,45.748379,餐饮,木工街副5号,餐饮服务;外国餐厅;韩国料理,4.6,89.00
恩你小木屋·小韩料·火辣鸡爪(学府店),126.633146,45.703131,餐饮,征仪路320号(征仪路地铁站2号口步行410米),餐饮服务;外国餐厅;韩国料理,4.6,73.00
香苑韩国炸酱面,126.615329,45.766486,餐饮,经纬五道街42-2号,餐饮服务;外国餐厅;韩国料理,4.7,46.00
北村大锅家(哈尔滨中央大街店),126.616402,45.773959,餐饮,红霞街49号,餐饮服务;餐饮相关场所;餐饮相关,4.6,110.00
鑫日千里马朝鲜族小馆(泰山路店),126.704007,45.749638,餐饮,泰山路243号佳和远景1栋-1-2层2号商服,购物服务;服装鞋帽皮具店;服装鞋帽皮具店,4.5,30.00
小猪小牛章鱼水煎肉(哈西万达金街店),126.585940,45.699582,餐饮,兴达路124号哈西万达4号门斜对角,餐饮服务;外国餐厅;韩国料理,4.5,76.00
一块嗨韩式简餐店,126.628958,45.739621,餐饮,桥东街3号,餐饮服务;外国餐厅;韩国料理,4.6,65.00
恩你小木屋·小韩料·火辣鸡爪(金爵万象店),126.583461,45.698119,餐饮,哈尔滨大街588号,餐饮服务;外国餐厅;韩国料理,4.6,84.00
韩牛烤肉,126.620866,45.704637,餐饮,学府东四道街176号,餐饮服务;餐饮相关场所;餐饮相关,4.5,48.00
59号烧肉铺(西桥住宅小区店),126.627237,45.740143,餐饮,桥东街59号,餐饮服务;外国餐厅;韩国料理,4.6,79.00
老金韩餐馆,126.692988,45.747619,餐饮,千山路31号,餐饮服务;外国餐厅;韩国料理,4.6,19.00
高丽旺(世茂大道店),126.524174,45.808263,餐饮,世茂大道221-35号,餐饮服务;中餐厅;特色/地方风味餐厅,4.6,54.00
老朴朝鲜风味(顾乡店),126.585878,45.736236,餐饮,顾乡大街91号(近比优特),餐饮服务;外国餐厅;韩国料理,4.6,66.00
双门洞的夏天韩国烤肉(王府井店),126.565973,45.732512,餐饮,景江东路899号王府井购物中心关东古巷店4F层,餐饮服务;中餐厅;中餐厅,4.6,96.00
韩锅斗韩式料理(淮河路店),126.696620,45.762160,餐饮,淮河路320号红旗住宅新区,餐饮服务;外国餐厅;韩国料理,4.5,60.00
阿集地韩国料理(柒季城小区北区店),126.547994,45.867079,餐饮,学院路四道街193号(柒季城46栋),餐饮服务;外国餐厅;韩国料理,4.6,66.00
老朴朝鲜风味(邮政店),126.653182,45.769367,餐饮,邮政街6号(烟厂),餐饮服务;中餐厅;中餐厅,4.6,69.00
玛喜达韩国年糕料理(凯德广场·学府店),126.609598,45.721196,餐饮,学府路1-1号凯德广场4楼,餐饮服务;外国餐厅;韩国料理,4.6,47.00
双门洞的夏天韩国烤肉(二店),126.587469,45.699790,餐饮,兴达路87号哈西万达金街D50-52,餐饮服务;外国餐厅;韩国料理,4.6,67.00
鑫日千里马拌饭参鸡汤(征仪路店),126.633121,45.700629,餐饮,保健副路与征仪路交口金博花园103栋,餐饮服务;中餐厅;中餐厅,4.5,28.00
常哈哈延边美食(大安街店),126.614808,45.770434,餐饮,大安街83-2号,餐饮服务;中餐厅;中餐厅,4.5,66.00
粥story韩国料理(中央大街店),126.618428,45.770362,餐饮,霞曼街31号(中央大街地铁站1号口步行250米),餐饮服务;外国餐厅;韩国料理,4.5,66.00
大叹号烤肉·朝鲜族料理(哈西万达店),126.587482,45.700204,餐饮,中兴大道168号3F层3026号,餐饮服务;外国餐厅;韩国料理,4.6,67.00
安丰朝鲜打糕(安丰商场店),126.614237,45.763675,餐饮,安宁街100号,餐饮服务;餐饮相关场所;餐饮相关,4.5,21.00
西塔老太太泥炉烤肉(西城红场生活港店),126.593202,45.703016,餐饮,哈西大街299号西城红场生活港F6层,餐饮服务;餐饮相关场所;餐饮相关,4.6,94.00
韩流热风(桥东街店),126.628617,45.739723,餐饮,工建街51号西桥小区12栋1层7号,餐饮服务;外国餐厅;韩国料理,4.6,44.00
鑫日千里马拌饭参鸡汤(朗江路店),126.531013,45.736957,餐饮,朗江路1449号,购物服务;服装鞋帽皮具店;服装鞋帽皮具店,4.4,30.00
小猪小牛水煎肉(学府凯德店),126.609009,45.720988,餐饮,学府路1-号凯德广场学府05层17/18号,餐饮服务;中餐厅;中餐厅,4.4,69.00
Picnic·韩国寿司店(师大店),126.621044,45.724788,餐饮,和兴七道街3-9号,餐饮服务;外国餐厅;日本料理,4.4,37.00
西塔老太太泥炉烤肉(红博中央公园店),126.700765,45.757245,餐饮,红旗大街339号红博中央公园B2层,餐饮服务;中餐厅;中餐厅,4.5,82.00
寻盘季(农大店),126.725794,45.734848,餐饮,木材街55-3号,餐饮服务;中餐厅;中餐厅,4.5,49.00
韩锅斗(东辉明珠园店),126.584713,45.703071,餐饮,西宁北路35号,餐饮服务;外国餐厅;韩国料理,4.4,57.00
小牛达尔韩式水煎肉(地段街184号小区店),126.624808,45.775775,餐饮,森林街附64-5号,餐饮服务;外国餐厅;韩国料理,4.5,54.00
Wooban武班(哈西万达店),126.585665,45.699998,餐饮,中兴大道168号万达广场哈尔滨哈西店3F层,餐饮服务;外国餐厅;韩国料理,4.5,70.00
将军牛排(银泰城店),126.539376,45.736794,餐饮,群力大道2399号银泰城购物中心四楼4032将军牛排,餐饮服务;外国餐厅;外国餐厅,4.3,68.00
双门洞的夏天(红博中央公园店),126.696220,45.758598,餐饮,红博中央公园负二层(比优特超市附近),餐饮服务;外国餐厅;韩国料理,4.4,65.00
Picnic•韩国炸鸡店,126.628058,45.739913,餐饮,桥东街35号,餐饮服务;餐饮相关场所;餐饮相关,4.4,51.00
杀猪天·韩国烤肉(和兴店),126.619630,45.727278,餐饮,和兴三道街25号,餐饮服务;外国餐厅;韩国料理,4.5,70.00
鑫日千里马拌饭参鸡汤(大有坊街店),126.693158,45.775320,餐饮,鑫日千里马大有房街32号,餐饮服务;中餐厅;中餐厅,4.3,30.00
将军牛排韩国餐厅(关东古巷王府井店),126.566081,45.732678,餐饮,景江东路899号王府井购物中心F4,餐饮服务;外国餐厅;韩国料理,4.4,68.00
西塔老太太泥炉烤肉(凯德广场·学府店),126.609582,45.721236,餐饮,学府路65-1号凯德广场3楼03-06A,餐饮服务;中餐厅;中餐厅,4.5,105.00
双门洞的夏天韩国烤肉(一店),126.726499,45.733416,餐饮,互助街56号,餐饮服务;餐饮相关场所;餐饮相关,4.5,62.00
小木屋米酒店(哈尔滨哈西万达广场万达广场店),126.589817,45.700192,餐饮,中兴大道168号万达广场哈尔滨哈西店1F层,餐饮服务;外国餐厅;韩国料理,4.5,68.00
九龙阁(通江街),126.615280,45.772151,餐饮,通江街71号(靠近站台),餐饮服务;外国餐厅;韩国料理,4.4,44.00
安三胖韩国烤肉(学院路店),126.549041,45.872696,餐饮,学院路与兴民路交叉口西60米,餐饮服务;中餐厅;特色/地方风味餐厅,4.5,76.00
西塔老太太泥炉烤肉(金安国际购物广场店),126.620155,45.771918,餐饮,金安国际购物广场负二层701,餐饮服务;餐饮相关场所;餐饮相关,4.5,97.00
双门洞的夏天韩国烤肉(学院路店),126.552227,45.872812,餐饮,学院路60号,餐饮服务;外国餐厅;韩国料理,4.4,79.00
猪老三韩国烤肉(西桥住宅小区店),126.629444,45.739795,餐饮,工建街51号贵新街交叉口,餐饮服务;外国餐厅;韩国料理,4.3,65.00
鑫日千里马拌饭补身汤(恒大御景湾店),126.678545,45.700775,餐饮,松海路恒大御景湾一期门市,购物服务;购物相关场所;购物相关场所,4.4,30.00
炸鸡情侣韩式料理(中央大街店),126.618920,45.771852,餐饮,中央大街100号中央商城6层,餐饮服务;外国餐厅;韩国料理,4.5,51.00
双门洞的夏天韩国烤肉(学府凯德理工店),126.622991,45.718189,餐饮,测绘路168-170号,餐饮服务;餐饮相关场所;餐饮相关,4.3,82.00
先锋路街道鑫鑫朝鲜风味(闽江路店),126.692289,45.748177,餐饮,闽江路234号,餐饮服务;外国餐厅;韩国料理,4.5,48.00
鑫日千里马拌饭参鸡汤(汇智店),126.569821,45.739417,餐饮,群力第四大道399号汇智广场1层,餐饮服务;中餐厅;中餐厅,4.3,28.00
豚豚猪村烤肉店,126.623192,45.743081,餐饮,铁路街511-6号,餐饮服务;外国餐厅;韩国料理,4.4,62.00
韩森朝鲜风味(哈西店),126.595292,45.703614,餐饮,哈西大街440号,餐饮服务;餐饮相关场所;餐饮相关,4.4,78.00
双门洞的夏天韩国烤肉(道外区宏伟路店),126.696819,45.779682,餐饮,宏伟路126号药六嘉园,餐饮服务;外国餐厅;韩国料理,4.3,86.00
Picnic·(哈西店),126.579229,45.699891,餐饮,华润凯旋门哈尔滨大街505-23号,体育休闲服务;娱乐场所;酒吧,4.5,43.00
鑫日千里马朝鲜族小馆(融江路店),126.541531,45.723602,餐饮,融江路2376号,购物服务;服装鞋帽皮具店;服装鞋帽皮具店,4.6,37.00
安小胖韩国烤肉(松雷南岗店),126.643644,45.759218,餐饮,松雷6层(博物馆地铁站2号口旁),餐饮服务;外国餐厅;韩国料理,4.4,72.00
将军牛排韩国餐厅(学院路杉杉奥莱店),126.559885,45.877074,餐饮,利民大道555号杉杉奥特莱斯广场·哈尔滨3F层,餐饮服务;外国餐厅;牛扒店(扒房)|餐饮服务;外国餐厅;韩国料理,4.3,68.00
小猪小牛章鱼水煎肉(杉杉奥特莱斯广场哈尔滨店),126.559466,45.876488,餐饮,利民大道555号杉杉奥特莱斯广场3层,餐饮服务;中餐厅;中餐厅,4.3,55.00
韩锅斗韩式料理(中央大街总店),126.612911,45.768559,餐饮,经纬七道街21-1号,餐饮服务;外国餐厅;日本料理,4.5,63.00
明洞金阿莲朝鲜族牛肉汤饭,126.536254,45.739384,餐饮,融江路3813号,餐饮服务;中餐厅;中餐厅,4.4,30.00
鑫日千里马拌饭补身汤(乐松店),126.649364,45.719187,餐饮,三大动力路8号乐松广场4F层,餐饮服务;中餐厅;中餐厅,4.3,30.00
辛州拌饭(柏林四季店),126.528745,45.869638,餐饮,博文路C2-3-9幢商服,餐饮服务;中餐厅;中餐厅,4.5,37.00
将军牛排韩国餐厅(香坊万达广场店),126.677710,45.739587,餐饮,衡山路17号万达广场(哈尔滨香坊店)3F层,餐饮服务;外国餐厅;韩国料理,4.3,68.00
济州三餐(西城红场店),126.593175,45.702875,餐饮,哈西大街299号西城红场生活港F5层,餐饮服务;中餐厅;中餐厅,4.6,80.00
安三胖韩国烤肉(哈尔滨红旗·Mall购物中心店),126.628500,45.605312,餐饮,新疆大街117号红旗·Mall购物中心哈尔滨店B1层,餐饮服务;餐饮相关场所;餐饮相关,4.4,69.00
将军牛排韩国餐厅(华润万象汇哈尔滨店),126.537710,45.809819,餐饮,哈尔滨华润万象汇L379号,餐饮服务;外国餐厅;韩国料理,4.2,68.00
双门洞的夏天韩国烤肉(太平桥百盛店),126.676507,45.784008,餐饮,东直路118号百盛购物中心B1室,餐饮服务;外国餐厅;韩国料理,4.3,63.00
艺堂韩国料理(新苑小区店),126.688783,45.755655,餐饮,嵩山路99号,餐饮服务;外国餐厅;韩国料理,4.4,67.00
糕久久韩国米糕打糕(哈西万达店),126.589525,45.700575,餐饮,中兴大道168号万达广场B1层,餐饮服务;糕饼店;糕饼店,4.4,19.00
釜门洞烤肉(杉杉奥特莱斯广场·哈尔滨),126.559308,45.876732,餐饮,利民大道555号杉杉奥特莱斯广场·哈尔滨3F层,餐饮服务;外国餐厅;韩国料理,4.4,82.00
鑫日千里马拌饭参鸡汤(世贸店),126.523218,45.808073,餐饮,世茂大道221-27号,购物服务;服装鞋帽皮具店;服装鞋帽皮具店|购物服务;专卖店;专营店,4.4,27.00
金三顺紫菜包饭(中央大街店),126.623932,45.769506,餐饮,尚志大街57号道理菜市场,餐饮服务;中餐厅;中餐厅,4.3,18.00
鑫日米乡拌饭(大众新城店),126.634820,45.695783,餐饮,征仪路458号大众新城一期,餐饮服务;外国餐厅;日本料理,4.1,16.00
屋篱·炸酱面(工大店),126.623542,45.744348,餐饮,砖街19-5号,餐饮服务;餐饮相关场所;餐饮相关,4.6,42.00
高益参鸡汤,126.611414,45.774120,餐饮,高谊街78号(近上游街),医疗保健服务;医疗保健服务场所;医疗保健服务场所,4.3,55.00
双门洞的夏天(乐松店),126.649698,45.718873,餐饮,哈平路街道三大动力路8号乐松广场四楼万达影城旁,餐饮服务;外国餐厅;韩国料理,4.3,67.00
高丽小馆,126.725750,45.733531,餐饮,互助街68-2号,餐饮服务;外国餐厅;日本料理,4.2,34.00
隔壁老王济州烤肉排档,126.642208,45.605516,餐饮,友协东三道街1号(十字路口),餐饮服务;中餐厅;中餐厅,4.2,53.00
安小胖韩国烤肉(太平桥乐松店),126.675542,45.784761,餐饮,上坎街1永平小区(太平桥地铁站4A口步行180米),餐饮服务;外国餐厅;韩国料理,4.3,60.00
米香香朝鲜饭店(大众嘉园店),126.634470,45.700967,餐饮,征仪路323号(征仪路地铁站2号口步行100米),餐饮服务;餐饮相关场所;餐饮相关,4.5,58.00
安小胖韩国烤肉(双城区店),126.305742,45.372819,餐饮,富裕路与富余路交叉口西北240米,餐饮服务;外国餐厅;韩国料理,4.3,56.00
明洞阿姨韩式酱蟹烤肉大排档(五常店),127.155708,44.929280,餐饮,金山大街金泰新区B栋商服,餐饮服务;外国餐厅;日本料理,4.2,67.00
金浦家韩餐,126.597618,45.745353,餐饮,建国街277号,餐饮服务;外国餐厅;韩国料理,4.3,43.00
永哲中韩料理(沙曼小区四街区店),126.620881,45.726489,餐饮,和兴三道街52-4号,餐饮服务;中餐厅;中餐厅,4.4,39.00
小花美食餐饮店,126.644712,45.719291,餐饮,动源街,餐饮服务;中餐厅;中餐厅,4.5,69.00
双门洞的夏天韩国烤肉(五常店),127.155890,44.929280,餐饮,金泰新区B1号商服,餐饮服务;外国餐厅;韩国料理,4.1,90.00
老三辅朝鲜餐馆,126.671249,45.731032,餐饮,六顺街道三辅街151号,餐饮服务;外国餐厅;韩国料理,4.3,56.00
布车BOOM韩式排档酒馆(中央大街店),126.615312,45.778523,餐饮,友谊路187号印象城C座二楼,体育休闲服务;娱乐场所;酒吧,4.5,113.00
鑫日千里马拌饭参鸡汤(哈西店),126.596522,45.686481,餐饮,哈尔滨大街885号中海雍景熙岸,餐饮服务;中餐厅;中餐厅,4.3,30.00
延奶奶朝鲜族汤饭(远大购物中心群力店),126.554841,45.737767,餐饮,群力第四大道1579号A2栋1层28号,餐饮服务;外国餐厅;外国餐厅,4.3,26.00
朝鲜风味馆(友谊路店),126.618398,45.779155,餐饮,友谊路123号,餐饮服务;外国餐厅;韩国料理,4.5,49.00
大安中韩快餐,126.617662,45.770637,餐饮,大安街50号(中央大街地铁站1号口步行280米),餐饮服务;外国餐厅;日本料理,4.5,18.00
高鸣石板烤肉专门店,126.711962,45.733571,餐饮,清华路B6栋6单元102室,餐饮服务;外国餐厅;韩国料理,4.3,71.00
金华酒楼,126.656481,45.742796,餐饮,文府街副36号(近李范伍花园),餐饮服务;中餐厅;综合酒楼,4.4,46.00
鑫日千里马拌饭参鸡汤(红博会展购物广场店),126.701230,45.754262,餐饮,红博会展购物中心餐饮区23号,餐饮服务;外国餐厅;日本料理,4.1,30.00
鑫日千里马拌饭参鸡汤(哈东万达店),126.760925,45.718075,餐饮,香福路52号万达广场哈尔滨哈东店F3层,餐饮服务;餐饮相关场所;餐饮相关,3.9,28.00
新亭欧巴韩餐厨房(中央大街店),126.617065,45.769815,餐饮,霞曼街70号(中央大街地铁站1号口步行90米),餐饮服务;外国餐厅;韩国料理,4.2,46.00
快乐园朝鲜美食(哈尔滨高丽一条街店),126.697139,45.728592,餐饮,安埠街262-264号(安埠街与鸿业街交叉口西南角),餐饮服务;外国餐厅;韩国料理,4.3,38.00
鑫日千里马拌饭参鸡汤(百盛店),126.616854,45.778894,餐饮,中央大街222号百盛商场副一,餐饮服务;外国餐厅;日本料理,4.1,30.00
鑫日千里马拌饭(银泰城店),126.541092,45.737685,餐饮,群力大道2399号银泰城购物中心B1层,餐饮服务;中餐厅;中餐厅,4.2,28.00
故乡酒家韩国料理延寿店,128.335826,45.451664,餐饮,东新华街一号,餐饮服务;中餐厅;综合酒楼,4.2,64.00
松竹餐馆,126.628961,45.766455,餐饮,工厂街37号(尚志大街地铁站1号口步行330米),餐饮服务;外国餐厅;韩国料理,4.2,35.00
莲洞烤肉(王府井店),126.566313,45.733676,餐饮,群力第五大道王府井购物中心4F-019,餐饮服务;外国餐厅;韩国料理,4.1,67.00
金家韩式烤肉年糕火锅(凯旋广场店),126.646175,45.720513,餐饮,凯旋新生活购物广场,餐饮服务;外国餐厅;韩国料理,3.8,83.00
鑫日千里马拌饭参鸡汤(新吉店),126.667318,45.760999,餐饮,大成街53号新吉购物中心,餐饮服务;外国餐厅;日本料理,4.2,30.00
鑫日千里马拌饭参鸡汤(信恒店),126.710582,45.757091,餐饮,黄河路232号,购物服务;服装鞋帽皮具店;服装鞋帽皮具店,4.3,28.00
千里香韩式料理(民权大街店),126.976735,45.541143,餐饮,和平街和平公寓B栋一层4号,餐饮服务;中餐厅;中餐厅,4.2,54.00
釜山石锅烤肉(柴市路店),126.976576,45.532903,餐饮,金都街胜利派出所门卫1-3层,餐饮服务;外国餐厅;韩国料理,4.3,68.00
韩香苑韩式料理(民生路店),126.664849,45.734403,餐饮,民生路街道民生路107-2号,餐饮服务;外国餐厅;韩国料理,4.3,50.00
双门洞13号韩国烤肉,126.976056,45.540804,餐饮,牌路大街371号,餐饮服务;中餐厅;中餐厅,4.2,67.00
朝鲜饭庄(东莱街巴洛克店),126.647858,45.778786,餐饮,东莱街129号,餐饮服务;中餐厅;中餐厅,4.2,43.00
安小胖韩式烤肉,126.986237,45.538498,餐饮,星河国际南门西190米,餐饮服务;外国餐厅;日本料理,4.1,40.00
鑫日千里马拌饭参鸡汤(东大直街店),126.647243,45.761653,餐饮,东大直街293号101室,餐饮服务;外国餐厅;日本料理,4.3,30.00
杀猪天·韩国烤肉(学院路店),126.551343,45.871135,餐饮,学院路二道街9栋5号,餐饮服务;外国餐厅;韩国料理,4.5,57.00
江原道顶级烤肉(亚布力美食街店),128.616656,44.930536,餐饮,亚布力美食街与林政路交叉口东120米,餐饮服务;中餐厅;特色/地方风味餐厅,4.3,75.00
青杉在韩式烤肉(果园星城B区店),126.700909,45.728147,餐饮,通天街71号(齐市小盘烤肉旁边),餐饮服务;外国餐厅;韩国料理,4.2,62.00
喵多士深海鱼糕(学府凯德店),126.609350,45.720898,餐饮,西大直街学府路1号凯德广场负一层B1-63,餐饮服务;中餐厅;中餐厅,3.7,35.00
鑫日千里马拌饭参鸡汤(和平路店),126.659584,45.737591,餐饮,和平路64号1层,餐饮服务;外国餐厅;日本料理,4.2,34.00
鲜族小馆(文府嘉园店),126.656718,45.742599,餐饮,文府街32-2号,餐饮服务;中餐厅;中餐厅,4.1,52.00
朝鲜族饭店(大朝鲜),129.559305,46.313532,餐饮,五国城路与建设街交叉口西北100米,餐饮服务;外国餐厅;韩国料理,4.1,41.00
鑫日米乡拌饭(学兴路店),126.624202,45.716990,餐饮,学兴路33号,餐饮服务;外国餐厅;日本料理,3.9,16.00
草家酱蟹泡菜坊,126.566125,45.732725,餐饮,景江东路899号王府井购物中心关东古巷店B1层,餐饮服务;中餐厅;中餐厅,3.8,43.00
延奶奶朝鲜族汤饭(哈轴职工建北小区南区店),126.695474,45.739138,餐饮,赣水路256-1号,餐饮服务;餐饮相关场所;餐饮相关,4.3,31.00
晶方欣圣融合料理(新发小区E区店),126.658735,45.767268,餐饮,花园街148号(烟厂地铁站4号口步行320米),购物服务;专卖店;珠宝首饰工艺品|餐饮服务;餐饮相关场所;餐饮相关,4.1,57.00
千里马拌饭补身汤(王岗店),126.553133,45.674572,餐饮,哈双路305-3号(金岗湾小区)9栋1层07号商服,餐饮服务;中餐厅;中餐厅,4.1,52.00
三个先森的韩国炸鸡(道里店),126.620728,45.761837,餐饮,安化街16号8栋5单元1层1号,餐饮服务;外国餐厅;韩国料理,4.2,18.00
啊集地韩国料理(学府店),126.617181,45.704316,餐饮,学府东四道街308号,餐饮服务;外国餐厅;韩国料理,4.1,47.00
阿里郎(群力远大购物中心店),126.557682,45.738260,餐饮,群力大道1176号远大购物中心群力店F7层,餐饮服务;外国餐厅;韩国料理,3.9,32.00
高鸣石板烤肉专门店(阿城店),126.969294,45.546144,餐饮,延川大街683号金谷巷南侧,餐饮服务;外国餐厅;韩国料理,4.0,71.00
齐齐哈尔韩家烤肉(博尚雅居店),126.575193,45.728660,餐饮,工农大街90号,餐饮服务;外国餐厅;韩国料理,4.3,118.00
老味韩香阁(狗肉馆),126.667536,45.727906,餐饮,香滨路4-17号2门,餐饮服务;中餐厅;中餐厅,4.2,46.00
洪妈妈拌饭屋(银泰城店),126.540921,45.737493,餐饮,群力大道2399号银泰城负一层A2号商铺,餐饮服务;外国餐厅;韩国料理,3.7,22.00
韩艺韩餐馆(工大店),126.628066,45.741725,餐饮,护军街30号(哈工大地铁站3号口步行320米),餐饮服务;外国餐厅;韩国料理,4.0,19.00
敏丁拌饭馆(五常店),127.159890,44.916939,餐饮,建设大街576号,餐饮服务;中餐厅;中餐厅,3.9,33.00
汉罗山韩式炭火烤肉(公滨小区店),126.712346,45.733304,餐饮,通天街道朝一中后身朝北路10号,餐饮服务;中餐厅;中餐厅,4.3,18.00
明洞一米鸡年糕火锅(农垦店),126.530330,45.873317,餐饮,翰林辰霞B1栋,购物服务;购物相关场所;购物相关场所|餐饮服务;餐饮相关场所;餐饮相关,3.9,28.00
韩食汇(吉星小区7号楼店),126.691318,45.745899,餐饮,平山路1号,餐饮服务;外国餐厅;韩国料理,4.1,17.00
金氏梦溪韩餐,126.562165,45.872606,餐饮,齐民路1号,餐饮服务;外国餐厅;韩国料理,4.1,18.00
金家朝鲜馆(维也纳河畔新城C区店),126.688744,45.790162,餐饮,太平大街191号,餐饮服务;外国餐厅;日本料理,4.0,50.00
锦在朝鲜风味,126.702389,45.740947,餐饮,成标街70号(广德堂大药房对面),餐饮服务;外国餐厅;韩国料理,4.0,40.00
韩金阁饭店(金源幸福小区店),126.760234,45.728524,餐饮,公滨路1号金源幸福小区,餐饮服务;中餐厅;特色/地方风味餐厅,4.3,114.00
妙香山朝鲜餐馆,126.607204,45.774530,餐饮,工程街11-4号,餐饮服务;中餐厅;特色/地方风味餐厅,4.0,40.00
豆豆厨房(平房店),126.673804,45.592592,餐饮,保国街206楼1层25号,餐饮服务;外国餐厅;韩国料理,4.2,28.00
金玉朝族小馆(兴建小区会宾家园店),126.647136,45.604990,餐饮,建文街4-1号,餐饮服务;餐饮相关场所;餐饮相关,4.0,76.00
三个先森的韩国炸鸡(哈尔滨旗舰店),126.668966,45.756107,餐饮,芦家街35号,餐饮服务;餐饮相关场所;餐饮相关,3.9,18.00
聚盛园朝鲜风味,126.685833,45.737317,餐饮,珠江路副16-2号(质监局斜对面),餐饮服务;中餐厅;特色/地方风味餐厅,4.2,23.00
延奶奶朝鲜族汤饭,126.530434,45.733138,餐饮,朗江路1066-7号,餐饮服务;餐饮相关场所;餐饮相关,4.1,29.00
朴阿姨紫菜包饭&饭团(哈西万达店),126.588982,45.700779,餐饮,中兴大道168号负一层永辉超市出口前行50米,餐饮服务;外国餐厅;韩国料理,4.0,21.00
韩庄朝鲜民俗饭店,127.976120,45.212589,餐饮,尚志镇龙城国际11号楼北侧一层1门市,餐饮服务;外国餐厅;韩国料理,4.2,64.00
聚朋朝族饭馆,127.504668,45.274925,餐饮,帽儿山镇长青委(秀水林庭对面),餐饮服务;外国餐厅;韩国料理,4.1,52.00
晓玉朝鲜饭店(联盟店),126.676570,45.591552,餐饮,联盟大街副18号,餐饮服务;外国餐厅;日本料理,4.2,28.00
鑫日千里马拌饭参鸡汤(枫叶小镇店),126.464176,45.822851,餐饮,中源大道16999号枫叶小镇奥特莱斯北区2层B2304,餐饮服务;中餐厅;中餐厅,4.1,30.00
鑫日千里马拌饭补身汤(华联超市店),126.675885,45.728756,餐饮,中山路61-1号北京华联超市内一层鑫日千里马,餐饮服务;外国餐厅;日本料理,4.0,30.00
韩金洞首尔无限烤肉(学府凯德店),126.608945,45.721197,餐饮,学府凯德4层(学府路地铁站出入口步行100米),餐饮服务;外国餐厅;韩国料理,4.8,81.00
韩国味道韩国休闲快餐,126.608813,45.757269,餐饮,安国街217-1号,餐饮服务;外国餐厅;日本料理,4.1,29.00
老金家朝鲜饭店,126.619954,45.739104,餐饮,清明七道街与通达街交叉口东40米,餐饮服务;外国餐厅;韩国料理,4.2,15.00
延奶奶朝鲜族汤饭(呼兰区建设路店),126.605775,45.978225,餐饮,建设街滨兰花园小区高层南小二楼一层二号,购物服务;购物相关场所;购物相关场所,3.7,26.00
糕久久韩国米糕打糕(秋林公司),126.645875,45.760625,餐饮,东大直街319号秋林公司F1层,餐饮服务;糕饼店;糕饼店,3.9,17.00
丰年居韩国烤肉(兴业小区店),127.164142,44.923136,餐饮,兴业小区东南5门旁,餐饮服务;外国餐厅;韩国料理,4.2,77.00
辰龙鲜美碳火烤肉(诚信花园店),126.973859,45.530319,餐饮,胜利街诚信小区3号楼一层21号,餐饮服务;中餐厅;中餐厅,3.9,54.00
F·LAVIE COFFEE(哈尔滨中央大街店),126.616937,45.772838,餐饮,红专街附32号,餐饮服务;咖啡厅;咖啡厅,4.5,53.00
星巴克(华润万象汇店),126.538467,45.809541,餐饮,世茂大道和聚源路交叉口华润万象汇一层L101,餐饮服务;咖啡厅;星巴克咖啡,4.6,30.00
瑞幸咖啡(哈尔滨万象汇购物广场店),126.537881,45.809450,餐饮,世茂大道555号万象汇购物广场负一层B30号,餐饮服务;咖啡厅;咖啡厅,4.4,16.00
库迪咖啡(城市之星商业街店),126.528837,45.807511,餐饮,城市之星·豪布斯卡,餐饮服务;餐饮相关场所;餐饮相关,4.3,9.00
YEW咖啡,126.547126,45.806489,餐饮,世茂大道748号,餐饮服务;咖啡厅;咖啡厅,4.2,17.00
星巴克(哈尔滨融创茂店),126.504250,45.802898,餐饮,世茂大道99号融创茂一层1033B-1035星巴克咖啡,餐饮服务;咖啡厅;星巴克咖啡,4.6,30.00
瑞幸咖啡(江北大润发店),126.527893,45.807773,餐饮,世茂大道400号,餐饮服务;咖啡厅;咖啡厅,4.4,15.00
库迪咖啡(松北华润万象汇店),126.537541,45.810099,餐饮,世贸大道555号万象汇负1层(哈尔信超市入口),餐饮服务;咖啡厅;咖啡厅,4.1,9.00
豆长官咖啡(世茂店),126.510685,45.803168,餐饮,太阳岛街道哈尔滨高新区科技创新城世茂大道72号火炬欧亚大厦,餐饮服务;咖啡厅;咖啡厅,3.8,15.00
宋老磨叽咖啡铺,126.558494,45.816552,餐饮,前进路8号银河小区,餐饮服务;咖啡厅;咖啡厅,4.1,29.00
luckin coffee 瑞幸咖啡(北岸明珠龙湾店),126.552121,45.804916,餐饮,松北大道13-1号,餐饮服务;餐饮相关场所;餐饮相关,4.5,20.00
库迪咖啡(北岸龙湾店),126.552265,45.804669,餐饮,松北大道北岸龙湾b栋101,餐饮服务;咖啡厅;咖啡厅,4.4,9.00
"这咖啡(Le voilà, café)",126.500028,45.812888,餐饮,德源街与世祥路交叉口西北200米,餐饮服务;咖啡厅;咖啡厅,4.5,53.00
Tims天好咖啡(融创茂店),126.500253,45.802172,餐饮,融创茂一楼1002B,餐饮服务;咖啡厅;咖啡厅,4.2,30.00
MAG Coffee,126.498920,45.802311,餐饮,松北街道恒源街188号,餐饮服务;餐饮相关场所;餐饮相关,4.5,41.00
瑞幸咖啡(创新创业广场2号楼店),126.510638,45.799043,餐饮,高新技术产业开发区新创业广场2号楼一层大堂,餐饮服务;咖啡厅;咖啡厅,4.6,12.00
库迪咖啡(汇宏金融港店),126.511036,45.796656,餐饮,科技一街388号,餐饮服务;咖啡厅;咖啡厅,4.3,9.00
鈡俞雅颂音乐咖啡厅(奥林小镇店),126.544373,45.821591,餐饮,龙川路369号奥林小镇,餐饮服务;咖啡厅;咖啡厅,3.9,27.00
路域cake&coffee(阳光CBD店),126.501735,45.798342,餐饮,科技二街999号,餐饮服务;餐饮相关场所;餐饮相关,4.0,26.00
230Coffee咖啡,126.490333,45.801185,餐饮,世阳路,餐饮服务;咖啡厅;咖啡厅,4.6,50.00
啡食客咖啡厅,126.501245,45.808719,餐饮,世林路535号,餐饮服务;咖啡厅;咖啡厅,3.9,23.00
luckin coffee瑞幸咖啡(黑龙江省第二医院店),126.544962,45.817102,餐饮,江都街209号省中毒抢救治疗中心松北院区2号楼地下负一层,餐饮服务;咖啡厅;咖啡厅,4.3,17.00
库迪咖啡(哈尔滨融创茂店),126.505065,45.802802,餐饮,世茂大道99号融创茂1层(永辉超市入口南侧),餐饮服务;餐饮相关场所;餐饮相关,4.1,9.00
幸运咖(融创茂店),126.496693,45.807320,餐饮,世林路915号,餐饮服务;餐饮相关场所;餐饮相关,4.3,13.00
星巴克(冰雪大世界店),126.564698,45.776838,餐饮,太阳岛街道雪乡街冰雪大世界(东南角),餐饮服务;咖啡厅;星巴克咖啡,4.4,30.00
Tamper坦伯咖啡,126.551767,45.820538,餐饮,松北大道119号(龙川路地铁站1B口步行330米),公司企业;公司;商业贸易,4.3,[]
luckin coffee 瑞幸咖啡(火炬欧亚大厦店),126.510686,45.803164,餐饮,世茂大道72号火炬欧亚大厦F1层,餐饮服务;餐饮相关场所;餐饮相关,4.3,17.00
库迪咖啡(哈商大一号门店),126.559974,45.818504,餐饮,学海街1633号,餐饮服务;咖啡厅;咖啡厅,4.3,9.00
沐光咖啡馆,126.575889,45.819006,餐饮,龙江第一村六区601-1(学富路),餐饮服务;咖啡厅;咖啡厅,4.3,21.00
简一咖啡甜品(华润·中海·江城店),126.557794,45.810832,餐饮,华润·中海·江城,购物服务;服装鞋帽皮具店;服装鞋帽皮具店,3.1,[]
艺米咖啡馆,126.577212,45.819801,餐饮,龙江第一村6区607-2号,餐饮服务;餐饮相关场所;餐饮相关,4.2,15.00
瑞幸咖啡(哈投集团店),126.508025,45.797425,餐饮,创新二路277号哈投大厦一层大堂,餐饮服务;咖啡厅;咖啡厅,4.4,16.00
库迪咖啡(松北龙轩路店),126.517799,45.825957,餐饮,龙轩路2189号,餐饮服务;咖啡厅;咖啡厅,4.2,9.00
303烟斗咖啡馆,126.583017,45.817517,餐饮,龙江第一村303-2栋,餐饮服务;咖啡厅;咖啡厅,4.4,25.00
云啡·云咖岛(哈尔滨融创施柏阁店),126.495387,45.801360,餐饮,融创施柏阁酒店一楼大堂左侧云啡咖啡,餐饮服务;咖啡厅;咖啡厅,3.8,41.00
ONE太阳岛上咖啡馆,126.601633,45.786020,餐饮,临江街原36号,餐饮服务;咖啡厅;咖啡厅,4.6,41.00
瑞幸咖啡(融创茂热雪奇迹店),126.504335,45.803806,餐饮,世贸大道99号哈尔滨融创茂商场热雪奇迹滑雪场一层6号,餐饮服务;咖啡厅;咖啡厅,4.4,15.00
库迪咖啡(松北万达华园店),126.496905,45.808726,餐饮,恒源街910号一手店内,餐饮服务;咖啡厅;咖啡厅,4.3,9.00
鹿鱼咖啡(哈尔滨中央大街店),126.617079,45.773081,餐饮,红专街43号,餐饮服务;咖啡厅;咖啡厅,4.7,53.00
肯悦咖啡(枫叶小镇店),126.465062,45.820738,餐饮,中源大道16999号,餐饮服务;咖啡厅;咖啡厅,4.3,22.00
星巴克(英迪格防洪纪念塔店),126.617609,45.779957,餐饮,中央大街257号英迪格酒店,餐饮服务;咖啡厅;星巴克咖啡,4.6,30.00
luckin coffee 瑞幸咖啡(阳光CBD店),126.501213,45.799062,餐饮,科技二街1111号1号楼南侧门1号商铺,餐饮服务;咖啡厅;咖啡厅,4.4,16.00
库迪咖啡(松北商大天猫超市店),126.563650,45.821319,餐饮,学海街1599号靠近华远水木清华B区,餐饮服务;咖啡厅;咖啡厅,3.8,9.00
要潮咖啡馆(冰雪大世界店),126.556310,45.776085,餐饮,太阳大道1458号哈尔滨冰雪大世界内(西侧),餐饮服务;咖啡厅;咖啡厅,3.6,31.00
要潮人民咖啡馆(中央大街店),126.619151,45.774146,餐饮,西六道街51号,餐饮服务;咖啡厅;咖啡厅,4.6,21.00
哈尔滨香格里拉大酒店·大堂酒廊,126.595126,45.764538,餐饮,友谊路555号香格里拉大酒店1楼大厅,餐饮服务;餐饮相关场所;餐饮相关,4.3,88.00
星巴克臻选(哈尔滨汇丽广场店),126.605837,45.759893,餐饮,上海街110号汇丽广场D栋,餐饮服务;咖啡厅;星巴克咖啡,4.7,30.00
luckin coffee 瑞幸咖啡(医大四院松北店),126.514239,45.822487,餐饮,祥安北大街766号医大四院负一层食堂001号档口,餐饮服务;餐饮相关场所;餐饮相关,4.2,13.00
库迪咖啡(松北施柏阁店),126.495359,45.801343,餐饮,丰源街199号,餐饮服务;咖啡厅;咖啡厅,3.9,10.00
Scoop Gelato,126.595121,45.757834,餐饮,哈药路366号,购物服务;购物相关场所;购物相关场所,4.6,30.00
苏苏咖啡,126.570081,45.750704,餐饮,友谊西路盛和天下2088苏苏咖啡,餐饮服务;咖啡厅;咖啡厅,4.4,31.00
仁义涵(中央大街店),126.614193,45.768159,餐饮,经纬六道街23号(中央大街地铁站3号口步行80米),餐饮服务;咖啡厅;咖啡厅,4.7,86.00
栖柰17·LuMière,126.604512,45.767465,餐饮,爱建街道上海沙龙爱湖路17号,餐饮服务;咖啡厅;咖啡厅,4.6,67.00
luckin coffee 瑞幸咖啡(新光飞天光电产业园店),126.502765,45.790986,餐饮,科技南三街与创新路交叉口东160米,餐饮服务;咖啡厅;咖啡厅,4.4,11.00
库迪咖啡(哈尔滨商大北校区店),126.565346,45.820732,餐饮,学海街1728正,餐饮服务;咖啡厅;咖啡厅,3.9,14.00
休闲咖啡吧,126.565575,45.821975,餐饮,丁香大道辅路与热源路交叉口西北280米,餐饮服务;咖啡厅;咖啡厅,3.1,[]
叁果sango咖啡,126.607270,45.774095,餐饮,工程街60号(人民广场地铁站1号口步行210米),餐饮服务;咖啡厅;咖啡厅,4.4,42.00
漫咖啡MAAN COFFEE(上海街店),126.599336,45.765102,餐饮,上海街8-1号(上海街地铁站1号口步行140米),餐饮服务;咖啡厅;咖啡厅,4.6,34.00
BlackCan罐头盒子,126.617291,45.774558,餐饮,红霞街31号院内直走老楼右侧蓝色木门,购物服务;购物相关场所;购物相关场所,4.6,39.00
luckin coffee 瑞幸咖啡(万达·华园店),126.497011,45.808104,餐饮,恒源街898号万达·华园,餐饮服务;咖啡厅;咖啡厅,4.4,17.00
库迪咖啡(江北施柏阁大堂店),126.495359,45.801343,餐饮,丰源街199号,餐饮服务;咖啡厅;咖啡厅,4.0,9.00
戈雅咖啡馆(哈尔滨中央大街店),126.617956,45.773399,餐饮,红专街25-1号院内1层左门,餐饮服务;咖啡厅;咖啡厅,4.6,46.00
星巴克臻选(哈尔滨富力中心店),126.587402,45.757514,餐饮,正阳河街道友谊西路600号富力广场一层L103单元友谊西路600号富力广场一层L103单元星巴克咖啡,餐饮服务;咖啡厅;星巴克咖啡,4.6,30.00
发财咖啡,126.606682,45.773904,餐饮,工程街72号(人民广场地铁站1号口步行170米),餐饮服务;咖啡厅;咖啡厅,4.3,30.00
Hope of land希望之丘花艺咖啡店,126.528336,45.743132,餐饮,万科滨江大都会朗江路3196号,餐饮服务;咖啡厅;咖啡厅,4.5,48.00
luckin coffee 瑞幸咖啡(香树湾临街店),126.516640,45.826343,餐饮,祥安北大街1251号,餐饮服务;咖啡厅;咖啡厅,4.4,18.00
COSTA COFFEE(卓展购物中心B座店),126.603323,45.760512,餐饮,上海街99号1层1B-010,餐饮服务;咖啡厅;咖啡厅,4.6,28.00
星巴克(金安国际购物广场店),126.620383,45.771916,餐饮,中央大街69号金安国际购物广场F1层108、110,餐饮服务;咖啡厅;星巴克咖啡,4.6,30.00
澳本咖啡,126.597175,45.758332,餐饮,河润街96-2号,餐饮服务;咖啡厅;咖啡厅,4.5,69.00
BLUE ROOF 蓝屋顶咖啡,126.528032,45.743842,餐饮,朗江路3256号,餐饮服务;咖啡厅;咖啡厅,4.6,49.00
漫咖啡MAAN COFFEE(群力店),126.564597,45.735563,餐饮,群力第五大道1159号(关东古巷对面),餐饮服务;咖啡厅;咖啡厅,4.7,44.00
Unit 6 Coffee单元六咖啡,126.561506,45.735536,餐饮,景江西路1328号,餐饮服务;咖啡厅;咖啡厅,4.7,59.00
星巴克(远大群力咖啡店),126.558722,45.738714,餐饮,群力新区群力大道1176号D区1号一二层,餐饮服务;咖啡厅;星巴克咖啡,4.6,30.00
撸喵猫主题咖啡店(中央大街店),126.618424,45.774529,餐饮,红霞街3号,餐饮服务;咖啡厅;咖啡厅,4.5,36.00
瑞幸咖啡(商业大学松北校区体育场店),126.564010,45.821702,餐饮,商业大学松北校区体育场店,餐饮服务;咖啡厅;咖啡厅,4.0,18.00
吴所谓的咖喱小屋,126.615381,45.771443,餐饮,东风街72号(东风街与通江街交叉口),餐饮服务;餐饮相关场所;餐饮相关,4.4,50.00
星巴克(银泰城购物中心店),126.541473,45.736496,餐饮,群力大道2399号,餐饮服务;咖啡厅;星巴克咖啡,4.6,30.00
3 coffee station·日咖夜酒,126.617985,45.770232,餐饮,霞曼街37-1号,餐饮服务;咖啡厅;咖啡厅,4.6,45.00
Café L’instant 来思谈咖啡,126.612775,45.772253,餐饮,高谊街副47号,餐饮服务;咖啡厅;咖啡厅,4.4,44.00
瑞幸咖啡(哈尔滨商业大学松北店),126.567030,45.823368,餐饮,哈尔滨商业大学北区A区第11学生公寓菜鸟驿站商服一层1号,餐饮服务;咖啡厅;咖啡厅,3.9,15.00
37号魔法学院咖啡店,126.617938,45.770312,餐饮,经纬街道霞曼街63-3号中央尚座公寓,餐饮服务;茶艺馆;茶艺馆,4.5,60.00
思萌咖啡(哈尔滨中央大街店),126.618841,45.776386,餐饮,西二道街32号,餐饮服务;咖啡厅;咖啡厅,4.6,44.00
理想化咖啡馆(经纬七道街小区店),126.612209,45.768281,餐饮,安道街117号(中央大街地铁站3号口步行250米),餐饮服务;咖啡厅;咖啡厅,4.4,42.00
瑞幸咖啡(枫叶小镇奥特莱斯店),126.463776,45.822180,餐饮,中源大道16999号枫叶小镇奥特莱斯一层B1094,餐饮服务;咖啡厅;咖啡厅,4.5,24.00
瑞幸咖啡(中央商城店),126.618754,45.771568,餐饮,中央大街100号中央商城一层F1001,餐饮服务;咖啡厅;咖啡厅,4.6,20.00
瑞幸咖啡(中央大街百盛购物中心店),126.616599,45.778848,餐饮,中央大街222号百盛购物中心一层058号,餐饮服务;咖啡厅;咖啡厅,4.6,17.00
幸运咖(哈商大校内店)(暂停营业),126.565217,45.823731,餐饮,哈尔滨商业大学学生公寓14栋一楼底商,餐饮服务;餐饮相关场所;餐饮相关,3.5,10.00
稍息AT EASE CAFE(河润街店)(暂停营业),126.597125,45.758424,餐饮,河润街98-1号,餐饮服务;咖啡厅;咖啡厅,4.4,59.00
肯悦咖啡冰雪四季园店(暂停营业),126.567694,45.778569,餐饮,冰雪大世界餐饮馆一层,餐饮服务;咖啡厅;咖啡厅,3.3,56.00
庐月又·城市书院,126.540304,45.736748,餐饮,群力大道2399号银泰城购物中心F1层,科教文化服务;科教文化场所;科教文化场所,4.6,31.00
春莱·泰式奶茶·老挝冰咖啡(中央大街店),126.617751,45.771207,餐饮,大安街23-1号,餐饮服务;冷饮店;冷饮店|购物服务;购物相关场所;购物相关场所,4.3,19.00
瑞幸咖啡(海上银座B栋门市店),126.598348,45.764683,餐饮,上海街7号海上银座B栋一层大堂,餐饮服务;咖啡厅;咖啡厅,4.4,17.00
Pull-Tab拉环咖啡(哈尔滨道里区中央大街店),126.616597,45.778846,餐饮,中央大街222号百盛购物中心一层62号,餐饮服务;咖啡厅;咖啡厅,4.3,28.00
暖爪日记宠物咖啡馆,126.614218,45.775233,餐饮,上游街86号暖爪日记宠物咖啡馆,餐饮服务;咖啡厅;咖啡厅,4.4,[]
星巴克(新一百店),126.623617,45.770266,餐饮,石头道街118号一层,餐饮服务;咖啡厅;星巴克咖啡,4.6,30.00
隐咖啡(百顺风华公寓店),126.613639,45.775397,餐饮,通江街153号3单元101,餐饮服务;咖啡厅;咖啡厅,4.3,50.00
瑞幸咖啡(卓展二期购物中心店),126.604039,45.759430,餐饮,上海街99号卓展购物中心B座二层2B-012,餐饮服务;咖啡厅;咖啡厅,4.4,19.00
梢栖(稍息咖啡外滩1898店),126.523164,45.736057,餐饮,群里外滩1898 A2栋商服单元102号,餐饮服务;咖啡厅;咖啡厅,4.6,54.00
库迪咖啡(报业大厦店),126.599325,45.768675,餐饮,友谊路399号,餐饮服务;餐饮相关场所;餐饮相关,4.2,9.00
瑞幸咖啡(深哈产业园店),126.463096,45.782472,餐饮,深哈产业园区,餐饮服务;咖啡厅;咖啡厅,4.2,17.00
慢艇咖啡,126.606186,45.774962,餐饮,工程街道友谊路303号,餐饮服务;咖啡厅;咖啡厅,4.4,36.00
库迪咖啡(哈尔滨富力中心T2店),126.587675,45.757825,餐饮,友谊西路660号富力中心T2写字楼(正门进入10米处),餐饮服务;咖啡厅;咖啡厅,4.4,9.00
库迪咖啡(爱建汇励店),126.603825,45.762725,餐饮,上海街66号(汇励新能源汽车港2号门东侧),餐饮服务;咖啡厅;咖啡厅,4.3,9.00
luckin coffee 瑞幸咖啡(正阳小区东一街区店),126.595136,45.759479,餐饮,哈药路483号,餐饮服务;休闲餐饮场所;休闲餐饮场所,4.3,14.00
库迪咖啡(哈尔滨石油学院店),126.561857,45.848243,餐饮,松浦街道哈尔滨石油学院体育场商业街底商,餐饮服务;咖啡厅;咖啡厅,3.5,9.00
库迪咖啡(哈尔滨公路大桥店),126.594520,45.759052,餐饮,哈药路396号,餐饮服务;餐饮相关场所;餐饮相关,4.4,9.00
Tims天好咖啡(中央大街店),126.618971,45.771560,餐饮,中央大街100号,餐饮服务;咖啡厅;咖啡厅,4.4,22.00
转角遇见咖啡馆(富力城小区店),126.606154,45.828533,餐饮,富力城小区BS-9栋1层101,餐饮服务;咖啡厅;咖啡厅,4.2,42.00
外粒方和逗留咖啡馆,126.608232,45.760231,餐饮,安广街139号-7-38(安广街与安隆街交口),餐饮服务;咖啡厅;咖啡厅,4.5,42.00
into咖啡集合店,126.609276,45.767489,餐饮,安顺街196号,餐饮服务;咖啡厅;咖啡厅,4.4,26.00
幸运咖(哈尔滨印象城C座店),126.615697,45.778667,餐饮,友谊路187号(友谊宫地铁站2号口步行400米),餐饮服务;餐饮相关场所;餐饮相关,4.1,11.00
幸运咖(中央大街店),126.617855,45.770231,餐饮,霞曼街39-2号,餐饮服务;咖啡厅;咖啡厅,4.5,13.00
茉莉Coffee&Bar,126.492075,45.806425,餐饮,恒源街898号万达·华园,餐饮服务;咖啡厅;咖啡厅,3.5,42.00
库迪咖啡(哈尔滨江上城堡店),126.610751,45.778020,餐饮,通江街218号(友谊宫地铁站2号口步行220米),餐饮服务;咖啡厅;咖啡厅,4.3,9.00
1922coffee·BAR,126.618672,45.773950,餐饮,中央大街128号2层,餐饮服务;咖啡厅;咖啡厅,4.6,43.00
白宫宠物咖啡厅,126.538319,45.736834,餐饮,群力第二大道银泰城2期悦坊04栋,餐饮服务;咖啡厅;咖啡厅,4.5,70.00
下班咖啡,126.609793,45.772100,餐饮,红霞街119号,餐饮服务;咖啡厅;咖啡厅,4.3,19.00
luckin coffee瑞幸咖啡(富力城店),126.605039,45.829536,餐饮,规划133路三环路规划32路BS-6栋1-2层114号底商,餐饮服务;咖啡厅;咖啡厅,4.3,14.00
安徒生夜莺咖啡(哈尔滨中央大街店),126.621393,45.776342,餐饮,西三道街1号,餐饮服务;咖啡厅;咖啡厅,4.3,58.00
缇里咖啡(哈尔滨科创总部店),126.462150,45.784340,餐饮,智谷大街288号深圳,餐饮服务;咖啡厅;咖啡厅,4.3,19.00
瑞幸咖啡(哈尔滨汇励生活港店),126.604036,45.762607,餐饮,上海街66-67号,餐饮服务;咖啡厅;咖啡厅,4.4,14.00
駅(yì)CAFE&CLUB,126.602804,45.767142,餐饮,爱湖路67号,餐饮服务;咖啡厅;咖啡厅,4.4,42.00
小抖熊coffee,126.534486,45.740064,餐饮,融江路3886-7,餐饮服务;咖啡厅;咖啡厅,4.5,47.00
SweetCapsule胶小囊甜品咖啡店,126.553579,45.870587,餐饮,利民大道652-9号,餐饮服务;咖啡厅;咖啡厅,4.5,42.00
瑞幸咖啡(群力财富中心店),126.553147,45.737176,餐饮,工农街群力第四大道1705号群力财富中心C座一层大堂,餐饮服务;咖啡厅;咖啡厅,4.6,10.00
极星咖啡馆,126.618850,45.767556,餐饮,经纬街126号院内,餐饮服务;咖啡厅;咖啡厅,4.3,40.00
库迪咖啡(中央大街百盛购物中心店),126.616760,45.778914,餐饮,中央大街222号百盛购物中心(中央大街店),餐饮服务;咖啡厅;咖啡厅,4.4,9.00
星巴克(哈尔滨王府井咖啡店),126.565564,45.732656,餐饮,群力景江东路899号王府井购物中心1层-029B,餐饮服务;咖啡厅;星巴克咖啡,4.6,30.00
瑞幸咖啡(汇智广场店),126.569206,45.739258,餐饮,汇智广场一层(丁香公园地铁站1号口步行200米),餐饮服务;咖啡厅;咖啡厅,4.4,16.00
库迪咖啡(富力城玖贰健身店),126.605220,45.829645,餐饮,东北亚大街与蒲阳路交叉口西南300米,餐饮服务;咖啡厅;咖啡厅,4.2,9.00
luckin coffee 瑞幸咖啡(财智公馆店),126.583191,45.749672,餐饮,河松街48号财智公馆,餐饮服务;咖啡厅;咖啡厅,4.5,15.00
库迪咖啡(哈尔滨财智生活广场店),126.584235,45.749210,餐饮,河松街121号财智生活广场一层,餐饮服务;咖啡厅;咖啡厅,4.3,9.00
库迪咖啡(招商新时代中心店),126.538607,45.745733,餐饮,丽江路4609号,餐饮服务;餐饮相关场所;餐饮相关,4.2,9.00
藏与93号咖啡茶研室,126.590725,45.743083,餐饮,前进路93号,餐饮服务;餐饮相关场所;餐饮相关,4.6,58.00
千予咖啡甜品融合店,126.611202,45.773504,餐饮,中医街105号6栋1单元1层1号,餐饮服务;咖啡厅;咖啡厅,4.5,43.00
瑞幸咖啡(银泰城购物中心店),126.541067,45.736401,餐饮,群力大道2399号银泰城购物中心B1层B1041号,餐饮服务;咖啡厅;咖啡厅,4.4,14.00
瑞幸咖啡(哈尔滨石油学院1号教学楼店),126.558798,45.846184,餐饮,松浦路297号哈尔滨石油学院综合教学楼大厅右侧,餐饮服务;咖啡厅;咖啡厅,3.8,16.00
云端咖啡私房店(河松街店),126.581892,45.750232,餐饮,河松小区一期304栋5单元102号,餐饮服务;咖啡厅;咖啡厅,4.3,43.00
哈利波特主题咖啡馆,126.617897,45.770476,餐饮,霞曼街37号院内20米左侧,餐饮服务;餐饮相关场所;餐饮相关,4.7,51.00
库迪咖啡(中央大街哈尔滨小街店),126.620610,45.770986,餐饮,哈尔滨小街B1-1,餐饮服务;咖啡厅;咖啡厅,4.5,9.00
后窗咖啡,126.619028,45.766718,餐饮,经纬三道街11号,餐饮服务;咖啡厅;咖啡厅,4.6,36.00
On Time准点咖啡·简餐(中央大街店),126.618958,45.773303,餐饮,中央大街中央书店2层准点咖啡(马迭尔西餐、华梅西餐厅),餐饮服务;咖啡厅;咖啡厅,4.2,37.00
瑞幸咖啡(哈尔滨富力中心店),126.587475,45.757475,餐饮,友谊西路600号富力广场L620号铺位,餐饮服务;咖啡厅;咖啡厅,4.1,11.00
要潮人民咖啡馆(中华巴洛克店),126.639083,45.783114,餐饮,靖宇街383号,餐饮服务;咖啡厅;咖啡厅,4.7,22.00
DENGYU等於咖啡,126.603864,45.771258,餐饮,工程街57号(人民广场地铁站2号口步行130米),餐饮服务;咖啡厅;咖啡厅,4.3,29.00
星巴克(哈尔滨松雷店),126.619453,45.770394,餐饮,中央大街66号松雷国际商厦一层,餐饮服务;咖啡厅;星巴克咖啡,4.5,30.00
瑞幸咖啡(金安国际购物广场店),126.620191,45.769945,餐饮,中央大街西十三道街店,餐饮服务;咖啡厅;咖啡厅,4.5,17.00
蒂梦咖啡厅(爱建店),126.604222,45.766022,餐饮,爱建路7-8号,餐饮服务;咖啡厅;咖啡厅,4.1,43.00
MONO CAFE&BISTRO(群力第四大道店),126.553076,45.737157,餐饮,群力财富中心C座商服3-22,餐饮服务;咖啡厅;咖啡厅,4.2,34.00
售陶Take 5咖啡精酿,126.539592,45.737663,餐饮,银泰城悦坊N146-1号,餐饮服务;咖啡厅;咖啡厅,4.3,27.00
DouDou啡,126.616090,45.768227,餐饮,经纬五道街9号(中央大街地铁站1号口步行180米),餐饮服务;咖啡厅;咖啡厅,4.5,35.00
幸运咖(富力城店),126.604676,45.829442,餐饮,富力城小区BS7-2栋,餐饮服务;咖啡厅;咖啡厅,4.2,10.00
瑞幸咖啡(黑龙江外国语学院第一食堂店),126.552841,45.858071,餐饮,利民大道622-2,餐饮服务;咖啡厅;咖啡厅,3.8,13.00
思啡咖啡,126.608131,45.771123,餐饮,经纬十一道街5号1层,餐饮服务;咖啡厅;咖啡厅,4.1,33.00
库迪咖啡(群力财富中心A座店),126.552025,45.736975,餐饮,兴江路87号每时便利店内,餐饮服务;咖啡厅;咖啡厅,4.4,9.00
瑞幸咖啡(哈尔滨群力远大步行街店),126.557086,45.738053,餐饮,群力第四大道1333号C2栋20号,餐饮服务;咖啡厅;咖啡厅,4.5,17.00
肯悦咖啡(中央大街店),126.619475,45.772425,餐饮,中央大街与西八道街交叉口东南20米,餐饮服务;咖啡厅;咖啡厅,4.2,27.00
肯悦咖啡群力银泰城店,126.541261,45.737391,餐饮,群力第二大道750号银泰城1009铺位,餐饮服务;咖啡厅;咖啡厅,4.1,18.00
库迪咖啡(道里卓展购物中心店),126.603429,45.760382,餐饮,上海街99号卓展购物中心B座,餐饮服务;餐饮相关场所;餐饮相关,4.3,9.00
知白咖啡(翠湖·新天地店),126.536063,45.731440,餐饮,翠湖新天地10栋右侧院门进入后院,餐饮服务;咖啡厅;咖啡厅,4.4,52.00
红椅子 Red chair café&roast,126.625945,45.778576,餐饮,地段街227号(兆麟公园地铁站2号口步行230米),餐饮服务;咖啡厅;咖啡厅,4.5,22.00
库迪咖啡(银泰城二期C座店),126.539416,45.737941,餐饮,群力第二大道762号银泰城二期C座店,餐饮服务;咖啡厅;咖啡厅,4.4,9.00
库迪咖啡(恒大国际中心店),126.564040,45.739397,餐饮,群力大道4栋楼,餐饮服务;餐饮相关场所;餐饮相关,4.5,9.00
汰白徐咖集什殿(观复国际店),126.569189,45.731076,餐饮,群力第七大道579号,餐饮服务;餐饮相关场所;餐饮相关,4.7,84.00
幸运咖(石油学院店),126.561226,45.845661,餐饮,松浦路297号哈尔滨石油学院校内体育场出入口右边第三间商铺,餐饮服务;咖啡厅;咖啡厅,3.5,11.00
瑞幸咖啡(十二街时光里店),126.619900,45.770638,餐饮,中央大街55号十二街时光里A12号商铺,餐饮服务;休闲餐饮场所;休闲餐饮场所,4.4,17.00
夸啡·柠檬茶咖(群力远大店),126.559042,45.738483,餐饮,群力远大购物中心7层20铺(书店内部),餐饮服务;餐饮相关场所;餐饮相关,4.0,17.00
库迪咖啡(群力广汇电器店),126.553775,45.738325,餐饮,群力大道1510号广汇电器2层(扶梯口东侧),餐饮服务;咖啡厅;咖啡厅,4.3,9.00
圣莉塔意式披萨咖啡,126.610630,45.760757,餐饮,正义街55号,餐饮服务;快餐厅;快餐厅,4.4,70.00
幸运咖(远大步行街店),126.554475,45.737975,餐饮,群力第四大道1333号A2栋1层11号,餐饮服务;餐饮相关场所;餐饮相关,4.3,11.00
库迪咖啡(中央大街胜道体育店),126.619562,45.770975,餐饮,中央大街51号(中央大街地铁站1号口步行330米),餐饮服务;咖啡厅;咖啡厅,4.4,12.00
喵呢乐猫主题咖啡,126.548884,45.870536,餐饮,学院路三道街与志华路交叉口,餐饮服务;咖啡厅;咖啡厅,4.3,[]
巴伯咖啡(索菲亚店),126.626699,45.772066,餐饮,石头道街93号园内,餐饮服务;咖啡厅;咖啡厅,4.4,26.00
瑞幸咖啡(汇智金融店),126.545675,45.729075,餐饮,丽江路和群力第五大道交叉口2586号汇智金融企业总部-A座一层大堂,餐饮服务;咖啡厅;咖啡厅,4.6,17.00
瑞幸咖啡(新一百商场店),126.624644,45.770211,餐饮,石头道街118号新一百商场二层0305号,餐饮服务;咖啡厅;咖啡厅,4.4,14.00
瑞幸咖啡(哈尔滨卓展一期店),126.606010,45.756931,餐饮,安隆街106号A座一层1601,餐饮服务;咖啡厅;咖啡厅,4.3,13.00
之鱼甜制所咖啡店(恒大国际中心店),126.565916,45.738880,餐饮,恒大国际中心7栋15室,餐饮服务;餐饮相关场所;餐饮相关,4.1,38.00
瑞幸咖啡(尚志大街店),126.622767,45.771077,餐饮,尚志大街138号底商,餐饮服务;咖啡厅;咖啡厅,4.4,17.00
VESTA唯仕达甜品咖啡,126.612785,45.768276,餐饮,经纬七道街68号,餐饮服务;咖啡厅;咖啡厅,3.9,53.00
漫咖啡MAAN COFFEE(巴洛克店),126.640246,45.783505,餐饮,靖宇街398号,餐饮服务;咖啡厅;咖啡厅,4.6,40.00
瑞幸咖啡(哈尔滨学院路店),126.547974,45.873482,餐饮,哈尔滨学院路店,餐饮服务;咖啡厅;咖啡厅,4.3,14.00
幸运咖(外国语学院店),126.553125,45.859875,餐饮,黑龙江外国语学院二食堂,餐饮服务;咖啡厅;咖啡厅,3.7,11.00
巴克咖啡酒吧,126.621420,45.771375,餐饮,西十一道街21号,体育休闲服务;娱乐场所;酒吧,4.2,48.00
星巴克(哈尔滨杉杉奥莱店),126.558665,45.876594,餐饮,利民大道555号杉杉奥特莱斯广场哈尔滨一层,餐饮服务;咖啡厅;星巴克咖啡,4.6,30.00
瑞幸咖啡(星光耀广场郎江路店),126.530077,45.732709,餐饮,朗江路1040-7号,餐饮服务;咖啡厅;咖啡厅,4.5,11.00
Hideout.藏身处咖啡酒馆,126.615188,45.760742,餐饮,安良街副47-4,购物服务;购物相关场所;购物相关场所,4.4,27.00
小美满咖啡•拍立得,126.616276,45.772706,餐饮,红专街副46号,餐饮服务;咖啡厅;咖啡厅,4.0,27.00
luckin coffee 瑞幸咖啡(索菲亚石头道街店),126.626203,45.771491,餐饮,石头道街117号一层A01广场底商,餐饮服务;咖啡厅;咖啡厅,4.5,16.00
BuBu甜品·咖啡,126.554842,45.732207,餐饮,兴江路1209-12号,餐饮服务;甜品店;甜品店,4.4,47.00
瑞幸咖啡(透笼商场店),126.628313,45.771625,餐饮,石头道街82-1号,餐饮服务;咖啡厅;咖啡厅,4.5,17.00
luckin coffee 瑞幸咖啡(新阳路安宁街店),126.618881,45.763163,餐饮,新阳路24号1层A01商铺,餐饮服务;咖啡厅;咖啡厅,4.5,23.00
街角咖啡(兆麟街店),126.626125,45.771025,餐饮,兆麟街154号,餐饮服务;咖啡厅;咖啡厅,4.3,30.00
库迪咖啡(道里新阳路店),126.618996,45.763277,餐饮,新阳路20号,餐饮服务;咖啡厅;咖啡厅,4.4,9.00
提钱退休咖啡厅,126.605999,45.770059,餐饮,经纬十二道街22号,餐饮服务;休闲餐饮场所;休闲餐饮场所,4.0,15.00
无忧咖啡(暂停营业),126.611138,45.770162,餐饮,经纬九道街10号(院内),餐饮服务;咖啡厅;咖啡厅,4.3,17.00
老麦咖啡馆,126.610940,45.756290,餐饮,安和街83号,餐饮服务;餐饮相关场所;餐饮相关,4.4,38.00
满记甜品(哈尔滨冰雪大世界店),126.560644,45.779100,餐饮,冰雪大世界梦幻美食馆1楼满记甜品,餐饮服务;甜品店;甜品店,4.0,34.00
THE OPERA甜品(哈尔滨银泰城购物中心店),126.538075,45.736325,餐饮,群力第二大道银泰城悦坊w067-1、w068-1,餐饮服务;甜品店;甜品店,3.7,47.00
小苍兰风铃草甜品店(哈尔滨店),126.575420,45.730636,餐饮,金江路47号,餐饮服务;糕饼店;糕饼店,4.4,222.00
肯德基甜品站(哈尔滨中央大街店),126.619434,45.772359,餐饮,中央大街1号哈尔滨中央大街,餐饮服务;冷饮店;冷饮店,4.5,28.00
好利来(哈尔滨麦凯乐店),126.623201,45.772573,餐饮,尚志大街73号麦凯乐F1层,餐饮服务;糕饼店;糕饼店,4.7,45.00
侘寂甜品(工厂自取店),126.619337,45.761495,餐饮,安平街29-9号,餐饮服务;甜品店;甜品店|餐饮服务;糕饼店;糕饼店,4.7,100.00
侘寂面包甜点,126.566418,45.731439,餐饮,群力观复国际内街628-57号,餐饮服务;甜品店;甜品店,4.7,92.00
我们甜品(观复国际店),126.566825,45.732344,餐饮,观复国际内街628-43号,餐饮服务;甜品店;甜品店,4.6,89.00
十里季甜品·甜品·烘焙·茶饮·咖啡(群力店),126.565871,45.738860,餐饮,群力大道第7栋1层12号房,餐饮服务;甜品店;甜品店,4.6,49.00
广信牛奶甜品世家(哈西万达店),126.586543,45.699595,餐饮,中兴大道168号万达广场(哈尔滨哈西店),餐饮服务;甜品店;甜品店,4.5,21.00
好利来(哈尔滨革新店),126.660307,45.751970,餐饮,果戈里大街113号,餐饮服务;糕饼店;糕饼店,4.7,45.00
左岸烘焙·甜品·面包·蛋糕(会展店),126.695767,45.759111,餐饮,海河东路217号,餐饮服务;糕饼店;糕饼店,4.6,25.00
HILL,126.556569,45.730567,餐饮,兴江路1209-24号,体育休闲服务;娱乐场所;酒吧,4.6,47.00
芭米莉(中央大街七道街店),126.619157,45.773560,餐饮,中央大街101号,餐饮服务;餐饮相关场所;餐饮相关,4.6,33.00
烘宝贝甜品(河松店),126.584563,45.749276,餐饮,河松街107号财智时代4-4号,餐饮服务;甜品店;甜品店,4.5,44.00
Thank You多谢你甜品咖啡(香坊店),126.651462,45.723723,餐饮,体育街42-46号,餐饮服务;咖啡厅;咖啡厅,4.6,42.00
左岸烘焙·甜品·面包·蛋糕(大顺店),126.675259,45.745430,餐饮,大顺街48号,餐饮服务;糕饼店;糕饼店,4.4,25.00
鲜芋仙(哈尔滨凯德学府店),126.609271,45.721138,餐饮,学府路1号凯德广场B1层,餐饮服务;甜品店;甜品店,4.5,26.00
久作甜品面包咖啡(沙曼小区四街区店),126.620267,45.726053,餐饮,中兴街18号,餐饮服务;餐饮相关场所;餐饮相关,4.6,38.00
BeWithU好好甜品,126.623173,45.743953,餐饮,铁路街230号一层门市,餐饮服务;餐饮相关场所;餐饮相关,4.6,50.00
梨窝DESSERT,126.597020,45.758498,餐饮,河润街100号,餐饮服务;甜品店;甜品店,4.6,54.00
DayCake Studio(北岸明珠店),126.549723,45.804056,餐饮,新湾路229号(世茂大道地铁站3号口步行370米),餐饮服务;糕饼店;糕饼店,4.6,51.00
Blueglass酸奶(哈尔滨西城红场店),126.590857,45.702836,餐饮,中兴大道221号西城红场F1长廊后街HB-001,餐饮服务;冷饮店;冷饮店,4.6,36.00
DQ冰淇淋(二店会展红博地下一层店),126.699305,45.754831,餐饮,红旗大街301号会展中心1期餐饮区10-1DQ冰淇淋,餐饮服务;冷饮店;冷饮店,4.6,28.00
四喜心作蛋糕甜品Studio,126.627116,45.748007,餐饮,木工街6号,餐饮服务;糕饼店;糕饼店,4.5,41.00
满记甜品(百盛购物中心店),126.616439,45.778726,餐饮,中央大街222号百盛购物中心AS-L1-053室,餐饮服务;甜品店;甜品店,4.4,30.00
FabLab(桥北小区西区店),126.620274,45.743908,餐饮,桥北街56号,餐饮服务;甜品店;甜品店,4.4,156.00
觅加甜品(观复国际店),126.568444,45.730528,餐饮,群力第七大道659号,餐饮服务;甜品店;甜品店,4.5,48.00
鲜芋仙(哈尔滨香坊万达店),126.678048,45.740372,餐饮,香坊大街街道衡山路17香坊万达广场负一层大润发自助收银对面,餐饮服务;冷饮店;冷饮店,4.4,26.00
马迭尔冰棍(哈尔滨中央大街店),126.620225,45.769328,餐饮,十二街食光里中央大街夜市1号门南200米,购物服务;购物相关场所;购物相关场所,4.7,9.00
大仙手制甜品咖啡馆(湘江路店),126.687484,45.743537,餐饮,湘江路91-2号,餐饮服务;甜品店;甜品店|餐饮服务;休闲餐饮场所;休闲餐饮场所,4.5,45.00
左岸烘焙·甜品·面包·蛋糕(征仪路店),126.634619,45.700343,餐饮,征仪路337号(征仪路地铁站2号口步行110米),餐饮服务;糕饼店;糕饼店,4.5,25.00
左岸烘焙·甜品·面包·蛋糕(群力店),126.549000,45.740061,餐饮,工农街道群力新区群力新城小区c43-04号1层(群力第二大道633号),餐饮服务;糕饼店;糕饼店,4.6,25.00
心予家创意甜品蛋糕(道外区宏图街店),126.699935,45.781305,餐饮,宏图街186-11号,餐饮服务;糕饼店;糕饼店,4.4,41.00
南极冷饮厅工厂店,126.616077,45.731150,餐饮,清滨胡同4号(和兴路地铁站1B口步行250米),餐饮服务;冷饮店;冷饮店|公司企业;公司;公司|公司企业;工厂;工厂,4.5,27.00
相思蜜哒(哈尔滨凯德广场学府店),126.608923,45.721196,餐饮,学府路1-1号凯德广场学府店5层市集旁,餐饮服务;甜品店;甜品店,4.5,35.00
无邪(学府凯德店),126.609589,45.721055,餐饮,学府路1-1号凯德广场5楼05-09,餐饮服务;冷饮店;冷饮店,4.3,32.00
鲜芋仙(哈尔滨香坊乐松店),126.649235,45.719094,餐饮,三大动力路8号乐松广场4F层017,餐饮服务;甜品店;甜品店,4.3,26.00
鑫妈甜品(万达华宅E区店),126.587477,45.698444,餐饮,哈西南兴街131号万达华府e6-24,餐饮服务;甜品店;甜品店,4.5,30.00
慧痴·大慧慧蛋糕甜品,126.583962,45.689869,餐饮,哈双路九号,餐饮服务;餐饮相关场所;餐饮相关,4.2,86.00
DQ冰淇淋(哈尔滨融创茂店),126.501858,45.802519,餐饮,世茂大道99号融创茂商场内步行街3F层,餐饮服务;冷饮店;冷饮店,4.2,22.00
老北市冰糕店(五国新城大厦店),129.558833,46.317571,餐饮,五国新城大厦东门旁,餐饮服务;冷饮店;冷饮店|购物服务;购物相关场所;购物相关场所,4.5,9.00
梨窝甜品(哈西店),126.587799,45.698961,餐饮,南兴街117-11号,餐饮服务;甜品店;甜品店,4.5,52.00
鲜芋仙(哈尔滨哈西万达店),126.584974,45.700044,餐饮,中兴大道168号万达广场二层2077号,餐饮服务;中餐厅;台湾菜,4.6,26.00
CHUNYE BAKERY椿葉甜品,126.612589,45.773919,餐饮,中医街101-5号,餐饮服务;甜品店;甜品店,3.9,43.00
南极冷饮厅(西城红场店),126.591085,45.704214,餐饮,中兴大道221号西城红场B1ML-B013号,餐饮服务;冷饮店;冷饮店,4.5,38.00
遇岩甜品,126.544798,45.729186,餐饮,丽江路2586号,餐饮服务;甜品店;甜品店,4.4,46.00
KF面包甜品,126.591019,45.699420,餐饮,和谐大道378号,餐饮服务;糕饼店;糕饼店,4.5,35.00
乐醍甜点(健龙路配送自取店),126.676779,45.747394,餐饮,奋斗路街道开发区健龙路31号,餐饮服务;甜品店;甜品店,3.9,80.00
SWEETISH甜实(天鹅湾店),126.571156,45.736243,餐饮,群力第五大道533-15号,餐饮服务;甜品店;甜品店,4.2,79.00
七甜三秋甜品店,126.616149,45.728479,餐饮,和兴三道街55号,餐饮服务;甜品店;甜品店,4.6,34.00
铭果屋铜锣烧(哈西万达广场店),126.589028,45.700491,餐饮,万达广场(哈尔滨哈西店)3F层JY-EX-311,餐饮服务;中餐厅;中餐厅,4.2,17.00
fufuland(西城红场店),126.592142,45.703259,餐饮,西城红场B1层,餐饮服务;甜品店;甜品店,4.2,28.00
More Patisserie摩尔甜品,126.563719,45.736312,餐饮,景江东路1261-1号金中环A座376,餐饮服务;甜品店;甜品店,4.3,53.00
悦礼甜品,126.622375,45.760917,餐饮,抚顺街42号,餐饮服务;甜品店;甜品店,4.1,48.00
椰不二(哈尔滨西城红场店),126.591689,45.703137,餐饮,哈西大街95号哈尔滨西城红场B1层,餐饮服务;冷饮店;冷饮店,4.2,21.00
糕糕再尚蛋糕甜品(哈西店),126.587294,45.698349,餐饮,南兴街143号,餐饮服务;糕饼店;糕饼店,4.5,21.00
yolosugar甜品,126.610580,45.773057,餐饮,工程东段社区东南门旁,餐饮服务;甜品店;甜品店,4.3,44.00
喜甜·甜品DIY创意生日蛋糕店,126.593727,45.703395,餐饮,南岗区哈尔滨西城红场创意港B栋1319,餐饮服务;糕饼店;糕饼店,4.0,67.00
菓匠甜品(爱建店),126.608430,45.766164,餐饮,安宁街副177-2号,餐饮服务;糕饼店;糕饼店,4.4,44.00
糕久久韩国米糕打糕(哈尔滨服装城店),126.612659,45.707003,餐饮,学府路51号哈尔滨服装城临时门市2号,餐饮服务;餐饮相关场所;餐饮相关,4.3,17.00
鲜芋仙(哈尔滨金安店),126.620143,45.771596,餐饮,中央大街69号金安国际购物广场B1层,餐饮服务;冷饮店;冷饮店,4.4,26.00
与乐甜品(远大购物中心店),126.555957,45.738298,餐饮,群力远大步行街b1-15,餐饮服务;餐饮相关场所;餐饮相关,4.2,141.00
昔优兔甜品店(安正小区店),126.607929,45.766973,餐饮,爱建路安隆街22号,餐饮服务;甜品店;甜品店,3.9,85.00
蜜雪冰城(世纪花园店),126.514193,45.809128,餐饮,世纪花园c区89号楼3号商服,餐饮服务;冷饮店;冷饮店,4.3,10.00
阿乐甜品ale patisserie(世纪花园A区店),126.511498,45.805838,餐饮,宏源街125号(万达冰壶对面),餐饮服务;糕饼店;糕饼店,4.2,42.00
雪糕多多(南直路店),126.709363,45.745145,餐饮,南直路99-1号1栋3单元1层101号,餐饮服务;冷饮店;冷饮店,4.5,48.00
慢作甜品,126.615440,45.771245,餐饮,通江街78-1号,餐饮服务;糕饼店;糕饼店,4.4,39.00
闺蜜家甜品店,126.659169,45.767657,餐饮,燎原街24号新发小区E区,购物服务;服装鞋帽皮具店;服装鞋帽皮具店|餐饮服务;餐饮相关场所;餐饮相关,4.4,39.00
烙印蛋糕店(太平桥百盛店),126.671156,45.784606,餐饮,永平小区108栋6单元1层1号,餐饮服务;糕饼店;糕饼店,4.3,30.00
椰不二(哈尔滨红博中央公园店),126.696325,45.757025,餐饮,红博中央公园负一层潮界B1加1,餐饮服务;冷饮店;冷饮店,4.2,28.00
卡卡屋diy甜品,126.583900,45.698616,餐饮,金爵万象二期A栋911室,餐饮服务;甜品店;甜品店,4.1,44.00
朝露甜品工作室(曲线小区店),126.624375,45.746695,餐饮,瓦街13-3号(哈工大地铁站1号口步行370米),餐饮服务;甜品店;甜品店,3.7,109.00
McDonald's甜品站,126.666448,45.773772,餐饮,北宣桥街与宣化街交叉口西40米,餐饮服务;甜品店;甜品店,3.9,30.00
大喜蛋糕甜品开心事(经纬六道街小区店),126.613998,45.769531,餐饮,经纬街220号(中央大街地铁站3号口步行170米),餐饮服务;糕饼店;糕饼店,4.2,19.00
金谷开甜(哈西旗舰店),126.587120,45.693939,餐饮,哈尔滨大街641号,餐饮服务;餐饮相关场所;餐饮相关,4.4,28.00
淇淋侠(西城红场店),126.591675,45.703275,餐饮,哈西大街299号西城红场生活港B1层,餐饮服务;冷饮店;冷饮店,3.9,27.00
哈麦香甜(和兴商厦店),126.616494,45.733039,餐饮,西大直街400号和兴商厦1楼,餐饮服务;糕饼店;糕饼店,4.1,21.00
来米腊甜品屋,126.628490,45.755380,餐饮,铁路街90-2号,餐饮服务;甜品店;甜品店,4.3,30.00
蜜果森林精致甜品,126.610808,45.757422,餐饮,安发街77号,餐饮服务;糕饼店;糕饼店,4.2,30.00
甜啦啦鲜果茶(志华商城店),126.550960,45.872300,餐饮,学院路志华商城2号楼1层20号商铺,餐饮服务;冷饮店;冷饮店,4.0,9.00
哄你蛋糕甜品Hoome(祥泰公寓阿什河街6号院店),126.651361,45.758486,餐饮,阿什河街6-20号祥泰公寓阿什河街6号院铁门旁边,餐饮服务;糕饼店;糕饼店,4.2,40.00
Maze·茉思甜品,126.704939,45.731905,餐饮,果园街158号(南直路地铁站3号口步行310米),餐饮服务;甜品店;甜品店,4.4,9.00
洛克拾光巧克力馆(哈尔滨中华巴洛克店),126.638168,45.782592,餐饮,靖宇街411号(老都一处旁边),餐饮服务;糕饼店;糕饼店|购物服务;购物相关场所;购物相关场所,4.3,35.00
屿甜YUTIAN甜品店,126.622242,45.723203,餐饮,和兴路50号13栋2单元1层4号,餐饮服务;甜品店;甜品店,4.4,14.00
追慕甜品(滨才店),126.510368,45.875590,餐饮,学院路滨才城熹街多维广场C2-106,购物服务;服装鞋帽皮具店;服装鞋帽皮具店,4.2,30.00
宝兰甜品,126.637340,45.756785,餐饮,邮政街291号,餐饮服务;甜品店;甜品店,4.2,34.00
肯德基甜品站(红博中央公园店),126.696285,45.758742,餐饮,黄河路红博中央公园B1,餐饮服务;快餐厅;快餐厅,4.4,13.00
里昂森林甜品(工大店),126.627202,45.748188,餐饮,木工街3-13号,餐饮服务;甜品店;甜品店,3.9,115.00
司诺比泡芙(金安中央大街店),126.620321,45.771666,餐饮,中央大街69号金安国际购物广场B1层,购物服务;专卖店;专营店,3.8,18.00
肯德基甜品站(哈西万达店),126.586850,45.699955,餐饮,中兴大道168号万达广场哈尔滨哈西店3F层,餐饮服务;冷饮店;冷饮店,4.3,28.00
春糖甜品(王岗店),126.555988,45.668705,餐饮,农机街18号红星凯悦,餐饮服务;甜品店;甜品店,4.1,56.00
杏芙里里甜品,126.702302,45.776977,餐饮,大有坊街143号,餐饮服务;餐饮相关场所;餐饮相关,4.3,35.00
南岗区溏渡甜品店,126.593462,45.703342,餐饮,哈西大街299号西城红场创意港B座1312-13室,餐饮服务;糕饼店;糕饼店,3.9,72.00
奥美胜冰淇淋(经纬店),126.614192,45.769465,餐饮,经纬街副216-2号,餐饮服务;冷饮店;冷饮店,3.7,21.00
马迭尔冰棍(建设街店),126.635092,45.760432,餐饮,红军街130-2号汇鑫源商厦,餐饮服务;冷饮店;冷饮店,4.0,[]
梨窝Dessert(群力店),126.565425,45.735725,餐饮,群力第五大道1115号C5栋1层1号,餐饮服务;餐饮相关场所;餐饮相关,4.0,27.00
欧泽先生甜品店,126.611779,45.753610,餐饮,安红街173号,餐饮服务;甜品店;甜品店|餐饮服务;糕饼店;糕饼店,4.1,52.00
不迷鹿甜品店,126.700349,45.738047,餐饮,泰山路48号,餐饮服务;甜品店;甜品店,4.1,34.00
三木甜品Sanmu Cake,126.625446,45.748891,餐饮,下夹树街106号,餐饮服务;甜品店;甜品店,4.4,41.00
麦当劳甜品站(松花江店),126.617925,45.778875,餐饮,中央大街百盛5F,餐饮服务;快餐厅;麦当劳,4.3,26.00
兜兜马卡龙甜品店,126.616124,45.767661,餐饮,经纬五道街副14号,餐饮服务;甜品店;甜品店,4.1,22.00
Sweetish甜实(绿地中央广场店),126.536176,45.705297,餐饮,绿地中央广场B11-S01商服,餐饮服务;甜品店;甜品店,4.2,72.00
息一曜日甜品工作室,126.609759,45.776032,餐饮,友谊路附194号(友谊宫地铁站1号口步行210米),餐饮服务;甜品店;甜品店,4.1,45.00
梵纳甜甜品蛋糕店,126.613074,45.748395,餐饮,民安街85-1号,餐饮服务;糕饼店;糕饼店,3.8,52.00
谷雨甜品(正基香江园西区店),126.701798,45.737352,餐饮,香城街20-7号正基香江园西区,餐饮服务;餐饮相关场所;餐饮相关,4.4,8.00
卡捷琳娜手工巧克力店(金安国际购物广场店),126.620148,45.771782,餐饮,中央大街69号金安国际购物广场A区B1层,餐饮服务;糕饼店;糕饼店,4.1,46.00
热乎热乎曲奇店,126.625770,45.740014,餐饮,桥南街10号,餐饮服务;糕饼店;糕饼店,4.2,35.00
甜啦啦鲜果茶(呼兰一中店),126.600961,45.885890,餐饮,利民开发区天津大街东世纪路南侧弘基世纪城30栋1-2层6号商服,餐饮服务;冷饮店;冷饮店,4.0,9.00
BW甜品咖啡店,126.647565,45.734101,餐饮,文景街中海文昌公馆5号门进门左手边,餐饮服务;餐饮相关场所;餐饮相关,4.4,24.00
TI AMO意大利手工冰淇淋(王府井购物中心店),126.565200,45.734340,餐饮,关东古巷13号铺,餐饮服务;甜品店;甜品店,3.7,23.00
麦当劳甜品站(大成街店),126.667720,45.760938,餐饮,新吉购物中心1号门旁,餐饮服务;快餐厅;麦当劳,4.2,26.00
摩蔓甜品,126.544932,45.812934,餐饮,[],餐饮服务;甜品店;甜品店,4.1,29.00
雨记甜品铺子(爱达壹号店),126.595221,45.708284,餐饮,西兴街41-6号西典家园二期F4栋二单元一层3号门市,餐饮服务;甜品店;甜品店,4.0,55.00
萌甜妞蛋糕甜品(南方花园店),126.597114,45.733217,餐饮,顾新路179号,餐饮服务;糕饼店;糕饼店,4.0,43.00
三与叁山(哈尔滨香坊店),126.694377,45.686717,餐饮,军民街19-2-24号,餐饮服务;餐饮相关场所;餐饮相关,4.2,154.00
万万食光手工辅食甜品店,126.626266,45.600318,餐饮,机装街23号,餐饮服务;甜品店;甜品店,4.3,17.00
佳焙西点(清华大街店),126.610707,45.717775,餐饮,学府路1-51号,餐饮服务;糕饼店;糕饼店,4.1,28.00
草莓甜品屋(七政街店),126.622515,45.734961,餐饮,炼油厂住宅楼4栋楼东南门东南50米,餐饮服务;甜品店;甜品店,3.8,29.00
早安甜品店,126.630097,45.749116,餐饮,利群街9号,餐饮服务;甜品店;甜品店,4.0,68.00
鲜芋仙(哈尔滨王府井店),126.558458,45.738669,餐饮,群力大道1176号远大购物中心群力店F2层,餐饮服务;甜品店;甜品店,4.1,26.00
千喜·蛋糕甜品·私人订制(中海时代店),126.504835,45.717431,餐饮,澄湖路中海时代之门3b-10门市,餐饮服务;甜品店;甜品店,4.1,64.00
小王子甜品店,128.755782,45.975550,餐饮,昌盛小区东南门西90米,餐饮服务;甜品店;甜品店,4.2,20.00
冰雪时光(哈尔滨明达花园店),126.597814,45.981800,餐饮,明达花园示范小区9号楼,餐饮服务;冷饮店;冷饮店,3.8,8.00
小芋同学芋作甜品,126.547964,45.873472,餐饮,利民开发区学院路泓林金色地标10栋10号商服,餐饮服务;甜品店;甜品店,4.0,15.00
肯德基甜品站(万达茂独立店),126.504999,45.803672,餐饮,世茂大道99号哈尔滨融创茂F3层,餐饮服务;冷饮店;冷饮店,4.0,37.00
小爪印甜品咖啡,126.618910,45.710457,餐饮,哈西街道学府路74号黑龙江大学家属楼,餐饮服务;咖啡厅;咖啡厅,4.1,69.00
岩麦甜品店(道理中央大街店),126.610286,45.769374,餐饮,经纬九道街38号,餐饮服务;甜品店;甜品店,4.2,14.00
榴莲满满(哈尔滨店),126.564402,45.724028,餐饮,群力新苑东区西南门旁,购物服务;购物相关场所;购物相关场所,4.3,73.00
晨曦甜品(华美大厦店),126.627251,45.766499,餐饮,华美大厦(斜角街),餐饮服务;甜品店;甜品店,4.0,43.00
麦伦烘焙·蛋糕·甜品(群力远大店),126.557654,45.738433,餐饮,群力大道1333号c2栋04号,餐饮服务;糕饼店;糕饼店,4.1,32.00
SELENE塞勒涅茶巧甜品,126.530386,45.810604,餐饮,利源街218附近,餐饮服务;冷饮店;冷饮店,4.2,199.00
甜心sweet DIY蛋糕甜品(润达国际B座店),126.676675,45.784125,餐饮,南通大街118润达国际B座3003,餐饮服务;糕饼店;糕饼店,3.6,48.00
芭贝甜蛋糕甜品(水利小区店),126.701111,45.790976,餐饮,南直路817号,餐饮服务;糕饼店;糕饼店,4.1,60.00
Halo Eat创意甜品融合店,126.303622,45.371820,餐饮,富余路金融国际小区二期9号楼东侧D1号商服,餐饮服务;甜品店;甜品店,4.1,65.00
九块九甜品站榴莲千层,126.543089,45.724049,餐饮,[],餐饮服务;甜品店;甜品店,4.0,12.00
云慕甜品,126.539075,45.741725,餐饮,丽江路4176号银泰城·悦街,餐饮服务;甜品店;甜品店,4.0,[]
万庆庆甜品豆花,126.555959,45.737847,餐饮,群力第四大道1333号B3栋3层7号(部分),餐饮服务;甜品店;甜品店,3.7,14.00
田心儿蛋糕店,126.552305,45.673559,餐饮,哈双路309号,餐饮服务;糕饼店;糕饼店,4.0,81.00
狗好好甜品店,126.625216,45.738827,餐饮,汉阳街22号,餐饮服务;甜品店;甜品店,4.1,36.00
陌上花开精致烘培甜品台冷餐会茶歇(林机小区店),126.690403,45.701999,餐饮,进乡街副73号林机小区6号楼5号门市,餐饮服务;糕饼店;糕饼店,3.9,25.00
庆堃雪糕店(道外区店),126.699142,45.781213,餐饮,宏图街210号(哈一机第八区楼房833栋楼),购物服务;购物相关场所;购物相关场所,4.3,[]
奶油日抱蛋糕店,126.652398,45.754246,餐饮,永和街43号,餐饮服务;糕饼店;糕饼店,4.2,23.00
锦记雪香美融合甜品店,126.530352,45.873569,餐饮,利民开发区学院路翰林辰霞博雅园B栋1-3层7号,餐饮服务;甜品店;甜品店,4.1,39.00
囍缇·低卡甜品烘焙,126.607030,45.729995,餐饮,电兴街23号,餐饮服务;餐饮相关场所;餐饮相关,4.0,199.00
优泽甜品,126.638620,45.731719,餐饮,王兆街67-3(一楼门市),餐饮服务;甜品店;甜品店,4.1,16.00
马迭尔(哈尔滨西站店),126.577635,45.707287,餐饮,哈尔滨大街501号哈尔滨西站F2层B14,餐饮服务;甜品店;甜品店,4.1,15.00
皇冠优贝·枣稻甜蛋糕甜品奶茶,126.606025,45.727625,餐饮,和兴十一道街40号101门市,餐饮服务;糕饼店;糕饼店,3.8,14.00
福屿甜品店,126.670079,45.761082,餐饮,烟草街15号,餐饮服务;甜品店;甜品店,4.0,33.00
香蕴私房甜品,126.626559,45.732666,餐饮,七政街18-2号,餐饮服务;甜品店;甜品店|餐饮服务;糕饼店;糕饼店,4.1,29.00
345cake面包蛋糕甜品店,126.646455,45.732492,餐饮,文景头道街87号,餐饮服务;糕饼店;糕饼店,3.8,34.00
米念旗烘焙坊(DIY朝中店),127.162654,44.923440,餐饮,希望大街328号,餐饮服务;糕饼店;糕饼店|餐饮服务;甜品店;甜品店,3.9,21.00
喜爱面包蛋糕甜品(达江小区店),126.585490,45.739059,餐饮,顾乡四道街19号,餐饮服务;糕饼店;糕饼店,4.1,18.00
玖七甜品工作室(绿色新城西区店),126.658816,45.580909,餐饮,绿色新城西区,餐饮服务;餐饮相关场所;餐饮相关,3.9,15.00
金格儿甜品蛋糕订制(龙职师苑店),126.607162,45.715227,餐饮,龙职师苑6号楼3单元1层1号,餐饮服务;糕饼店;糕饼店,3.8,57.00
哈尔滨市松北区叁月甜品店,126.554016,45.870630,餐饮,志华商城10D栋D座22号商铺,餐饮服务;糕饼店;糕饼店,3.5,13.00
KUMO KUMO 甜品·冰淇淋(哈尔滨哈西万达店),126.587207,45.700293,餐饮,中兴大街168号哈西万达广场3楼,餐饮服务;糕饼店;糕饼店,3.4,45.00
小蜜罐糖水店,126.651104,45.762372,餐饮,龙江街与宁江胡同交叉口东80米,购物服务;购物相关场所;购物相关场所|餐饮服务;餐饮相关场所;餐饮相关,3.6,14.00
蜜恋甜品蛋糕坊(永吉家园店),126.693930,45.730915,餐饮,升永街144号(公滨路地铁站3B口步行290米),餐饮服务;餐饮相关场所;餐饮相关,4.0,13.00
知喜蛋糕甜品店,126.615725,45.747425,餐饮,大民兴街120号,购物服务;服装鞋帽皮具店;服装鞋帽皮具店|餐饮服务;糕饼店;糕饼店,4.0,44.00
多巴胺甜品工作室(阳光家园北区店),126.586860,45.686342,餐饮,哈西阳光家园C2栋1单元102门市,餐饮服务;餐饮相关场所;餐饮相关,3.8,41.00
甜蜜贩子工作室(馨美家园店),126.698631,45.782174,餐饮,宏新街与宏图街交叉口西北140米,餐饮服务;甜品店;甜品店,4.2,18.00
北屿星辰鲜花蛋糕店,126.518866,45.802263,餐饮,观澜居小区A1-11号,餐饮服务;糕饼店;糕饼店,4.1,45.00
缤果水果捞(工大店),126.630101,45.750869,餐饮,货栈街3-3号,餐饮服务;甜品店;甜品店,4.2,18.00
静酌·咖啡·甜品(中央大街店),126.611025,45.773425,餐饮,中医街116号3栋2单元1层1门,体育休闲服务;娱乐场所;酒吧,4.4,34.00
沐心甜品,126.626361,45.723668,餐饮,林兴路6号,餐饮服务;甜品店;甜品店,3.7,28.00
集时甜品店,126.616535,45.748475,餐饮,大民兴街52号,购物服务;购物相关场所;购物相关场所,4.0,32.00
柚见甜品格格(东风店),126.781746,45.788482,餐饮,天恒大街300号东都·幸福里,餐饮服务;甜品店;甜品店,4.0,24.00
福多多甜品屋(人民大街店),127.105850,46.440723,餐饮,人民大街351号,餐饮服务;餐饮相关场所;餐饮相关,4.0,24.00
花棠里花艺蛋糕甜品店,126.577974,45.688789,餐饮,慧安街97号中海·云麓公馆一期,购物服务;花鸟鱼虫市场;花卉市场,4.1,46.00
茉礼甜品,126.521788,45.825211,餐饮,龙轩路红星威尼斯S1-06号,餐饮服务;甜品店;甜品店,4.0,32.00
弗洛蜜甜品,126.595941,45.758252,餐饮,哈药路427号(公路大桥地铁站2号口步行90米),购物服务;便民商店/便利店;便民商店/便利店|餐饮服务;餐饮相关场所;餐饮相关,3.6,10.00
花甜礼国潮创意糖葫芦,126.539575,45.873575,餐饮,学院路281号花甜礼甜品店,餐饮服务;糕饼店;糕饼店,3.8,24.00
沐糖法式甜品店(明达花园店),126.596132,45.981683,餐饮,明达花园示范小区,餐饮服务;甜品店;甜品店,4.1,31.00
森里甜品蛋糕工作室(海富·山水文园店),126.660631,45.690663,餐饮,旭升南街208-6号海富·山水文园南区,餐饮服务;糕饼店;糕饼店,3.8,[]
毛豆家蛋糕店,126.318017,45.370988,餐饮,民安大街金安商服14号,餐饮服务;甜品店;甜品店,3.9,26.00
你好甜品蛋糕店,126.606655,45.751026,餐饮,建河头道街21号,餐饮服务;糕饼店;糕饼店|餐饮服务;甜品店;甜品店|购物服务;购物相关场所;购物相关场所,3.9,31.00
欣享甜品,126.628032,45.750028,餐饮,上夹树街58一2号,餐饮服务;甜品店;甜品店,4.3,[]
西西里甜品日记,127.161513,44.919454,餐饮,五常镇成功街工程队楼1层西1号,餐饮服务;甜品店;甜品店,3.9,17.00
桃禧椰果盒子店,126.693398,45.781841,餐饮,红河七街区703栋5单元1层2号,餐饮服务;甜品店;甜品店,4.1,27.00
丹尼斯优焙甜品万象汇店(个体工商户),126.538775,45.810425,餐饮,世茂大道555号哈尔滨松北万象汇,餐饮服务;甜品店;甜品店|餐饮服务;糕饼店;糕饼店,3.5,35.00
小糖糖甜品屋,126.721892,45.753383,餐饮,长江路666号,餐饮服务;甜品店;甜品店,4.0,[]
鹤礼甜品(汇智中心C座店),126.570445,45.711017,餐饮,汇智中心C座(城乡路地铁站2号口步行240米),餐饮服务;甜品店;甜品店,4.0,43.00
司甜甜品屋(盛隆国际店),127.397395,46.087783,餐饮,盛隆国际东北门西200米,餐饮服务;甜品店;甜品店,3.8,10.00
夏日甜品烘焙,127.159709,44.922710,餐饮,电大小区胡同七号,餐饮服务;糕饼店;糕饼店,3.9,16.00
觅悦甜品店(中粮锦云世家店),126.327698,45.367420,餐饮,承旭街道后奋斗胡同中粮锦云世家小区北门西侧,餐饮服务;甜品店;甜品店,3.9,58.00
丸子家牛奶雪糕折扣店(宝融福园店),126.641699,45.606404,餐饮,兴建街68-13号,购物服务;购物相关场所;购物相关场所,3.9,[]
齐余义嘉雪糕批发(融创乐园店),126.498630,45.803325,餐饮,恒源街292号,餐饮服务;冷饮店;冷饮店,3.8,119.00
涂涂冰淇淋超市(滨才城圣堤店),126.513976,45.877120,餐饮,圣堤E栋,购物服务;购物相关场所;购物相关场所,3.7,13.00
蕉朋友水果捞(松北店),126.536837,45.814064,餐饮,凯利广场东区13-6号,餐饮服务;餐饮相关场所;餐饮相关,0.4,12.00
霸王茶姬(黑龙江哈尔滨万象汇店),126.537855,45.809979,餐饮,世茂大道555号万象汇商场L142号商铺,购物服务;专卖店;专营店|餐饮服务;冷饮店;冷饮店,4.4,16.00
奈雪的茶(哈尔滨万象汇店),126.538122,45.809798,餐饮,世茂大道555号万象汇商场负一层直梯旁,餐饮服务;冷饮店;冷饮店,4.3,22.00
LINLEE·手打柠檬茶(松北万象汇店),126.538475,45.809775,餐饮,世茂大道555号万象汇3层DL344,餐饮服务;冷饮店;冷饮店,4.2,18.00
茶百道(哈尔滨万象汇店),126.538935,45.809788,餐饮,世茂大道555号哈尔滨松北万象汇B1层,餐饮服务;冷饮店;冷饮店,4.3,14.00
1点点(松北万象汇店),126.537582,45.809808,餐饮,世茂大道557号,餐饮服务;冷饮店;冷饮店,4.5,19.00
Yee3·三号椰(哈尔滨松北万象汇店),126.537975,45.809775,餐饮,世茂大道555号万象汇商场DL117号Yee3·三号椰,餐饮服务;休闲餐饮场所;休闲餐饮场所,4.2,16.00
蜜雪冰城(哈尔滨松北万象汇店),126.539125,45.809475,餐饮,世茂大道555号哈尔滨松北万象汇B1层,餐饮服务;冷饮店;冷饮店,4.3,9.00
茉酸奶(哈尔滨松北万象汇店),126.537725,45.809875,餐饮,世茂大道555号哈尔滨松北万象汇B1层,餐饮服务;冷饮店;冷饮店,4.0,21.00
沪上阿姨·精选茶饮(哈尔滨万象汇商场店),126.538643,45.809854,餐饮,世茂大道555号华润万象汇商场B1层DB109号商铺,餐饮服务;冷饮店;冷饮店,4.3,14.00
春莱(松北大润发店),126.528501,45.806951,餐饮,城市之星S2商服楼D111号商服,餐饮服务;冷饮店;冷饮店,4.1,19.00
7分甜(哈尔滨松北万象汇店),126.537475,45.809975,餐饮,世茂大道555号华润万象汇三层DL342号,餐饮服务;冷饮店;冷饮店,3.8,20.00
蜜雪冰城(松北大润发店),126.527897,45.807655,餐饮,松安街道世茂大道400号大润发松北店商店一层1048,餐饮服务;冷饮店;冷饮店,4.2,10.00
茶救星球(哈尔滨松北万象汇店),126.538734,45.809862,餐饮,万象汇负一db111,餐饮服务;冷饮店;冷饮店,3.8,15.00
贡茶(城市之星·豪布斯卡店),126.530857,45.807885,餐饮,天翔街城市之星步行街A134,餐饮服务;冷饮店;冷饮店,3.7,10.00
蜜雪冰城(聚源街店),126.539102,45.811115,餐饮,聚源街2222号,餐饮服务;冷饮店;冷饮店,4.4,9.00
LINLEE·手打柠檬茶(松北世茂大道店),126.551125,45.806125,餐饮,世茂大道地铁三号口后身,餐饮服务;冷饮店;冷饮店,4.3,18.00
霸王茶姬(黑龙江哈尔滨融创茂店),126.510806,45.803195,餐饮,世茂大道99-1号1层1038B,餐饮服务;冷饮店;冷饮店,4.3,21.00
沪上阿姨鲜果茶(世纪花园店),126.513954,45.809065,餐饮,世博路2451门市,餐饮服务;休闲餐饮场所;休闲餐饮场所,4.3,14.00
奈雪的茶(哈尔滨融创茂店),126.505355,45.803798,餐饮,世茂大道99号茂业中心一层1038A,餐饮服务;冷饮店;冷饮店,4.3,23.00
蜜雪冰城(北岸明珠龙湾店),126.551558,45.805591,餐饮,世茂大道地铁三号楼后身,餐饮服务;冷饮店;冷饮店,4.5,8.00
北境茶语,126.537503,45.812326,餐饮,中源大道11088号凯利广场东区11号楼11-04号,餐饮服务;茶艺馆;茶艺馆,3.9,24.00
1点点(松北融创茂店),126.504617,45.803533,餐饮,世茂大道99号哈尔滨融创茂3F3033B号商铺,餐饮服务;冷饮店;冷饮店,4.5,13.00
沪上阿姨鲜果茶(哈尔滨荣大购物广场店),126.521208,45.810943,餐饮,世贸大道776号北岸明珠龙湾B栋-1层D1号商服荣大商业购物广场B6-1号,餐饮服务;休闲餐饮场所;休闲餐饮场所,3.2,14.00
蛮喜奶茶(四海园小区店),126.551438,45.807617,餐饮,松北大道辅路与滨北街交叉口西南240米,餐饮服务;冷饮店;冷饮店,3.3,11.00
翰林食苑奶茶店,126.517088,45.803613,餐饮,世泽路与星月街交叉口西北220米,餐饮服务;餐饮相关场所;餐饮相关,3.9,14.00
LINLEE·手打柠檬茶(松北融创茂店),126.503094,45.803510,餐饮,世贸大道99号融创茂二楼2067C,餐饮服务;冷饮店;冷饮店,4.2,18.00
四季茶都奶茶铺,126.536825,45.812775,餐饮,凯利广场东区,餐饮服务;冷饮店;冷饮店,3.6,14.00
7分甜(哈尔滨融创茂店),126.503387,45.803495,餐饮,世茂大道99号融创茂3F3053A,餐饮服务;冷饮店;冷饮店,4.1,20.00
蜜雪冰城(哈尔滨融创茂店),126.505360,45.803983,餐饮,世茂大道99号哈尔滨融创茂F1层,餐饮服务;冷饮店;冷饮店,4.5,8.00
茉莉奶白(哈尔滨融创茂店),126.502170,45.802870,餐饮,世茂大道93号,餐饮服务;冷饮店;冷饮店,4.3,19.00
沪上阿姨·精选茶饮(哈尔滨融创茂店),126.501325,45.802625,餐饮,世茂大道融创茂3层,餐饮服务;冷饮店;冷饮店,4.3,14.00
椰不二(黑龙江哈尔滨融创茂店),126.502974,45.803303,餐饮,世茂大道99号哈尔滨融创茂F3层,餐饮服务;冷饮店;冷饮店,3.9,26.00
茶救星球(哈尔滨松北融创茂店),126.501820,45.802651,餐饮,世茂大道99号融创茂3006c,餐饮服务;休闲餐饮场所;休闲餐饮场所,3.9,15.00
蜜雪冰城(华远水木清华店),126.559935,45.818735,餐饮,文汇路288号华远水木清华B区,餐饮服务;冷饮店;冷饮店,4.4,13.00
幸运咖(学海街店),126.560004,45.818821,餐饮,学海街1669号水木清华小区B5-02号商服一层,餐饮服务;餐饮相关场所;餐饮相关,4.3,12.00
沪上阿姨·精选茶饮(哈尔滨商业大学店),126.557517,45.817720,餐饮,学海街1603号水木清华小区B6-02商服,餐饮服务;冷饮店;冷饮店,3.9,14.00
北国八千里酸奶(哈尔滨商大店),126.559858,45.820142,餐饮,学海街1831号,餐饮服务;冷饮店;冷饮店,4.2,16.00
蜜雪冰城(十中店),126.517191,45.825979,餐饮,龙轩路翔安北大街1377号,餐饮服务;冷饮店;冷饮店,4.3,8.00
沪上阿姨·精选茶饮(哈尔滨融创乐园店),126.502425,45.807125,餐饮,融创乐园丛林小聚3303,餐饮服务;冷饮店;冷饮店,3.7,14.00
茶百道(哈尔滨松北世祥路店),126.498025,45.810425,餐饮,世祥路262号万达秀园小区D9号公寓楼S17号商服,餐饮服务;冷饮店;冷饮店,4.3,19.00
鹿角巷THEALLEY,126.496925,45.809175,餐饮,恒源街972号,餐饮服务;冷饮店;冷饮店,4.3,17.00
夸茶怡夏泰式奶茶(融创店),126.499931,45.812645,餐饮,恒源街1211号锦园B4-7-101,餐饮服务;咖啡厅;咖啡厅,3.9,12.00
益禾堂(哈商大江北校区店),126.565380,45.821155,餐饮,学海街1号哈尔滨商业大学北校区A区体育场A01,餐饮服务;休闲餐饮场所;休闲餐饮场所,3.9,13.00
蜜雪冰城(世祥路店),126.498029,45.810451,餐饮,万达·秀园北2门西160米,餐饮服务;冷饮店;冷饮店,4.5,4.00
沪上阿姨鲜果茶,126.563496,45.816918,餐饮,学海街与中源大道交叉口东260米,餐饮服务;冷饮店;冷饮店,3.3,15.00
茶百道(哈尔滨祥安大街店),126.515771,45.826681,餐饮,祥安北大街1292号,餐饮服务;冷饮店;冷饮店,4.2,18.00
LINLEE林里·手打柠檬茶(北校区A区体育场哈尔滨商业大学店),126.566275,45.821175,餐饮,丁香大道辅路与热源路交叉口西北180米,餐饮服务;冷饮店;冷饮店,3.7,14.00
茶姬奶茶店,126.505025,45.806025,餐饮,世林路与德源街交叉口东南360米,餐饮服务;冷饮店;冷饮店,2.4,[]
御雪贡茶,126.563775,45.813525,餐饮,学海街与文锦路交叉口东220米,餐饮服务;冷饮店;冷饮店,2.4,[]
蜜雪冰城(万达·华园店),126.497064,45.807745,餐饮,恒源街898号万达·华园,餐饮服务;冷饮店;冷饮店,4.5,12.00
沪上阿姨·精选茶饮(哈尔滨祥安北大街店),126.516925,45.826225,餐饮,祥安北大街1377号欧美亚阳光家园BH14栋12号1层,餐饮服务;休闲餐饮场所;休闲餐饮场所,4.2,14.00
茶百道(哈尔滨松北商业大学店),126.565875,45.822425,餐饮,哈尔滨商业大学江北校区A区体育馆1层116室8号铺,餐饮服务;冷饮店;冷饮店,3.9,13.00
茶瀑布(哈尔滨平房大学城店),126.507466,45.828182,餐饮,绿色嘉苑小区8号楼B1层3号,餐饮服务;休闲餐饮场所;休闲餐饮场所,3.5,14.00
喜玄奶茶,126.558075,45.776075,餐饮,冰峰路与冰花路交叉口东南440米,餐饮服务;冷饮店;冷饮店,3.3,[]
子曰减法空间,126.587629,45.757627,餐饮,友谊西路660号富力中心T2座3904,餐饮服务;茶艺馆;茶艺馆|科教文化服务;培训机构;培训机构,4.6,68.00
蜜雪冰城(商大店),126.565830,45.822145,餐饮,商业大学A区体育场112号,餐饮服务;冷饮店;冷饮店,4.0,10.00
沪上阿姨·精选茶饮(哈尔滨融创锦园店),126.499775,45.812725,餐饮,哈尔￥市松北区恒源街1211号融创锦园小区B4号楼3号商服,餐饮服务;休闲餐饮场所;休闲餐饮场所,4.2,14.00
茉莉奶白(哈尔滨防洪纪念塔店),126.616526,45.779975,餐饮,印象城中央大街232号41号商铺茉莉奶白,餐饮服务;休闲餐饮场所;休闲餐饮场所,4.5,19.00
狗富贵奶茶店(萌宠主题),126.615328,45.773676,餐饮,红霞街65号,餐饮服务;餐饮相关场所;餐饮相关|购物服务;购物相关场所;购物相关场所,4.7,49.00
CHAGEE霸王茶姬(黑龙江哈尔滨富力广场店),126.588474,45.758473,餐饮,友谊西路600号富力广场L1层L117号,餐饮服务;冷饮店;冷饮店,4.5,21.00
蜜雪冰城(中央大街51号店),126.620001,45.770060,餐饮,中央大街51号,餐饮服务;冷饮店;冷饮店|餐饮服务;甜品店;甜品店,4.7,10.00
沪上阿姨·精选茶饮(哈尔滨哈商大体育场店),126.566277,45.821177,餐饮,哈尔滨商业大学体育场一楼116室7号铺位,餐饮服务;休闲餐饮场所;休闲餐饮场所,3.7,14.00
吃茶去茶艺空间,126.587995,45.757717,餐饮,友谊西路660号富力中心T2座29层2905室,餐饮服务;冷饮店;冷饮店,4.4,62.00
飞鹤牧场1962(中央大街店),126.617203,45.778846,餐饮,中央大街222号百盛购物中心AS-F1-036,购物服务;购物相关场所;购物相关场所,4.6,16.00
喜茶(哈尔滨百盛购物中心店),126.616588,45.778833,餐饮,中央大街222号百盛购物中心,餐饮服务;冷饮店;冷饮店|购物服务;购物相关场所;购物相关场所,4.5,19.00
CHAGEE霸王茶姬(枫叶小镇奥特莱斯店),126.462607,45.822347,餐饮,中源大道16999号枫叶小镇奥特莱斯1层A1091-1,餐饮服务;餐饮相关场所;餐饮相关,4.3,20.00
奈雪的茶(百盛购物中心店),126.617175,45.779087,餐饮,中央大街222号百盛购物中心1层东门北侧(邻地下通道出入口)奈雪的茶,餐饮服务;冷饮店;冷饮店,4.5,30.00
沪上阿姨·精选茶饮(哈尔滨中央大街店),126.616509,45.779315,餐饮,中央大街232号a座1层196号商铺沪上阿姨,餐饮服务;餐饮相关场所;餐饮相关,4.5,14.00
爷爷不泡茶NOYEYENOTEA(黑龙江哈尔滨百盛中央大街店),126.616625,45.778875,餐饮,中央大街222号百盛商场b1-14号,餐饮服务;休闲餐饮场所;休闲餐饮场所,4.3,17.00
1点点(金安国际店),126.620027,45.771645,餐饮,中央大街69号金安欧罗巴广场A区负一层617号,餐饮服务;冷饮店;冷饮店,4.7,14.00
蜜雪冰城(友谊宫店),126.607523,45.775111,餐饮,友谊路222号(人民广场地铁站5号口步行310米),餐饮服务;冷饮店;冷饮店,4.6,7.00
喜茶(哈尔滨金安国际店),126.620631,45.771868,餐饮,中央大街69号金安国际负一层扶梯口直行50米,餐饮服务;冷饮店;冷饮店,4.6,20.00
茶百道(中央大街五道街店),126.619245,45.774540,餐饮,西五道街38-1号,餐饮服务;冷饮店;冷饮店,4.5,18.00
茉莉奶白(哈尔滨道里金安国际店),126.620367,45.771686,餐饮,中央大街69号金安国际购物广场631-632A号店铺,餐饮服务;冷饮店;冷饮店,4.5,19.00
LINLEE·手打柠檬茶(防洪纪念塔店),126.617015,45.779688,餐饮,中央大街232号悦荟城A210号商铺,餐饮服务;冷饮店;冷饮店,4.1,18.00
CHAGEE霸王茶姬(黑龙江哈尔滨新一百店),126.625563,45.770515,餐饮,石头道街118号(新一百购物广场一层AD37号),餐饮服务;冷饮店;冷饮店,4.6,17.00
蜜雪冰城(河松街店),126.583347,45.748616,餐饮,河松小区3期西4门北50米,餐饮服务;冷饮店;冷饮店,4.6,10.00
喜茶(哈尔滨银泰城店),126.541064,45.736472,餐饮,群力大道2399号银泰城1055号,餐饮服务;冷饮店;冷饮店,4.5,22.00
茶百道(哈尔滨卓展购物中心店),126.604661,45.758751,餐饮,上海街99号卓展购物中心B区3楼,餐饮服务;冷饮店;冷饮店,4.3,14.00
LINLEE·手打柠檬茶(中央大街地铁店),126.616685,45.769875,餐饮,霞曼街79号(中央大街地铁站1号口步行90米),餐饮服务;冷饮店;冷饮店,4.4,18.00
奈雪的茶(哈尔滨群力远大PRO店),126.556702,45.738074,餐饮,群力大道1176号-1-7远大购物中心一层第20号,餐饮服务;冷饮店;冷饮店,4.3,19.00
CHAGEE霸王茶姬(黑龙江哈尔滨银泰城店),126.541177,45.736474,餐饮,群里大道2399号哈尔滨银泰城购物中心一层1046号商铺,餐饮服务;冷饮店;冷饮店,4.5,21.00
喜茶(哈尔滨卓展店),126.603182,45.760418,餐饮,"上海街99号卓展商业2期1层F1-1,F2-2",餐饮服务;冷饮店;冷饮店,4.4,14.00
霸王茶姬(黑龙江哈尔滨中央大街店)(暂停营业),126.618853,45.773656,餐饮,中央大街120号,餐饮服务;冷饮店;冷饮店,4.6,16.00
玉米说(巧克力城堡店),126.600826,45.785522,餐饮,风景街18号,餐饮服务;冷饮店;冷饮店,3.9,16.00
音乐长廊雪人集市,126.557258,45.750368,餐饮,群力音乐公园音乐长廊一号厅,体育休闲服务;体育休闲服务场所;体育休闲服务场所,4.6,[]
蜜雪冰城(富力城店),126.601890,45.828386,餐饮,吉善中西医结合门诊部西侧110米,餐饮服务;冷饮店;冷饮店,4.2,10.00
700CC(哈尔滨道里百盛店),126.616780,45.779054,餐饮,中央大街222号百盛购物中心B1层AS-B1-034,餐饮服务;餐饮相关场所;餐饮相关,4.3,14.00
茶瀑布(哈尔滨中央大街地铁站店),126.617062,45.769803,餐饮,霞曼街64号3单元1层1号,餐饮服务;休闲餐饮场所;休闲餐饮场所,4.4,14.00
蜜雪冰城(爱建滨江写字楼店),126.603332,45.764732,餐饮,爱建滨江写字楼东南门西南90米,餐饮服务;冷饮店;冷饮店,4.2,9.00
爷爷不泡茶NOYEYENOTEA(黑龙江哈尔滨卓展购物中心店),126.603225,45.760175,餐饮,上海街99号卓展购物中心(哈尔滨店)B座3楼,餐饮服务;冷饮店;冷饮店,4.3,16.00
茉莉奶白(哈尔滨群力远大店),126.558653,45.738729,餐饮,群力大道1176号远大购物中心群力店F1层,餐饮服务;餐饮相关场所;餐饮相关,4.4,19.00
LINLEE·手打柠檬茶(道里卓展购物中心店),126.604025,45.759525,餐饮,上海街99号卓展二期二层2F-2B-012-1室,餐饮服务;休闲餐饮场所;休闲餐饮场所,4.1,18.00
蜜雪冰城(紫园店),126.607910,45.763544,餐饮,紫园路18-12号2单元1层101号(住宅)安隆街61号,餐饮服务;冷饮店;冷饮店,4.6,12.00
太犇牛(哈尔滨卓展购物中心店),126.602884,45.760606,餐饮,上海街99号卓展购物中心B座1F层,餐饮服务;冷饮店;冷饮店,4.4,17.00
CHAGEE霸王茶姬(黑龙江哈尔滨索菲亚店),126.627994,45.770577,餐饮,地段街128号1层101,餐饮服务;冷饮店;冷饮店,4.6,20.00
茶救星球(哈尔滨道里中央大街百盛店),126.616833,45.778930,餐饮,百盛负一层AS-B1-053AS,餐饮服务;冷饮店;冷饮店,4.0,15.00
700CC(哈尔滨道里金安国际店),126.620274,45.771571,餐饮,中央大街69号金安国际商城负一层638A,餐饮服务;餐饮相关场所;餐饮相关,4.2,16.00
蜜雪冰城(万达广场店),126.616771,45.779686,餐饮,友谊路187号1层191号商铺,餐饮服务;快餐厅;快餐厅,4.4,12.00
茶百道(哈尔滨松北富力城店),126.607165,45.830731,餐饮,中源大道5599号富力城三期C6栋107,餐饮服务;冷饮店;冷饮店,4.2,12.00
蜜雪冰城(永富酒店店),126.610262,45.826152,餐饮,松浦街道广信新城B区bs-4栋10号门,餐饮服务;餐饮相关场所;餐饮相关,4.3,9.00
茶百道(哈尔滨群力远大店),126.561576,45.735737,餐饮,群力新区景江西路群力远大商铺的C3-4号及C3-5号,餐饮服务;冷饮店;冷饮店,4.3,12.00
Tamkoko泰柯茶园(哈尔滨金安店),126.620242,45.771508,餐饮,中央大街金安国际负一层607号,餐饮服务;休闲餐饮场所;休闲餐饮场所,4.5,22.00
沪上阿姨·精选茶饮(哈尔滨河山街店),126.583152,45.749288,餐饮,河山街74号,餐饮服务;冷饮店;冷饮店,4.4,14.00
1点点(中央大街百盛店),126.616630,45.778764,餐饮,中央大街222号百盛购物中心中央大街店B1层,餐饮服务;餐饮相关场所;餐饮相关,4.5,14.00
爷爷不泡茶NOYEYENOTEA(黑龙江哈尔滨银泰城店),126.541185,45.736614,餐饮,群力大道2399号银泰城购物中心B1层,餐饮服务;休闲餐饮场所;休闲餐饮场所,4.2,18.00
荷田水铺(哈尔滨中央大街店)(暂停营业),126.616021,45.779633,餐饮,百盛负一楼(友谊宫地铁站2号口步行450米),生活服务;生活服务场所;生活服务场所,3.9,19.00
蜜雪冰城(群力远大购物中心店),126.558051,45.737842,餐饮,群力大道1176号远大购物中心D1-13,餐饮服务;餐饮相关场所;餐饮相关,4.5,10.00
蜜雪冰城百盛购物中心,126.616599,45.778848,餐饮,中央大街222号AS-B1-062室,餐饮服务;冷饮店;冷饮店,4.4,9.00
蜜雪冰城(志华店),126.551153,45.872134,餐饮,学院路,餐饮服务;冷饮店;冷饮店,4.6,12.00
蜜雪冰城(地段街店),126.626123,45.777610,餐饮,地段街209号,餐饮服务;冷饮店;冷饮店,4.6,10.00
7分甜(哈尔滨中央大街店),126.618190,45.776157,餐饮,中央大街190号,餐饮服务;冷饮店;冷饮店,4.1,16.00
蜜雪冰城(斯大林公园店),126.619865,45.782064,餐饮,斯大林公园3-2号,餐饮服务;冷饮店;冷饮店,4.2,10.00
7分甜(中央大街上游街店),126.620275,45.771575,餐饮,中央大街69号金安欧罗巴负一层632-1,餐饮服务;冷饮店;冷饮店,4.2,17.00
蜜雪冰城(卓展店),126.603121,45.760438,餐饮,哈尔信食品超市(卓展购物中心店),餐饮服务;冷饮店;冷饮店,4.4,9.00
霸王茶姬(学院路店),126.551632,45.873070,餐饮,学院路弘林金色地标13栋2号,餐饮服务;餐饮相关场所;餐饮相关,4.5,20.00
沪上阿姨·精选茶饮(哈尔滨银泰城购物中心店),126.541075,45.736475,餐饮,群力大道2399号B1014号,餐饮服务;冷饮店;冷饮店,4.3,14.00
沪上阿姨·精选茶饮(哈尔滨卓展商场店),126.603997,45.759562,餐饮,上海街99号卓展二期一层(部分),餐饮服务;休闲餐饮场所;休闲餐饮场所,4.3,14.00
蜜雪冰城(中央大街地铁站店),126.616646,45.769657,餐饮,霞曼街72号1单元1层5,餐饮服务;冷饮店;冷饮店,4.6,9.00
茶百道(哈尔滨银泰城购物中心店),126.539975,45.736725,餐饮,群力大道2399号银泰城购物中心B1-1021-A,餐饮服务;冷饮店;冷饮店,4.2,16.00
蜜雪冰城(银泰城购物中心店),126.541237,45.737601,餐饮,群力大道2399号银泰城购物中心B1层,餐饮服务;冷饮店;冷饮店,4.4,10.00
蜜雪冰城(哈药路371号店),126.597733,45.755843,餐饮,河江街小区(公路大桥地铁站2号口步行220米),餐饮服务;冷饮店;冷饮店,4.5,11.00
LINLEE·手打柠檬茶(中央大街百盛店),126.616872,45.779008,餐饮,中央大街百盛购物中心5楼中庭,餐饮服务;冷饮店;冷饮店,4.0,18.00
Yee3·三号椰(哈尔滨金安国际店),126.620124,45.771745,餐饮,金安国际商场负一楼,餐饮服务;冷饮店;冷饮店,4.2,18.00
沪上阿姨·精选茶饮(中央大街步行街店),126.619987,45.770184,餐饮,中央大街51号(中央大街地铁站1号口步行390米),餐饮服务;休闲餐饮场所;休闲餐饮场所,4.4,14.00
CHAGEE霸王茶姬(黑龙江哈尔滨群力王府井店),126.566808,45.733554,餐饮,景江东路899号王府井购物中心关东古巷店F1层,餐饮服务;冷饮店;冷饮店,4.5,18.00
柠季·手打柠檬茶(哈尔滨新一百店),126.624326,45.769927,餐饮,石头道街118号F2C06室,餐饮服务;餐饮相关场所;餐饮相关,4.2,18.00
蜜雪冰城(北安街店),126.614996,45.766780,餐饮,经纬五街道25号经纬小学旁,餐饮服务;冷饮店;冷饮店,4.5,8.00
沪上阿姨·精选茶饮(群力远大店),126.557763,45.737899,餐饮,群力第四大道1333号C3栋1层6号,餐饮服务;休闲餐饮场所;休闲餐饮场所,4.3,14.00
LINLEE·手打柠檬茶(道里银泰城店),126.540070,45.736477,餐饮,群力大道2399号银泰城购物中心B1033(米村拌饭)对面,餐饮服务;休闲餐饮场所;休闲餐饮场所,4.1,18.00
奈雪的茶(哈尔滨百盛店),126.614841,45.779434,餐饮,友谊路167-217号百盛百货1层F12层F2号,餐饮服务;冷饮店;冷饮店,4.2,26.00
蜜雪冰城(银泰城·悦街店),126.539976,45.742250,餐饮,丽江路4176号银泰城·悦街F1层,餐饮服务;冷饮店;冷饮店,4.4,9.00
茉莉奶白(哈尔滨银泰城店),126.540075,45.736475,餐饮,群力大道2399号银泰城负一层区域DZ-B1036,餐饮服务;休闲餐饮场所;休闲餐饮场所,4.3,19.00
蜜雪冰城(麦凯乐店),126.623077,45.770595,餐饮,尚志街道新一百一楼大屏幕旁,餐饮服务;餐饮相关场所;餐饮相关,4.5,18.00
LINLEE·手打柠檬茶(道里群力远大店),126.557975,45.738125,餐饮,工农街道群力大道1176号群力远大购物中心七层7F-07号铺位,餐饮服务;冷饮店;冷饮店,4.0,18.00
茶百道(索菲亚店),126.627664,45.771544,餐饮,地段街128号,餐饮服务;冷饮店;冷饮店,4.4,17.00
LINLEE·手打柠檬茶(江北大学城学院路店),126.545312,45.873323,餐饮,利民开发区学院路191号,餐饮服务;冷饮店;冷饮店,4.4,18.00
奈雪的茶(哈尔滨群力王府井店),126.565362,45.733011,餐饮,群力景江东路899号王府井购物中心1F-D079号商铺,餐饮服务;冷饮店;冷饮店,4.3,22.00
沪上阿姨·精选茶饮(哈尔滨富力城店),126.607221,45.830649,餐饮,富力城3期C6-108门市商服,餐饮服务;休闲餐饮场所;休闲餐饮场所,4.2,14.00
李先生牛肉面大王(哈尔滨群力铜锣湾餐厅),126.567780,45.735058,餐饮,群力第五大道518号,餐饮服务;快餐厅;快餐厅,4.3,23.00
爷爷不泡茶NOYEYENOTEA(黑龙江哈尔滨群力王府井店),126.566007,45.733566,餐饮,王府井1层,餐饮服务;冷饮店;冷饮店,4.3,16.00
茶百道(哈尔滨中央大街西头),126.619104,45.777322,餐饮,西头道街27号,餐饮服务;冷饮店;冷饮店,4.4,13.00
飞鹤牧场1962(索菲亚店),126.627561,45.769636,餐饮,透笼街曼哈顿大厦二期一层009室,餐饮服务;休闲餐饮场所;休闲餐饮场所,4.6,16.00
茉酸奶(哈尔滨江北学院店),126.552787,45.872715,餐饮,学院路泓林金色地标14-4号,餐饮服务;冷饮店;冷饮店,4.3,21.00
LINLEE·手打柠檬茶(中央大街1店),126.620036,45.770226,餐饮,中央大街51号(中央大街地铁站1号口步行380米),餐饮服务;冷饮店;冷饮店,4.4,18.00
益禾堂(哈尔滨石油学院店),126.560553,45.847444,餐饮,松浦路297号哈尔滨石油学院2SF号楼1层111卡,餐饮服务;休闲餐饮场所;休闲餐饮场所,3.4,12.00
LELECHA乐乐茶(哈尔滨银泰城店),126.541375,45.736425,餐饮,群力大道2399号银泰城(广场)1F区域DZ-01015,餐饮服务;冷饮店;冷饮店,4.2,18.00
LINLEE·手打柠檬茶(索菲亚曼哈顿店),126.627300,45.769190,餐饮,透笼街58号(尚志大街地铁站1号口步行480米),餐饮服务;冷饮店;冷饮店,4.2,18.00
茶百道(哈尔滨学院路店),126.552694,45.872770,餐饮,学院路鸿林金色地标14栋茶百道,餐饮服务;餐饮相关场所;餐饮相关,4.4,15.00
CHAGEE霸王茶姬(黑龙江哈尔滨中华巴洛克店),126.640980,45.782712,餐饮,南二道街81号,餐饮服务;冷饮店;冷饮店,4.6,19.00
LINLEE·手打柠檬茶(道里王府井店),126.566838,45.733165,餐饮,群力王府井购物中心4F-014A商铺,餐饮服务;冷饮店;冷饮店,4.3,18.00
蜜雪冰城(万达比优特店),126.615841,45.778368,餐饮,友谊路187号哈尔滨印象城C座F1层,餐饮服务;冷饮店;冷饮店,3.9,7.00
LINLEE·林里手打柠檬茶(中华巴洛克店),126.638503,45.782743,餐饮,靖宇街395号,餐饮服务;休闲餐饮场所;休闲餐饮场所,4.4,16.00
茉莉奶白(杉杉奥特莱斯广场·哈尔滨店),126.559594,45.876528,餐饮,利民大道555号杉杉奥特莱斯三楼A31310店铺(挨着米村拌饭),餐饮服务;冷饮店;冷饮店,4.2,19.00
碰碰凉(学院路店),126.552200,45.872824,餐饮,泓林金色地标13-7号,餐饮服务;冷饮店;冷饮店,4.4,16.00
蜜雪冰城(王府井店),126.566270,45.732659,餐饮,景江东路899号王府井购物中心关东古巷店B1层,餐饮服务;休闲餐饮场所;休闲餐饮场所,4.4,11.00
茶百道(哈尔滨农垦店),126.528506,45.872308,餐饮,学院路柏林四季小区C1-6栋22号商服,餐饮服务;冷饮店;冷饮店,4.3,16.00
蜜雪冰城(学院路店),126.545929,45.873212,餐饮,学院路177号,餐饮服务;冷饮店;冷饮店,4.5,10.00
1点点(江北大学城店),126.541671,45.873603,餐饮,学院路237号,餐饮服务;冷饮店;冷饮店,4.6,16.00
Swisse(卓展购物中心店),126.603519,45.759801,餐饮,上海街99号卓展购物中心B座3F层,餐饮服务;冷饮店;冷饮店,3.9,17.00
CHAGEE霸王茶姬(杉杉奥特莱斯广场店),126.560449,45.876747,餐饮,利民大道555号杉杉奥特莱斯广场·哈尔滨F1层,餐饮服务;冷饮店;冷饮店,4.5,23.00
蜜雪冰城(农垦店),126.529709,45.873650,餐饮,学院路学院六道街5号,餐饮服务;冷饮店;冷饮店,4.4,8.00
北国八千里饮品(哈尔滨学院路店),126.551471,45.872263,餐饮,利民开发区学院路志华商城地下商业街1号2号出口处东2号商服,餐饮服务;休闲餐饮场所;休闲餐饮场所,4.5,23.00
喜茶(哈尔滨杉杉奥特莱斯店),126.560484,45.876885,餐饮,利民开发区杉杉奥特莱斯,餐饮服务;冷饮店;冷饮店,4.4,22.00
蜜雪冰城(经纬街店),126.620660,45.766700,餐饮,经纬二道街27号,餐饮服务;冷饮店;冷饮店,4.5,7.00
茉莉奶白(哈尔滨中华巴洛克店),126.638425,45.782725,餐饮,北头道街与靖宇街交叉口西南80米,餐饮服务;休闲餐饮场所;休闲餐饮场所,4.5,19.00
蜜雪冰城(新阳路店),126.615984,45.759152,餐饮,新阳路106号,餐饮服务;冷饮店;冷饮店,4.5,5.00
茶话弄(哈尔滨中华巴洛克店),126.642103,45.781946,餐饮,南二道街49-1,餐饮服务;冷饮店;冷饮店,4.5,17.00
1点点(江北学院路店),126.554106,45.872540,餐饮,泓林金色地标3期,餐饮服务;冷饮店;冷饮店,4.5,17.00
蜜雪冰城(保利城店),126.529675,45.738175,餐饮,保利城三期南门东120米,餐饮服务;冷饮店;冷饮店,4.0,12.00
茶百道(哈尔滨江北大学城店),126.545094,45.873936,餐饮,学院路216号,餐饮服务;冷饮店;冷饮店,4.5,20.00
Toooome/迎(海富·第五大道哈林区店),126.556282,45.730954,餐饮,[],餐饮服务;餐饮相关场所;餐饮相关,4.6,58.00
茶百道(哈尔滨群力王府井店),126.566567,45.733002,餐饮,景江东路899号王府井购物中心群力店商场四楼4F-029A,餐饮服务;冷饮店;冷饮店,4.2,14.00
沪上阿姨·精选茶饮(哈尔滨索菲亚店),126.627747,45.771232,餐饮,地段街128号(黑龙江金太阳精品城一层门店19号),餐饮服务;休闲餐饮场所;休闲餐饮场所,4.5,14.00
沪上阿姨·精选茶饮(哈尔滨建国街店),126.603430,45.751612,餐饮,建国街123号,餐饮服务;休闲餐饮场所;休闲餐饮场所,4.4,14.00
沪上阿姨(志华商城店),126.551375,45.872025,餐饮,学院路二道街与学院路交叉口佳焙西点旁边,餐饮服务;冷饮店;冷饮店|餐饮服务;茶艺馆;茶艺馆,4.4,17.00
沪上阿姨·精选茶饮(哈尔滨新阳路店),126.615965,45.760023,餐饮,新阳路95号1层,餐饮服务;休闲餐饮场所;休闲餐饮场所,4.4,14.00
蜜雪冰城(安发店),126.613697,45.756343,餐饮,安发街辅路与安吉街交叉口西北60米,餐饮服务;冷饮店;冷饮店,4.5,11.00
7分甜(哈尔滨道里新一百店),126.624523,45.770419,餐饮,石头道街118号大商哈尔滨新一百购物广场六层F6卖区C02号,餐饮服务;休闲餐饮场所;休闲餐饮场所,4.1,17.00
1点点(群力王府井店),126.566806,45.733215,餐饮,王府井购物中心4F-014c,餐饮服务;冷饮店;冷饮店,4.4,21.00
蜜雪冰城(斜角街店),126.624797,45.766488,餐饮,尚志大街23-1号,餐饮服务;餐饮相关场所;餐饮相关,4.4,7.00
蜜雪冰城(工商学院店),126.528500,45.871486,餐饮,柏林四季西2门南150米,餐饮服务;冷饮店;冷饮店,4.0,9.00
ohmo어머韩国冰奶(中央大街店),126.630315,45.770210,餐饮,透笼街22-1号,餐饮服务;冷饮店;冷饮店,4.5,19.00
冰雪时光(哈尔滨泓林金色地标店),126.551358,45.872015,餐饮,学院路82号,餐饮服务;冷饮店;冷饮店,4.0,9.00
蜜雪冰城(新阳路329号店),126.607206,45.750170,餐饮,新阳路329号恒祥大厦F1层,餐饮服务;冷饮店;冷饮店,4.5,13.00
经纬十道街早市,126.609985,45.770957,餐饮,经纬十道街与经纬街交叉口南20米,购物服务;购物相关场所;购物相关场所,4.6,[]
南七老麻辣面馆(南七道街店),126.648282,45.783514,餐饮,南七道街157号,餐饮服务;中餐厅;中餐厅,4.7,25.00
晓军麻辣面馆,126.645748,45.791927,餐饮,钱塘街64号(近北十二道街),餐饮服务;中餐厅;中餐厅,4.6,29.00
麦当劳(哈尔滨麦当劳西大直街餐厅),126.625039,45.742730,餐饮,西大直街161号(哈工大地铁站3号口步行210米),餐饮服务;快餐厅;麦当劳,4.6,27.00
喜家德虾仁水饺(铁岭街店),126.650434,45.766076,餐饮,铁岭街88号医大一院门诊附近,餐饮服务;中餐厅;特色/地方风味餐厅,4.7,34.00
老麻面馆,126.638307,45.772364,餐饮,南极三道街26号,餐饮服务;中餐厅;中餐厅,4.6,21.00
喜家德虾仁水饺(医大四院店),126.635944,45.761189,餐饮,红军街85-11号,餐饮服务;餐饮相关场所;餐饮相关,4.6,34.00
一品彭氏包子,126.602511,45.753674,餐饮,河广街86号,餐饮服务;中餐厅;中餐厅,4.6,41.00
沙记赛索(旗舰店),126.650163,45.787562,餐饮,靖宇街236号(清真寺地铁站2号口步行50米),餐饮服务;糕饼店;糕饼店,4.6,26.00
南大门韩国米糕(公滨路店),126.710722,45.731407,餐饮,公滨路186号,餐饮服务;外国餐厅;韩国料理,4.6,30.00
白杨包子(中央大街店),126.620200,45.771380,餐饮,中央大街69号A区负贰层711B号,餐饮服务;餐饮相关场所;餐饮相关,4.6,30.00
麦当劳(百年俪景家得乐餐厅),126.556427,45.721123,餐饮,群力第七大道2068号百年俪景G栋2-6号商服家得乐超市一层8号商铺,餐饮服务;快餐厅;快餐厅,4.6,31.00
好利来(哈尔滨嵩山路店),126.688724,45.755912,餐饮,嵩山路99-1号,餐饮服务;糕饼店;糕饼店,4.7,45.00
蟹满楼·蟹黄面(哈尔滨中央大街店),126.621839,45.770622,餐饮,西十二道街20号,餐饮服务;中餐厅;中餐厅,4.5,92.00
喜家德虾仁水饺(秋林店),126.647286,45.761536,餐饮,东大直街289号,餐饮服务;中餐厅;特色/地方风味餐厅,4.6,36.00
麦当劳(凯德广场埃德蒙顿路店),126.593971,45.735039,餐饮,埃德蒙顿路38号凯德广场一层1-12号商铺,餐饮服务;快餐厅;麦当劳,4.6,31.00
麦当劳(哈尔滨悦然家得乐餐厅),126.685093,45.699432,餐饮,通乡街85号悦然臻城13号集中商业一层F1-2号商铺,餐饮服务;快餐厅;麦当劳,4.6,33.00
枫味正宗鸡西刀削面(万达广场哈尔滨哈西店),126.587195,45.699732,餐饮,兴达路97号(万达金街D2-47号商铺),餐饮服务;中餐厅;中餐厅,4.5,26.00
喜家德虾仁水饺(哈尔滨民生尚都店),126.519012,45.721732,餐饮,崂山路与群力第六大道交叉口,餐饮服务;中餐厅;中餐厅,4.6,35.00
西北面馆(安升街店),126.614720,45.760386,餐饮,安升街47号,餐饮服务;中餐厅;中餐厅,4.6,17.00
喜家德虾仁水饺(公园店),126.652180,45.757095,餐饮,果戈里大街293-1号,餐饮服务;中餐厅;特色/地方风味餐厅,4.6,33.00
白杨包子新一百店,126.625521,45.770492,餐饮,石头道街118号新一百购物广场F1层,餐饮服务;中餐厅;中餐厅,4.5,20.00
喜铺破包子(道里区店),126.594233,45.732238,餐饮,乡政街103号,餐饮服务;餐饮相关场所;餐饮相关,4.5,16.00
聚丰面馆,126.674493,45.786934,餐饮,安华街23号(太平桥地铁站4A口步行370米),餐饮服务;中餐厅;中餐厅,4.5,17.00
喜铺破包子(爱建利龙店),126.608121,45.764384,餐饮,安隆街38号,餐饮服务;餐饮相关场所;餐饮相关,4.5,15.00
郑记面馆(安化北段社区店),126.618195,45.757270,餐饮,安化街与安广街交汇,餐饮服务;中餐厅;中餐厅,4.4,27.00
白杨包子(旭光小区店),126.654164,45.790586,餐饮,北十六道街街副44号,餐饮服务;中餐厅;清真菜馆,4.5,16.00
喜铺破包子(复旦街店),126.587158,45.691571,餐饮,复旦街265号,餐饮服务;中餐厅;中餐厅,4.4,12.00
正居鲜面(哈西宜家店),126.597041,45.696098,餐饮,哈西大街南郡香醍雅诺二期37号楼06号商服,餐饮服务;中餐厅;中餐厅,4.5,21.00
连发面馆(集良16小区店),126.655961,45.791326,餐饮,北17道街32号连发面馆,餐饮服务;中餐厅;中餐厅,4.5,32.00
喜铺破包子(四方台大道店),126.548867,45.716585,餐饮,哈双北路5号6栋-1-2层13号,餐饮服务;快餐厅;快餐厅,4.4,13.00
白杨包子(恒大君庭店),126.576307,45.695826,餐饮,恒大珺庭,餐饮服务;快餐厅;快餐厅,4.5,17.00
喜铺破包子(中北春城店),126.667706,45.728302,餐饮,香滨路4号中北春城19栋1层4号商服,餐饮服务;快餐厅;快餐厅,4.4,13.00
白杨包子(泰山路店),126.702182,45.744848,餐饮,闽江小区19栋1层6号门市,餐饮服务;中餐厅;中餐厅,4.5,17.00
喜铺破包子(南岗十字街店),126.670639,45.757720,餐饮,十字街58号博晟商场一层A11号,餐饮服务;餐饮相关场所;餐饮相关,4.4,15.00
李先生牛肉面大王(哈尔滨香坊区红旗大街餐厅),126.691010,45.725490,餐饮,红旗大街副33-3号,餐饮服务;快餐厅;快餐厅,4.4,21.00
白杨包子(平房店),126.640952,45.607649,餐饮,兴建街90号,餐饮服务;餐饮相关场所;餐饮相关,4.4,21.00
德福包子(世贸大街店),126.513284,45.804117,餐饮,世茂大道80-13滨江新城一期1区1栋13号商服,餐饮服务;中餐厅;中餐厅,4.6,12.00
喜铺破包子(融江路店),126.535525,45.742425,餐饮,融江路4113号,餐饮服务;中餐厅;中餐厅,4.3,16.00
华莱士·全鸡汉堡(哈尔滨红旗大街店),126.693998,45.760168,餐饮,红旗大街路288-4号,餐饮服务;快餐厅;快餐厅,4.4,18.00
鑫鹏包子铺(花园街店),126.656432,45.765260,餐饮,花园街220-4号(烟厂地铁站4号口步行450米),餐饮服务;中餐厅;中餐厅,4.4,14.00
白杨包子(南七店),126.648526,45.783336,餐饮,南七道街149号,餐饮服务;中餐厅;清真菜馆,4.4,19.00
喜铺破包子(工农大街店),126.580097,45.732550,餐饮,工农大街81号-1-1层,餐饮服务;中餐厅;特色/地方风味餐厅,4.3,12.00
咬福包子(大新店),126.630556,45.783020,餐饮,天邑澜湾西北1门东80米,餐饮服务;快餐厅;快餐厅,4.3,14.00
安和面馆(安和街店),126.613461,45.754951,餐饮,安和街35号,餐饮服务;中餐厅;中餐厅,4.4,28.00
喜铺破包子(尤家街店),126.598539,45.709474,餐饮,鸿朗花园二期B12栋商服-1-1层4号,餐饮服务;快餐厅;快餐厅,4.3,13.00
喜铺破包子(宏图街店),126.699531,45.781554,餐饮,宏图街街道161-16门市,餐饮服务;餐饮相关场所;餐饮相关,4.4,15.00
小纪包子铺(群力财富中心店),126.551893,45.737106,餐饮,群力第四大道财富中心A座,餐饮服务;快餐厅;快餐厅,4.5,20.00
喜铺破包子(闽江路店),126.697485,45.747483,餐饮,闽江路196号,餐饮服务;中餐厅;特色/地方风味餐厅,4.4,13.00
华莱士·全鸡汉堡(哈尔滨市紫气东来),126.648915,45.778818,餐饮,太古新区16栋1层8号东莱街73号,餐饮服务;快餐厅;快餐厅,4.2,18.00
华莱士·全鸡汉堡(哈尔滨继红小学店),126.592394,45.686909,餐饮,永丰大街157号继红小学华莱士,餐饮服务;快餐厅;快餐厅,4.2,18.00
白杨包子(美晨店),126.579801,45.732345,餐饮,工农大街91号-1-1层,餐饮服务;餐饮相关场所;餐饮相关,4.5,14.00
白杨包子(红军店),126.649482,45.754770,餐饮,河沟街50号,餐饮服务;中餐厅;清真菜馆,4.3,17.00
白杨包子(淮河路店),126.688079,45.761050,餐饮,淮河路420-6号,餐饮服务;餐饮相关场所;餐饮相关,4.4,10.00
沈老头包子(国民街店),126.647106,45.756313,餐饮,荣市街道国民街30号,餐饮服务;中餐厅;特色/地方风味餐厅,4.5,11.00
喜铺破包子(南十六道街店),126.657695,45.785298,餐饮,南十六道街126号1-2层,餐饮服务;快餐厅;快餐厅,4.4,13.00
白杨包子(滨港水岸C区店),126.679198,45.797206,餐饮,滨港水岸C区2号门旁,餐饮服务;快餐厅;快餐厅,4.5,16.00
喜铺破包子(征仪路店),126.634827,45.695462,餐饮,保健路征仪路交汇处大众新城小区110栋1-2层2号,餐饮服务;餐饮相关场所;餐饮相关,4.2,13.00
白杨包子(第一店),126.703289,45.760062,餐饮,新春街道海河东路-163号旁,餐饮服务;中餐厅;清真菜馆,4.5,19.00
春妮馅饼粥包子(光仁街店),126.607351,45.748088,餐饮,光仁街19号,餐饮服务;中餐厅;中餐厅,4.4,16.00
王牌包子(鞍山街店),126.653755,45.762850,餐饮,鞍山街15-23号,餐饮服务;中餐厅;中餐厅,4.3,17.00
喜铺破包子(金谷家园店),126.309209,45.374440,餐饮,承恩街道镇企业公司综合楼从南数5号商服,餐饮服务;快餐厅;快餐厅,4.1,12.00
白杨包子中海寰宇店,126.540564,45.723268,餐饮,群力第六大道2-17号,餐饮服务;餐饮相关场所;餐饮相关,4.4,17.00
王牌包子(开发区店),126.673776,45.743757,餐饮,鸿翔路13号(春天宾馆一层),餐饮服务;中餐厅;中餐厅,4.3,16.00
白杨包子(宣信小区店),126.670699,45.750309,餐饮,宣信街40-2号附近,餐饮服务;餐饮相关场所;餐饮相关,4.4,21.00
白杨包子(新松茂樾山店),126.766670,45.743743,餐饮,新松茂樾山二期8号楼商服1层1号门,餐饮服务;快餐厅;快餐厅,4.3,22.00
咬福包子(爱建店),126.604347,45.766324,餐饮,爱建路7-5号,餐饮服务;中餐厅;中餐厅,4.2,14.00
白杨包子(十字街店),126.671102,45.762459,餐饮,十字街附142号,餐饮服务;餐饮相关场所;餐饮相关,4.4,19.00
刘记包子王(总店),126.705331,45.725218,餐饮,果园街副13-8号,餐饮服务;中餐厅;中餐厅,4.2,12.00
犟骨头超级排骨饭(哈尔滨服装城店),126.612864,45.705828,餐饮,哈西服装城一层侧门市厅4-6号,餐饮服务;中餐厅;中餐厅,4.2,24.00
沈老头包子(河松小区店),126.583733,45.748675,餐饮,河松小区3期西北门西120米,餐饮服务;中餐厅;特色/地方风味餐厅,4.3,19.00
白杨包子,126.548740,45.869184,餐饮,利民开发区警官路裕发新城7栋14号商服,餐饮服务;快餐厅;快餐厅,4.4,19.00
鑫鹏包子铺(鸿朗花园店),126.598644,45.708629,餐饮,南开街238-10号楼11号门市(尤家街172号),餐饮服务;餐饮相关场所;餐饮相关,4.0,12.00
宋姐早餐包子,126.679553,45.765446,餐饮,先锋路320号-2号,购物服务;服装鞋帽皮具店;服装鞋帽皮具店,4.3,13.00
哈明亮透汁包子铺(总店),126.496917,45.808869,餐饮,恒源街942号,餐饮服务;中餐厅;中餐厅,4.4,12.00
沈老头包子(长安城店),126.707476,45.774024,餐饮,南直路355-8号,餐饮服务;中餐厅;特色/地方风味餐厅,4.2,10.00
和麦香面馆,126.623861,45.734503,餐饮,七政街39-9号汉广街118-8号交叉口,餐饮服务;中餐厅;中餐厅,4.2,17.00
大名府包子羊汤(建国人和小区店),126.600644,45.750015,餐饮,建国北二道街与共乐西二道街交叉口,餐饮服务;快餐厅;快餐厅,4.4,14.00
海丽包子铺(保障华庭小区店),126.655543,45.777754,餐饮,南七道街1-7号,餐饮服务;中餐厅;清真菜馆,4.4,28.00
满汉包子铺(蓝筹七彩阳光店),126.692112,45.790807,餐饮,太平大街286-33号,餐饮服务;中餐厅;中餐厅,4.1,9.00
程记安心包子(经纬街直营店),126.606970,45.771700,餐饮,经纬十二道街5号,餐饮服务;中餐厅;中餐厅,4.3,10.00
喜铺破包子(美罗湾店),126.691094,45.692451,餐饮,军民街24号立汇格林小镇A29栋1层16号,餐饮服务;餐饮相关场所;餐饮相关,4.1,13.00
聚财刀削面馆(哈站北广场),126.628067,45.762535,餐饮,警校小区3号楼1单元101,餐饮服务;餐饮相关场所;餐饮相关,4.4,10.00
洪福包子(先锋路店),126.699631,45.767952,餐饮,先峰路220-1号与泰山北路交口,餐饮服务;餐饮相关场所;餐饮相关,4.2,11.00
笨巧手包子(南马公寓店),126.640927,45.773349,餐饮,南极三道街与景阳街交叉口西80米,餐饮服务;中餐厅;中餐厅,4.5,7.00
沈老头包子(和平二道街店),126.656619,45.740657,餐饮,哈量文府嘉园和平二道街3号,餐饮服务;中餐厅;中餐厅,4.3,13.00
明悦包子(文教街小区店),126.662847,45.754611,餐饮,分部街37号文教街小区,餐饮服务;中餐厅;中餐厅,4.0,9.00
沈老头包子(丽景花园店),126.542870,45.872927,餐饮,丽景花园(江北大学城地铁站3号口步行70米),餐饮服务;中餐厅;中餐厅,4.3,13.00
于记包子粥铺,126.635820,45.752775,餐饮,公司街107-5号(铁路局地铁站2号口步行90米),餐饮服务;餐饮相关场所;餐饮相关,4.3,12.00
一家早餐(柒季城小区北区店),126.548036,45.867484,餐饮,利民开发区警官路南、利民大道西柒季城44栋2单元1层1号,餐饮服务;中餐厅;中餐厅,4.1,18.00
喜铺破包子(恒源街店),126.497720,45.808783,餐饮,恒源街877号万秀园小区D5号住宅楼S03号商服,餐饮服务;快餐厅;快餐厅,4.3,15.00
李家包子铺(鸡场小区店),126.708835,45.731670,餐饮,黑龙江省哈尔滨市香坊区公滨路214号,餐饮服务;中餐厅;中餐厅,4.2,12.00
丫丫早餐(宏业小区店),126.616949,45.739354,餐饮,宏业小区西北门旁(西大桥地铁站1B口步行320米),餐饮服务;餐饮相关场所;餐饮相关,4.0,9.00
王牌包子(道里店),126.614234,45.775214,餐饮,中央大街1号哈尔滨中央大街,餐饮服务;中餐厅;中餐厅,4.0,16.00
包子王,126.627601,45.766952,餐饮,兆麟街23-1号,餐饮服务;中餐厅;中餐厅,4.1,12.00
清真风味包子,126.650111,45.788310,餐饮,北十二道街19号(清真寺地铁站2号口步行90米),餐饮服务;中餐厅;清真菜馆,4.0,14.00
那记面馆,126.624503,45.737500,餐饮,汉祥街32-1号(西大桥地铁站3号口步行260米),餐饮服务;快餐厅;快餐厅,4.1,8.00
海哥面馆,126.649250,45.789293,餐饮,北十二道街42号海哥面馆,餐饮服务;中餐厅;中餐厅,4.3,19.00
喜铺破包子(华龙金城店),126.972842,45.544239,餐饮,金城街朝阳小区四期20号楼1层08室,餐饮服务;快餐厅;快餐厅,4.2,12.00
哈鑫鹏包子(恒大绿洲店),126.589151,45.821745,餐饮,中源大道99号恒大绿洲,餐饮服务;餐饮相关场所;餐饮相关,4.1,9.00
米兰西饼生日蛋糕(道外店),126.700494,45.779691,餐饮,武源头道街7-1号,餐饮服务;糕饼店;糕饼店,4.2,54.00
于大平百姓包子(征仪花园店),126.637386,45.687508,餐饮,征仪路527号,餐饮服务;中餐厅;中餐厅,4.2,12.00
笨巧手包子·粥(中兴街店),126.618002,45.723027,餐饮,沙曼小区六街区西4门旁,餐饮服务;快餐厅;快餐厅,4.1,10.00
小馋猫蛋糕店(东实碧水湾店),126.615999,45.607799,餐饮,新平街38号碧水湾16号楼7号临街,餐饮服务;糕饼店;糕饼店,4.0,34.00
浙江包子铺(通河总店),128.753061,45.974461,餐饮,新大千东北门旁,餐饮服务;餐饮相关场所;餐饮相关,4.1,10.00
明悦包子(邮政街第十一分店),126.646351,45.764028,餐饮,邮政街37号(医大一院地铁站4号口步行360米),餐饮服务;中餐厅;中餐厅,4.0,10.00
百艺包子专卖(宣西小区店),126.671455,45.750256,餐饮,宣信街26号,餐饮服务;餐饮相关场所;餐饮相关,4.1,11.00
秋豪单记板面(东棵街店),126.722738,45.773158,餐饮,东棵街28号1门,餐饮服务;快餐厅;快餐厅,4.2,15.00
旭日早餐(锅炉厂店),126.670940,45.713355,餐饮,旭升街锅炉小区2栋2单元1层6室,餐饮服务;中餐厅;中餐厅,4.1,21.00
阳光早餐工程(宏伟路店),126.696277,45.781773,餐饮,宏伟路105-2号,餐饮服务;快餐厅;快餐厅,4.1,12.00
沈老头包子(柒季城小区店),126.551086,45.867096,餐饮,柒季城小区北区东南1门东50米,餐饮服务;中餐厅;中餐厅,4.1,13.00
德良包子(松浦·观江国际B区店),126.646825,45.817775,餐饮,松浦大道311号松浦·观江国际B区,餐饮服务;餐饮相关场所;餐饮相关,4.0,14.00
华莱士·全鸡汉堡(哈尔滨新松茂樾山店),126.764384,45.743236,餐饮,香福路219-2新松茂越山一期6号楼1层9号,餐饮服务;快餐厅;快餐厅,3.7,18.00
得福面馆,126.663775,45.703825,餐饮,旭东街33-2号5栋1层11号,餐饮服务;中餐厅;中餐厅,3.9,18.00
徽州包子王(哈尔滨总店),126.643067,45.787839,餐饮,北七道街80号,餐饮服务;中餐厅;中餐厅,4.0,17.00
三禾包子(润园翡翠城店),126.570538,45.725576,餐饮,工农大街112号润园翡翠城,餐饮服务;餐饮相关场所;餐饮相关,4.1,12.00
小桌早餐,126.629830,45.766746,餐饮,地段街24号(尚志大街地铁站2号口步行470米),餐饮服务;中餐厅;中餐厅,4.0,17.00
老康包子(信恒现代城馨园店),126.712680,45.757521,餐饮,信恒现代城馨园西北门东北70米,餐饮服务;餐饮相关场所;餐饮相关,4.3,14.00
张记满汉包子(海富·锦园店),126.545364,45.717106,餐饮,阳江路海富锦园一期8栋商服1层03号,餐饮服务;中餐厅;中餐厅,3.8,13.00
张记包子专卖(钱塘街),126.644430,45.791247,餐饮,钱塘街94-3号,餐饮服务;餐饮相关场所;餐饮相关,3.9,15.00
百姓包子(学府名居小区店),126.621317,45.669242,餐饮,跃进街道学府路299-1,餐饮服务;餐饮相关场所;餐饮相关,4.1,14.00
沈老头包子(阳光绿色家园店),126.710906,45.763638,餐饮,阳光绿色家园K单元2号门市,餐饮服务;中餐厅;中餐厅,4.0,16.00
鑫悦包子(泰山路店),126.701802,45.741508,餐饮,泰山路71-1号302,餐饮服务;快餐厅;快餐厅,3.9,12.00
早点见面早餐店(红专街店),126.610572,45.771341,餐饮,红专街155号,餐饮服务;中餐厅;中餐厅,4.3,20.00
李姐风味包子(安达街小区店),126.615564,45.759982,餐饮,安升街35号,餐饮服务;餐饮相关场所;餐饮相关,3.8,10.00
鑫鹏包子铺(东侨国际店),126.591743,45.880692,餐饮,东侨国际2期西门北90米,餐饮服务;中餐厅;中餐厅,4.1,14.00
哈明亮透汁包子铺(远大中央公园店),126.700861,45.766295,餐饮,辽河路远大中央公园8栋2号商服,餐饮服务;中餐厅;中餐厅,4.0,15.00
老味熏酱面馆(哈尔滨中央大街店),126.613112,45.775158,餐饮,上游街45号(友谊宫地铁站1号口步行320米),餐饮服务;中餐厅;中餐厅,4.1,21.00
麦香早餐(林业局七委店),128.615694,44.930798,餐饮,亚布力林业局七委田丰木业综合楼4单元,餐饮服务;餐饮相关场所;餐饮相关,4.2,13.00
笨巧手包子粥,126.640513,45.740547,餐饮,文道街23-9号,餐饮服务;中餐厅;中餐厅,4.0,14.00
佳香大馅肉饼早餐店(一品华府店),128.838138,45.835133,餐饮,晟水明苑小区4号楼105号商服,餐饮服务;中餐厅;中餐厅,4.0,12.00
杜德记包子(教化店),126.627223,45.746876,餐饮,瓦街5-5号(哈工大地铁站1号口步行410米),餐饮服务;中餐厅;中餐厅,4.1,8.00
常来包子(安广街店),126.612341,45.758963,餐饮,安广街75-2号(巨好吃烤翅店西10米),餐饮服务;中餐厅;中餐厅,3.8,11.00
五福包子(万达华府店),126.591724,45.700382,餐饮,哈西万达公寓B427,餐饮服务;中餐厅;特色/地方风味餐厅,4.0,28.00
王记包子(汉祥街店),126.619453,45.740363,餐饮,汉祥街94号(西大桥地铁站2b口步行150米),餐饮服务;中餐厅;中餐厅,4.0,11.00
艺香包子(桦树街店),126.702311,45.788377,餐饮,桦树街130号,餐饮服务;餐饮相关场所;餐饮相关,4.0,12.00
郝记包子砂锅坛肉(安升街店),126.618517,45.758667,餐饮,安化街75号安化北段社区,餐饮服务;餐饮相关场所;餐饮相关,3.8,20.00
放心早餐,126.352388,45.376379,餐饮,魁星家园小4号门市,餐饮服务;中餐厅;中餐厅,4.0,21.00
沈老头包子(早市店),127.155957,44.924546,餐饮,鸿霖小区1号楼13号商服,餐饮服务;中餐厅;中餐厅,4.1,9.00
辛旺花样早餐,126.722424,45.774304,餐饮,东棵街14号,餐饮服务;中餐厅;中餐厅,3.9,13.00
华莱士·全鸡汉堡(哈尔滨民生尚都小区店),126.515568,45.720846,餐饮,新发镇群力第六大道4121号B区27栋1-3层9号商服,餐饮服务;快餐厅;快餐厅,4.1,18.00
钱雨早餐店,126.646648,45.781682,餐饮,南小六道街115号,餐饮服务;中餐厅;中餐厅,3.9,[]
张记包子(士课街店),126.660701,45.749978,餐饮,士课街23-3号,餐饮服务;中餐厅;中餐厅,4.0,7.00
早相逢早餐(金马花园店),126.580869,45.886576,餐饮,和谐路金马花园1号门市,餐饮服务;快餐厅;快餐厅,4.1,15.00
汇百艺包子铺(大民兴街店),126.613192,45.744660,餐饮,大民兴街246号,餐饮服务;中餐厅;中餐厅,3.9,10.00
二两包子铺(哈尔滨万达华府店),126.616334,45.572810,餐饮,万达华府E区,餐饮服务;快餐厅;快餐厅,4.1,13.00
蒸鲜牛包子(竹林小区店),126.654888,45.795463,餐饮,北18道街128号,餐饮服务;餐饮相关场所;餐饮相关,3.9,13.00
艺香包子(清滨路店),126.619395,45.733698,餐饮,八一新邨-南区西北2门东北90米,餐饮服务;中餐厅;中餐厅,3.9,[]
城邦早餐(青年城邦店),126.666666,45.794805,餐饮,振江二道街66号,餐饮服务;快餐厅;快餐厅,3.9,14.00
天津包子(城安小区店),126.562329,45.714411,餐饮,城安小区东南1门旁,餐饮服务;中餐厅;中餐厅,3.2,16.00
明悦包子(新华街店),126.589519,45.737140,餐饮,新华街112号,餐饮服务;中餐厅;中餐厅,3.9,12.00
鑫鹏包子铺(恒大御景湾店),126.680253,45.702575,餐饮,恒大御景湾一期北门东100米,餐饮服务;中餐厅;中餐厅,3.9,13.00
麦多面馆(红河新区七街区店),126.692879,45.782719,餐饮,红河7街区701栋2单元1层1号,餐饮服务;中餐厅;中餐厅,3.5,11.00
二姑包子(振兴大街店),128.041114,45.954089,餐饮,木兰镇民主街五委二十九,餐饮服务;快餐厅;快餐厅,3.9,21.00
安心包子(凤凰城小区店),126.658138,45.785394,餐饮,南十六道街139号,餐饮服务;餐饮相关场所;餐饮相关,3.9,9.00
呦呦包子(金泰店),127.393616,46.083073,餐饮,北直路与龙江路交叉口西140米,餐饮服务;中餐厅;中餐厅,4.0,[]
百姓包子(健兴路店),126.628702,45.683080,餐饮,健兴路109号,餐饮服务;餐饮相关场所;餐饮相关,3.9,12.00
哈特包子面馆(海的梦公寓店),129.565731,46.311486,餐饮,通江路南花园小区906,餐饮服务;中餐厅;中餐厅,3.8,13.00
沈老头包子(乐水街店),126.608473,45.984404,餐饮,三道街551斜对面,餐饮服务;中餐厅;中餐厅,4.0,18.00
满福包子,126.655805,45.756684,餐饮,永和街15号,餐饮服务;餐饮相关场所;餐饮相关,4.0,[]
顺心包子坊(溪水湾店),126.603245,45.886520,餐饮,溪水湾2号门,餐饮服务;快餐厅;快餐厅,3.8,9.00
味美多早餐盒饭,127.176597,46.149979,餐饮,园丁小区西北门东220米,餐饮服务;餐饮相关场所;餐饮相关,3.5,12.00
阳光早餐工程(太平大街店),126.686597,45.789491,餐饮,太平大街157号,餐饮服务;中餐厅;中餐厅,4.1,13.00
董记南京小笼包子快餐店,126.579341,45.699119,餐饮,哈尔滨大街527-14号,餐饮服务;餐饮相关场所;餐饮相关,4.2,18.00
包子王(哈铁文化小区店),126.660324,45.773035,餐饮,东大直街69号,餐饮服务;餐饮相关场所;餐饮相关,4.0,14.00
喜铺破包子(泓霖观天下店),127.157074,44.928026,餐饮,五常镇文苑路五常第一中学校西侧200米,餐饮服务;快餐厅;快餐厅,4.2,10.00
姐妹包子(阳明街),126.603266,45.754423,餐饮,阳明街25-1号,餐饮服务;中餐厅;中餐厅,4.1,47.00
早见面早餐,126.637869,45.772595,餐饮,南极三道街副17-15号,餐饮服务;中餐厅;中餐厅,3.9,14.00
百姓包子(三环信息苑店),126.624310,45.663050,餐饮,学府路392-13号,餐饮服务;餐饮相关场所;餐饮相关,4.1,11.00
家门口面馆(华山小区店),126.685541,45.763725,餐饮,辽河路173号,餐饮服务;中餐厅;中餐厅,3.9,15.00
杨大包子(文和家园店),126.651491,45.739393,餐饮,文化街97-5,餐饮服务;餐饮相关场所;餐饮相关,4.1,12.00
袁记包子(红河一街区店),126.681335,45.785000,餐饮,红河一街区8栋1层9,餐饮服务;餐饮相关场所;餐饮相关,4.2,17.00
伟华早餐馆(亿兴花园店),126.609877,45.986579,餐饮,新民街中行楼4-1-4,餐饮服务;中餐厅;中餐厅,3.8,14.00
蒸美味包子(电车小区店),126.616416,45.736961,餐饮,清通街51号电车小区,餐饮服务;餐饮相关场所;餐饮相关,4.2,21.00
婕悦早餐店,126.770485,45.746111,餐饮,新松茂樾山小区二期金香西路126号,餐饮服务;中餐厅;特色/地方风味餐厅,4.1,9.00
小雨阳早餐店,126.684787,45.701757,餐饮,通乡街178号(进乡街地铁站1号口步行330米),餐饮服务;中餐厅;中餐厅,3.8,17.00
哈鑫鹏包子(红专街早市店),126.615733,45.772528,餐饮,红专街副48号红专小区,餐饮服务;中餐厅;中餐厅,4.1,10.00
鑫鹏包子铺(金地峯范北区店),126.572182,45.692278,餐饮,金地峯范2-22门市,餐饮服务;餐饮相关场所;餐饮相关,4.1,9.00
蒸福大包子(自建小区店),126.667767,45.586610,餐饮,南厂自建小区259楼3单元103室,餐饮服务;快餐厅;快餐厅,4.0,[]
喜铺破包子(兰河名苑店),126.597691,45.978870,餐饮,幸福街兰河名苑3号-A楼1层106号,餐饮服务;快餐厅;快餐厅,3.9,16.00
笨巧手早餐(大正·澜庭店),126.638817,45.841016,餐饮,松浦大道3100号,餐饮服务;餐饮相关场所;餐饮相关,4.0,15.00
福家和包子铺(宜园小区店),126.653315,45.766254,餐饮,辽阳街与东大直街交叉口南20米,餐饮服务;中餐厅;中餐厅,3.7,14.00
百味居包子(红星凯悦店),126.555533,45.668583,餐饮,王岗镇红星凯悦21栋1层1号,餐饮服务;中餐厅;中餐厅,4.0,13.00
德福包子铺(奥林小镇店),126.545558,45.822103,餐饮,龙川路289号商服,餐饮服务;快餐厅;快餐厅,4.0,23.00
红珠手擀面馆(旭升街店),126.671619,45.714774,餐饮,旭升街151号,餐饮服务;中餐厅;中餐厅,4.0,[]
艺香包子(北十二道街店),126.649961,45.788150,餐饮,北十二道街20号(清真寺地铁站2号口步行80米),餐饮服务;中餐厅;中餐厅,3.9,[]
大众早餐小吃,127.158577,45.756290,餐饮,哈同公路与宾富路交叉口西南40米,餐饮服务;快餐厅;快餐厅,3.6,16.00
早尚好早餐,128.383515,44.956733,餐饮,正阳路和中心路的交叉口附近,餐饮服务;中餐厅;中餐厅,3.6,10.00
包子王(万达华府C区店),126.615241,45.573794,餐饮,哈南九路82号C8栋1层2号,餐饮服务;快餐厅;快餐厅,3.8,14.00
海艳破包子,126.496939,45.807555,餐饮,世林路与恒源街交叉口西40米,餐饮服务;中餐厅;中餐厅,3.9,9.00
万家香早餐,126.682037,45.723519,餐饮,消防胡同12-6,餐饮服务;中餐厅;中餐厅,3.9,14.00
破包子(煤建胡同店),127.487052,45.757237,餐饮,煤建胡同破包子铺(煤建胡同店),餐饮服务;中餐厅;中餐厅,4.2,14.00
包子王(中海时代店),126.503986,45.718550,餐饮,群力第六大道4746号(中海时代店),餐饮服务;餐饮相关场所;餐饮相关,3.9,[]
私家包子店(都市庄园店),126.612416,45.771847,餐饮,中央大街地铁站3号口步行470米,餐饮服务;中餐厅;中餐厅,3.9,20.00
笨巧手包子·粥(亚麻街店),126.667111,45.734642,餐饮,民生老年公寓东北2门北50米,餐饮服务;餐饮相关场所;餐饮相关,4.0,[]
王妈早餐(红星凯悦店),126.557376,45.669035,餐饮,王岗镇红星花园小区C区17栋001层2号车库,餐饮服务;中餐厅;中餐厅,4.1,10.00
麦田早餐,126.674812,45.590024,餐饮,东升街8号,餐饮服务;中餐厅;中餐厅,3.7,[]
御福包子铺(公园小区店),126.682553,45.723949,餐饮,珑瑞小区中区北2门旁,餐饮服务;中餐厅;中餐厅,3.8,14.00
回口包子羊汤烩面,126.687382,45.724262,餐饮,香坊大街香武胡同回口包子羊汤烩面,餐饮服务;中餐厅;清真菜馆,4.0,12.00
淮河早餐(辽河小区店),126.687750,45.761563,餐饮,淮河路325号,餐饮服务;快餐厅;快餐厅,3.9,[]
山东包子铺(下夹树街店),126.629972,45.752722,餐饮,下夹树街十八号,餐饮服务;中餐厅;中餐厅,3.8,9.00
晨雪早餐店(哈双北路),126.479173,45.698503,餐饮,达富路与薛程路交叉口西40米,餐饮服务;中餐厅;中餐厅,3.8,14.00
哈尔滨师大夜市,126.623726,45.727390,餐饮,文兴街和兴头道街街口南走三十米道东,餐饮服务;中餐厅;中餐厅,4.2,64.00
哈尔滨工大夜市,126.624204,45.726275,餐饮,文兴街与和兴三道街交叉口东120米,餐饮服务;中餐厅;中餐厅,4.4,[]
师大夜市,126.625032,45.729273,餐饮,文兴街与和兴小十一道街交口,餐饮服务;中餐厅;中餐厅,4.9,16.00
香坊夜市,126.681485,45.725385,餐饮,司徒街,餐饮服务;中餐厅;中餐厅,4.6,[]
学府四夜市,126.623871,45.704949,餐饮,学府东四道街366号,购物服务;特色商业街;特色商业街,4.7,33.00
草市街夜市(北兴教育园A区店),126.645289,45.778471,餐饮,北兴教育园A区西南门西北310米,餐饮服务;中餐厅;中餐厅,4.6,33.00
黑大夜市,126.615620,45.704111,餐饮,学府东四道街360号路口进入,餐饮服务;中餐厅;中餐厅,4.7,39.00
盛鑫夜市(盛鑫嘉园店),127.474633,45.760991,餐饮,大千路与北环西路交叉口南60米,购物服务;特色商业街;特色商业街,4.1,31.00
松北商大夜市,126.559950,45.820649,餐饮,学海街1号哈尔滨商业大学侧门外,购物服务;特色商业街;特色商业街,4.6,33.00
北七夜市(大观园小区店),126.642062,45.788718,餐饮,北七道街79号,购物服务;特色商业街;特色商业街,4.4,19.00
阎守一大腰子志华夜市店,126.550847,45.871126,餐饮,学院路二道街志华夜市,餐饮服务;中餐厅;中餐厅,4.4,31.00
横道街夜市,126.687023,45.724577,餐饮,横道街53-4号附近,餐饮服务;餐饮相关场所;餐饮相关,4.4,35.00
庆云晓春烤吧,126.979525,45.536961,餐饮,会宁路415号,餐饮服务;中餐厅;特色/地方风味餐厅,4.0,54.00
公司街夜市,126.641952,45.749065,餐饮,公司街27号,购物服务;特色商业街;特色商业街,4.5,18.00
安居夜市,126.562290,45.720702,餐饮,工农大街与安居街交叉口西20米,餐饮服务;餐饮相关场所;餐饮相关,4.5,[]
窑地街夜市,126.578669,45.727967,餐饮,迎宾小区一区北区西北门旁,餐饮服务;中餐厅;中餐厅,4.5,[]
北航夜市,126.611327,45.714762,餐饮,北航街与学府路交叉口西20米,餐饮服务;中餐厅;中餐厅,4.5,14.00
呼口大桥夜市,126.682668,45.932685,餐饮,张姐菜园子沙滩烧烤东北侧80米,餐饮服务;中餐厅;中餐厅,4.2,23.00
河清早市夜市,126.595940,45.755225,餐饮,河清街(副23-7号至河江街街口)20号-三电小区门前达道街3号至3-3号和36-9号至,购物服务;购物相关场所;购物相关场所,4.4,17.00
民安街早市夜市(聚贤花园店),126.608252,45.743845,餐饮,民安街(211号至225号)松拖小区3号楼小街,购物服务;综合市场;农副产品市场,4.4,18.00
测绘路夜市,126.624100,45.705601,餐饮,测绘路与学府东四道街交叉口,购物服务;特色商业街;特色商业街,4.4,[]
腾达夜市,126.296844,45.381388,餐饮,腾达大街与通达路交叉口东60米,餐饮服务;中餐厅;中餐厅,4.2,[]
方正夜市,128.833284,45.848648,餐饮,芙蓉小区,餐饮服务;中餐厅;中餐厅,4.2,46.00
夜市小吃坊(万达华府店),126.593367,45.700791,餐饮,万隆路13号37度便利店,餐饮服务;中餐厅;中餐厅,4.2,44.00
安华夜市(黎华小区B区店),126.673843,45.785848,餐饮,黎华小区B区(太平桥地铁站4A口步行260米),餐饮服务;中餐厅;中餐厅,4.2,[]
胖姐烧烤(群力第五大道夜市店),126.515377,45.723979,餐饮,群力第六大道4007号民生尚都和园,餐饮服务;中餐厅;特色/地方风味餐厅,4.2,81.00
和兴十一道街夜市(金洋馨园店),126.609525,45.726725,餐饮,和兴十一道街与康宁四道街交叉口北20米,购物服务;特色商业街;特色商业街,4.2,28.00
军安夜市,126.640185,45.688660,餐饮,军安路78号,购物服务;购物相关场所;购物相关场所,4.2,[]
燎原夜市郝娟面食店,126.660511,45.767653,餐饮,燎原街附43-3(烟厂地铁站3号口步行340米),餐饮服务;中餐厅;中餐厅,3.9,64.00
三道街夜市,126.718218,45.790944,餐饮,道口三道街与哈东路交叉口南300米,餐饮服务;中餐厅;中餐厅,4.2,[]
跃兴街夜市,126.647027,45.679833,餐饮,跃兴街与哈平路辅路交叉口西20米,购物服务;购物相关场所;购物相关场所,4.1,[]
雪都夜市(宝兴购物广场店),127.983154,45.213681,餐饮,幸福家园南门东80米,餐饮服务;中餐厅;中餐厅,4.0,[]
金都街道恒大城夜市,126.993432,45.532619,餐饮,金都大街与山水大道交叉口东南约200米,风景名胜;风景名胜相关;旅游景点,4.0,[]
安固夜市(安和小区店),126.614225,45.754328,餐饮,安固街和安和街交叉口,购物服务;购物相关场所;购物相关场所,4.1,[]
宾西夜市,127.158825,45.753175,餐饮,致富路与学府路交叉口西160米,购物服务;购物相关场所;购物相关场所,4.0,18.00
力群路早夜市(一爱市集),126.533838,45.714985,餐饮,道里区康泰嘉园门市2栋19号,购物服务;购物相关场所;购物相关场所,4.1,[]
夜市大鸡排,128.835941,45.844413,餐饮,方正镇民安社区幸福家园12号楼南数第一屋(北数第32屋)一层,餐饮服务;餐饮相关场所;餐饮相关,3.7,[]
夜市美食,126.309533,45.371720,餐饮,文明街金融花园B栋1层1号,餐饮服务;餐饮相关场所;餐饮相关,3.9,[]
夜市小烧烤(红星凯悦店),126.556170,45.668214,餐饮,农机街18号红星凯悦2栋22门市,餐饮服务;中餐厅;特色/地方风味餐厅,3.8,[]
文政夜市,126.647125,45.730075,餐饮,文政街54号王兆小区,餐饮服务;餐饮相关场所;餐饮相关,3.7,[]
萍姐夜市炭火烤肉,126.558225,45.891325,餐饮,利民大道辅路与南京路交叉口西200米,餐饮服务;中餐厅;中餐厅,3.7,[]
兴林小夜市,127.110626,46.443490,餐饮,鸿安宾馆楼下,餐饮服务;中餐厅;中餐厅,3.4,[]
七早夜市,126.643568,45.787216,餐饮,大新街152号观澜宝邸小区,餐饮服务;中餐厅;中餐厅,3.6,[]
午市砂锅夜市烧烤,126.610075,45.711475,餐饮,第九六二医院西北门西210米,餐饮服务;中餐厅;中餐厅,3.2,[]
天香饺子坊(工农大街总店),126.561559,45.720438,餐饮,工农大街695号,餐饮服务;中餐厅;特色/地方风味餐厅,4.6,48.00
东方饺子王(林大店),126.643327,45.721145,餐饮,松新街11-1号,餐饮服务;中餐厅;特色/地方风味餐厅,4.7,38.00
天香饺子坊(民生尚都瑞园店),126.521169,45.717914,餐饮,崂山路271号,餐饮服务;中餐厅;特色/地方风味餐厅,4.6,50.00
徐府老边饺子(乐松店),126.657653,45.714391,餐饮,幸福路6-1号家属楼,餐饮服务;中餐厅;特色/地方风味餐厅,4.7,53.00
老广来饺子宝宇店,126.632492,45.783435,餐饮,宝宇天邑友谊东路816号,餐饮服务;中餐厅;特色/地方风味餐厅,4.6,69.00
天天饺子总店,126.673982,45.751633,餐饮,[],餐饮服务;中餐厅;特色/地方风味餐厅,4.7,63.00
东方饺子王(尚志店),126.622224,45.773290,餐饮,尚志大街168号,餐饮服务;中餐厅;特色/地方风味餐厅,4.6,49.00
老都一处饺子馆(道里店),126.622183,45.770294,餐饮,道里区西十三道街25号,餐饮服务;中餐厅;东北菜,4.5,54.00
振江熏酱饺子馆(健康乐园店),126.590629,45.732865,餐饮,乡里街93号,餐饮服务;中餐厅;特色/地方风味餐厅,4.6,44.00
沿江饺子馆,126.643834,45.791215,餐饮,钱塘街163号,餐饮服务;中餐厅;特色/地方风味餐厅,4.6,39.00
东方饺子王(81号店),126.619415,45.772451,餐饮,中央大街81号,餐饮服务;中餐厅;特色/地方风味餐厅,4.6,40.00
千口顺饺子府,126.611532,45.713808,餐饮,学府路29号-1号,餐饮服务;中餐厅;综合酒楼,4.6,48.00
独一处饺子熏酱酒馆(通顺街店),126.599885,45.737323,餐饮,通顺街25号-1-1层,餐饮服务;中餐厅;特色/地方风味餐厅,4.5,48.00
老字号饺子王,126.611042,45.721493,餐饮,学府路4号(如家快捷酒店附近),餐饮服务;中餐厅;特色/地方风味餐厅,4.6,33.00
凤凤饺子城,126.631934,45.606856,餐饮,友协大街184号,餐饮服务;中餐厅;特色/地方风味餐厅,4.5,52.00
福仁北京饺子(文府店),126.658092,45.742076,餐饮,文府街5号,餐饮服务;中餐厅;特色/地方风味餐厅,4.5,55.00
独一处饺子(香林名苑店),126.682182,45.699285,餐饮,通乡街118号香林名苑,餐饮服务;中餐厅;特色/地方风味餐厅,4.5,57.00
凌老师酸菜饺子哈尔滨大街店(新),126.587715,45.693427,餐饮,哈尔滨大街663号,餐饮服务;餐饮相关场所;餐饮相关,4.3,24.00
厨当家大馅饺子熏酱酒馆,126.623030,45.762228,餐饮,抚顺街八号(尚志大街地铁站3号口步行500米),餐饮服务;中餐厅;中餐厅,4.3,57.00
高家饺子(比乐街总店),126.662645,45.758942,餐饮,比乐街37号(建新街口),餐饮服务;中餐厅;特色/地方风味餐厅,4.5,48.00
东方饺子王(哈西店),126.585428,45.699977,餐饮,中兴大道168号万达广场(哈尔滨哈西店)3F层3069/3071A,餐饮服务;中餐厅;特色/地方风味餐厅,4.5,48.00
独一处饺子熏酱酒馆(保健路店),126.634928,45.700047,餐饮,保健路61号(与征仪路交口),餐饮服务;餐饮相关场所;餐饮相关,4.4,37.00
饺子就酒新式水饺,126.568381,45.730489,餐饮,群力第七大道679号4栋,餐饮服务;中餐厅;特色/地方风味餐厅,4.5,68.00
老上号饺子坊(三中店),126.975825,45.543349,餐饮,牌路大街456号,餐饮服务;中餐厅;特色/地方风味餐厅,4.4,49.00
222饺子馆,126.640650,45.788007,餐饮,长春街222号,餐饮服务;快餐厅;快餐厅,4.5,46.00
东方饺子王(紫金城店),126.597583,45.740291,餐饮,新阳路811号紫金城旁,餐饮服务;中餐厅;特色/地方风味餐厅|餐饮服务;中餐厅;东北菜,4.6,52.00
清真饺子馆(长春街店),126.642835,45.789136,餐饮,长春街160-4号,餐饮服务;中餐厅;清真菜馆,4.5,44.00
庆王府饺子私房菜,126.662202,45.796007,餐饮,北环俊景1号地,餐饮服务;中餐厅;特色/地方风味餐厅,4.5,32.00
社区饺子王,126.627352,45.723526,餐饮,林兴路林兴小区7栋,餐饮服务;中餐厅;特色/地方风味餐厅,4.5,38.00
喜家德虾仁水饺(金爵万象店),126.583183,45.698781,餐饮,中兴左街2号金爵万象商业广场B2层B106号,餐饮服务;中餐厅;中餐厅,4.6,30.00
独一处饺子,126.596588,45.692967,餐饮,哈西大街445号,餐饮服务;中餐厅;特色/地方风味餐厅,4.5,47.00
喜阿婆水饺自助(安和街总店),126.613750,45.754870,餐饮,安和街29号,餐饮服务;中餐厅;特色/地方风味餐厅,4.5,25.00
柏记水饺(经纬中央大街索菲亚店),126.621913,45.767105,餐饮,经纬街85号,餐饮服务;中餐厅;特色/地方风味餐厅,4.5,24.00
山里人野菜饺子馆(南头道街店),126.641361,45.781302,餐饮,南头道街26号,餐饮服务;餐饮相关场所;餐饮相关,4.5,52.00
独一处饺子(通达小区店),126.625765,45.735601,餐饮,通达街27号通达小区3栋1-3单元1层,餐饮服务;中餐厅;特色/地方风味餐厅,4.5,52.00
东方饺子王(学府凯德店),126.609309,45.720627,餐饮,学府路1-1号凯德广场·学府B1层,餐饮服务;中餐厅;特色/地方风味餐厅,4.4,49.00
山川饺子铺(红博中央公园店),126.696321,45.757187,餐饮,红旗大街339号红博中央公园B2层,餐饮服务;中餐厅;特色/地方风味餐厅,4.2,31.00
利民饺子馆(南十六道街店),126.657167,45.784845,餐饮,太古街道南十六道街轩辕小区118号14门,餐饮服务;中餐厅;特色/地方风味餐厅,4.5,36.00
口福饺子生活菜馆,126.695488,45.784550,餐饮,宏伟路46号,餐饮服务;中餐厅;特色/地方风味餐厅,4.1,49.00
喜家德虾仁水饺(嘉茂店),126.592216,45.734208,餐饮,埃德蒙路48号嘉茂凯德广场,餐饮服务;中餐厅;特色/地方风味餐厅,4.6,32.00
独一处熏酱饺子,126.652416,45.788237,餐饮,南十四道街273号,餐饮服务;中餐厅;特色/地方风味餐厅,4.5,45.00
老东方饺子王,126.621164,45.739332,餐饮,西大直街257号与汉祥路交口,餐饮服务;中餐厅;特色/地方风味餐厅,4.6,34.00
红房子饺子,126.622735,45.713218,餐饮,学府三道街27-1(近科大小区),餐饮服务;中餐厅;特色/地方风味餐厅,4.3,20.00
柏记水饺(征仪路店),126.634315,45.697997,餐饮,大众新城小区103栋1-2层7号,餐饮服务;中餐厅;特色/地方风味餐厅,4.3,25.00
元泰轩饺子坊,126.611257,45.772579,餐饮,红霞街103号,餐饮服务;中餐厅;特色/地方风味餐厅,4.3,46.00
老孙水饺(果园街店),126.704752,45.731074,餐饮,果园街140-2号,餐饮服务;中餐厅;东北菜,4.5,31.00
老关东饺子坊,126.656582,45.711877,餐饮,电教街18号,餐饮服务;中餐厅;中餐厅,4.4,44.00
宾鹏饺子,126.632531,45.758780,餐饮,松花江街11号102商铺,餐饮服务;中餐厅;特色/地方风味餐厅,4.3,14.00
柏记水饺(乐松店),126.649899,45.717572,餐饮,哈安街3号一层门市,餐饮服务;中餐厅;特色/地方风味餐厅,4.4,30.00
喜家德虾仁水饺(西城红场店),126.591529,45.702696,餐饮,哈西大街299号西城红场B1层第B1031号,餐饮服务;中餐厅;特色/地方风味餐厅,4.6,37.00
酱骨口福饺子生活菜馆(湘江家园店),126.702725,45.741375,餐饮,新成街道成标街65号,餐饮服务;中餐厅;特色/地方风味餐厅,4.2,41.00
祥福瑞饺子馆(电塔家园店),126.669190,45.712566,餐饮,旭升街78号,餐饮服务;中餐厅;特色/地方风味餐厅,4.5,45.00
高家饺子馆(人和街店),126.661465,45.760691,餐饮,人和街15号,餐饮服务;中餐厅;特色/地方风味餐厅,4.5,34.00
刘开元水饺(森林人家店),126.662527,45.702135,餐饮,旭升南街27号(旭升街地铁站4号口步行50米),餐饮服务;中餐厅;特色/地方风味餐厅,4.5,46.00
独一处饺子(工大店),126.625440,45.741311,餐饮,贵新街136号西桥住宅小区,餐饮服务;快餐厅;快餐厅,4.3,25.00
喜家德虾仁水饺(果戈里大街店),126.660803,45.751188,餐饮,果戈里大街68号,餐饮服务;中餐厅;特色/地方风味餐厅,4.6,29.00
佰顺园清真饺子坊(哈尔滨中央大街店),126.614811,45.772874,餐饮,通江街95号佰顺园饺子坊红专街与红霞街中间,餐饮服务;中餐厅;清真菜馆,4.3,49.00
福仁北京饺子(革新街店),126.657350,45.750861,餐饮,革新街89号(工人文化宫地铁站2号口步行250米),餐饮服务;中餐厅;特色/地方风味餐厅,4.4,51.00
平安熏酱饺子馆,126.645056,45.790554,餐饮,长春街33号,餐饮服务;中餐厅;特色/地方风味餐厅,4.4,48.00
元源餐饮和味饺子(大众嘉园店),126.635968,45.699987,餐饮,保健路41号(征仪路地铁站2号口步行110米),餐饮服务;中餐厅;东北菜,4.5,50.00
喜家德虾仁水饺(太古大润发店),126.660746,45.782740,餐饮,滨江街甲17号门市大润发后门,餐饮服务;中餐厅;特色/地方风味餐厅,4.6,35.00
鱼先生饺子坊,126.678168,45.724013,餐饮,香坊大街119号,餐饮服务;快餐厅;快餐厅,4.5,45.00
喜家德虾仁水饺(会展中心店),126.710308,45.757097,餐饮,信恒现代城美园A栋1-2层5号,餐饮服务;中餐厅;特色/地方风味餐厅,4.7,44.00
喜家德虾仁水饺(哈西服装城店),126.613019,45.706404,餐饮,学府路哈尔滨服装城楼下黑大1号地铁口,餐饮服务;中餐厅;特色/地方风味餐厅,4.6,26.00
喜家德虾仁水饺(香坊店),126.694280,45.729324,餐饮,升永街122号(公滨路地铁站3A口步行410米),餐饮服务;中餐厅;特色/地方风味餐厅,4.6,35.00
喜家德虾仁水饺(哈尔滨松雷商业店),126.643739,45.759393,餐饮,东大直街329号201第负一层划定区域编号NGB1F034,餐饮服务;餐饮相关场所;餐饮相关,4.6,27.00
喜家德虾仁水饺(翡翠城店),126.571072,45.725699,餐饮,工农大街100号-1层1号家得乐超市一层,餐饮服务;中餐厅;特色/地方风味餐厅,4.6,32.00
喜家德虾仁水饺(哈尔滨王府井店),126.566823,45.732951,餐饮,关东古巷,餐饮服务;中餐厅;中餐厅,4.5,26.00
喜家德虾仁水饺(辽阳店),126.653621,45.766049,餐饮,辽阳街52号(东大直街与辽阳街交口穆斯林医院东走10米宜园对面),餐饮服务;中餐厅;特色/地方风味餐厅,4.6,23.00
喜家德虾仁水饺(学府凯德店),126.609449,45.721248,餐饮,和兴路街道学府路1号凯德广场负一层B1-51J,餐饮服务;中餐厅;特色/地方风味餐厅,4.6,25.00
喜家德虾仁水饺(宣化店),126.667419,45.772010,餐饮,宣化街468号宣化街与花园街交口北行70米,餐饮服务;中餐厅;特色/地方风味餐厅,4.6,30.00
喜家德虾仁水饺(红旗mall店),126.628469,45.605328,餐饮,新疆大街117号,餐饮服务;快餐厅;快餐厅,4.5,30.00
喜家德虾仁水饺(哈特店),126.623584,45.740659,餐饮,西大直街198号骨伤科医院东行约40米,餐饮服务;中餐厅;特色/地方风味餐厅,4.6,37.00
喜家德虾仁水饺(抚顺店),126.619056,45.754935,餐饮,抚顺街222号,餐饮服务;中餐厅;特色/地方风味餐厅,4.6,31.00
喜家德虾仁水饺(医大六院店),126.627863,45.833632,餐饮,中源大道3930号绿地国博城城市展厅B108铺,餐饮服务;快餐厅;快餐厅,4.5,27.00
喜家德虾仁水饺(哈尔滨文化店),126.651101,45.739639,餐饮,文化街26号中德骨科医院南行约50米,餐饮服务;中餐厅;特色/地方风味餐厅,4.6,32.00
喜家德虾仁水饺(和兴店),126.612595,45.728854,餐饮,西大直街397号西大直街与和兴三道街交叉口,餐饮服务;中餐厅;特色/地方风味餐厅,4.5,37.00
喜家德虾仁水饺(哈尔滨哈站店),126.576858,45.706952,餐饮,哈尔滨西站里,餐饮服务;餐饮相关场所;餐饮相关,4.6,32.00
秋林饺子馆(秋林公司店),126.646063,45.760799,餐饮,东大直街319号秋林公司中厅穹顶环廊三楼(秋林小馆楼上),餐饮服务;餐饮相关场所;餐饮相关,4.1,41.00
琦峰酱骨饺子城(巴洛克店),126.641519,45.782094,餐饮,南二道街40号,餐饮服务;中餐厅;特色/地方风味餐厅,4.3,52.00
柏记水饺(平房店),126.627177,45.604963,餐饮,新友街13号综合商场(一、二层),餐饮服务;中餐厅;特色/地方风味餐厅,4.3,21.00
千口顺熏酱饺子馆(鸿朗花园2期店),126.598869,45.707783,餐饮,尤家街200号,餐饮服务;中餐厅;中餐厅,4.2,57.00
老松滨熏酱饺子,126.696750,45.779964,餐饮,大有坊街道宏伟路128-7号,餐饮服务;中餐厅;中餐厅,4.3,16.00
上喜和水饺(群力远大店),126.558467,45.737881,餐饮,群力大道1176号远大购物中心群力店F1层,餐饮服务;中餐厅;特色/地方风味餐厅,4.4,28.00
9号酒馆熏酱饺子,126.645644,45.720990,餐饮,动源小区东南2门旁,餐饮服务;中餐厅;中餐厅,4.5,58.00
老上号饺子坊(金京花苑店),126.970100,45.539163,餐饮,永泰广胡同4号金京花苑F1层,餐饮服务;快餐厅;快餐厅,4.2,37.00
柏记水饺(商大店),126.609900,45.745280,餐饮,光华小区29栋1层9号,餐饮服务;中餐厅;特色/地方风味餐厅,4.3,23.00
柏记水饺(安埠店),126.704493,45.729722,餐饮,通天街、安埠街与东门街交汇处A12栋1层17号,餐饮服务;餐饮相关场所;餐饮相关,4.4,37.00
红日饺子坊(松浦·观江国际A区店),126.644783,45.819722,餐饮,松浦大道566号,餐饮服务;快餐厅;快餐厅,4.3,38.00
喜满饺子熏酱菜馆(总店),126.695581,45.725352,餐饮,升永街18号,餐饮服务;中餐厅;特色/地方风味餐厅,4.4,40.00
福诚源饺子酒当家菜(海富康城东区A区店),126.585566,45.740621,餐饮,安阳路35号,餐饮服务;中餐厅;特色/地方风味餐厅,4.3,65.00
众兴饺子美食府(北环俊景店),126.667373,45.794956,餐饮,振江二道街21号,餐饮服务;快餐厅;快餐厅,4.4,46.00
冰城水饺(迎宾小区一区店),126.580692,45.726354,餐饮,城乡路245号,餐饮服务;中餐厅;特色/地方风味餐厅,4.2,32.00
柏记水饺(果戈里大街店),126.658250,45.752527,餐饮,巴陵街134号,餐饮服务;中餐厅;中餐厅,3.8,26.00
屹尧饺子馆,126.592170,45.755681,餐饮,河梁街70号,餐饮服务;中餐厅;特色/地方风味餐厅,4.0,37.00
柏记水饺(铁路街店),126.631226,45.759404,餐饮,铁路街7-9号,餐饮服务;快餐厅;快餐厅,4.2,26.00
千口顺饺子府(宏图街店),126.706219,45.782431,餐饮,宏图街65号(道外区宏伟路商圈),餐饮服务;中餐厅;中餐厅,4.1,72.00
柏记水饺(立汇店),126.693523,45.694150,餐饮,军立街70号,餐饮服务;中餐厅;中餐厅,4.4,28.00
柏记水饺(工大店),126.637935,45.745392,餐饮,繁荣街143-1号,餐饮服务;中餐厅;中餐厅,4.4,27.00
聚缘熏酱饺子馆,126.700167,45.729613,餐饮,通天街162号,餐饮服务;中餐厅;特色/地方风味餐厅,4.4,20.00
李家猪蹄手擀面熏酱饺子馆(果园星城C区店),126.705004,45.729737,餐饮,安埠街107号,餐饮服务;中餐厅;特色/地方风味餐厅,4.3,50.00
私厨熏酱饺子(汉水嘉园店),126.699033,45.743804,餐饮,湘江路地铁站2号口步行420米,餐饮服务;中餐厅;特色/地方风味餐厅,4.4,28.00
笑笑饺子(和兴小区店),126.618283,45.732927,餐饮,清滨路21-5号B栋一层八号,餐饮服务;中餐厅;特色/地方风味餐厅,4.4,45.00
上喜和水饺旗舰店(恒大悦珑湾店),126.729675,45.719725,餐饮,电碳路6号恒大中央广场29栋单元1层06号,餐饮服务;快餐厅;快餐厅,4.2,30.00
青云奶奶饺子馆(新发小区E区店),126.658956,45.767423,餐饮,花园街新发小区-E区,餐饮服务;中餐厅;中餐厅,4.2,36.00
鸿升熏酱饺子小酒馆,126.724747,45.771608,餐饮,先锋路137号,餐饮服务;中餐厅;中餐厅,4.1,35.00
教化街99号饺子馆,126.625216,45.750455,餐饮,教化街辅路与曲线街交叉口西北40米,餐饮服务;中餐厅;特色/地方风味餐厅,4.4,31.00
柏记水饺(工农大街店),126.580187,45.732575,餐饮,美晨家园美园1号楼05号,餐饮服务;中餐厅;特色/地方风味餐厅,4.2,23.00
东蕊独一处饺子馆,126.538375,45.712875,餐饮,滇池东路1522-1526号门市,餐饮服务;中餐厅;特色/地方风味餐厅,4.3,22.00
哈尔滨市道外区鑫生厨之道熏酱饺子小酒馆,126.686226,45.789081,餐饮,太平大街198号,餐饮服务;中餐厅;中餐厅,4.4,45.00
田氏饺子(清明小区店),126.621250,45.740503,餐饮,清明七道街27-7号,餐饮服务;中餐厅;特色/地方风味餐厅,4.4,51.00
柏记水饺(银泰城店),126.539526,45.740042,餐饮,元江路231号,餐饮服务;快餐厅;快餐厅,4.2,27.00
独一处饺子(安通街店),126.690126,45.708930,餐饮,安通街47号,餐饮服务;餐饮相关场所;餐饮相关,4.3,38.00
蓬春四喜饺子熏酱小馆,126.628396,45.684088,餐饮,鲁商松江新城东北门东南90米,餐饮服务;中餐厅;特色/地方风味餐厅,4.3,42.00
柏记水饺(宝宇店),126.632830,45.779869,餐饮,天邑澜山(北马路地铁站3号口步行60米),餐饮服务;中餐厅;特色/地方风味餐厅,4.3,25.00
柏记水饺(哈尔滨旗舰店),126.708615,45.788603,餐饮,南棵街60号1-2层,餐饮服务;餐饮相关场所;餐饮相关,4.4,26.00
百福独一处饺子(立汇店),126.695259,45.695046,餐饮,军立街16号,餐饮服务;中餐厅;特色/地方风味餐厅,4.2,34.00
柏记水饺(中山路店),126.672648,45.730683,餐饮,中山路90-2号,餐饮服务;快餐厅;快餐厅,4.2,19.00
柏记水饺(哈南店),126.621219,45.669795,餐饮,学府路293-2号学府名居3号楼2门市,餐饮服务;中餐厅;特色/地方风味餐厅,4.2,20.00
君宴饺子馆,126.329606,45.367691,餐饮,承旭街道中粮锦云世家北门,餐饮服务;中餐厅;中餐厅,4.4,32.00
柏记水饺(菜艺街店),126.684434,45.731234,餐饮,菜艺街33号,餐饮服务;中餐厅;中餐厅,4.3,27.00
柏记水饺(志华店),126.549268,45.872660,餐饮,学院路161号,餐饮服务;快餐厅;快餐厅,4.3,19.00
岳府饺子家常菜(清河湾小区D区店),126.592685,45.729571,餐饮,顾新路363号(顾新路清河湾小区D区),餐饮服务;中餐厅;特色/地方风味餐厅,4.4,47.00
晓酌饺子(轩辕小区店),126.655854,45.784918,餐饮,南新街238号轩辕小区,餐饮服务;中餐厅;特色/地方风味餐厅,4.3,59.00
老街饺子小酒馆(兴建小区A区店),126.645548,45.601880,餐饮,通宾街11-8号,餐饮服务;中餐厅;中餐厅,4.4,20.00
柏记水饺(医大铁岭街店),126.652616,45.764871,餐饮,铁岭街46号,餐饮服务;中餐厅;特色/地方风味餐厅,4.4,29.00
柏记水饺(农大店),126.727364,45.731804,餐饮,东北农业大学门前木材东街45-1号,餐饮服务;中餐厅;特色/地方风味餐厅,4.3,27.00
天意饺子馆(中和胡同),126.656805,45.795517,餐饮,中和胡同17号,餐饮服务;中餐厅;特色/地方风味餐厅,4.2,28.00
柏记水饺(文景街店),126.647557,45.732668,餐饮,文景街7-1号,餐饮服务;中餐厅;特色/地方风味餐厅,4.3,24.00
信誉饺子老菜馆,126.705301,45.787937,餐饮,南棵二道街212号,餐饮服务;中餐厅;特色/地方风味餐厅,4.0,52.00
谢永记饺子馆(铁路文政新区店),126.643783,45.731985,餐饮,文政街116号,餐饮服务;中餐厅;特色/地方风味餐厅,4.2,58.00
明记永熏酱饺子(征仪路花园小区B区店),126.637511,45.688937,餐饮,科研路29号,餐饮服务;中餐厅;特色/地方风味餐厅,4.0,20.00
天悦饺子坊(永泰城店),126.762273,45.715735,餐饮,永泰城3期西南门西130米,餐饮服务;快餐厅;快餐厅,4.2,43.00
凌老师酸菜饺子(中宣街辅路店),126.664628,45.742881,餐饮,革新街道中宣街2-4号,餐饮服务;中餐厅;特色/地方风味餐厅,4.2,23.00
醉北方熏酱饺子(立汇·美罗湾三期店),126.688730,45.691522,餐饮,军立街188号,餐饮服务;快餐厅;快餐厅,4.3,42.00
千口顺饺子(进乡街辅路店),126.695057,45.696928,餐饮,进乡街99号,餐饮服务;快餐厅;快餐厅,4.1,60.00
久顺居饺子酒当家菜(建国城市花园店),126.594479,45.744285,餐饮,松源街100号,餐饮服务;中餐厅;特色/地方风味餐厅,4.3,49.00
柏记水饺(欧美亚店),126.516868,45.826955,餐饮,祥安北大街1321号欧美亚阳家园BH10号楼5号商服,餐饮服务;快餐厅;快餐厅,4.3,21.00
杨家饺子馆(钱塘街店),126.643967,45.791286,餐饮,钱塘街155-1号,餐饮服务;中餐厅;特色/地方风味餐厅,4.1,40.00
德利东方饺子名店,126.605219,45.979865,餐饮,建设路89号,餐饮服务;中餐厅;特色/地方风味餐厅,4.2,40.00
柏记水饺(群力家园店),126.541058,45.711469,餐饮,融江路788号,餐饮服务;中餐厅;中餐厅,4.3,25.00
大秋饺子馆(达江小区店),126.586298,45.738520,餐饮,顾乡三道街31号,餐饮服务;快餐厅;快餐厅,4.0,16.00
王记酱骨饺子(电塔二道街店),126.668775,45.716076,餐饮,哈电东升家园西北门西60米,餐饮服务;中餐厅;东北菜,4.1,59.00
柏记水饺(汇智中心店),126.571382,45.711373,餐饮,汇智中心(城乡路地铁站2号口步行370米),餐饮服务;中餐厅;特色/地方风味餐厅,4.3,34.00
九福饺子坊(欧美亚世界阳光店),126.522262,45.825931,餐饮,龙轩路1853号,餐饮服务;中餐厅;综合酒楼|餐饮服务;中餐厅;特色/地方风味餐厅,4.2,47.00
柏记水饺(南新店),126.654867,45.784595,餐饮,南新街284号,餐饮服务;快餐厅;快餐厅,4.3,27.00
到家尝饺子(哈平路店),126.644410,45.700958,餐饮,保健路145-5号靠近中国工商银行,餐饮服务;中餐厅;特色/地方风味餐厅,4.3,39.00
家旺饺子馆(群力新苑东区店),126.566844,45.724091,餐饮,工农大街591号,餐饮服务;中餐厅;特色/地方风味餐厅,4.0,25.00
柏记水饺(安华街店),126.674481,45.786722,餐饮,安华街17号(太平桥地铁站4A口步行340米),餐饮服务;中餐厅;特色/地方风味餐厅,4.1,22.00
原大棚车饺子(育英小区店),126.682070,45.786896,餐饮,太平南四道街22号育英小区,餐饮服务;中餐厅;特色/地方风味餐厅,4.3,29.00
老酒馆熏酱饺子(绿化小区店),126.688548,45.789735,餐饮,太平大街258号,餐饮服务;快餐厅;快餐厅,4.2,72.00
喜家德虾仁水饺(哈尔滨站店),126.630603,45.762275,餐饮,铁路街1号哈尔滨站商服夹层16-17号铺,餐饮服务;餐饮相关场所;餐饮相关,4.1,32.00
百家顺水饺店,126.671086,45.714890,餐饮,旭升街122号,餐饮服务;中餐厅;特色/地方风味餐厅,4.2,37.00
乐家快捷大馅饺子坊(香艺居店),126.683156,45.732934,餐饮,菜艺街附38-5,餐饮服务;中餐厅;特色/地方风味餐厅,4.2,50.00
君品乐饺子熏酱酒馆,126.650949,45.746877,餐饮,革新街155号,餐饮服务;中餐厅;特色/地方风味餐厅,4.4,58.00
柏记水饺(学兴路店),126.625250,45.715726,餐饮,学兴路66号科大小区,餐饮服务;中餐厅;特色/地方风味餐厅,4.1,27.00
哈尔滨师范大学梦溪饺子园,126.563835,45.868998,餐饮,利民经济开发区师大路1号,餐饮服务;中餐厅;特色/地方风味餐厅,4.3,17.00
博香园熏酱饺子(群力新苑东区店),126.569563,45.725740,餐饮,工农大街523号,餐饮服务;中餐厅;特色/地方风味餐厅,3.9,50.00
柏记水饺(鲁商店),126.628344,45.684218,餐饮,鲁商松江新城健兴路157号,餐饮服务;餐饮相关场所;餐饮相关,4.3,21.00
柏记水饺(防洪纪念塔店),126.616225,45.779575,餐饮,中央大街232号印象城A座1层A9商铺(印象城A座9号门旁),餐饮服务;快餐厅;快餐厅,4.1,21.00
冰城水饺,126.620744,45.757534,餐饮,抚顺街138号,餐饮服务;中餐厅;综合酒楼,4.1,31.00
上喜和水饺(群力恒大帝景店),126.529143,45.722365,餐饮,群力第六大道3306号(106商服),餐饮服务;中餐厅;特色/地方风味餐厅,4.2,27.00
松北区天时老字号饺子,126.524943,45.799346,餐饮,世纪大道1255号(钻石湾小区南门市),餐饮服务;餐饮相关场所;餐饮相关,4.3,67.00
滋味饺子烧烤涮,126.658265,45.724866,餐饮,绝缘街春缘名苑小区D栋绝缘二道街8-3号,餐饮服务;中餐厅;中餐厅,4.3,38.00
柏记水饺(先锋路),126.695804,45.767488,餐饮,先锋路236-4号,餐饮服务;中餐厅;特色/地方风味餐厅,4.2,25.00
柏记水饺(金爵万象店),126.572897,45.691825,餐饮,中兴左街116号金地峯范南区,餐饮服务;餐饮相关场所;餐饮相关,4.3,25.00
状元大馅饺子(盛世桃园店),126.606939,45.720804,餐饮,自兴街14-4号(学府路地铁站出入口步行340米),餐饮服务;中餐厅;特色/地方风味餐厅,4.1,32.00
喜福饺子馆(沙曼小区三街区店),126.619397,45.725556,餐饮,和兴路街道和兴路中兴街55号,餐饮服务;中餐厅;特色/地方风味餐厅,4.3,15.00
柏记水饺(万科招商城市之光四号地店),126.711425,45.689275,餐饮,东三三道街138号,餐饮服务;中餐厅;特色/地方风味餐厅,4.3,24.00
饺子酒(迎宾尚城B区店),127.466163,45.749004,餐饮,迎宾尚城B区南1门东130米,餐饮服务;快餐厅;快餐厅,4.1,48.00
十壹饺子,126.652433,45.755817,餐饮,果戈里大街248号,餐饮服务;中餐厅;特色/地方风味餐厅,4.0,29.00
康师傅饺子城(煤建胡同店),127.484211,45.756384,餐饮,莱熏路与福盈北路交叉口东北20米,餐饮服务;中餐厅;特色/地方风味餐厅,4.1,50.00
天一饺子王,129.572276,46.313878,餐饮,东顺城路A1宾馆对面,餐饮服务;中餐厅;特色/地方风味餐厅,4.0,26.00
老六饺子,126.682574,45.763061,餐饮,辽河路262号,餐饮服务;餐饮相关场所;餐饮相关,4.1,24.00
鸿河水饺(辽河小区店),126.692468,45.762056,餐饮,淮河路293号辽河小区29栋2单元1层1号,餐饮服务;中餐厅;特色/地方风味餐厅,4.0,16.00
柏记水饺,126.759951,45.715828,餐饮,永昌路156号,餐饮服务;中餐厅;中餐厅,4.0,27.00
范大嫂独一处饺子馆,126.674684,45.763453,餐饮,马端街41号,餐饮服务;中餐厅;特色/地方风味餐厅,4.2,43.00
信生饺子馆(哈铁文化小区店),126.661607,45.775500,餐饮,极乐三道街附8-6,餐饮服务;中餐厅;特色/地方风味餐厅,4.2,70.00
商委红肠,126.640344,45.761557,餐饮,民益街81号(博物馆地铁站4号口步行370米),购物服务;购物相关场所;购物相关场所,4.6,48.00
李白熏酱(总店),126.661831,45.753875,餐饮,分部街56-2号,餐饮服务;中餐厅;中餐厅,4.6,78.00
秋林里道斯(官方·授权专营店),126.605897,45.717632,餐饮,清华大街159号,餐饮服务;餐饮相关场所;餐饮相关,4.7,29.00
正宗秋林食品红肠(经纬街旗舰店),126.624463,45.765923,餐饮,经纬街26号(尚志大街地铁站3号口步行80米),购物服务;购物相关场所;购物相关场所|餐饮服务;餐饮相关场所;餐饮相关,4.2,[]
哈肉联食品(中央大街店),126.619132,45.773645,餐饮,中央大街105号,购物服务;综合市场;农副产品市场|餐饮服务;餐饮相关场所;餐饮相关,4.5,32.00
宾西冷鲜牛肉(溪树庭院店),126.588836,45.693793,餐饮,哈尔滨大街668-14号,购物服务;综合市场;农副产品市场,4.1,[]
商委红肠(中央大街店),126.618312,45.775813,餐饮,[],餐饮服务;中餐厅;中餐厅,4.2,[]
农大红肠(哈尔滨总店),126.687964,45.733581,餐饮,新地街122号,餐饮服务;餐饮相关场所;餐饮相关,4.5,[]
秋林·里道斯·正宗哈尔滨红肠,126.653592,45.749658,餐饮,中山路246号(工人文化宫地铁站4号口步行80米),餐饮服务;餐饮相关场所;餐饮相关,4.4,[]
达生红肠专卖店,126.686373,45.763245,餐饮,嵩山路140号1-2层,餐饮服务;餐饮相关场所;餐饮相关,4.5,32.00
哈肉联正宗哈尔滨红肠(工厂直供南岗总店),126.653418,45.764667,餐饮,铁岭街41号,餐饮服务;餐饮相关场所;餐饮相关,4.7,15.00
哈肉联红肠(果戈里店),126.653949,45.755667,餐饮,果戈里大街249号,餐饮服务;餐饮相关场所;餐饮相关,4.4,47.00
农大红肠厂家直营店,126.596690,45.686326,餐饮,哈尔滨大街895号中海雍景熙岸1-55,购物服务;综合市场;农副产品市场|餐饮服务;餐饮相关场所;餐饮相关,4.4,13.00
秋林·里道斯·哈尔滨大街(厂家直供旗舰店),126.588684,45.693881,餐饮,辰能溪树庭院哈尔滨大街668-12商服,购物服务;服装鞋帽皮具店;服装鞋帽皮具店|餐饮服务;餐饮相关场所;餐饮相关,4.5,58.00
秋林食品(和兴店),126.616451,45.733132,餐饮,西大直街400号(和兴路地铁站2b口步行130米),餐饮服务;糕饼店;糕饼店,4.2,49.00
哈肉联红肠(嵩山路直营店),126.686323,45.763464,餐饮,嵩山路副140-6号,购物服务;综合市场;农副产品市场,4.2,[]
哈肉联红肠旗舰店(西八道街店),126.620015,45.769083,餐饮,中央大街36号,餐饮服务;餐饮相关场所;餐饮相关,4.2,[]
农大红肠工厂店,126.679776,45.730854,餐饮,司徒街59-1号,购物服务;综合市场;农副产品市场,4.4,[]
秋林·里道斯(红旗店),126.684441,45.783942,餐饮,红旗大街470号,餐饮服务;餐饮相关场所;餐饮相关,4.5,52.00
偏脸子红肠·熟食(果戈里大街店),126.660711,45.751552,餐饮,果戈里大街87号,餐饮服务;餐饮相关场所;餐饮相关,4.3,34.00
哈肉联食品(淮河路店),126.700422,45.763083,餐饮,红旗小区19栋4单元1层2号,购物服务;综合市场;农副产品市场|餐饮服务;餐饮相关场所;餐饮相关,4.3,48.00
哈肉联红肠(中央大街马迭尔店),126.619675,45.772625,餐饮,尚志街道中央大街85号附近(马迭尔宾馆南23米),餐饮服务;快餐厅;快餐厅,4.3,47.00
商委红肠(巴洛克店),126.643405,45.781509,餐饮,南三道街中华巴洛克一期8号商铺,生活服务;生活服务场所;生活服务场所,4.3,[]
秋林·里道斯(官方授权安国街229号直营店),126.608975,45.757398,餐饮,安国街229号秋林里道斯红肠,购物服务;购物相关场所;购物相关场所,4.4,47.00
秋林食品(人民广场店),126.607058,45.772408,餐饮,经纬街303号4单元102,餐饮服务;糕饼店;糕饼店,4.2,10.00
哈肉联红肠(顾乡大街店),126.592839,45.740051,餐饮,顾乡大街12号(中国石油加油站旁),购物服务;综合市场;农副产品市场,4.2,47.00
哈肉联红肠(红星街店),126.619853,45.768765,餐饮,红星街1号(中央大街地铁站1号口步行380米),购物服务;超级市场;超市|餐饮服务;餐饮相关场所;餐饮相关,4.3,47.00
农大红肠(红霞街店),126.612962,45.772782,餐饮,红霞街92号,餐饮服务;餐饮相关场所;餐饮相关,4.2,30.00
秋林·里道斯(壹品茶城厂家团购中心店),126.584938,45.695554,餐饮,哈尔滨大街555号,餐饮服务;冷饮店;冷饮店,4.1,[]
偏脸子红肠·熟食(公滨路店),126.684459,45.728341,餐饮,公滨路459号,餐饮服务;餐饮相关场所;餐饮相关,4.2,20.00
哈肉联红肠(和兴商厦店),126.616649,45.733037,餐饮,和兴二期高层1号12号,购物服务;综合市场;农副产品市场,4.1,47.00
农大红肠(锅炉厂店),126.671670,45.712705,餐饮,三大动力路279号,餐饮服务;餐饮相关场所;餐饮相关,3.9,33.00
哈尔滨红肠店,126.628942,45.767974,餐饮,田地街82号(尚志大街地铁站1号口步行450米),餐饮服务;餐饮相关场所;餐饮相关,3.7,14.00
洪之生红肠(道里店),126.615496,45.763392,餐饮,安静街副19号,餐饮服务;餐饮相关场所;餐饮相关,4.2,18.00
哈肉联红肠—新学街店,126.600329,45.742682,餐饮,新阳路副501号,餐饮服务;餐饮相关场所;餐饮相关,3.7,[]
哈肉联红肠(南极桥下),126.649665,45.774227,餐饮,承德街12号,购物服务;综合市场;农副产品市场|餐饮服务;餐饮相关场所;餐饮相关,4.2,47.00
商委红肠代购(阿什河街店),126.645581,45.762083,餐饮,阿什河街69号商委红肠代购,购物服务;综合市场;农副产品市场|餐饮服务;餐饮相关场所;餐饮相关,4.0,[]
农大红肠(中山路工厂店),126.673743,45.730787,餐饮,中山路75号,餐饮服务;餐饮相关场所;餐饮相关,3.8,[]
哈尔滨红肠,126.615649,45.769007,餐饮,经纬街188号,餐饮服务;餐饮相关场所;餐饮相关,4.0,145.00
哈尔滨红肠(埃德蒙顿路店),126.590400,45.733782,餐饮,埃德蒙顿路63-1号,餐饮服务;餐饮相关场所;餐饮相关,3.9,22.00
哈肉联红肠(华润凯旋门店),126.580104,45.699674,餐饮,哈尔滨大街505号东北水饺旁,购物服务;综合市场;农副产品市场|餐饮服务;餐饮相关场所;餐饮相关,4.1,47.00
哈肉联红肠(油坊街店),126.691034,45.724554,餐饮,红旗大街31号,购物服务;专卖店;专营店,4.1,47.00
农大红肠(新阳路店),126.616579,45.759935,餐饮,新阳路76号,餐饮服务;中餐厅;中餐厅,4.0,21.00
秋林·里道斯(华远新家园店),126.573129,45.890992,餐饮,华远新家园南门36栋6号门市,餐饮服务;餐饮相关场所;餐饮相关,4.1,15.00
龙华老字号红肠,126.619196,45.755745,餐饮,抚顺街241号,餐饮服务;餐饮相关场所;餐饮相关,4.0,20.00
哈肉联食品(公滨路辅路店),126.684821,45.728502,餐饮,公滨路445号,购物服务;综合市场;农副产品市场|餐饮服务;餐饮相关场所;餐饮相关,4.0,33.00
哈肉联红肠(东内史店),126.638278,45.778007,餐饮,东内史胡同90号(北马路地铁站1号口步行390米),购物服务;购物相关场所;购物相关场所,4.2,31.00
商委红肠(北三光头),126.677200,45.752662,餐饮,宣庆小区11栋11门市商委红肠,餐饮服务;中餐厅;中餐厅,4.1,[]
农大红肠食品(经纬街店),126.606547,45.772134,餐饮,经纬街332号(人民广场地铁站2号口步行180米),购物服务;综合市场;农副产品市场|餐饮服务;餐饮相关场所;餐饮相关,4.1,39.00
达生红肠(激情广场店),126.659872,45.751872,餐饮,人和革新市场F5,餐饮服务;餐饮相关场所;餐饮相关,3.8,30.00
哈肉联红肠(友谊小区店),126.612958,45.776356,餐饮,通江街165-1号,餐饮服务;餐饮相关场所;餐饮相关|购物服务;购物相关场所;购物相关场所,4.1,47.00
哈肉联经纬四道街,126.617573,45.767163,餐饮,经纬四道街14号,餐饮服务;快餐厅;快餐厅,3.9,25.00
冰城农大红肠(世祥路店),126.490287,45.809729,餐饮,世祥路1003号,餐饮服务;餐饮相关场所;餐饮相关,4.0,43.00
段公子红肠,126.310042,45.373193,餐饮,花园大街158号二轻局1号门市,购物服务;购物相关场所;购物相关场所|餐饮服务;餐饮相关场所;餐饮相关,3.9,18.00
偏脸子鲜卤熟食·红肠(香东街店),126.773555,45.723458,餐饮,香东街7号,餐饮服务;餐饮相关场所;餐饮相关,4.0,8.00
哈肉联食品(美居店),126.501921,45.798083,餐饮,科技二街999号,餐饮服务;餐饮相关场所;餐饮相关,3.9,35.00
哈肉联红肠(哈药路共乐店),126.603440,45.752313,餐饮,哈药路235号,餐饮服务;餐饮相关场所;餐饮相关,4.0,47.00
哈尔滨农大红肠,126.698147,45.728781,餐饮,安埠街244号,餐饮服务;餐饮相关场所;餐饮相关,3.9,37.00
哈肉联红肠(民安街店),126.608757,45.744286,餐饮,民安街211-10号,购物服务;综合市场;农副产品市场,4.2,49.00
老李记红肠丸子(财智公馆店),126.583069,45.750574,餐饮,河山街16号,餐饮服务;中餐厅;中餐厅,3.7,[]
哈肉联红肠(新阳路店),126.619037,45.763347,餐饮,新阳路14-1号,购物服务;购物相关场所;购物相关场所,3.9,47.00
哈北红肠(松北店),126.535409,45.811277,餐饮,世博路776号,餐饮服务;中餐厅;中餐厅,4.0,[]
哈尔滨农大红肠(公滨路店),126.758051,45.726088,餐饮,公滨路37号高丽凤情小镇四号楼-29号,购物服务;综合市场;农副产品市场|餐饮服务;餐饮相关场所;餐饮相关,3.9,38.00
哈肉联食品(公社大街店),126.632015,45.602079,餐饮,公社大街41号(新疆大街地铁站4号口步行440米),购物服务;综合市场;农副产品市场,4.1,93.00
哈肉联食品(北京街店),126.632792,45.757369,餐饮,北京街71-5号,购物服务;综合市场;农副产品市场,4.1,40.00
哈肉联红肠,126.617614,45.771168,餐饮,大安街29号(中央大街地铁站1号口步行320米),餐饮服务;快餐厅;快餐厅,4.0,31.00
哈肉联食品(西城红场店),126.591951,45.704021,餐饮,哈西大街299号西城红场家得乐超市内,餐饮服务;餐饮相关场所;餐饮相关,4.2,45.00
哈肉联食品(大东广场店),126.613468,45.748051,餐饮,民安街96号,购物服务;综合市场;农副产品市场|餐饮服务;餐饮相关场所;餐饮相关,4.0,47.00
农大红肠(哈尔滨市正阳南小学校店),126.650011,45.785755,餐饮,南十道街135号(清真寺地铁站2号口步行330米),餐饮服务;餐饮相关场所;餐饮相关,3.8,33.00
哈肉联食品(双城景观名苑店),126.317033,45.371529,餐饮,景观名苑高层1号,餐饮服务;餐饮相关场所;餐饮相关,4.1,37.00
哈肉联红肠东大直街直营店,126.647521,45.761932,餐饮,东大直街275号,餐饮服务;快餐厅;快餐厅,4.0,47.00
哈肉联红肠(施柏阁店),126.495481,45.801364,餐饮,丰源街199号施柏阁酒店1层,餐饮服务;糕饼店;糕饼店,4.0,50.00
哈肉联红肠(名优城店二层),126.648129,45.772188,餐饮,名优城2层2043号,购物服务;综合市场;农副产品市场,3.9,44.00
哈尔滨农大红肠(健康路店),126.659357,45.716333,餐饮,健康路74号惠隆超市内,餐饮服务;餐饮相关场所;餐饮相关,3.8,36.00
哈肉联食品(文教街小区店),126.662767,45.754139,餐饮,革新街17-7号,购物服务;综合市场;农副产品市场|餐饮服务;餐饮相关场所;餐饮相关,4.0,47.00
哈肉联食品(西十二道街店),126.622821,45.770707,餐饮,西十二道街2号,餐饮服务;餐饮相关场所;餐饮相关,3.7,47.00
哈肉联红肠(西头道街店),126.619475,45.777075,餐饮,西头道街32号,餐饮服务;餐饮相关场所;餐饮相关,3.9,47.00
哈肉联红肠(爱达九溪店),126.583766,45.696359,餐饮,中兴左街20-4号爱达九溪2栋1-2层5号,餐饮服务;餐饮相关场所;餐饮相关,4.2,47.00
哈肉联红肠(星光耀店),126.531004,45.733275,餐饮,朗江路1066号,餐饮服务;餐饮相关场所;餐饮相关,4.2,76.00
哈肉联红肠(闽江路店),126.700087,45.747131,餐饮,闽江路136号,餐饮服务;餐饮相关场所;餐饮相关,4.1,47.00
哈肉联食品(双城治国街店),126.327996,45.369963,餐饮,治国街承旭楼一楼4号,购物服务;综合市场;农副产品市场,3.8,47.00
哈肉联食品(哈站店),126.665863,45.763785,餐饮,铁路街1号哈尔滨火车站商服高架候车室商服8号,餐饮服务;餐饮相关场所;餐饮相关,3.8,47.00
哈肉联食品(高谊店),126.612406,45.772426,餐饮,高谊街副52号,餐饮服务;餐饮相关场所;餐饮相关,4.1,47.00
哈肉联红肠(会展家园小区店),126.715452,45.748172,餐饮,会展家园小区西区东北1门东80米,餐饮服务;餐饮相关场所;餐饮相关,3.8,37.00
哈肉联红肠(尚志小区店),126.619447,45.775479,餐饮,西四道街47号,餐饮服务;餐饮相关场所;餐饮相关,3.9,47.00
哈肉联红肠经纬十道街店,126.608481,45.770041,餐饮,工部街与经纬十道街交叉口西北40米,餐饮服务;快餐厅;快餐厅,3.9,47.00
哈肉联红肠(大桥综合商场店),126.624934,45.741800,餐饮,西大直街118号哈特购物广场F1层,购物服务;综合市场;农副产品市场,4.1,47.00
哈肉联红肠中医街店,126.617830,45.775144,餐饮,中医街10号,购物服务;综合市场;农副产品市场|餐饮服务;餐饮相关场所;餐饮相关,3.7,63.00
哈尔滨红肠俄品汇,126.643531,45.781384,餐饮,南三道街与南勋街交叉口西北40米,餐饮服务;餐饮相关场所;餐饮相关,3.3,41.00
哈肉联红肠(世林路店),126.494537,45.806709,餐饮,世林路1127号,餐饮服务;餐饮相关场所;餐饮相关,4.0,47.00
哈肉联红肠便利店(铁路街店),126.631035,45.759089,餐饮,铁路街7-6号(哈尔滨站地铁站4号口步行470米),购物服务;便民商店/便利店;便民商店/便利店,4.0,47.00
哈肉联食品(金色人文店),126.616449,45.978121,餐饮,金色人文楼下,餐饮服务;餐饮相关场所;餐饮相关,3.7,47.00
哈肉联食品(金都大街店),126.976049,45.532780,餐饮,金都胜利小学教学楼一层3门,餐饮服务;餐饮相关场所;餐饮相关,3.6,36.00
裕昌食品(中央大街店),126.618576,45.774799,餐饮,中央大街148号,餐饮服务;餐饮相关场所;餐饮相关,4.6,30.00
上品哈尔滨红肠旗舰店,126.635549,45.758253,餐饮,海关街89-1号,购物服务;综合市场;农副产品市场|购物服务;便民商店/便利店;便民商店/便利店|购物服务;超级市场;超市,3.7,39.00
哈肉联红肠(宾州西大街店),127.482109,45.757137,餐饮,西大街144号,餐饮服务;餐饮相关场所;餐饮相关,3.9,47.00
哈老陈红肠(东方国际B区店),126.309997,45.390435,餐饮,东方国际B区西北门西60米,餐饮服务;餐饮相关场所;餐饮相关,3.8,[]
农大红肠(哈尔滨顾乡比优特超市店),126.588850,45.738220,餐饮,顾乡大街与达江街交叉口北40米,餐饮服务;餐饮相关场所;餐饮相关,3.7,23.00
哈商红肠(哈尔滨大街店),126.584201,45.698681,餐饮,金爵万象商业广场2号门东南110米,餐饮服务;餐饮相关场所;餐饮相关,3.8,84.00
农大红肠(新吉购物中心店),126.666225,45.761575,餐饮,宣化街288号新吉购物中心一楼,餐饮服务;餐饮相关场所;餐饮相关,3.8,72.00
加工哈尔滨风味红肠(金园一品店),126.318604,45.375123,餐饮,金园一品10--7门市,餐饮服务;餐饮相关场所;餐饮相关,4.0,41.00
哈联红肠(三棵树十字商业街店),126.707963,45.788822,餐饮,哈东站桦树街10-1号,餐饮服务;餐饮相关场所;餐饮相关,0.5,[]
哈尔滨红肠(奋斗巷店),129.561030,46.317166,餐饮,关岳小区东2门旁,餐饮服务;快餐厅;快餐厅,3.6,35.00
裕昌食品(六顺店),126.678035,45.734905,餐饮,六顺街142号(省医院地铁站1号口步行290米),餐饮服务;糕饼店;糕饼店|购物服务;购物相关场所;购物相关场所,4.5,30.00
裕昌食品(西城红场店),126.592688,45.702849,餐饮,哈西大街299号西城红场生活港B1层,餐饮服务;快餐厅;快餐厅,4.4,30.00
裕昌食品(丁香店),126.667335,45.736784,餐饮,中民街13-4号,购物服务;购物相关场所;购物相关场所,4.5,30.00
裕昌食品(春城店),126.661543,45.729929,餐饮,香坊大街街道和祥路92号,购物服务;购物相关场所;购物相关场所,4.7,24.00
裕昌食品(红旗大街店),126.683513,45.785330,餐饮,红河一街区东北门旁,购物服务;综合市场;农副产品市场|购物服务;专卖店;专营店,4.4,30.00
哈尔滨红肠(地德里小区店),126.618371,45.750697,餐饮,抚顺街320号地德里小区,餐饮服务;餐饮相关场所;餐饮相关,3.6,39.00
裕昌食品(乐园街店),126.653547,45.714563,餐饮,乐源街29号(春江新城),餐饮服务;餐饮相关场所;餐饮相关,4.2,30.00
松江老号红肠(成高子店),126.838125,45.701821,餐饮,成高子镇和平商场上11号门市,餐饮服务;快餐厅;快餐厅,3.7,[]
哈尔滨老式红肠,126.319826,45.373651,餐饮,兴旺路与团结胡同交叉口北20米,餐饮服务;中餐厅;中餐厅,3.3,41.00
哈尔滨一六农大红肠,127.980499,45.213925,餐饮,腾飞大街与希小东路交叉口东60米,餐饮服务;中餐厅;中餐厅,3.4,23.00
哈尔滨红肠旗舰店,128.395475,44.942875,餐饮,市场路与长安路交叉口北120米,餐饮服务;餐饮相关场所;餐饮相关,3.4,39.00
老徐红肠,129.566735,46.311473,餐饮,双城街与志宏胡同交叉口西北80米,餐饮服务;餐饮相关场所;餐饮相关,3.1,[]
哈肉联红肠巴洛克直营店,126.640060,45.783426,餐饮,靖宇街402号,购物服务;综合市场;农副产品市场,4.3,50.00
偏脸子红肠·鲜卤熟食(延福街店),126.700359,45.727292,餐饮,延福街94号,餐饮服务;餐饮相关场所;餐饮相关,4.1,30.00
哈肉联红肠(尚志大街店),126.623839,45.768573,餐饮,尚志大街92号,餐饮服务;快餐厅;快餐厅,3.9,[]
肠香伴红肠汉堡店,126.623845,45.769690,餐饮,尚志大街57号66w,餐饮服务;快餐厅;快餐厅,3.9,11.00
哈肉联红肠(杉杉奥特莱斯广场·哈尔滨店),126.560574,45.877007,餐饮,利民大道555号杉杉奥特莱斯广场·哈尔滨F1层,购物服务;综合市场;农副产品市场,4.1,36.00
偏脸子红肠·鲜卤熟食(淮河路店),126.699303,45.762915,餐饮,淮河路159号,餐饮服务;餐饮相关场所;餐饮相关,4.1,21.00
裕昌食品(溪树湾店),126.588873,45.693773,餐饮,哈尔滨大街668-13,购物服务;购物相关场所;购物相关场所,4.3,35.00
农大红肠(奋斗路副食品商场店),126.644725,45.760525,餐饮,果戈里大街370号奋斗副食一楼三厅,餐饮服务;快餐厅;快餐厅,3.9,[]
裕昌食品(哈西万达店),126.588225,45.700375,餐饮,哈西万达广场B1层永辉超市内,餐饮服务;餐饮相关场所;餐饮相关,4.2,30.00
裕昌食品(河梁店),126.595367,45.756361,餐饮,河清街23-1号,餐饮服务;餐饮相关场所;餐饮相关,4.1,30.00
老潘哈中联红肠店,126.613829,45.772181,餐饮,红专街115号,餐饮服务;餐饮相关场所;餐饮相关,3.7,39.00
裕昌食品(紫金城店),126.599337,45.741656,餐饮,新阳路511号,餐饮服务;餐饮相关场所;餐饮相关,4.2,30.00
裕昌食品(红博花园店),126.697499,45.756882,餐饮,红旗大街301号B2层(红博中央公园比优特超市入口),餐饮服务;餐饮相关场所;餐饮相关,3.9,30.00
裕昌食品(哈平路店),126.644190,45.701002,餐饮,哈平路远大都市绿洲1栋1层12号,餐饮服务;餐饮相关场所;餐饮相关,4.1,35.00
宏运一六农大红肠,126.635473,45.784821,餐饮,景阳街464号,餐饮服务;中餐厅;中餐厅,3.8,45.00
农大红肠(柒季城店),126.548614,45.866083,餐饮,荣昌路368号,餐饮服务;中餐厅;中餐厅,4.0,31.00
王记哈北红肠(道外宝宇店),126.636325,45.779275,餐饮,宝宇·天邑环球港A区,餐饮服务;中餐厅;中餐厅,3.7,10.00
一六农大红肠,126.633775,45.704175,餐饮,征仪路与启智路交叉口南220米,餐饮服务;中餐厅;中餐厅,4.1,17.00
裕昌食品(和平店),126.649769,45.721504,餐饮,香坊大街街道和平路1号松雷和平商业大厦B1层,餐饮服务;快餐厅;快餐厅,3.9,30.00
品牌红肠,126.680311,45.798058,餐饮,新迎新街105号门市,餐饮服务;中餐厅;中餐厅,4.3,39.00
哈肉联红肠(红专街店),126.611828,45.771478,餐饮,红专街118号,餐饮服务;快餐厅;快餐厅,4.0,47.00
农大红肠总批发,126.687149,45.724739,餐饮,香坊大街62号,购物服务;综合市场;农副产品市场|餐饮服务;餐饮相关场所;餐饮相关,4.1,[]
哈肉联红肠(曼哈顿店),126.626972,45.769496,餐饮,曼哈顿大厦一期1层006-1号,餐饮服务;餐饮相关场所;餐饮相关,3.9,45.00
裕昌食品(会展店),126.700140,45.754933,餐饮,红旗大街301号哈尔滨红博会展购物广场地下一层家得乐超市内熟食,购物服务;专卖店;专营店,3.8,30.00
农大红肠店,126.654748,45.717138,餐饮,乐园街92号,餐饮服务;中餐厅;中餐厅,3.9,36.00
农大红肠(三棵店),126.701218,45.793800,餐饮,三棵树大街95号7号库,餐饮服务;中餐厅;中餐厅,3.9,32.00
永年红肠,126.645139,45.791844,餐饮,钱塘街135号,餐饮服务;中餐厅;中餐厅,4.0,[]
农大红肠专卖店,126.708282,45.788854,餐饮,桦树街8号(哈尔滨东站地铁站4号口旁),购物服务;综合市场;农副产品市场,3.3,28.00
卤则天熟食红肠(哈尔滨大街店),126.597386,45.685780,餐饮,哈尔滨大街855号中海·雍景熙岸,餐饮服务;餐饮相关场所;餐饮相关,3.7,21.00
商大红肠(财富天地店),126.523725,45.875975,餐饮,财富天地负一楼,餐饮服务;快餐厅;快餐厅,3.7,25.00
偏脸子红肠,126.608575,45.743525,餐饮,通达街303号聚贤花园,餐饮服务;中餐厅;中餐厅,3.8,[]
商委红肠(经纬街店),126.615176,45.769201,餐饮,经纬街196号,餐饮服务;餐饮相关场所;餐饮相关,4.2,[]
红肠大哥,126.445900,45.651554,餐饮,江南中环路与机场路交叉口东南200米,餐饮服务;餐饮相关场所;餐饮相关,3.7,[]
隆庆红肠加工坊,126.812110,46.198230,餐饮,康铁路与农研路交叉口西300米,餐饮服务;餐饮相关场所;餐饮相关,2.9,[]
偏脸子红肠·熟食(南直路店),126.708975,45.781475,餐饮,南棵绿荫小区和谐苑,餐饮服务;餐饮相关场所;餐饮相关,3.5,20.00
商大红肠八珍食品,126.766421,45.742981,餐饮,香福路227号新松未来ONE小区,餐饮服务;中餐厅;中餐厅,3.3,23.00
老农大红肠(金蟾商厦店),126.657517,45.786382,餐饮,南新街91号金蟾商厦F1层,餐饮服务;餐饮相关场所;餐饮相关,3.7,36.00
代购商委红肠(文化路店),127.158602,44.917835,餐饮,文化路262号小十街店,餐饮服务;餐饮相关场所;餐饮相关,3.9,67.00
农大红肠,126.497782,45.811084,餐饮,融创·锦园南门西170米,餐饮服务;餐饮相关场所;餐饮相关,3.7,34.00
郭嘉老味道红肠,126.549713,45.867805,餐饮,柒季城小区40D栋4号商服,餐饮服务;中餐厅;中餐厅,2.9,[]
李姐红肠,126.678975,45.799075,餐饮,红旗大街1159号滨港水岸怡江湾西区,餐饮服务;中餐厅;中餐厅,2.3,[]
农大红肠(雅臣路店),127.165711,44.921724,餐饮,物价小区西北门旁,餐饮服务;中餐厅;中餐厅,3.7,36.00
农大红肠总店,126.723782,45.737006,餐饮,新地街122号,餐饮服务;餐饮相关场所;餐饮相关,4.3,30.00
哈肉联红肠(地段街店),126.629553,45.767402,餐饮,地段街52号,餐饮服务;餐饮相关场所;餐饮相关,3.8,19.00
哈肉联红肠食品旗店(中央大街店),126.620135,45.768188,餐饮,中央大街10号,购物服务;购物相关场所;购物相关场所,4.4,[]
商委红肠(地道街店),126.613593,45.752221,餐饮,地道街58号,餐饮服务;餐饮相关场所;餐饮相关,4.4,[]
农大红肠(闽江路店),126.698983,45.747271,餐饮,闽江路166号,餐饮服务;中餐厅;中餐厅,4.1,46.00
商委红肠(松花江店),126.632385,45.755701,餐饮,松花江街36-4号,餐饮服务;餐饮相关场所;餐饮相关,4.4,105.00
李福记红肠丸子店(汉广店),126.628279,45.738286,餐饮,桥南小学西北门旁,餐饮服务;中餐厅;中餐厅,3.3,[]
馨苑购物中心农大红肠,126.698169,45.791727,餐饮,东直路387-1号,购物服务;商场;购物中心,4.5,46.00
哈肉联红肠(南头道街店),126.642425,45.782575,餐饮,南三道街8-10,购物服务;购物相关场所;购物相关场所,4.1,29.00
农大红肠(果园街店),126.705010,45.729759,餐饮,通天街安埠街与东门街交汇处C2栋1层1s03号,购物服务;综合市场;农副产品市场,3.8,[]
卢小罐俄餐小馆(哈尔滨中央大街店),126.616151,45.772841,餐饮,红专街71号,餐饮服务;中餐厅;中餐厅,4.6,119.00
老莫俄餐,126.628129,45.770735,餐饮,地段街128号金太阳精品商城F1层,餐饮服务;中餐厅;中餐厅,4.5,86.00
初见俄餐酒馆(融创茂店),126.499083,45.801369,餐饮,恒源街76号,餐饮服务;中餐厅;特色/地方风味餐厅,3.8,114.00
喀秋里俄餐演绎,126.640193,45.781697,餐饮,南二道街中华巴洛克历史文化街区B4栋1-E-06号,餐饮服务;外国餐厅;西餐厅(综合风味),3.8,156.00
大象俄餐,126.616014,45.771573,餐饮,东风街与通江街交叉口东40米,餐饮服务;中餐厅;中餐厅,3.6,21.00
佐度王子扒房(卓展店),126.603558,45.759692,餐饮,上海街99号卓展购物中心B座3F-004号,餐饮服务;外国餐厅;外国餐厅,4.6,150.00
库滋明·俄罗斯特色美食(中央大街店),126.620365,45.769809,餐饮,中央大街45号东侧,餐饮服务;外国餐厅;俄国菜,4.6,66.00
通海俄式烧烤(群力店),126.569123,45.731022,餐饮,群力第七大道589号,餐饮服务;中餐厅;特色/地方风味餐厅,4.5,84.00
92度俄式厨房(哈尔滨中央大街店),126.617982,45.773366,餐饮,红专街23号,餐饮服务;外国餐厅;日本料理|餐饮服务;外国餐厅;俄国菜,4.4,157.00
宽街俄餐馆(中央大街店),126.620633,45.769635,餐饮,西十三道街64号,餐饮服务;外国餐厅;俄国菜,4.4,128.00
彼得堡俄餐厅,126.617774,45.773287,餐饮,红专街27号,餐饮服务;中餐厅;湖北菜(鄂菜),4.5,95.00
秋林洋行俄士餐厅(中央大街店),126.619451,45.772415,餐饮,中央大街79号3层1号(中央商城对面),餐饮服务;中餐厅;中餐厅,4.6,86.00
秋林洋行俄士餐厅(老俄房庭院烧烤),126.644500,45.753819,餐饮,海关街25号(花园街黄房子历史街区L12栋),餐饮服务;中餐厅;中餐厅,4.5,88.00
贝加尔时光中俄餐厅,126.644810,45.753549,餐饮,海关街23号,餐饮服务;中餐厅;中餐厅,4.4,95.00
库滋明·俄式沙威玛(巴洛克店),126.640937,45.783761,餐饮,靖宇街386号,餐饮服务;外国餐厅;外国餐厅,4.4,22.00
巴彼洛克俄罗斯厨房(银泰城店),126.541033,45.737393,餐饮,群力大道2399号银泰城负一层B1021(肯德基楼下),餐饮服务;外国餐厅;外国餐厅,4.0,19.00
徕恪小院(松北店),126.578629,45.818573,餐饮,龙江第一村1区11-1119号,住宿服务;住宿服务相关;住宿服务相关,4.5,[]
老俄侨俄侨菜馆,126.621148,45.770152,餐饮,十三道街43号(中央大街地铁站1号口步行450米),餐饮服务;餐饮相关场所;餐饮相关,4.5,94.00
麦汇糕点坊俄式沙一克总店,126.580572,45.748765,餐饮,河松街191号,餐饮服务;糕饼店;糕饼店,3.9,13.00
俄罗斯大串烧烤(宾西总店),127.164109,45.757321,餐饮,兴宾大道与同哈公路交叉口北150米,购物服务;购物相关场所;购物相关场所,3.8,90.00
四季俄式烧烤,127.164240,45.758206,餐饮,尚城宾馆(荣兴购物广场西北),餐饮服务;外国餐厅;俄国菜,3.6,52.00
伏特加俄式饮品屋,126.621627,45.772983,餐饮,西八道街8号,体育休闲服务;娱乐场所;酒吧,3.6,[]
品战斗民族文化享俄式美食盛宴,126.620637,45.774308,餐饮,新人花园,餐饮服务;餐饮相关场所;餐饮相关,3.2,99.00
圣索菲亚俄式风情餐厅,126.631475,45.769625,餐饮,买卖街与田地街交叉口北100米,餐饮服务;外国餐厅;外国餐厅,3.3,[]
布列斯特俄罗斯套娃印象馆,126.625931,45.769557,餐饮,透笼街与兆麟街交叉口西20米,生活服务;摄影冲印店;摄影冲印,3.8,[]
俄罗斯风情小镇-休闲简餐区,126.603659,45.787545,餐饮,平原街20号太阳岛风景区俄罗斯风情小镇,体育休闲服务;休闲场所;休闲场所,3.4,41.00
瑞克瑞克小俄餐体验中心,126.583525,45.731325,餐饮,埃德蒙顿路207号金安绿泽苑,餐饮服务;中餐厅;中餐厅,3.0,[]
俄罗斯商品老店(暂停营业),126.602979,45.788005,餐饮,平原街与迎宾街交叉口西180米,购物服务;专卖店;专营店,3.2,[]
香叶山自助小火锅(哈尔滨松北万象汇店),126.538902,45.809556,餐饮,华润万象汇商场负一层(库迪咖啡旁),餐饮服务;中餐厅;火锅店,4.4,62.00
蛙蛙香美蛙自助火锅(松北店),126.544324,45.805733,餐饮,天旭街254号,餐饮服务;中餐厅;火锅店,4.3,57.00
烩喜拾光自助小火锅(融创茂哈尔滨店),126.502075,45.802775,餐饮,融创茂三楼3006B,餐饮服务;中餐厅;火锅店,4.6,54.00
谭三娘鲜切牛肉自助火锅(融创茂店),126.503406,45.803215,餐饮,融创茂3层1号,餐饮服务;中餐厅;火锅店,4.4,103.00
惠众自助盒饭,126.510325,45.807425,餐饮,世茂大道161号世纪花园A区,餐饮服务;餐饮相关场所;餐饮相关,4.2,14.00
哈尔滨敖麓谷雅·凯悦臻选酒店-交克坦克拉·朝霞自助餐厅,126.505022,45.797848,餐饮,创新三路800号敖麓谷雅·凯悦臻选酒店43层,餐饮服务;中餐厅;中餐厅,3.9,325.00
泳鑫自助盒饭(香树湾店),126.515855,45.826182,餐饮,祥安北大街1236号,餐饮服务;中餐厅;中餐厅,4.2,22.00
乐涮自助小火锅(商大店),126.560213,45.818439,餐饮,学海街1633号,餐饮服务;餐饮相关场所;餐饮相关,3.9,21.00
辣火火自助旋转小火锅,126.528047,45.829047,餐饮,辣火火自助火锅店,餐饮服务;中餐厅;火锅店,4.0,16.00
珊海甄选海鲜自助(哈尔滨印象城店),126.615451,45.778530,餐饮,友谊路187号哈尔滨印象城C座F4层,餐饮服务;中餐厅;海鲜酒楼,4.7,444.00
首家清真自助料理,126.544179,45.815515,餐饮,江都街与中源大道辅路交叉口西40米,餐饮服务;餐饮相关场所;餐饮相关,3.6,99.00
谭三娘鲜切牛肉自助火锅(百盛广场店),126.616586,45.778829,餐饮,中央大街222号百盛商场AS-6层-007号,餐饮服务;中餐厅;火锅店,4.6,103.00
韩盛·盛江山自助料理(哈尔滨松雷国际店),126.618894,45.770124,餐饮,中央大街66号松雷国际道里店F3层,餐饮服务;中餐厅;中餐厅,4.6,86.00
川大胆鲜切牛肉自助老火锅(汇励99城市公园店),126.606061,45.761691,餐饮,汇励99城市公园B栋107-3号,餐饮服务;中餐厅;火锅店,4.6,70.00
伦度蒸烤涮自助料理,126.616352,45.778886,餐饮,中央大街222号百盛商场AS-26-001室,餐饮服务;中餐厅;中餐厅,4.5,160.00
非繁城品酒店(哈尔滨松北融创乐园店)·自助餐厅,126.500122,45.810951,餐饮,世祥路与德源街交叉口西120米,餐饮服务;餐饮相关场所;餐饮相关,4.1,[]
中堂海陆汇(汇智金邸店),126.533440,45.736473,餐饮,群力第二大道2167-1号汇智外滩金邸东侧,餐饮服务;中餐厅;中餐厅,4.6,434.00
牛YO寿喜烧火锅自助·烧肉自助(金安国际店),126.620159,45.772074,餐饮,中央大街69号金安国际购物广场F5层,餐饮服务;餐饮相关场所;餐饮相关,4.6,182.00
海天盛宴蒸汽海鲜自助(卓展二期购物中心店),126.603686,45.759608,餐饮,上海街99号卓展购物中心B座3层,餐饮服务;餐饮相关场所;餐饮相关,4.5,124.00
小金牛自助烤肉总店(荣昌路店),126.548356,45.866556,餐饮,荣昌路401号,餐饮服务;外国餐厅;外国餐厅,4.5,56.00
牛掌柜品质自助烤肉(汇智广场店),126.569130,45.739412,餐饮,汇智广场-西楼(丁香公园地铁站1号口步行110米),餐饮服务;外国餐厅;外国餐厅,4.6,68.00
玖和盛海鲜烤肉自助料理(新一百店),126.625145,45.770707,餐饮,石头道街118号新一百商场六楼,餐饮服务;中餐厅;中餐厅,4.6,358.00
盛江山自助烤肉(丽景花园店),126.542830,45.872754,餐饮,丽景花园江北大学城地铁站3号口旁,餐饮服务;中餐厅;中餐厅,4.5,77.00
海天盛宴新派海鲜自助餐厅(群力金冠店),126.564927,45.735678,餐饮,群力新区第五大道商业街4号楼2号商服,餐饮服务;中餐厅;中餐厅,4.6,238.00
郭淑芬鲜切牛肉自助老火锅(中央大街店),126.617162,45.771112,餐饮,大安街47-1号,餐饮服务;餐饮相关场所;餐饮相关,4.6,75.00
膳旬自助料理,126.616700,45.772017,餐饮,东风街副37号(中央大街地铁站1号口步行400米),餐饮服务;餐饮相关场所;餐饮相关,4.5,185.00
新海膳法式铁板烧(华燕奥特莱斯购物中心店),126.629217,45.770527,餐饮,地段街95号华燕奥特莱斯购物中心6层,餐饮服务;中餐厅;特色/地方风味餐厅,4.6,144.00
屿澜法式铁板烧自助餐,126.539378,45.736796,餐饮,群力大道2399号银泰城购物中心F4层,餐饮服务;外国餐厅;外国餐厅,4.5,171.00
小金牛自助烤肉(志华店),126.551970,45.872574,餐饮,学院路62号,餐饮服务;餐饮相关场所;餐饮相关,4.4,56.00
谭三娘鲜切牛肉自助火锅王府井店,126.561696,45.735797,餐饮,景江西路东路王府井商场四楼4F-015A,餐饮服务;餐饮相关场所;餐饮相关,4.4,83.00
涮涮演绎自助小火锅(哈尔滨中央大街店),126.618516,45.770456,餐饮,霞曼街29号涮涮演绎自助火锅,餐饮服务;餐饮相关场所;餐饮相关,4.5,22.00
郭淑芬鲜切牛肉自助老火锅(学院路店),126.552376,45.870483,餐饮,利民开发区学院路志华商城9栋25号商服,餐饮服务;餐饮相关场所;餐饮相关,4.4,75.00
嫂家自助涮到底·小火锅·新腔调,126.621010,45.771114,餐饮,十二街食光里中央大街夜市4号门旁,餐饮服务;中餐厅;火锅店,4.3,60.00
朱大饺自助水饺,126.609261,45.760082,餐饮,安定街106号,餐饮服务;餐饮相关场所;餐饮相关,4.4,23.00
谭三娘鲜切牛肉自助火锅(学院路店),126.550978,45.873035,餐饮,学院路82号,餐饮服务;中餐厅;火锅店,4.5,75.00
涮涮演绎自助小火锅(学院路店),126.550062,45.872035,餐饮,学院路2号楼30门,餐饮服务;中餐厅;火锅店,4.6,22.00
鲜牛宴自助烤肉店,126.545176,45.873293,餐饮,学院路191号(江北大学城地铁站1号口步行90米),餐饮服务;中餐厅;中餐厅,4.5,50.00
成科北虾滑自助老火锅,126.544142,45.873501,餐饮,学院路186、188号,餐饮服务;餐饮相关场所;餐饮相关,4.5,67.00
兴悦坊牛排自助餐厅,126.559215,45.876972,餐饮,利民大道555号杉杉奥特莱斯广场·哈尔滨3F层,餐饮服务;外国餐厅;牛扒店(扒房),4.5,129.00
荣吉招牌自助骨头锅(百合名苑店),126.587353,45.736128,餐饮,顾乡大街150号-3凯蒂宾馆旁,餐饮服务;中餐厅;中餐厅,4.4,42.00
薛记十元自助盒饭(安宁小区店),126.615441,45.763457,餐饮,安宁街78号,餐饮服务;中餐厅;中餐厅,4.4,15.00
十亩稻香自助盒饭,126.552723,45.867432,餐饮,裕发新村一号楼一层13号商服,餐饮服务;餐饮相关场所;餐饮相关,4.4,16.00
蛮爷自助快餐(翰林辰霞店),126.530254,45.874091,餐饮,学院路595号,餐饮服务;中餐厅;中餐厅,4.4,17.00
遇见便当(通达街小店),126.610068,45.744530,餐饮,通达街辅路与民安街交叉口东60米,餐饮服务;餐饮相关场所;餐饮相关,4.6,20.00
阳光自助盒饭,126.621223,45.762443,餐饮,安宁街23-1号,餐饮服务;餐饮相关场所;餐饮相关,4.5,12.00
老东北自助水饺自助酱骨,126.623838,45.769810,餐饮,尚志大街57号八杂市美食街,餐饮服务;快餐厅;快餐厅,4.2,36.00
串江湖鲜肉炭火自助烧烤,126.554621,45.874083,餐饮,利民开发区泓林金色地标三期第17栋商服,餐饮服务;餐饮相关场所;餐饮相关,4.2,47.00
桐欢煮忆自助旋转小火锅(学院路店),126.545851,45.873246,餐饮,学院路与利民西三大街交叉口东180米,餐饮服务;中餐厅;火锅店,4.3,22.00
聚胜钱库自助烤肉店(学院路店),126.554858,45.874603,餐饮,利民大道672-17号,餐饮服务;餐饮相关场所;餐饮相关,4.4,64.00
家饺福自助水饺中式快餐,126.553435,45.737200,餐饮,财富MOHO C座,餐饮服务;快餐厅;快餐厅,4.1,20.00
探小歪自助串串香(学院路店),126.545549,45.873216,餐饮,学院路与利民西三大街交叉口东160米,餐饮服务;中餐厅;火锅店,4.2,73.00
一头牛自助烤肉(承德广场客运站轻住·华尔街精品酒店店),126.646410,45.777386,餐饮,草市街38-1号2楼(大水晶街与草市路交口二楼),餐饮服务;中餐厅;中餐厅,4.5,55.00
龙四真鲜牛肉自助火锅,126.643353,45.761164,餐饮,果戈里大街388号2层,餐饮服务;中餐厅;火锅店,4.7,79.00
状元郎自助水饺,126.551446,45.866724,餐饮,柒季城小区南区北门东50米,餐饮服务;餐饮相关场所;餐饮相关,4.2,25.00
巴黎四季酒店·宴会厅,126.544495,45.728380,餐饮,丽江路与群力第五大道交叉口西南240米,餐饮服务;餐饮相关场所;餐饮相关,4.5,270.00
聚鑫自助快餐(泰和轩店),126.545234,45.869685,餐饮,利民开发区警官路北侧泰和轩2栋5号商服,餐饮服务;快餐厅;快餐厅,4.1,22.00
阿尔卑斯西餐自助(旅投·国展购物广场店),126.640393,45.754242,餐饮,西大直街40号旅投国展购物广场室外2层JP2020号,餐饮服务;中餐厅;火锅店,4.8,78.00
倍嗝棒东北酱骨自助,126.638376,45.773398,餐饮,南极四道街29号,餐饮服务;中餐厅;中餐厅,4.5,48.00
南焰铁木美式烟熏烤肉火锅自助,126.620380,45.757626,餐饮,抚顺街道145号,餐饮服务;餐饮相关场所;餐饮相关,4.4,79.00
刚子自助盒饭,126.514387,45.819981,餐饮,祥安北大街有色地质家园,餐饮服务;中餐厅;中餐厅,3.7,14.00
大胡同自助旋转小火锅,126.528938,45.873013,餐饮,柏林四季小区C1-5栋19号商服,餐饮服务;中餐厅;火锅店,3.9,22.00
한풍한기치킨韩里韩气自助炸鸡,126.623834,45.763053,餐饮,东安街15号韩式自助炸鸡,餐饮服务;餐饮相关场所;餐饮相关,4.3,19.00
浏园江边齐齐哈尔烤肉自助餐厅(学院路店),126.552267,45.870480,餐饮,仁圣医院东门旁,餐饮服务;中餐厅;中餐厅,3.8,63.00
小慧胖墩自助盒饭,126.546860,45.866212,餐饮,致卓口腔门诊部西南侧80米,餐饮服务;快餐厅;快餐厅,4.2,[]
谭三娘鲜切牛肉自助火锅(南岗秋林公司店),126.646034,45.760661,餐饮,东大直街319号秋林公司F4层,餐饮服务;中餐厅;火锅店,4.6,99.00
吉品轩自助烤肉火锅(顾乡大街店)(暂停营业),126.592295,45.740434,餐饮,康安二道街与顾乡大街附13号,餐饮服务;中餐厅;火锅店,4.2,61.00
玖和盛海鲜烤肉自助料理(松雷店),126.643515,45.759160,餐饮,东大直街329号7层NG7F007号,餐饮服务;中餐厅;中餐厅,4.6,87.00
千串百味旋转火锅(柏林四季店),126.528509,45.872227,餐饮,柏林四季西2门旁,餐饮服务;中餐厅;火锅店,3.9,15.00
好味自助盒饭,126.616772,45.764527,餐饮,安顺街与安静街交叉口东40米,餐饮服务;餐饮相关场所;餐饮相关,4.1,13.00
涮涮演绎自助小火锅(哈尔滨江北滨才店),126.509175,45.875575,餐饮,凤栖府邸(学院路北)多维广场C2-139涮涮演绎,餐饮服务;中餐厅;火锅店,4.1,22.00
麦薯薯自助餐厅,126.530355,45.873722,餐饮,翰林辰霞博雅园B26号,餐饮服务;中餐厅;中餐厅,4.2,23.00
魁牛·潮汕牛肉自助火锅(太平桥百盛店),126.676292,45.783803,餐饮,太平桥百盛购物中心5楼,餐饮服务;中餐厅;火锅店,4.7,112.00
一头牛碳香自助烤肉(工农大街店),126.559523,45.719124,餐饮,工农大街753号(与丽江路交口地铁站旁),餐饮服务;中餐厅;特色/地方风味餐厅,4.5,62.00
鹤乡曹老三自助烤肉学府凯德店,126.605525,45.717293,餐饮,清华大街76号,餐饮服务;中餐厅;中餐厅,4.6,46.00
素满香·全民食养自助(哈尔滨道外大润发店),126.660130,45.783231,餐饮,大润发1F 30022-1002室素满香(肯德基旁),餐饮服务;餐饮相关场所;餐饮相关,4.6,23.00
桐欢自助旋转小火锅(农垦店),126.529207,45.874109,餐饮,学院路617号,餐饮服务;餐饮相关场所;餐饮相关,4.0,18.00
家谷文自助火锅,126.528537,45.873654,餐饮,好又多超市(学院路店),餐饮服务;中餐厅;火锅店,3.8,21.00
牛掌柜品质自助烤肉,126.670925,45.763524,餐饮,马端街99-1号,餐饮服务;中餐厅;特色/地方风味餐厅,4.6,61.00
通达自助盒饭,126.607355,45.745306,餐饮,通达街204-1号,餐饮服务;中餐厅;中餐厅,4.4,15.00
牛鲜生炭火自助烧烤火锅(教师公寓店)(暂停营业),126.528227,45.873875,餐饮,学院路与群英街交口1470号,餐饮服务;中餐厅;火锅店,3.7,51.00
涮涮演绎自助小火锅(哈尔滨漫步巴黎店)(暂停营业),126.575582,45.728900,餐饮,工农大街46号报达文化嘉园,餐饮服务;餐饮相关场所;餐饮相关,4.2,22.00
醉香居炭火自助烧烤火锅,126.511594,45.875213,餐饮,学院路814号,餐饮服务;中餐厅;火锅店,4.0,48.00
汉巴9号烤肉自助(哈尔滨店),126.584966,45.697078,餐饮,金爵万象3期2号楼南兴街239号4层(万象超市旁),餐饮服务;中餐厅;中餐厅,4.7,87.00
小金牛自助烤肉(崂山路店),126.520153,45.717672,餐饮,群力民生尚都崂山路268号,餐饮服务;中餐厅;特色/地方风味餐厅,4.4,66.00
紫彤品质自助烤肉店,126.674830,45.784925,餐饮,东直路18号203-204栋-1层,餐饮服务;中餐厅;中餐厅,4.6,75.00
同展自助烤肉火锅店(为民路店),126.540775,45.873525,餐饮,利民开发区学院路南丽景小区第4幢-商服,餐饮服务;中餐厅;中餐厅,3.5,63.00
阿尔卑斯黑金店,126.609688,45.720855,餐饮,学府路1-1号凯德广场4层1-3号,餐饮服务;外国餐厅;西餐厅(综合风味),4.5,102.00
韩盛·盛江山自助料理(哈尔滨西城红场店),126.591530,45.702727,餐饮,哈西大街299号西城红场生活港4层,餐饮服务;外国餐厅;韩国料理,4.6,80.00
圣罗巴海鲜烤肉自助(西城红场店),126.592263,45.702757,餐饮,哈西大街299号西城红场艾美影城6层,餐饮服务;中餐厅;海鲜酒楼,4.6,92.00
小红房自助烤肉,126.651336,45.824034,餐饮,浦源路与通江大道交叉口西100米,餐饮服务;外国餐厅;外国餐厅,4.2,66.00
张记招牌自助骨头锅,126.666724,45.763413,餐饮,马端街206号,餐饮服务;餐饮相关场所;餐饮相关,4.6,45.00
小食堂自助快餐(民生尚都瑞园店),126.520670,45.719650,餐饮,群力第六大道3562号民生尚都瑞园,餐饮服务;快餐厅;快餐厅,4.3,10.00
遇见便当(会展店),126.689338,45.753843,餐饮,黄河路158号吉星商住城4栋91-5号门市,餐饮服务;中餐厅;中餐厅,4.7,20.00
釜将肉铺师大店,126.620551,45.727180,餐饮,中兴街27号,餐饮服务;餐饮相关场所;餐饮相关,4.5,109.00
知否鲜切牛自助烤肉(西桥住宅小区店),126.627844,45.740460,餐饮,贵新街86-1号,餐饮服务;中餐厅;特色/地方风味餐厅,4.5,82.00
牛运来自助广式牛杂煲,126.653427,45.781477,餐饮,太古街328号,餐饮服务;餐饮相关场所;餐饮相关,4.2,50.00
五婶粗粮细作(恒大名都店),126.622404,45.832989,餐饮,松北区恒大名都一期C区剧场1层155号商服,餐饮服务;餐饮相关场所;餐饮相关,3.9,18.00
一涮玖喜自助小火锅(太平桥百盛店),126.676359,45.783650,餐饮,太平桥百盛B1层,餐饮服务;中餐厅;火锅店,4.5,57.00
炭香一头牛自助烤肉(马端街店),126.670483,45.763229,餐饮,马端街136号,餐饮服务;中餐厅;特色/地方风味餐厅,4.4,54.00
谭三娘鲜切牛肉自助火锅(金爵万象店),126.582643,45.698768,餐饮,南兴街46号金爵万象商业广场F6层,餐饮服务;中餐厅;火锅店,4.6,88.00
熹妍法式铁板烧(里道斯国际大厦店),126.646752,45.760107,餐饮,东大直街哈尔秋林国际5层,餐饮服务;外国餐厅;外国餐厅,4.5,151.00
一涮玖喜自助小火锅(凯德旗舰店),126.608945,45.721197,餐饮,学府路1-1号凯德广场4层52-53A号,餐饮服务;餐饮相关场所;餐饮相关,4.5,57.00
烩喜拾光自助小火锅,126.592046,45.703976,餐饮,西城红场4楼,餐饮服务;中餐厅;火锅店,4.6,60.00
喜阿婆水饺自助(太平大街店),126.681052,45.787495,餐饮,太平大街28号,餐饮服务;中餐厅;中餐厅,4.5,27.00
来啾啾自助转转锅(凯德广场学府路店),126.609083,45.721791,餐饮,学府路1凯德广场四楼(学府路地铁站出入口旁),餐饮服务;中餐厅;中餐厅,4.5,56.00
家乐自助快餐,126.552423,45.871435,餐饮,兴城路与兴晨路交叉口西40米,餐饮服务;餐饮相关场所;餐饮相关,3.8,[]
百家顺烤肉自助,126.637868,45.745021,餐饮,繁荣街88号,餐饮服务;中餐厅;中餐厅,4.5,57.00
涮涮演绎自助小火锅(哈尔滨老国展店),126.641091,45.754356,餐饮,西大直街40号旅投国展购物广场一层C02-1号涮涮演绎,餐饮服务;中餐厅;火锅店,4.4,22.00
黄双椒鲜切牛肉自助火锅,126.618626,45.775544,餐饮,西三道街30号,餐饮服务;中餐厅;火锅店,3.6,95.00
签人在线自助串城(海都·华庭店),126.697465,45.776976,餐饮,宏伟路132-1号,餐饮服务;餐饮相关场所;餐饮相关,4.6,46.00
浏园江边自助炭火烤肉(暂停营业),126.661161,45.750777,餐饮,果戈里大街与巴山街交叉口南40米,餐饮服务;中餐厅;特色/地方风味餐厅,4.5,84.00
韩厨自助烤肉(哈西万达店),126.585090,45.699576,餐饮,中兴大道168号哈西万达广场3层3057号,餐饮服务;外国餐厅;韩国料理,4.4,86.00
玖和盛海鲜烤肉自助料理,126.647852,45.719582,餐饮,三大动力路8号乐松文化发展股份有限公司四层4-31号,餐饮服务;中餐厅;中餐厅,4.5,86.00
土老茂老汤剁馅自助水饺(仪兴街店),126.609841,45.728035,餐饮,仪兴街10号,餐饮服务;中餐厅;特色/地方风味餐厅,4.6,36.00
许榴记·榴莲千层(旅投国展店),126.640959,45.754395,餐饮,国展一楼比优特超市入口对面,餐饮服务;糕饼店;糕饼店,4.3,90.00
谭三娘鲜切牛肉自助火锅(凯旋广场店),126.646845,45.720315,餐饮,哈平路2号凯旋广场4楼,餐饮服务;中餐厅;火锅店,4.6,95.00
涮涮演绎自助小火锅(民生尚都店),126.503583,45.719132,餐饮,群力西区民生尚都二期(福园)B41-2号商服,餐饮服务;中餐厅;火锅店,4.2,22.00
喜三胖韩国自助烤肉,126.646215,45.720337,餐饮,凯旋广场负一层D-0005号商铺,餐饮服务;外国餐厅;韩国料理,4.6,60.00
抖碗香自助盒饭(宣西小区店),126.671052,45.757976,餐饮,十字街73号,餐饮服务;餐饮相关场所;餐饮相关,4.6,15.00
德善济麻辣面(南岗店),126.632405,45.755718,餐饮,松花江街34号,餐饮服务;餐饮相关场所;餐饮相关,4.3,23.00
鬼武士自助铁板烧(凯旋广场店),126.646872,45.720364,餐饮,凯旋新生活购物广场4层,餐饮服务;餐饮相关场所;餐饮相关,4.6,167.00
果然大地超级素食自助餐厅(民生荟店),126.654035,45.737512,餐饮,民生路182号民生荟生活广场一层B-21号,餐饮服务;餐饮相关场所;餐饮相关,4.5,22.00
肉士家自助烤肉(汇励99城市公园店)(暂停营业),126.606186,45.761684,餐饮,荆园路B-7号,餐饮服务;外国餐厅;韩国料理,3.2,68.00
小慧自助盒饭,126.521812,45.716170,餐饮,捞山路小慧自助盒饭229号,餐饮服务;中餐厅;中餐厅,4.5,14.00
小肚溜圆自助小火锅,126.604579,45.753826,餐饮,阳明街9号,餐饮服务;餐饮相关场所;餐饮相关,3.8,[]
国牛尚品安格斯鲜切牛肉自助火锅(香坊万达店),126.678150,45.740406,餐饮,赣水路68号餐饮楼3楼fb,餐饮服务;中餐厅;火锅店,4.6,84.00
阿尔卑斯西餐自助(哈西万达店),126.589086,45.700334,餐饮,哈西万达广场3层3008、3009号,餐饮服务;外国餐厅;外国餐厅,4.5,76.00
成科北虾滑自助老火锅(和兴商厦店),126.616754,45.732729,餐饮,西大直街与和兴路交叉口,餐饮服务;餐饮相关场所;餐饮相关,4.5,63.00
臻蜀牛鲜切牛肉自助火锅,126.676246,45.783789,餐饮,东直路118号百盛购物中心太平桥店B2层,餐饮服务;中餐厅;火锅店,4.5,97.00
合合自助快餐(六顺店),126.684595,45.735771,餐饮,三辅三道街56-40号,餐饮服务;中餐厅;中餐厅,4.7,16.00
谭三娘鲜切牛肉自助火锅(红博中央公园店),126.700038,45.756852,餐饮,红博中央公园3号门B2层右转200米,餐饮服务;中餐厅;火锅店,4.6,90.00
凤花梨简餐速品店,126.530387,45.733113,餐饮,朗江路与群力大道交叉口西北180米,餐饮服务;餐饮相关场所;餐饮相关,3.1,[]
雷滋滋烤肉自助(师大店),126.620025,45.721725,餐饮,文兴街24-8号,餐饮服务;餐饮相关场所;餐饮相关,4.5,39.00
轮渡海鲜自助,126.616575,45.778825,餐饮,中央大街222号百盛购物中心(中央大街店),餐饮服务;中餐厅;海鲜酒楼,4.1,[]
牛火火齐齐哈尔自助烤肉,126.663716,45.785361,餐饮,太古街32号副6号滨江新城F区,餐饮服务;外国餐厅;外国餐厅,4.4,57.00
小五自助盒饭(西桥住宅小区店),126.625615,45.741394,餐饮,贵新街136号西桥住宅小区,餐饮服务;中餐厅;中餐厅,4.3,17.00
杨记王牌自助骨头锅(比乐街店),126.657159,45.754110,餐饮,"果戈里大街与比乐街交口,比乐街135号",餐饮服务;中餐厅;火锅店,4.4,49.00
九隐日式料理,126.598125,45.690666,餐饮,哈西大街730号,餐饮服务;外国餐厅;日本料理,4.5,203.00
鸿旺自助盒饭,126.576840,45.728796,餐饮,工农大街46号报达文化嘉园,餐饮服务;中餐厅;中餐厅,4.1,[]
牛YO寿喜烧日式火锅自助(红博中央公园店),126.699466,45.757011,餐饮,红旗大街339号红博中央公园B2层,餐饮服务;外国餐厅;日本料理,4.6,165.00
遇见便当(哈西店),126.593343,45.707602,餐饮,哈西大街-247号悦城1-2层3号,餐饮服务;餐饮相关场所;餐饮相关,4.4,20.00
见滇云贵自助小火锅(金爵万象店),126.582808,45.698899,餐饮,中兴左街2号金爵万象商场6层606号,餐饮服务;中餐厅;火锅店,4.5,54.00
春秋自助烤肉海鲜火锅,126.654744,45.728747,餐饮,规划街5号(院内有停车场),餐饮服务;中餐厅;特色/地方风味餐厅,4.6,93.00
牛盛源自助烤肉,126.517218,45.721092,餐饮,群力第六大道3979号,餐饮服务;餐饮相关场所;餐饮相关,4.1,62.00
鑫燃碳火自助烤肉·火锅·烧烤(理工大学店),126.622639,45.715738,餐饮,科文街39号二楼,餐饮服务;中餐厅;特色/地方风味餐厅,4.2,54.00
郭淑芬鲜切牛肉自助老火锅(国润家饰城店),126.611108,45.704657,餐饮,中兴大道45号国润家饰城3号门二楼,餐饮服务;餐饮相关场所;餐饮相关,4.5,75.00
小金牛自助烤肉(宣庆街店),126.674660,45.758508,餐饮,宣庆街78号,餐饮服务;中餐厅;中餐厅,4.5,52.00
炸鸡草FCM给料西餐自助(凯旋广场店),126.646253,45.720217,餐饮,凯旋广场负1层D-0029,餐饮服务;餐饮相关场所;餐饮相关,4.3,34.00
江月雅集尔滨自助水果冰粉,126.629659,45.785195,餐饮,胜利街道江畔路162号,餐饮服务;餐饮相关场所;餐饮相关,3.7,[]
牛小蛙鲜切牛肉自选火锅,126.606636,45.717326,餐饮,清华大街64号,餐饮服务;中餐厅;火锅店,4.4,67.00
巴图安格斯鲜切牛羊自助火锅(哈尔滨首店),126.583009,45.698947,餐饮,中兴左街2号金爵万象商业广场内7层F705,餐饮服务;中餐厅;火锅店,4.4,83.00
一涮玖喜自助小火锅(红博中央公园店),126.700631,45.757210,餐饮,红博中央公园负二层公园食林一涮玖喜,餐饮服务;餐饮相关场所;餐饮相关,4.5,57.00
上墅院庭院海鲜烧烤(哈尔滨老工业博物馆店),126.593240,45.698800,餐饮,南兴街6号,餐饮服务;中餐厅;中餐厅,4.7,120.00
要饭盒子海鲜烤肉(哈尔滨店),126.589879,45.739220,餐饮,康安四道街19号,餐饮服务;中餐厅;特色/地方风味餐厅,4.6,81.00
哈达海鲜,126.619720,45.676914,餐饮,学府路277号哈达批发市场,购物服务;综合市场;水产海鲜市场,4.6,[]
庆赫隆海鲜酒楼(西城红场店),126.592241,45.705025,餐饮,西城红场商场3号老厂房独栋,餐饮服务;中餐厅;海鲜酒楼,4.7,168.00
庆赫隆海鲜酒楼(朗江路店),126.532241,45.735957,餐饮,群力第二大道朗江路2227号,餐饮服务;中餐厅;海鲜酒楼,4.7,152.00
于记香辣虾正宗三锹海鲜(顾乡店),126.585519,45.735899,餐饮,顾乡大街109号(距哈尔滨市第十医院步行850m),餐饮服务;中餐厅;火锅店,4.7,63.00
馨月海鲜四海香,126.678057,45.723644,餐饮,香坊大街街道香坊大街附186号,餐饮服务;中餐厅;海鲜酒楼,4.6,54.00
常茗海鲜匠心烤生蚝(河沟街店),126.652334,45.757683,餐饮,河沟街1号1层,餐饮服务;中餐厅;海鲜酒楼,4.6,86.00
小角海鲜渔家菜(群力店),126.549203,45.738044,餐饮,群力大道1888号,餐饮服务;中餐厅;海鲜酒楼,4.6,121.00
潮洋海鲜批发(康泰嘉园店),126.538715,45.713401,餐饮,高新技术产业开发区迎宾路集中区滇池东路1983号康泰嘉园商住小区18号楼1号商服,购物服务;综合市场;水产海鲜市场,4.4,[]
润恒海鲜市场,126.514961,45.841498,餐饮,昆明大街润恒国际食品交易中心北区,购物服务;综合市场;农副产品市场,4.3,[]
辣近龙虾 · 海鲜烧烤(群力店),126.575414,45.729562,餐饮,工农大街415号1-2层,餐饮服务;餐饮相关场所;餐饮相关,4.7,92.00
上墅院庭院海鲜烧烤(翠湖·新天地店),126.535882,45.731606,餐饮,融江路3030-8号翠湖新天地9号商墅,餐饮服务;中餐厅;中餐厅,4.7,151.00
北烤贝海鲜炭烧(桥东街店),126.625860,45.740583,餐饮,桥东街91-3号1层,餐饮服务;中餐厅;中餐厅,4.7,161.00
三叉戟海鲜(松北大润发店),126.528656,45.807901,餐饮,世贸大道414号大润发商服E126,餐饮服务;中餐厅;海鲜酒楼,4.5,[]
丹东人家肥蚬子海鲜烤肉(上江街店),126.576583,45.735230,餐饮,上江街35-2-1,餐饮服务;中餐厅;中餐厅,4.6,92.00
常茗海鲜(朗江路店),126.531058,45.732648,餐饮,朗江路1008号,餐饮服务;中餐厅;海鲜酒楼,4.5,97.00
兴粤楼潮汕海鲜大排档,126.536571,45.731517,餐饮,融江路3030-12号翠湖新天地4栋商墅,餐饮服务;中餐厅;海鲜酒楼,4.6,97.00
阿粤鱼捞海鲜斑鱼粥火锅(桦树渔香升级店),126.697196,45.787623,餐饮,桦树街180号(桦树街地铁站4号口旁),餐饮服务;中餐厅;火锅店,4.6,88.00
常茗海鲜风味烤生蚝(安国街店),126.609421,45.758339,餐饮,安国街173号(近安发桥),餐饮服务;中餐厅;海鲜酒楼,4.6,98.00
王家岛码头海鲜小馆(西宁南路店),126.585674,45.697535,餐饮,西宁南路55号与南兴街交口,餐饮服务;餐饮相关场所;餐饮相关,4.6,111.00
天起海鲜店,126.687417,45.722655,餐饮,横道街副6号,购物服务;综合市场;水产海鲜市场,4.3,[]
潮洋海鲜批发(纳帕英郡店),126.593976,45.688032,餐饮,永丰大街101号纳帕英郡,购物服务;综合市场;水产海鲜市场,4.4,[]
徐嘉蚝海鲜大排档,126.672757,45.763432,餐饮,马端街69号,餐饮服务;餐饮相关场所;餐饮相关,4.7,123.00
喜炙贝活烤海鲜烧肉(上江街店),126.576893,45.734923,餐饮,上江街33-2上层,生活服务;生活服务场所;生活服务场所,4.6,186.00
震海贝烤贝海鲜店,126.576876,45.734864,餐饮,上江街33-1号,餐饮服务;中餐厅;中餐厅,4.6,221.00
麒玖海鲜姿造火锅,126.528740,45.745567,餐饮,友谊西路5338号,餐饮服务;中餐厅;火锅店,4.6,200.00
泓玺堂海鲜火锅(群力·观江国际店),126.559025,45.743502,餐饮,景江西路2188号群力·观江国际,生活服务;生活服务场所;生活服务场所,4.5,88.00
王家岛码头海鲜小馆(哈西大街店),126.595060,45.704715,餐饮,哈西大街406号,餐饮服务;中餐厅;海鲜酒楼,4.6,125.00
四海香名宴蒸汽海鲜(金中环商业广场店),126.567189,45.735962,餐饮,群力第五大道1007号3楼,餐饮服务;中餐厅;海鲜酒楼,4.6,140.00
小七烤海鲜串店,126.542033,45.711837,餐饮,融江路761号,餐饮服务;中餐厅;中餐厅,4.6,76.00
蚝鲜生海鲜烧烤(中海寰宇天下店),126.541493,45.723910,餐饮,中海寰宇天下东1门旁,餐饮服务;中餐厅;特色/地方风味餐厅,4.5,77.00
澳深源海鲜批发(闽江路店),126.701569,45.747380,餐饮,闽江路137号,购物服务;综合市场;水产海鲜市场,4.5,[]
鲜海汇海鲜加工超市(漫步·巴黎店),126.571816,45.727211,餐饮,工农大街503号,购物服务;综合市场;水产海鲜市场,4.3,[]
小于家海鲜面,126.568733,45.730533,餐饮,群力第七大道639号,餐饮服务;中餐厅;海鲜酒楼,4.6,76.00
潮洋海鲜批发(悦达民生国际商服A1栋店),126.653009,45.737508,餐饮,民生三道街9号,购物服务;综合市场;水产海鲜市场,4.4,[]
天一海鲜店,126.964879,45.538307,餐饮,解放西大街211号,购物服务;综合市场;水产海鲜市场,4.3,[]
家鑫海鲜馆(哈西店),126.596212,45.699512,餐饮,哈西大街508号,餐饮服务;中餐厅;海鲜酒楼,4.6,201.00
有酒有肉特色海鲜烧烤,126.632770,45.705287,餐饮,征义路264号一层门室,餐饮服务;中餐厅;中餐厅,4.5,67.00
8号渔港海鲜排档,126.696722,45.748127,餐饮,闽江路191号拉林新村,餐饮服务;中餐厅;海鲜酒楼,4.5,202.00
常茗海鲜(闽江路店),126.697729,45.747861,餐饮,闽江路195号(会展中心地铁站4号口步行300米),餐饮服务;中餐厅;海鲜酒楼,4.5,95.00
四海香馨月海鲜(中华巴洛克店),126.652121,45.774901,餐饮,南极街47号(近滨江站),餐饮服务;中餐厅;海鲜酒楼,4.5,59.00
澳深源海鲜批发(裕赐俯季店),126.702778,45.763436,餐饮,淮河路105号,购物服务;综合市场;水产海鲜市场,4.5,[]
鲜美多海鲜超市(龙悦大厦店),126.696808,45.747547,餐饮,闽江路200-4,购物服务;综合市场;水产海鲜市场,4.4,[]
天一海鲜店(王岗店),126.549504,45.670208,餐饮,金莉园东南3门旁,购物服务;综合市场;水产海鲜市场,4.2,[]
千香万财海鲜烧烤,126.642661,45.605665,餐饮,兴建街45-8号,餐饮服务;中餐厅;特色/地方风味餐厅,4.5,75.00
老船长海鲜加工店(宾县店),127.490354,45.753704,餐饮,宾州镇迎宾西路18号,餐饮服务;中餐厅;海鲜酒楼,4.2,[]
金源海鲜批发,126.675240,45.785793,餐饮,新滨街51号(太平桥地铁站4A口步行190米),购物服务;综合市场;水产海鲜市场,4.3,[]
东北第一锹手抓海鲜(太平大街店),126.687179,45.789706,餐饮,太平大街165号,餐饮服务;餐饮相关场所;餐饮相关,4.2,64.00
老船长海鲜加工店(尚志店),127.992546,45.214209,餐饮,尚志镇腾飞路世纪华苑2号楼,餐饮服务;中餐厅;海鲜酒楼,4.1,[]
老船长海鲜加工店(阿城店),126.978375,45.540325,餐饮,高明北二胡同101号大树酒吧104号,餐饮服务;中餐厅;中餐厅,4.1,[]
多米天天海鲜(道外店),126.655675,45.782175,餐饮,南十四道街138号,购物服务;综合市场;水产海鲜市场,4.3,[]
渔悦海鲜超市(荣耀天地店),126.598794,45.737120,餐饮,通顺街43-3号荣耀天地,餐饮服务;中餐厅;海鲜酒楼,4.3,[]
蟹掌门海鲜超市(中海寰宇天下店),126.534436,45.724650,餐饮,朗江路627号19-12门市,购物服务;综合市场;水产海鲜市场,4.3,[]
威海海鲜家常菜(大众新城一期店),126.635202,45.693995,餐饮,征仪路512号,餐饮服务;中餐厅;海鲜酒楼,4.4,79.00
天一海鲜超市,126.696875,45.727126,餐饮,延福街227号,购物服务;综合市场;水产海鲜市场,4.2,[]
港达海鲜批发春江名都店,126.654690,45.716111,餐饮,乐园街70号,购物服务;专卖店;专营店,4.2,[]
大众海鲜坊(革新店),126.662254,45.753409,餐饮,革新街38-2号,购物服务;综合市场;水产海鲜市场,4.3,[]
四海香海鲜小馆,126.540359,45.740831,餐饮,丽江路4066号,餐饮服务;中餐厅;海鲜酒楼,4.4,107.00
牛做主自助烤肉海鲜,126.644735,45.604227,餐饮,建文街738楼5号楼,餐饮服务;餐饮相关场所;餐饮相关,4.4,94.00
鑫汇港海鲜批发(涧桥西畔店),126.587788,45.691969,餐饮,复旦街247号,购物服务;综合市场;水产海鲜市场,4.3,[]
赶海海鲜批发(世纪花园C区店),126.515461,45.809917,餐饮,祥安南大街辅路与世博路交叉口西北80米,购物服务;综合市场;水产海鲜市场,4.0,[]
超富达海鲜批发(会展店),126.702625,45.759343,餐饮,泰山北路63号,购物服务;综合市场;水产海鲜市场,4.2,[]
老地道烧烤海鲜坊,126.630463,45.754189,餐饮,上方街上方小区13号,餐饮服务;中餐厅;中餐厅,4.1,58.00
大鹏海鲜烧烤(建国北二道街),126.602417,45.752259,餐饮,建国北二道街1号(新阳路家乐福),餐饮服务;中餐厅;特色/地方风味餐厅,4.5,78.00
渔佳澳海鲜超市(万达·华园店),126.496519,45.810080,餐饮,恒源街1072号万达华园小区C11号楼1层21号,购物服务;综合市场;水产海鲜市场,4.3,[]
温州海鲜楼(温州国际商贸城店),126.640596,45.786059,餐饮,升平街28号,餐饮服务;中餐厅;海鲜酒楼,4.4,104.00
壹家海鲜烧烤店,126.527984,45.874136,餐饮,利民开发区学院路街道黑科技小区1A-03,餐饮服务;中餐厅;中餐厅,4.1,45.00
超富达海鲜批发何松店,126.581687,45.748929,餐饮,河松街173号,购物服务;综合市场;水产海鲜市场,4.2,[]
海凰宫海鲜超市(丽景花园店),126.543234,45.871321,餐饮,学院路丽景花园11L-2(米兰DC小区西门正对面),购物服务;综合市场;水产海鲜市场,4.2,[]
天一海鲜(南十六道街),126.658336,45.784280,餐饮,南十六道街80号,餐饮服务;中餐厅;海鲜酒楼,4.6,157.00
老太太烧烤海鲜大排档,126.641862,45.788963,餐饮,北七道街106-108号鲜肉烧烤海鲜小炒哈尔滨老店,餐饮服务;中餐厅;特色/地方风味餐厅,4.2,66.00
中华海鲜行(香坊店),126.666789,45.729756,餐饮,和祥路3号,购物服务;综合市场;水产海鲜市场,4.2,[]
潮小鲜海鲜生腌(中海云麓店),126.580450,45.689758,餐饮,中海云麓公馆二期s6-103,餐饮服务;中餐厅;特色/地方风味餐厅,4.4,81.00
第一家海鲜(煤建胡同店),127.487514,45.757392,餐饮,莱熏路,购物服务;综合市场;水产海鲜市场,3.9,[]
伟成海鲜烧烤(东莱街店),126.648530,45.779230,餐饮,东莱街91号,餐饮服务;中餐厅;特色/地方风味餐厅,4.4,65.00
天一海鲜,126.632012,45.602492,餐饮,新疆大街公社大街45号,购物服务;综合市场;水产海鲜市场,4.1,[]
鑫缘海鲜烤吧(丽景花园店),126.543130,45.872140,餐饮,学院路丽景花园9L-6号楼商服大学城地铁站二号口对面,餐饮服务;中餐厅;中餐厅,4.4,48.00
鲜贵坊海鲜超市(南岗店),126.608899,45.727246,餐饮,仪兴街93号,购物服务;综合市场;水产海鲜市场,4.1,[]
福合旺海鲜批发(美晨家园店),126.579677,45.732276,餐饮,工农大街93号,购物服务;综合市场;水产海鲜市场,4.2,[]
超富达海鲜批发,126.983214,45.537962,餐饮,中心城区体东小区2号楼3号门市,购物服务;综合市场;水产海鲜市场,4.0,[]
鲜贵坊海鲜超市(哈西店),126.574999,45.694204,餐饮,汇龙北纬45度3号门旁,购物服务;综合市场;水产海鲜市场,4.1,[]
嘬味海鲜小馆,126.571365,45.732346,餐饮,群力第七大道299号,餐饮服务;中餐厅;海鲜酒楼,4.4,91.00
运海海鲜批发(海富·第五大道店),126.561017,45.734354,餐饮,群力第五大道1486号,购物服务;综合市场;水产海鲜市场,4.1,[]
蟹满满海鲜小馆,126.539645,45.739183,餐饮,元江路61号,餐饮服务;餐饮相关场所;餐饮相关,4.3,54.00
馋嘴爷小龙虾海鲜烧烤(中粮二店),126.327605,45.367388,餐饮,中粮锦云世家小区北门西侧,餐饮服务;中餐厅;中餐厅,4.3,66.00
渔码头海鲜批发(湘江家园店),126.701897,45.741834,餐饮,泰山路75号,购物服务;综合市场;水产海鲜市场,4.2,[]
潮来海鲜烧烤店,126.691007,45.748350,餐饮,闽江路246号,餐饮服务;中餐厅;中餐厅,4.2,52.00
鲜贵坊海鲜批发(世博路店),126.537989,45.812032,餐饮,世博路535号,购物服务;综合市场;水产海鲜市场,4.1,[]
迎新海鲜超市(滨港水岸C区店),126.682200,45.798136,餐饮,新迎新街96号,购物服务;综合市场;水产海鲜市场,4.1,[]
渔公码头海鲜礼盒厂家团购店(红旗大街店),126.692195,45.732842,餐饮,红旗大街149-1号,购物服务;综合市场;水产海鲜市场,4.2,[]
阿杜海鲜行(马端街114号小区店),126.670442,45.763232,餐饮,马端街138号,购物服务;综合市场;水产海鲜市场,4.1,[]
天一海鲜(东风店),126.778323,45.788257,餐饮,天恒大街258号,餐饮服务;中餐厅;海鲜酒楼,3.9,[]
船先生海鲜批发(乐水街),126.608615,45.985103,餐饮,乐水街145号,购物服务;综合市场;水产海鲜市场,4.1,[]
哈尔滨市渔公码头海鲜礼盒团购中心先锋路店,126.685599,45.766290,餐饮,先锋路282号,购物服务;综合市场;水产海鲜市场,3.9,[]
天一海鲜(宏图店),126.706150,45.782432,餐饮,南棵绿荫小区理想苑,购物服务;综合市场;水产海鲜市场,4.1,[]
丹东海鲜店,128.826656,45.837928,餐饮,方正镇红古路186号,购物服务;综合市场;水产海鲜市场,4.1,[]
隆达海鲜超市(新松·茂樾山1期店),126.764698,45.745585,餐饮,新松茂樾山一期二号楼01商铺,餐饮服务;中餐厅;海鲜酒楼,4.1,[]
老太太烧烤海鲜(哈尔滨店),126.646784,45.758163,餐饮,建设大院北门西北60米,餐饮服务;中餐厅;中餐厅,4.3,33.00
九哥海鲜行,126.590268,45.736203,餐饮,利民街10号,购物服务;综合市场;水产海鲜市场|购物服务;专卖店;专营店,4.1,[]
莆田海鲜特产,126.624393,45.763153,餐饮,东安街36号(尚志大街地铁站3号口步行330米),购物服务;专卖店;土特产专卖店,3.9,[]
海利达海鲜饭店(和平小区店),128.044381,45.945395,餐饮,和平小区东北门西110米,购物服务;综合市场;水产海鲜市场|公司企业;公司;公司,4.0,[]
恩瑾海鲜零售批发,126.596755,45.755466,餐饮,达道街36-9号,购物服务;综合市场;水产海鲜市场,4.0,[]
老妈海鲜饺子馆(东莱街店),126.647613,45.778596,餐饮,东莱街145号,餐饮服务;中餐厅;特色/地方风味餐厅,4.1,21.00
天一海鲜(花园大街店),126.312390,45.369498,餐饮,花园大街哈肉联食品旁,购物服务;综合市场;水产海鲜市场,3.9,[]
鲜贵坊海鲜批发(东方玫瑰园店),126.694264,45.694544,餐饮,军立街42号东方玫瑰园门市,购物服务;综合市场;水产海鲜市场,3.9,[]
千香万财海鲜烧烤(南厂店),126.674187,45.587664,餐饮,联盟大街42-9号,餐饮服务;中餐厅;特色/地方风味餐厅,4.2,41.00
人杰鱼乐轩(创始店)俄罗斯海鲜直供餐厅,126.688042,45.737020,餐饮,珠江路08号,购物服务;专卖店;专营店|餐饮服务;餐饮相关场所;餐饮相关,4.5,225.00
渔公码头海鲜礼盒旗舰团购中心(上江街店),126.577093,45.734575,餐饮,上江街31-3号,购物服务;综合市场;水产海鲜市场,4.2,[]
三兄弟海鲜批发超市呼兰店,126.597574,45.984322,餐饮,兰河大街273号,购物服务;购物相关场所;购物相关场所,4.0,[]
于德军海鲜店,126.702155,45.760448,餐饮,红旗示范新区14栋4单元1层5号,餐饮服务;餐饮相关场所;餐饮相关,3.7,[]
温州农贸海鲜干货店,126.638239,45.785470,餐饮,升平街39-1,购物服务;专卖店;土特产专卖店,4.0,[]
7号海鲜烧烤(融创璟园店),126.717422,45.792408,餐饮,道口三道街融创璟园哈东路S12栋7号门市,餐饮服务;中餐厅;特色/地方风味餐厅,4.2,74.00
微微麻辣海鲜家常菜,126.660620,45.756750,餐饮,比乐街138号微微麻辣海鲜家常菜,餐饮服务;中餐厅;海鲜酒楼,4.3,100.00
月之鲜海鲜店(中海·紫御观邸店),126.531492,45.730860,餐饮,群力新区三环路与群力大道交口16栋一层十号,购物服务;综合市场;水产海鲜市场,4.1,[]
爱尚海鲜烧烤涮(爱建店),126.608615,45.759500,餐饮,安和街道安定街121号,餐饮服务;中餐厅;海鲜酒楼|餐饮服务;中餐厅;特色/地方风味餐厅,4.0,48.00
大志海鲜(哈量1区店),126.657471,45.738537,餐饮,民生头道街7号144栋1单元1号,购物服务;综合市场;水产海鲜市场,4.1,[]
中华海鲜店(哈西店),126.587855,45.694537,餐饮,辰能·溪树庭院(哈尔滨大街北中华海鲜店664-4号),购物服务;综合市场;水产海鲜市场,4.5,[]
鲜天下海鲜超市,126.629953,45.605518,餐饮,新祥里街4号(新疆大街地铁站1号口步行180米),购物服务;综合市场;水产海鲜市场,4.0,[]
天一海鲜超市(苏顺社区店),126.697071,45.727190,餐饮,延福街227号,购物服务;综合市场;水产海鲜市场,3.9,[]
天一海鲜大卖场,127.165243,44.922762,餐饮,五常镇雅臣路金泰商务宾馆旁边,购物服务;综合市场;水产海鲜市场,4.1,[]
阿贵海鲜店,126.598072,45.690925,餐饮,哈西大街与同济路交叉口北220米,餐饮服务;中餐厅;海鲜酒楼,4.1,62.00
多米天天海鲜(总店),126.700913,45.793495,餐饮,三棵树大街131号,购物服务;综合市场;水产海鲜市场,4.3,43.00
海汇海鲜(华远新家园店),126.575614,45.894125,餐饮,南京路华远新家园40栋10,购物服务;综合市场;水产海鲜市场,4.0,[]
胖子海鲜烧烤店,126.613429,45.771095,餐饮,高谊街31号胖子海鲜烧烤,餐饮服务;中餐厅;中餐厅,4.1,26.00
阿凡提海鲜烧烤(三棵小区店),126.695575,45.792192,餐饮,新江桥街41号,餐饮服务;中餐厅;特色/地方风味餐厅,3.9,54.00
小魏海鲜牛羊肉(平房东轻店),126.625679,45.605353,餐饮,东轻综合农贸市场小魏海鲜牛羊肉,购物服务;综合市场;农副产品市场,3.7,[]
千富海鲜,127.476477,45.754197,餐饮,成双家园南区南1门东100米,餐饮服务;中餐厅;海鲜酒楼,3.8,[]
鲜烤汇海鲜烧烤(春江名都店),126.656565,45.715247,餐饮,幸福路春江名都3号楼8号门市,餐饮服务;中餐厅;中餐厅,4.2,54.00
哈达海鲜批发(花园大街),126.312374,45.370216,餐饮,花园大街129号,购物服务;综合市场;水产海鲜市场,4.0,[]
海洋海鲜,126.760537,45.715811,餐饮,永泰城永昌路140号,购物服务;综合市场;水产海鲜市场,4.0,[]
大连海鲜(南东风路店),128.338756,45.454987,餐饮,大众广场3号楼1门市,购物服务;综合市场;水产海鲜市场,3.8,[]
海鲜超市折扣仓(红星凯悦店),126.556096,45.669534,餐饮,红星凯悦16栋15号商服,购物服务;综合市场;水产海鲜市场,3.8,[]
小超火锅烤肉海鲜羊肉片涮品店(河清街店),126.595614,45.755947,餐饮,河清街19号(公路大桥地铁站3号口步行230米),购物服务;综合市场;农副产品市场,4.2,65.00
聚园海鲜烧烤(中粮锦云世家店),126.328468,45.367551,餐饮,中粮锦云世家北门旁,餐饮服务;中餐厅;综合酒楼,4.1,52.00
信誉海鲜超市,126.605352,45.981600,餐饮,呼兰街道老教育局旁,购物服务;综合市场;水产海鲜市场,3.6,[]
贝壳海鲜小馆,127.152037,44.923907,餐饮,体育路75号,餐饮服务;中餐厅;海鲜酒楼,4.2,56.00
牛一啵齐市炭火烤肉小海鲜,126.695779,45.728372,餐饮,安埠街298号,餐饮服务;餐饮相关场所;餐饮相关,4.1,56.00
十年海鲜,126.594843,45.755101,餐饮,达道街3-3号,餐饮服务;中餐厅;海鲜酒楼,4.1,[]
夜焰海鲜烧烤(拖拉机厂小区店),126.605938,45.743694,餐饮,民庆街23-3号,餐饮服务;中餐厅;中餐厅,4.0,63.00
超富达海鲜(金山广场小区店),127.164510,44.927694,餐饮,金山广场小区2栋13号,购物服务;综合市场;水产海鲜市场,3.8,[]
志新海鲜烧烤,126.760189,45.715720,餐饮,永昌路150号,餐饮服务;中餐厅;综合酒楼,4.0,48.00
大连海鲜(哈达店),126.627425,45.779425,餐饮,"友谊路22号,鲜活海鲜厅13号",购物服务;综合市场;水产海鲜市场,3.8,[]
北门超富达海鲜批发(金谷家园店),126.306313,45.375204,餐饮,金谷家园西北门东220米,购物服务;综合市场;水产海鲜市场,4.1,[]
天一海鲜(薛家店),126.482504,45.666308,餐饮,薛家镇,购物服务;综合市场;水产海鲜市场,3.9,[]
酒香人家老船长海鲜加工店(西同庆街店),128.320126,45.447920,餐饮,锦秀丽都,餐饮服务;中餐厅;海鲜酒楼,4.3,96.00
佳一禾海鲜果蔬超市(滨才城尚品阳光店),126.515163,45.876856,餐饮,滨才城尚品阳光k7号商服,购物服务;综合市场;水产海鲜市场,4.0,[]
大吉特色小海鲜坊(先锋庭院店),126.608355,45.759151,餐饮,安定街125号,餐饮服务;中餐厅;海鲜酒楼,3.9,119.00
肥虾肥蟹麻辣海鲜(松北店),126.529744,45.807787,餐饮,世茂大道城市之星步行街B116门市肥虾蟹,餐饮服务;中餐厅;海鲜酒楼,4.0,122.00
嗨一麻捞汁小海鲜(融创·中园店),126.490954,45.811536,餐饮,规划04路以东规划05路以西规划82路以北第A3-3栋104号,餐饮服务;餐饮相关场所;餐饮相关,4.0,61.00
老太太烧烤海鲜(学府第二分店),126.621549,45.713079,餐饮,学府三道街29-1号一楼门市2单元一楼一门,餐饮服务;中餐厅;中餐厅,4.2,70.00
亿顺达海鲜特色烧烤,129.410169,46.171694,餐饮,依达公路与江山街交汇处西100米,餐饮服务;中餐厅;特色/地方风味餐厅,4.0,64.00
百姓海鲜超市(维也纳河畔新城B区店),126.686465,45.789454,餐饮,太平大街147号,购物服务;购物相关场所;购物相关场所,4.1,[]
肥虾肥蟹麻辣海鲜小龙虾(太平桥店),126.673608,45.784615,餐饮,永平小区202栋(太平桥地铁站1号口步行460米),餐饮服务;快餐厅;快餐厅,4.1,50.00
东港海鲜行(康居大楼店),127.163934,44.914891,餐饮,雅臣路与开发大街交叉口东南20米,购物服务;综合市场;水产海鲜市场,4.0,[]
天一海鲜(红旗路店),127.478209,45.751378,餐饮,振兴小区东北门旁,购物服务;综合市场;水产海鲜市场,3.9,[]
鸿鹏海鲜俄货,126.969158,45.542711,餐饮,延川大街556号(朝阳装饰城正门北行100米路西),购物服务;购物相关场所;购物相关场所,3.5,[]
小田海鲜行,126.619625,45.677725,餐饮,学府路277号哈达海鲜冻货区16号,购物服务;综合市场;水产海鲜市场,3.7,[]
海鲜之家,128.829075,45.836800,餐饮,方正镇中央大街西市场南门东10米,购物服务;综合市场;水产海鲜市场,3.5,[]
爱利斯海鲜批发(发达路店),126.313394,45.379336,餐饮,明城华都东2门旁,购物服务;综合市场;水产海鲜市场,3.8,[]
龙晶羊肉海鲜大卖场,126.579587,45.726679,餐饮,迎宾小区116栋7门,购物服务;综合市场;农副产品市场,3.5,[]
哈达海鲜超市,127.478725,45.755566,餐饮,宏伟家园西南1门旁,购物服务;综合市场;水产海鲜市场,3.6,[]
俩胖海鲜烧烤,126.600365,45.755167,餐饮,河江街47号,餐饮服务;中餐厅;中餐厅,4.3,39.00
嗨一麻捞汁小海鲜店(道理店),126.609277,45.760787,餐饮,安定街与正义街交叉口西南20米,餐饮服务;中餐厅;海鲜酒楼,4.0,38.00
聚源海鲜(置信·澜悦东方店),126.676627,45.700260,餐饮,置信·澜悦东方北门东80米,购物服务;综合市场;水产海鲜市场,3.7,[]
8号海鲜(中海寰宇天下店),126.540761,45.723256,餐饮,[],餐饮服务;中餐厅;海鲜酒楼,4.2,83.00
天添海鲜超市(南郡豪庭店),126.663785,45.585609,餐饮,新国街014号,购物服务;购物相关场所;购物相关场所,4.1,[]
鲜聚源海鲜批发超市(道口街店),126.717428,45.792319,餐饮,道口三道街,购物服务;综合市场;水产海鲜市场,3.8,[]
天河海鲜预处理专门店,126.619219,45.676695,餐饮,学府路哈达海鲜市场105号,购物服务;综合市场;水产海鲜市场,3.8,[]
鲜得乐海鲜店,127.164934,44.918644,餐饮,通达大街56号(大配件),购物服务;综合市场;水产海鲜市场,3.8,[]
海洋海鲜超市,126.605688,45.830064,餐饮,东北亚大街与蒲阳路交叉口东北方向260米,购物服务;综合市场;水产海鲜市场,4.2,[]
怡源海鲜,126.631557,45.602576,餐饮,公社大街与友协西四道街交叉口西南20米,购物服务;购物相关场所;购物相关场所,3.8,[]
渔公码头海鲜礼盒哈尔滨总经销,126.574123,45.728679,餐饮,群力新区工农大街447号,购物服务;综合市场;水产海鲜市场,4.2,[]
天一海鲜超市(中央财富广场A座店),127.967131,45.214458,餐饮,中央财富广场A座商服单元105号,购物服务;综合市场;水产海鲜市场,4.0,[]
依兰县海品汇海鲜批发店,129.560142,46.318568,餐饮,依兰镇关岳小区3号楼1号门市,购物服务;综合市场;水产海鲜市场,3.9,[]
丹东海鲜批发(会展城上城星御店),126.773304,45.750782,餐饮,会展城上城四期B2-112门市,餐饮服务;中餐厅;海鲜酒楼,4.3,49.00
大明海鱼海鲜,126.664922,45.753261,餐饮,文教街革新宣化气配城一楼五区177-179号,餐饮服务;中餐厅;中餐厅,4.1,90.00
伊琳海鲜(明达花园示范小区店),126.597475,45.980875,餐饮,明达花园示范小区东2门旁,餐饮服务;中餐厅;中餐厅,3.7,[]
晓旭海鲜批发行,126.619825,45.676825,餐饮,学府路277号海鲜交易厅内一层13号,购物服务;综合市场;水产海鲜市场,3.9,[]
慧姐海鲜批发,126.590490,45.736583,餐饮,新华街11-9号,餐饮服务;中餐厅;海鲜酒楼,3.7,[]
味鲜阁海鲜烧烤(好民居滨港水岸金街店),126.683595,45.797069,餐饮,滨港水岸D区东区东北1门旁,餐饮服务;中餐厅;中餐厅,4.0,71.00
鑫汇港海鲜,126.677355,45.700979,餐饮,松海路133号F4栋108,购物服务;综合市场;水产海鲜市场,4.0,[]
民一海鲜店,126.838107,45.701853,餐饮,成高子大街与哈成路交叉口东北220米,购物服务;综合市场;水产海鲜市场,3.8,[]
盛源海鲜批发,127.110431,46.439857,餐饮,人民大街217号,购物服务;综合市场;水产海鲜市场,3.7,[]
天意精品海鲜,126.627036,45.779279,餐饮,道里区友谊路26号,购物服务;综合市场;水产海鲜市场,3.9,[]
龙门花甲·锡纸小海鲜(哈尔滨南岗电缆街店),126.621261,45.669057,餐饮,电缆街1号(哈尔滨南站地铁站3号口步行200米),餐饮服务;餐饮相关场所;餐饮相关,4.0,24.00
海之韵海鲜(友谊大厦店),126.627325,45.779125,餐饮,友谊路26号(兆麟公园地铁站2号口步行310米),购物服务;综合市场;水产海鲜市场,3.8,[]
杜氏海鲜店(友谊大厦店),126.627995,45.779357,餐饮,一面街170号,购物服务;综合市场;水产海鲜市场,3.8,[]
肥虾肥蟹麻辣海鲜(省政府店),126.650982,45.737241,餐饮,文化街14-2号,餐饮服务;餐饮相关场所;餐饮相关,4.1,25.00
味思阁海鲜便利店·房产中介,126.659626,45.772937,餐饮,极乐五道街副1号,购物服务;便民商店/便利店;便民商店/便利店,3.6,[]
吉庆海鲜行,126.590529,45.736565,餐饮,新华街与利民街交叉口北20米,购物服务;综合市场;水产海鲜市场,3.5,[]
鲤鲜生海鲜超市,126.711627,45.690734,餐饮,东三三道街125号,购物服务;综合市场;水产海鲜市场,3.9,[]
宏鑫海鲜行,128.752871,45.973604,餐饮,新大千东南1门旁,购物服务;综合市场;水产海鲜市场,3.6,[]
圣焱海鲜超市,127.484982,45.756590,餐饮,宾州镇胜利街水务局职工住宅楼商服113,餐饮服务;餐饮相关场所;餐饮相关,3.7,[]
丹东海鲜,128.394193,44.941534,餐饮,长安路与黑龙胡同交叉口西南40米,餐饮服务;中餐厅;中餐厅,3.4,[]
大连海鲜店,128.608798,44.931384,餐饮,亚布力镇和平路政府3号楼1楼东第二门市西南方向45米,餐饮服务;中餐厅;海鲜酒楼,3.6,[]
品尚品海鲜店,126.194148,45.633009,餐饮,太平镇中心大街237号,购物服务;综合市场;水产海鲜市场,3.4,[]
鲜活海鲜厅,126.627155,45.779108,餐饮,友谊路26号哈达海鲜批发市场,餐饮服务;中餐厅;中餐厅,4.1,[]
小螺号海鲜家常菜,127.987904,45.211775,餐饮,铁通路新都明珠商服,餐饮服务;中餐厅;海鲜酒楼,4.2,85.00
北伴岛小海鲜店(安乐店),126.651973,45.718816,餐饮,三大动力路60号,餐饮服务;餐饮相关场所;餐饮相关,4.2,40.00
梓航海鲜,126.546102,45.865609,餐饮,柒季城60号楼,购物服务;综合市场;水产海鲜市场,4.3,[]
锅有财铁锅炖(哈尔滨总店)(暂停营业),126.534162,45.725591,餐饮,群力第六大道朗江路755号,餐饮服务;中餐厅;东北菜,4.5,59.00
十里八村铁锅炖(哈尔滨南岗区),126.628519,45.683778,餐饮,健兴路143号(阿里巴巴烧烤南侧),餐饮服务;中餐厅;中餐厅,4.4,34.00
山河屯铁锅炖(中央大街店),126.618893,45.778229,餐饮,中央大街199号五层,餐饮服务;餐饮相关场所;餐饮相关,4.8,66.00
灶座小锅烀饼·铁锅炖(中央大街店),126.612954,45.776261,餐饮,通江街165号1-2层2号,餐饮服务;中餐厅;中餐厅,4.7,54.00
王记柴火老院铁锅炖,126.661354,45.754623,餐饮,分部街41号,餐饮服务;中餐厅;中餐厅,4.7,55.00
柴火老院铁锅炖(花园街总店),126.658672,45.767733,餐饮,花园街153号(烟厂地铁站4号口步行280米),餐饮服务;中餐厅;中餐厅,4.7,49.00
老姜婆柴火铁锅炖(道里店),126.592032,45.757605,餐饮,河洲街36号,餐饮服务;中餐厅;中餐厅,4.7,50.00
大嫂铁锅炖(汉广街店),126.624320,45.735386,餐饮,汉广街61号,餐饮服务;中餐厅;东北菜,4.7,61.00
灶座小锅烀饼·铁锅炖(全国总店),126.669816,45.758301,餐饮,平准街38-14号(近宣化街),餐饮服务;中餐厅;中餐厅,4.7,45.00
高粱红了铁锅炖(哈西店),126.587206,45.697081,餐饮,西宁南路88-1号,餐饮服务;中餐厅;中餐厅,4.7,49.00
晓丰收柴火铁锅炖(中央大街总店),126.621728,45.768878,餐饮,西十四道街34号,餐饮服务;餐饮相关场所;餐饮相关,4.7,50.00
柴火老院铁锅炖(中央大街旗舰店),126.613002,45.776258,餐饮,通江街道通江街165号1-2层3号,餐饮服务;中餐厅;中餐厅,4.6,47.00
大嫂铁锅炖(十字街店),126.670992,45.761283,餐饮,十字街122号,餐饮服务;中餐厅;中餐厅,4.7,57.00
灶座小锅烀饼·铁锅炖(文景街店),126.649311,45.739623,餐饮,文昌街120号1栋1层,餐饮服务;餐饮相关场所;餐饮相关,4.7,57.00
高粱红了铁锅炖(马端街店),126.669701,45.763303,餐饮,马端街148号,餐饮服务;中餐厅;东北菜,4.7,47.00
众翔老关东铁锅炖(爱建店),126.606499,45.767631,餐饮,安宁街213号,餐饮服务;中餐厅;中餐厅,4.6,49.00
柴火老院铁锅炖(中央大街店),126.629134,45.768026,餐饮,田地街76号,餐饮服务;中餐厅;中餐厅,4.7,58.00
山河屯铁锅炖(哈西宜家店),126.596514,45.692941,餐饮,哈西大街、复旦街、哈尔滨大街、哈西继红小学围合区域第S7栋1-2层06号,餐饮服务;中餐厅;中餐厅,4.7,58.00
灶座小锅烀饼·铁锅炖(保健路店),126.636381,45.699366,餐饮,保健路与征仪路交汇处大众新城小区GB栋1-2层1号,餐饮服务;中餐厅;中餐厅,4.6,64.00
柴火人家铁锅炖(安祥街店),126.614388,45.757125,餐饮,安祥街60号,餐饮服务;中餐厅;中餐厅,4.6,61.00
粮满仓巷子里柴火铁锅炖,126.598858,45.708018,餐饮,尤家街192号,餐饮服务;中餐厅;中餐厅,4.7,69.00
高粱红了铁锅炖(中央大街通江街店),126.615521,45.771708,餐饮,通江街59号(中央大街地铁站1号口步行300米),餐饮服务;中餐厅;中餐厅,4.6,54.00
柴火老院铁锅炖旗舰店(新阳路),126.605221,45.748729,餐饮,建议街6号,餐饮服务;中餐厅;中餐厅,4.6,47.00
山河屯铁锅炖(赣水路店),126.689895,45.739861,餐饮,赣水路222号1层18号,餐饮服务;中餐厅;中餐厅,4.7,61.00
灶座小锅烀饼·铁锅炖(湘江路店),126.697394,45.741577,餐饮,湘江路24号,餐饮服务;中餐厅;东北菜,4.6,61.00
福成厚大生活铁锅炖(松北首店),126.577324,45.818148,餐饮,龙江第一村村二路999-9号,餐饮服务;中餐厅;中餐厅,4.6,75.00
王记柴火老院铁锅炖(中央大街索菲亚店),126.628944,45.768952,餐饮,地段街94号,餐饮服务;中餐厅;东北菜,4.6,51.00
柴火铁锅炖,126.521113,45.806483,餐饮,世茂大道92号地中海1区2期A栋1-3层119号,餐饮服务;中餐厅;东北菜,4.6,50.00
高粱红了铁锅炖(保健路),126.632094,45.699507,餐饮,保健路93号(征仪路地铁站1号口步行200米),餐饮服务;中餐厅;中餐厅,4.7,56.00
山河屯铁锅炖(草市街店),126.647118,45.778450,餐饮,草市街1号,餐饮服务;中餐厅;中餐厅,4.7,71.00
灶座小锅烀饼·铁锅炖(群力滇池店),126.543275,45.712950,餐饮,滇池东路1118号(CS2号楼7号一层商服),餐饮服务;中餐厅;中餐厅,4.7,64.00
鱼窝棚·铁锅炖(红旗大街店),126.690217,45.730703,餐饮,红旗大街100号2号楼,餐饮服务;中餐厅;中餐厅,4.6,52.00
冯掌柜柴火铁锅炖(中央大街店),126.607742,45.774471,餐饮,工程街副40号(人民广场地铁站1号口步行260米),餐饮服务;餐饮相关场所;餐饮相关,4.6,44.00
柴火老院铁锅炖(秋林哈站店),126.645517,45.761955,餐饮,阿什河街66-8号,餐饮服务;中餐厅;中餐厅,4.6,47.00
高粱红了铁锅炖(学院路店),126.547398,45.873566,餐饮,学院路162号,餐饮服务;中餐厅;中餐厅,4.6,49.00
山河屯铁锅炖(幸福路店),126.653279,45.716425,餐饮,幸福路45号春江家园,餐饮服务;中餐厅;中餐厅,4.7,71.00
灶座小锅烀饼·铁锅炖(第七大道店),126.571450,45.732535,餐饮,群力第七大道269号7栋1-2层14号,餐饮服务;中餐厅;东北菜,4.6,62.00
鱼窝棚·铁锅炖(通乡店),126.679620,45.694622,餐饮,藏医医院东门旁,餐饮服务;中餐厅;中餐厅,4.6,60.00
北乡铁锅炖,126.635343,45.757244,餐饮,民益街149-1号,餐饮服务;中餐厅;中餐厅,4.6,47.00
新农村铁锅炖,126.607721,45.757803,餐饮,安定街169号(与安发街交叉口南50米),餐饮服务;中餐厅;中餐厅,4.7,66.00
高粱红了铁锅炖(松北店),126.529517,45.809010,餐饮,世贸大道271号,餐饮服务;中餐厅;中餐厅,4.6,57.00
山河屯铁锅炖(宏伟路店),126.697124,45.780200,餐饮,宏伟路131号4栋,餐饮服务;中餐厅;中餐厅,4.7,63.00
灶座小锅烀饼·铁锅炖(新疆大街店),126.624281,45.603483,餐饮,新谊街1号1-2层,餐饮服务;中餐厅;中餐厅,4.6,56.00
德心三嫂铁锅炖总店(人和街店),126.660183,45.759121,餐饮,人和街40号,餐饮服务;中餐厅;中餐厅,4.5,72.00
大王屯铁锅炖(万象汇店),126.539922,45.810186,餐饮,聚源街103号大正莅江小区10号楼2号商服,餐饮服务;中餐厅;中餐厅,4.6,51.00
营信刘罗锅铁锅炖(民安街店),126.612173,45.746743,餐饮,共乐街道民安街168号,餐饮服务;中餐厅;中餐厅,4.6,63.00
威虎山下铁锅炖,126.637458,45.782035,餐饮,景阳街与靖宇街交汇处中华巴洛克历史文化街区A4栋,餐饮服务;中餐厅;中餐厅,4.6,67.00
山河屯铁锅炖(黄河路店),126.690476,45.755108,餐饮,黄河路73-1新苑小区门市,餐饮服务;中餐厅;中餐厅,4.7,66.00
灶座小锅烀饼·铁锅炖(学院路店),126.545789,45.873336,餐饮,学院路南侧米兰DC第A幢6号房,餐饮服务;中餐厅;东北菜,4.6,62.00
灶台福铁锅炖(南直路店),126.706193,45.733517,餐饮,南直路17号(与公滨路交叉口),餐饮服务;中餐厅;中餐厅,4.6,54.00
柴火老院铁锅炖(创始店),126.699121,45.747671,餐饮,拉林小区3栋7单元1层1号门市,餐饮服务;中餐厅;中餐厅,4.6,47.00
合合铁锅炖·酱骨·炖大鹅(秋林店),126.658387,45.766918,餐饮,三姓街60号与花园街街口(距地铁烟厂站4号口步行450m),餐饮服务;中餐厅;中餐厅,4.6,50.00
刘老二铁锅炖(保障华庭小区东区店),126.652803,45.781063,餐饮,太古街352号,餐饮服务;中餐厅;中餐厅,4.6,81.00
山河屯铁锅炖(鸿翔路店),126.673925,45.745145,餐饮,鸿翔路35号1-4层,餐饮服务;中餐厅;中餐厅,4.7,80.00
灶座小锅烀饼·铁锅炖(南京路店),126.562782,45.890364,餐饮,南京路绿海田园社区梧桐园3栋1层A座商服,餐饮服务;餐饮相关场所;餐饮相关,4.6,39.00
屯二丫铁锅炖鱼(湖畔绿色家园店),126.502635,45.826041,餐饮,龙轩路3349号,餐饮服务;中餐厅;东北菜,4.6,65.00
杨家沟铁锅炖(中央大街店),126.619011,45.762926,餐饮,安宁街55号,餐饮服务;餐饮相关场所;餐饮相关,4.7,69.00
德心三嫂铁锅炖(安阳路店),126.582028,45.737782,餐饮,安阳路232号门市,餐饮服务;中餐厅;中餐厅,4.5,54.00
屯二丫铁锅炖(哈西店),126.588066,45.694408,餐饮,哈尔滨大街664-5号,餐饮服务;中餐厅;中餐厅,4.6,66.00
山河屯铁锅炖(自兴街店),126.606014,45.718387,餐饮,学府路1号福顺尚都幼儿园楼1层4号(现自兴街71号),餐饮服务;中餐厅;中餐厅,4.6,76.00
老俩口木火铁锅炖(平房区店),126.643108,45.607211,餐饮,兴建街49号金色嘉园,餐饮服务;餐饮相关场所;餐饮相关,4.6,50.00
屯二丫铁锅炖(融创店),126.499110,45.801006,餐饮,恒源街18号,餐饮服务;餐饮相关场所;餐饮相关,4.6,48.00
柴火老院铁锅炖(索菲亚教堂店),126.628661,45.769225,餐饮,地段街102号,餐饮服务;餐饮相关场所;餐饮相关,4.6,44.00
三嫂铁锅炖(保障华庭小区东区店),126.652978,45.781112,餐饮,太古街350号,餐饮服务;中餐厅;中餐厅,4.6,57.00
德心三嫂铁锅炖(仪兴街店),126.609510,45.727617,餐饮,仪兴街28号,餐饮服务;餐饮相关场所;餐饮相关,4.5,48.00
山河屯铁锅炖(金安国际店),126.618039,45.771275,餐饮,大安街19号楼17号2层,餐饮服务;中餐厅;中餐厅,4.7,71.00
鹅婆婆铁锅炖(中山路店),126.648101,45.754000,餐饮,河沟街64号,餐饮服务;中餐厅;中餐厅,4.6,50.00
酺香村铁锅炖,126.696227,45.781212,餐饮,宏图街173号,餐饮服务;中餐厅;中餐厅,4.5,62.00
地主大院铁锅炖(平房店),126.644383,45.604148,餐饮,建文街附18号哈飞兴建家园738楼7号,餐饮服务;中餐厅;中餐厅,4.5,49.00
晓丰收柴火铁锅炖(中央大街二店),126.617413,45.771105,餐饮,大安街41号(中央大街地铁站1号口步行300米),餐饮服务;中餐厅;中餐厅,4.6,50.00
醉北方柴火铁锅炖,126.630049,45.766163,餐饮,地段街18号(尚志大街地铁站2号口步行420米),餐饮服务;中餐厅;中餐厅,4.5,53.00
山河屯铁锅炖(太平大街店),126.681253,45.787572,餐饮,太平大街30号,餐饮服务;中餐厅;中餐厅,4.7,66.00
屯二丫铁锅炖(松北一路店),126.561040,45.808086,餐饮,松北镇松北新区怡园村C栋1-2层3号,餐饮服务;中餐厅;中餐厅,4.5,41.00
高粱红了铁锅炖(新疆大街店),126.625388,45.603828,餐饮,新疆大街149号,餐饮服务;中餐厅;中餐厅,4.5,45.00
巷子里铁锅炖(学府店),126.624118,45.713387,餐饮,学府三道街23-5巷子里铁锅炖,餐饮服务;中餐厅;中餐厅,4.5,45.00
柴火老灶铁锅炖(中央大街总店),126.619588,45.767231,餐饮,经纬三道街8号(中央大街地铁站1号口步行430米),餐饮服务;中餐厅;中餐厅,4.6,65.00
三嫂铁锅炖(辽河路店),126.696231,45.765070,餐饮,辽河路105号,餐饮服务;中餐厅;中餐厅,4.5,57.00
山河屯铁锅炖(花园街店),126.652468,45.761986,餐饮,花园街282号1-2层,餐饮服务;中餐厅;中餐厅,4.6,72.00
老渔湾铁锅炖(泰山路店),126.702261,45.748148,餐饮,华鸿路98号,餐饮服务;中餐厅;山东菜(鲁菜),4.6,70.00
众翔老关东铁锅炖(西十四道街店),126.620725,45.768740,餐饮,西十四道街64号,餐饮服务;中餐厅;中餐厅,4.5,44.00
鑫禧禾铁锅炖(哈特店),126.623958,45.742010,餐饮,西大直街与铁路街交叉口西20米,餐饮服务;中餐厅;中餐厅,4.6,76.00
门家大院铁锅炖(中央大街哈站店),126.622879,45.761851,餐饮,抚顺街14号,餐饮服务;餐饮相关场所;餐饮相关,4.6,59.00
小苞米小锅烀饼铁锅炖(爱建店),126.600325,45.763812,餐饮,上海街9-2号,餐饮服务;餐饮相关场所;餐饮相关,4.5,55.00
山河屯铁锅炖(平房店),126.642639,45.603956,餐饮,建文街11-4号,餐饮服务;中餐厅;中餐厅,4.6,67.00
二民铁锅炖,128.506292,44.757225,餐饮,亚布力镇青云小镇青云路与西四街交叉口北135米,餐饮服务;餐饮相关场所;餐饮相关,4.5,77.00
德心三嫂铁锅炖(索菲亚教堂店),126.629020,45.774492,餐饮,买卖街192-2号,餐饮服务;中餐厅;中餐厅,4.5,51.00
大嫂铁锅炖(上江街店),126.578517,45.733043,餐饮,上江街19-2号,餐饮服务;中餐厅;火锅店,4.5,74.00
山河屯铁锅炖(学院路店),126.552760,45.872720,餐饮,利民开发区学院路泓林金色地标14栋5号商服,餐饮服务;中餐厅;中餐厅,4.7,66.00
山河屯铁锅炖爱建店(中央大街二店),126.607782,45.761104,餐饮,安隆街79号,餐饮服务;中餐厅;东北菜,4.7,67.00
山河屯铁锅炖(顾乡店),126.585326,45.735885,餐饮,顾乡大街113号17栋4单元-1-2层115号-1-2层5号,餐饮服务;中餐厅;中餐厅,4.7,58.00
山河屯铁锅炖(哈西悦城店),126.593257,45.707960,餐饮,哈西大街-231号悦城,餐饮服务;中餐厅;东北菜,4.7,74.00
山河屯铁锅炖(民生路店),126.667787,45.732863,餐饮,民生东六道街38号黑龙江省政府司法厅家属楼,餐饮服务;中餐厅;中餐厅,4.6,59.00
山河屯铁锅炖(南京路店),126.569656,45.889976,餐饮,利民开发区南京路绿海田园社区紫竹园1栋1层D2号商服,餐饮服务;中餐厅;中餐厅,4.6,69.00
山河屯铁锅炖(银泰城店),126.540745,45.739240,餐饮,银泰城悦街E035号、E036号、E037、E038、E042号商铺,餐饮服务;中餐厅;中餐厅,4.6,77.00
山河屯铁锅炖(民生尚都店),126.523367,45.721389,餐饮,群力第六大道3492号F区38栋1-3层5号,餐饮服务;中餐厅;中餐厅,4.7,65.00
山河屯铁锅炖(群力家园店),126.540144,45.712383,餐饮,伊春路、龙章路、东湖路地段群力家园Q-4栋1-2层1号商服,餐饮服务;中餐厅;中餐厅,4.6,68.00
山河屯铁锅炖(保健路店),126.635975,45.699325,餐饮,保健路14号(征仪路地铁站3号口步行120米),餐饮服务;中餐厅;中餐厅,4.6,70.00
山河屯铁锅炖(松北店),126.525213,45.807465,餐饮,世茂大道182号,餐饮服务;中餐厅;中餐厅,4.7,57.00
武小辉铁锅炖(松浦·观江国际A区店),126.646135,45.816652,餐饮,松浦大道208号,餐饮服务;餐饮相关场所;餐饮相关,4.6,49.00
巷子里铁锅炖(群力店),126.572461,45.727672,餐饮,工农大街485号,餐饮服务;中餐厅;中餐厅,4.5,44.00
鑫禧禾铁锅炖(融创·融园店),126.493959,45.801778,餐饮,丰源路融创融园二期S2栋-3号-4号商服,餐饮服务;中餐厅;中餐厅,4.7,67.00
北乡铁锅炖(索菲亚店),126.624137,45.768568,餐饮,尚志大街51号(尚志大街地铁站1号口步行350米),餐饮服务;中餐厅;东北菜,4.5,47.00
乡里乡亲铁锅炖,126.659539,45.703551,餐饮,三合路341-343号,餐饮服务;中餐厅;中餐厅,4.5,52.00
珍东北铁锅炖,126.622138,45.716850,餐饮,测绘路142号,餐饮服务;中餐厅;东北菜,4.6,45.00
秦记老屯铁锅炖(通达店),126.616216,45.738733,餐饮,清明四道街54-2号,餐饮服务;中餐厅;东北菜,4.6,44.00
老俩口回家铁锅炖(哈西店),126.589831,45.688200,餐饮,哈尔滨大街777号纳帕英郡,餐饮服务;中餐厅;中餐厅,4.6,47.00
于家柴火铁锅炖,126.651816,45.756534,餐饮,果戈里大街270号,餐饮服务;中餐厅;中餐厅,4.4,39.00
林家铁锅炖X小锅烀饼,126.629440,45.768669,餐饮,地段街与田地街交叉口北40米,餐饮服务;中餐厅;中餐厅,4.5,62.00
东北人家铁锅炖,126.613125,45.742619,餐饮,通达街副197-6号,餐饮服务;餐饮相关场所;餐饮相关,4.5,40.00
山河屯铁锅炖(阿城店),126.975800,45.543150,餐饮,牌路大街440号,餐饮服务;中餐厅;东北菜,4.6,57.00
大地锅木火铁锅炖(农垦店),126.527982,45.872913,餐饮,学院路群英街1382号(教师公寓2号楼10门),餐饮服务;中餐厅;中餐厅,4.3,40.00
老家乡铁锅炖(安丰街店),126.614031,45.764469,餐饮,安丰街44号(安丰街与安国街交口),餐饮服务;中餐厅;中餐厅,4.5,40.00
诚信向阳屯铁锅炖饭店(哈尔滨香坊区),126.689261,45.739951,餐饮,赣水路副222-3号,餐饮服务;中餐厅;中餐厅,4.6,48.00
王家大院铁锅炖(红旗·Mall购物中心店),126.627161,45.605146,餐饮,新友街15-1号,餐饮服务;中餐厅;中餐厅,4.4,50.00
山里屯铁锅炖(鸿朗花园2期店),126.598535,45.709446,餐饮,尤家街158号,餐饮服务;中餐厅;东北菜,4.5,66.00
金秀老江湾铁锅炖(总店),126.524361,45.873917,餐饮,学院路街道学院路金泰蓝郡四号楼六门,餐饮服务;中餐厅;中餐厅,4.3,51.00
鑫禧禾铁锅炖(哈药路店),126.596200,45.756872,餐饮,哈药路350号(公路大桥地铁站3号口步行80米),餐饮服务;餐饮相关场所;餐饮相关,4.7,92.00
柴火宴铁锅炖,126.608174,45.766943,餐饮,安丰街108号,餐饮服务;中餐厅;中餐厅,4.4,40.00
小媳妇铁锅炖(安华街店),126.675836,45.787606,餐饮,黎华街道黎华小区D6栋对面安华街31号中央红小月亮超市门前右转30米,餐饮服务;中餐厅;中餐厅,4.6,48.00
三里屯铁锅炖,126.610151,45.745515,餐饮,民安街177号,餐饮服务;中餐厅;中餐厅,4.5,54.00
晓丰收小锅烀饼·铁锅炖(中央大街五店),126.624690,45.769991,餐饮,石头道街118号新一百购物广场F5层,餐饮服务;餐饮相关场所;餐饮相关,4.4,48.00
众翔老关东铁锅炖(红霞街总店),126.616934,45.774132,餐饮,红霞街43号,餐饮服务;中餐厅;东北菜,4.6,57.00
三合屯铁锅炖,126.503503,45.825399,餐饮,金星村大王家屯龙轩路3045号,餐饮服务;中餐厅;中餐厅,4.4,33.00
三嫂柴火铁锅炖(革新店),126.651517,45.747251,餐饮,革新街149号,餐饮服务;中餐厅;东北菜,4.5,58.00
波姐东北铁锅炖(总店),126.613765,45.764198,餐饮,安国街70号,餐饮服务;中餐厅;中餐厅,4.5,47.00
杨家屯铁锅炖,126.556799,45.819515,餐饮,文汇路281号,餐饮服务;中餐厅;中餐厅,4.3,48.00
孔雀屯铁锅炖(汇龙北纬45度店),126.578346,45.695143,餐饮,汇龙北纬45度,餐饮服务;中餐厅;中餐厅,4.6,60.00
探关东铁锅炖,126.330101,45.367975,餐饮,中粮锦云世家南13A栋商服S11-14号门市,餐饮服务;中餐厅;中餐厅,4.5,48.00
老东北铁锅炖(太古街店),126.652102,45.780636,餐饮,太古街376号,餐饮服务;中餐厅;东北菜,4.5,59.00
东北大院铁锅炖,126.708177,45.764401,餐饮,南直路291-5号,餐饮服务;中餐厅;中餐厅,4.5,65.00
壹家铁锅炖,126.620395,45.768882,餐饮,中央大街23号二楼,餐饮服务;中餐厅;东北菜,4.3,64.00
醉东北铁锅炖,126.622673,45.764775,餐饮,工厂街164号,餐饮服务;中餐厅;东北菜|摩托车服务;摩托车服务相关;摩托车服务相关,4.4,70.00
北国之乡柴火铁锅炖,126.654187,45.748907,餐饮,革新街129号(工人文化宫地铁站3号口步行60米),餐饮服务;中餐厅;中餐厅,4.5,55.00
铁锅炖,126.622205,45.712527,餐饮,学府三道街与测绘路交叉口测绘路66号,餐饮服务;中餐厅;特色/地方风味餐厅,4.3,49.00
三嫂铁锅炖(宣和店),126.674868,45.750381,餐饮,宣和街69-1号,餐饮服务;中餐厅;中餐厅,4.5,62.00
灶台福铁锅炖(淮河路店),126.705967,45.763247,餐饮,淮河路16号,餐饮服务;中餐厅;中餐厅,4.5,72.00
胖嫂铁锅炖(八一新邨北区店),126.620249,45.734911,餐饮,清滨路2-4号,餐饮服务;中餐厅;中餐厅,4.3,59.00
家合木火铁锅炖,126.580797,45.821709,餐饮,龙江第一村热源路127终点,餐饮服务;餐饮相关场所;餐饮相关,4.5,79.00
大公鸡铁锅炖,126.642185,45.678734,餐饮,跃兴街3-22号,餐饮服务;中餐厅;东北菜,4.3,47.00
隆升三江名鱼铁锅炖(四海园小区店),126.552158,45.807653,餐饮,四海园小区(世茂大道地铁站4号口步行160米),餐饮服务;中餐厅;中餐厅,4.4,67.00
鹅窝棚农家铁锅炖,126.705597,45.773785,餐饮,南直路357-2号,餐饮服务;中餐厅;中餐厅,4.5,58.00
李记小山屯铁锅炖饭店,126.576915,45.695281,餐饮,王岗大街汇龙北纬四十五度小区7号楼19号门市,餐饮服务;中餐厅;中餐厅,4.3,43.00
福佰财铁锅炖,126.618929,45.668478,餐饮,电缆街80号(哈尔滨南站地铁站1号口步行370米),餐饮服务;中餐厅;中餐厅,4.3,50.00
探灶小锅烀饼.铁锅炖(中央大街店),126.619584,45.770296,餐饮,中央大街58号3楼,餐饮服务;中餐厅;中餐厅,4.2,62.00
北乡铁锅炖(地段街店),126.629349,45.767848,餐饮,地段街与田地街交叉口南40米,餐饮服务;中餐厅;中餐厅,4.3,59.00
吉祥铁锅炖(兴检小区店),126.679883,45.729531,餐饮,司徒街70号,餐饮服务;中餐厅;中餐厅,4.4,55.00
庆丰年铁锅炖(品阁店),126.598735,45.751144,餐饮,建国北六道街48号,餐饮服务;中餐厅;中餐厅,4.3,71.00
哈尔滨市道里区屯子里铁锅炖店,126.575390,45.733476,餐饮,群力第七大道142号,餐饮服务;中餐厅;中餐厅,4.5,70.00
山河屯铁锅炖(金泰新区店),127.154949,44.929280,餐饮,金泰新区南门旁,餐饮服务;中餐厅;中餐厅,4.4,79.00
村姑铁锅炖(呼兰总店),126.598055,45.979518,餐饮,兰河大街,餐饮服务;中餐厅;东北菜,4.5,82.00
老江畔木火铁锅炖,126.595949,45.736361,餐饮,通顺街47-5号,餐饮服务;中餐厅;中餐厅,4.4,51.00
咱妈烀饼子铁锅炖(中央大街店),126.622707,45.772141,餐饮,西十道街1号,餐饮服务;中餐厅;中餐厅,4.2,49.00
象牙山铁锅炖(太平大街店),126.689894,45.790087,餐饮,太平大街286-11号,餐饮服务;中餐厅;中餐厅,4.4,62.00
山河屯铁锅炖(富余路店),126.307875,45.371289,餐饮,金融国际b栋3号门市,餐饮服务;中餐厅;中餐厅,4.4,73.00
靠山屯铁锅炖文景街店,126.650086,45.743023,餐饮,文兰街27号,餐饮服务;餐饮相关场所;餐饮相关,4.4,56.00
三喜屯铁锅炖小锅烀饼(哈西金爵万象店),126.583058,45.699280,餐饮,金爵万象商业广场6楼,餐饮服务;中餐厅;东北菜,4.3,52.00
金秀老江湾木火铁锅炖(荣昌路 500号店),126.546964,45.865780,餐饮,警官路南柒季城二期第63栋1层106号房,餐饮服务;中餐厅;中餐厅,4.6,41.00
王家大院柴火铁锅炖,128.618797,44.931305,餐饮,亚布力镇九丰小广场大排档二节楼,餐饮服务;中餐厅;中餐厅,4.4,53.00
锅大爷铁锅炖(太平大街店),126.682996,45.788111,餐饮,太平大街126-1号,餐饮服务;中餐厅;中餐厅,4.3,57.00
新龙州关东铁锅炖(建国街店),126.605988,45.753623,餐饮,建国街40号,餐饮服务;中餐厅;中餐厅,4.4,50.00
老江湾铁锅炖(滨才店),126.515475,45.875200,餐饮,学院路滨才城新天地I区B栋启所108号,餐饮服务;中餐厅;中餐厅,4.3,54.00
韩纪老丫铁锅炖(原小厨娘铁锅炖),126.683574,45.763239,餐饮,辽河路244号,餐饮服务;餐饮相关场所;餐饮相关,4.3,24.00
鹅公鱼婆铁锅炖(八中店),126.967825,45.548195,餐饮,八中生态小区南门东140米,餐饮服务;中餐厅;中餐厅,4.3,47.00
四合铁锅炖饭店(汇智五洲城店),126.782136,45.747742,餐饮,金香路与汇智路交叉口东260米,餐饮服务;中餐厅;中餐厅,4.1,59.00
地主大院铁锅炖旗舰店,126.657810,45.583580,餐饮,建安头道街4-7号,餐饮服务;中餐厅;中餐厅,4.3,52.00
秦记老屯铁锅炖(和兴三店),126.620145,45.727082,餐饮,和兴三道街15号,餐饮服务;中餐厅;中餐厅,4.3,55.00
秦记老屯铁锅炖,126.593925,45.744415,餐饮,道理松源街73号,餐饮服务;中餐厅;东北菜,4.5,51.00
岳诚记铁锅炖小鱼馆家常菜馆,126.612561,45.767880,餐饮,安道街113号,餐饮服务;餐饮相关场所;餐饮相关,4.3,31.00
俺们屯铁锅炖(道外草市街店),126.650558,45.780863,餐饮,太古街道南七道街56号,餐饮服务;中餐厅;中餐厅,4.2,50.00
杨家大院铁锅炖(龙军家园店),126.671673,45.774048,餐饮,一曼街2-45-37号,餐饮服务;中餐厅;东北菜,4.3,46.00
胡同里铁锅炖(和谐家园店),126.632543,45.702979,餐饮,征仪路322号六和大药房右转胡同里8号门市,餐饮服务;中餐厅;中餐厅,4.1,59.00
屯里香铁锅炖,126.632122,45.885877,餐饮,哈轴路吕凤屯,餐饮服务;餐饮相关场所;餐饮相关,4.4,82.00
顺天成铁锅炖(恒盛新天地店),126.306142,45.375650,餐饮,北环城西路恒盛新天地B2-8号商服,餐饮服务;中餐厅;中餐厅,4.2,58.00
门家大院铁锅炖饭店(菱建物业商务写字楼店),126.604260,45.765255,餐饮,爱建路8-7号,餐饮服务;餐饮相关场所;餐饮相关,4.3,70.00
哈尔滨市道里区贰道岭铁锅炖店,126.630782,45.766837,餐饮,工厂街19号,餐饮服务;中餐厅;中餐厅,4.2,53.00
靠山屯铁锅炖店,126.726995,45.733146,餐饮,木材东街30-6号,餐饮服务;中餐厅;中餐厅,4.3,60.00
冰城美铁锅炖,126.627211,45.766085,餐饮,工厂街51号(大洋宾馆楼下),餐饮服务;中餐厅;中餐厅,4.4,58.00
灶台王铁锅炖,126.765239,45.745628,餐饮,香福路新松茂樾山一期商街2号楼一层6号、7号商服,餐饮服务;中餐厅;东北菜,4.2,46.00
百香源铁锅炖(金海城店),126.554865,45.676766,餐饮,哈双路259号金海城底商(黑龙江农业工程职业学院北区对面),餐饮服务;中餐厅;中餐厅,4.2,50.00
巧媳妇铁锅炖(尚志店),127.975484,45.212041,餐饮,龙城国际商务楼15号门市,餐饮服务;餐饮相关场所;餐饮相关,4.3,57.00
孙胖子小锅烀饼铁锅炖(中央大街店),126.616600,45.774042,餐饮,红霞街47-1,餐饮服务;餐饮相关场所;餐饮相关,4.0,71.00
土财主铁锅炖饭店(前进路店),126.590153,45.744225,餐饮,前进路副83-9号1-3层,餐饮服务;中餐厅;中餐厅,4.5,60.00
前后屯渔窝棚铁锅炖(柒季城小区北区店),126.550962,45.869112,餐饮,学院路柒季城6号楼,餐饮服务;中餐厅;中餐厅,4.3,56.00
乐程锅锅香铁锅炖,126.523553,45.721878,餐饮,群力第六大道3743号,餐饮服务;中餐厅;东北菜,4.3,51.00
双五屯铁锅炖,126.573425,45.698145,餐饮,西站大街82号,餐饮服务;中餐厅;中餐厅,4.3,29.00
老江湾铁锅炖(南京路店),126.571963,45.890267,餐饮,南京路紫竹园小区五栋一层c2座,餐饮服务;中餐厅;中餐厅,4.0,48.00
香香铁锅炖(糖厂社区店),126.646571,45.820420,餐饮,松浦大道糖厂社区5号楼2单元103室,餐饮服务;中餐厅;中餐厅,4.2,48.00
合发屯铁锅炖(征仪路花园小区A区西区店),126.638645,45.689456,餐饮,科研街56号,餐饮服务;餐饮相关场所;餐饮相关,4.3,57.00
山里屯铁锅炖,129.566085,46.320036,餐饮,依兰镇一街六委中央胜境小区一号楼1-2层商服6号门,餐饮服务;中餐厅;东北菜,4.1,52.00
老江湾铁锅炖(总店),126.550598,45.866515,餐饮,荣昌路178号,餐饮服务;中餐厅;东北菜,4.3,52.00
醉香村铁锅炖(金泰店),127.395363,46.083195,餐饮,金泰嘉园2期东2门南270米,餐饮服务;中餐厅;中餐厅,4.3,48.00
东北往事柴火铁锅炖(三环路店),126.589197,45.663410,餐饮,王岗靠山屯6号三环路路南,餐饮服务;中餐厅;东北菜,4.5,50.00
乡里乡亲铁锅炖(九丰家园店),128.617353,44.930546,餐饮,亚布力林业局7委站前综合楼4号楼一单元一层东门,餐饮服务;中餐厅;中餐厅,4.0,72.00
福根儿铁锅炖(金海城店),126.554148,45.675801,餐饮,哈双路291号,餐饮服务;餐饮相关场所;餐饮相关,4.2,60.00
福记铁锅炖,126.629345,45.766531,餐饮,工厂街31号(尚志大街地铁站1号口步行350米),餐饮服务;中餐厅;中餐厅,4.3,66.00
亚布力老东北木火铁锅炖,128.617414,44.930538,餐饮,亚布力镇美食一条街站前综合楼4号楼,餐饮服务;中餐厅;中餐厅,4.2,69.00
鹅公鱼婆铁锅炖(一中店),126.969013,45.517830,餐饮,金都街道延川大街26号,餐饮服务;中餐厅;中餐厅,4.1,58.00
黑小屯铁锅炖,126.601815,45.883622,餐饮,哈轴路北150米,餐饮服务;中餐厅;东北菜,4.2,52.00
灶得香铁锅炖(哈尔滨总店),126.714943,45.791477,餐饮,哈东路S3栋商服单元1层105(道口头道街97号),餐饮服务;中餐厅;中餐厅,4.0,35.00
八里屯铁锅炖(河松小区3期店),126.586729,45.746931,餐饮,河柏街183号二层,餐饮服务;中餐厅;中餐厅,4.3,75.00
哈尔滨市南岗区哈火火铁锅炖饭店,126.676927,45.765048,餐饮,先锋路326号一层,餐饮服务;中餐厅;中餐厅,4.1,39.00
双丰柴火铁锅炖(山河屯店),127.227979,44.710050,餐饮,凤凰大道225号,餐饮服务;中餐厅;东北菜,4.1,45.00
河山屯铁锅炖(万达华府G区店),126.618809,45.572482,餐饮,哈南第八大道与哈南九路交叉口东南340米,餐饮服务;中餐厅;中餐厅,4.3,49.00
大王屯铁锅炖,126.478584,45.664342,餐饮,新发镇新发田园小区634-11号,餐饮服务;中餐厅;中餐厅,3.9,39.00
鑫龙诚老渔湾铁锅炖,126.653964,45.738218,餐饮,民生路309号6单元1层1号,餐饮服务;中餐厅;中餐厅,4.2,43.00
热炕头铁锅炖,126.670397,45.763358,餐饮,马端街142号,餐饮服务;中餐厅;中餐厅,4.1,66.00
三力铁锅炖(学府店),128.742263,45.980331,餐饮,学府名苑9-1楼5号商服,餐饮服务;中餐厅;东北菜,4.3,65.00
老曹铁锅炖(建安小区店),126.657218,45.583628,餐饮,建安头道街4-1号,餐饮服务;中餐厅;东北菜,4.1,45.00
御鼎香铁锅炖(哈南店),126.616398,45.668379,餐饮,电缆街144号-8,餐饮服务;中餐厅;中餐厅,4.1,44.00
老渔湾铁锅炖(菜艺街店),126.681823,45.736039,餐饮,菜艺街118号101室,餐饮服务;中餐厅;中餐厅,4.2,38.00
渔香村铁锅炖,126.690610,45.692050,餐饮,军立街65号,餐饮服务;中餐厅;东北菜,4.0,42.00
老江湾铁锅炖(松浦·观江国际A区店),126.645995,45.816968,餐饮,松浦·观江国际A区2号门旁,餐饮服务;中餐厅;中餐厅,4.2,48.00
屯妞木火铁锅炖(众和城店),126.546000,45.812297,餐饮,龙唐街399号众和城,餐饮服务;中餐厅;中餐厅,4.3,46.00
山沟屯铁锅炖(中央大街店),126.623284,45.769628,餐饮,尚志大街118号,餐饮服务;中餐厅;中餐厅,4.1,93.00
灶福园铁锅炖(东都公元2期店),126.779027,45.788934,餐饮,团结镇天恒大街243号,餐饮服务;中餐厅;中餐厅,4.1,57.00
添柴铁锅炖(大配件店),127.168754,44.919012,餐饮,五常镇宝立小区6号楼4门市,餐饮服务;中餐厅;中餐厅,4.1,50.00
金秀老江湾铁锅炖(延兴路店),126.625180,45.718979,餐饮,延兴东路21号,餐饮服务;中餐厅;火锅店,4.0,50.00
哈尔滨万枫酒店(中央大街火车站店),126.626178,45.763602,住宿,霁虹街32号(尚志大街地铁站2号口步行300米),住宿服务;宾馆酒店;宾馆酒店,4.6,[]
豪滨假日酒店(哈尔滨火车站博物馆地铁站店),126.651057,45.756848,住宿,果戈里大街280号,住宿服务;宾馆酒店;四星级宾馆,4.5,[]
哈尔滨凯瑞酒店(中央大街索菲亚教堂店),126.615474,45.776521,住宿,上游街27号(友谊宫地铁站2号口步行480米),住宿服务;宾馆酒店;四星级宾馆,4.2,[]
哈尔滨天翼快捷宾馆,126.664330,45.760059,住宿,比乐街22号,住宿服务;宾馆酒店;宾馆酒店,4.8,[]
顺心旅店(哈尔滨海城市场店),126.651382,45.741972,住宿,文化街54号,住宿服务;宾馆酒店;宾馆酒店|住宿服务;旅馆招待所;旅馆招待所,4.9,[]
哈尔滨合欣旅店,126.613181,45.762782,住宿,安松街43号,住宿服务;旅馆招待所;旅馆招待所,4.9,[]
尚志君都商务宾馆,127.968707,45.215762,住宿,双桥休闲广场三栋26号1-3层,住宿服务;宾馆酒店;宾馆酒店,4.4,[]
哈尔滨尚志旅社,126.625505,45.764167,住宿,尚志大街副1-1号,住宿服务;旅馆招待所;旅馆招待所,4.7,[]
顺航宾馆(哈尔滨太平国际机场店),126.239295,45.640033,住宿,太平镇大张家临时站对面,住宿服务;宾馆酒店;宾馆酒店,4.6,[]
国强快捷宾馆(哈尔滨渤海路地铁站店),126.645444,45.613300,住宿,联乡路7号(渤海路地铁站1号口步行330米),住宿服务;宾馆酒店;宾馆酒店,4.3,[]
鑫都旅馆(商业大学冰雪大世界店),126.560156,45.816629,住宿,学海街1411号,住宿服务;旅馆招待所;旅馆招待所,4.2,[]
哈尔滨香坊金沙时尚快捷宾馆,126.693990,45.724057,住宿,油坊街163号(轴承名苑西南门旁),住宿服务;宾馆酒店;宾馆酒店,4.5,[]
哈尔滨喜光主题小宾馆,126.682117,45.723459,住宿,消防胡同12-4号,住宿服务;宾馆酒店;宾馆酒店,4.7,[]
哈尔滨森鸿舒适快捷宾馆,126.636072,45.694136,住宿,征仪路427-9号,住宿服务;宾馆酒店;宾馆酒店,4.4,[]
金禧时尚快捷宾馆(哈尔滨建筑街店),126.635614,45.758565,住宿,海关街副89号(哈尔滨站地铁站3号口步行420米),住宿服务;宾馆酒店;宾馆酒店,4.0,[]
金岛宾馆洗浴,129.563936,46.313649,住宿,汇江开发小区东门旁,住宿服务;宾馆酒店;宾馆酒店,4.0,[]
哈尔滨如果宾馆(医大二院店),126.633053,45.703561,住宿,征仪路306号(征仪路地铁站2号口步行460米),住宿服务;宾馆酒店;宾馆酒店,3.7,[]
哈什国际青年旅舍(哈尔滨凯德广场店),126.607090,45.719850,住宿,自兴街33号(学府路地铁站出入口步行360米),住宿服务;旅馆招待所;青年旅舍,4.4,[]
金玺宾馆(哈尔滨西站万达广场店),126.584846,45.703434,住宿,西宁北路47号东辉明珠G8栋7号,住宿服务;宾馆酒店;宾馆酒店,4.2,[]
哈尔滨金帝宾馆,126.592884,45.740767,住宿,顾乡大街7号(加油站对面),住宿服务;宾馆酒店;宾馆酒店,4.9,[]
哈尔滨金安宾馆(哈尔滨火车站店),126.662511,45.761596,住宿,"人和街1号(大成街与人和街交叉口,嘉腾大药房隔壁)",住宿服务;宾馆酒店;宾馆酒店,4.5,[]
鸿运旅馆(江北大学城地铁站店),126.553183,45.870606,住宿,志华商城学院路一道街29号,住宿服务;旅馆招待所;旅馆招待所,4.6,[]
哈尔滨嘉诚旅店,126.632718,45.755260,住宿,民益街191号,住宿服务;旅馆招待所;旅馆招待所,4.6,[]
哈尔滨道里华谊宾馆(红专街店),126.611508,45.771374,住宿,红专街附122号,住宿服务;宾馆酒店;宾馆酒店,4.2,[]
延寿三亚宾馆,128.334769,45.455235,住宿,延寿镇南天顺街21-6,住宿服务;旅馆招待所;旅馆招待所,4.7,[]
金京宾馆(哈尔滨阿城店),126.969831,45.538494,住宿,解放大街115号,住宿服务;宾馆酒店;三星级宾馆,4.5,[]
合美休闲快捷宾馆(医大一院店),126.659110,45.769782,住宿,宽城街102号(宽城街与东大直街交口),住宿服务;宾馆酒店;宾馆酒店,4.2,[]
韵江快捷宾馆(哈尔滨融创乐园店),126.526687,45.809702,住宿,鑫源街117号,住宿服务;宾馆酒店;宾馆酒店,4.7,[]
哈尔滨宇彤宾馆(太平国际机场店),126.231013,45.638286,住宿,太平镇先富村,住宿服务;宾馆酒店;宾馆酒店,4.5,[]
哈尔滨福府宾馆(国际会展中心一一九中学店),126.700855,45.728340,住宿,通天街81号,住宿服务;宾馆酒店;宾馆酒店,4.5,[]
哈尔滨美希宾馆(太平机场店),126.235440,45.639174,住宿,哈双路,住宿服务;宾馆酒店;宾馆酒店,4.4,[]
哈尔滨云舒宾馆(中央大街索菲亚教堂店),126.611860,45.774531,住宿,上游街134号(友谊宫地铁站1号口步行420米),住宿服务;宾馆酒店;经济型连锁酒店,4.0,[]
通河香府宾馆,128.749187,45.983039,住宿,通河镇隆达路9号楼,住宿服务;宾馆酒店;宾馆酒店,4.3,[]
哈尔滨兄弟时钟宾馆(黑工程大学交通学院地铁站店),126.693641,45.791332,住宿,太平大街320号,住宿服务;宾馆酒店;宾馆酒店|住宿服务;旅馆招待所;旅馆招待所,4.4,[]
北方国际青年旅舍(地节街店),126.621272,45.756339,住宿,地节街65号,住宿服务;旅馆招待所;青年旅舍,4.7,[]
哈尔滨嘉苑宾馆,126.545515,45.713050,住宿,滇池东路1010号群力家园C区,住宿服务;宾馆酒店;宾馆酒店,4.2,[]
夜明珠大酒店,128.842414,45.838467,住宿,方正镇农林路与莲花街交汇处,住宿服务;宾馆酒店;五星级宾馆,4.3,[]
丁香假日宾馆,126.618455,45.774214,住宿,红霞街6号,住宿服务;宾馆酒店;宾馆酒店,4.3,[]
哈尔滨中天假日宾馆,126.634991,45.698653,住宿,征仪路355号(征仪路地铁站3号口步行50米),住宿服务;宾馆酒店;宾馆酒店,4.2,[]
赫室公寓,126.577183,45.730612,住宿,工农大街109号上和园著,住宿服务;宾馆酒店;宾馆酒店,4.7,[]
永泰宾馆(哈尔滨太平国际机场店),126.228720,45.638232,住宿,太平国际机场迎宾路,住宿服务;宾馆酒店;宾馆酒店,4.3,[]
哈尔滨老周宾馆(医大二院店),126.624904,45.697796,住宿,保健路142号医大二院家属院35号楼2单元2层,住宿服务;宾馆酒店;宾馆酒店,4.3,[]
七星宾馆(哈尔滨西客站店),126.584622,45.703305,住宿,西宁北路41号东辉明珠园小区G8-10门市,住宿服务;宾馆酒店;宾馆酒店,3.5,[]
哈尔滨相遇主题宾馆,126.559322,45.724695,住宿,群力第七大道1763号,住宿服务;宾馆酒店;宾馆酒店|住宿服务;旅馆招待所;旅馆招待所,4.2,[]
哈尔滨佳慧快捷宾馆,126.625376,45.746951,住宿,上夹树街97-3号,住宿服务;宾馆酒店;宾馆酒店,4.3,[]
鼎翼宾馆(哈尔滨中央大街店),126.617821,45.769279,住宿,端街43-1号(中央大街地铁站1号口步行200米),住宿服务;宾馆酒店;宾馆酒店,4.1,[]
轻住·派客酒店(哈尔滨火车站医大一院店),126.655432,45.765958,住宿,"大成街182号(功章标识旁,距离医大一院571米)",住宿服务;宾馆酒店;宾馆酒店,4.1,[]
静雅快捷宾馆(哈尔滨火车站店),126.637834,45.756768,住宿,邮政街326号,住宿服务;旅馆招待所;旅馆招待所,4.2,[]
哈尔滨依侬时尚宾馆(中央大街步行街店),126.621063,45.768741,住宿,西十四道街52号,住宿服务;宾馆酒店;宾馆酒店,4.2,[]
OYO飞达宾馆(火车站店),126.631915,45.755396,住宿,松花江街71号,住宿服务;宾馆酒店;宾馆酒店,3.8,[]
哈尔滨兴隆快捷宾馆(火车站南广场店),126.629090,45.756092,住宿,铁路街62号,住宿服务;宾馆酒店;宾馆酒店,4.1,[]
焕彩时尚宾馆(哈尔滨站中央大街店),126.624450,45.763150,住宿,东安街34号(尚志大街地铁站3号口步行330米),住宿服务;宾馆酒店;宾馆酒店,4.6,[]
林科院快捷宾馆(哈尔滨火车站店),126.635755,45.757817,住宿,海关街副134号,住宿服务;宾馆酒店;宾馆酒店|住宿服务;旅馆招待所;旅馆招待所,4.1,[]
自然空间休闲宾馆(哈尔滨巴洛克极乐寺店),126.658375,45.783298,住宿,太古街214号,住宿服务;宾馆酒店;宾馆酒店,4.6,[]
龙兴宾馆(哈尔滨市二院店),126.699165,45.769940,住宿,"宏伟路164-5号(与卫星路交口,近第一专科医院)",住宿服务;宾馆酒店;宾馆酒店,4.0,[]
哈尔滨忻佳宾馆,126.645361,45.612738,住宿,万宇园东门北50米,住宿服务;宾馆酒店;宾馆酒店,4.8,[]
哈尔滨辛胜快捷宾馆,126.704275,45.792147,住宿,东直路548-550号,住宿服务;宾馆酒店;宾馆酒店,4.5,[]
哈尔滨祥云宾馆(太平国际机场店),126.230516,45.638134,住宿,太平镇哈双路,住宿服务;宾馆酒店;宾馆酒店,4.5,[]
滨都假日宾馆(哈尔滨军工大厦工程大学店),126.661929,45.779256,住宿,大方里街196号(近极乐寺、哈尔滨工程大学),住宿服务;宾馆酒店;宾馆酒店,4.0,[]
好来客快捷宾馆(中央大街索菲亚广场店),126.628887,45.769006,住宿,地段街96号(近中央大街、索菲亚广场),住宿服务;宾馆酒店;宾馆酒店,3.8,[]
薰衣草时尚宾馆(哈尔滨东站店),126.707226,45.788630,住宿,桦树街22号(哈尔滨东站地铁站4号口步行230米),住宿服务;宾馆酒店;宾馆酒店,3.8,[]
百联公寓,126.601986,45.760034,住宿,上海街90-3号爱建公寓C座1层111,住宿服务;住宿服务相关;住宿服务相关|商务住宅;住宅区;住宅小区,5.0,[]
哈尔滨滨鑫公寓,126.711599,45.754221,住宿,南直路181号盟科视界4层,住宿服务;宾馆酒店;宾馆酒店,4.8,[]
全季酒店(哈尔滨西站万达广场店),126.584038,45.698799,住宿,西宁南路7号金爵万象A座1层,住宿服务;宾馆酒店;经济型连锁酒店,4.5,[]
轻住酒店凯旋时代公馆(乐松广场店),126.646271,45.720537,住宿,哈平路2-3号凯旋广场B栋底商,住宿服务;旅馆招待所;旅馆招待所|住宿服务;宾馆酒店;宾馆酒店,4.8,[]
检顺商务酒店,126.690958,45.750649,住宿,长江路175号(韩亚银行右侧),住宿服务;宾馆酒店;三星级宾馆,4.8,[]
舒鑫公寓,126.622764,45.773776,住宿,东七道街20号交叉口99号公馆12楼,住宿服务;宾馆酒店;宾馆酒店,3.6,[]
汉庭酒店(哈尔滨会展中心店),126.707830,45.761245,住宿,南直路312号,住宿服务;宾馆酒店;经济型连锁酒店,4.7,[]
星程酒店(哈尔滨会展中心万达广场酒店),126.688884,45.744126,住宿,嵩山路30号,住宿服务;宾馆酒店;宾馆酒店,4.7,[]
北极邨宾馆,126.662528,45.757142,住宿,芦家街83号,住宿服务;宾馆酒店;三星级宾馆,4.6,[]
亿特侬商务酒店,126.589087,45.687614,住宿,王岗大街721号,住宿服务;宾馆酒店;宾馆酒店,4.2,[]
惟景假日酒店(哈尔滨中央大街店),126.608039,45.753209,住宿,建河街9号,住宿服务;宾馆酒店;四星级宾馆,4.7,[]
时光里电竞公寓,126.591201,45.701031,住宿,中兴大道164号万达公寓SOHOB座1层112室(哈西万达广场东50米),住宿服务;宾馆酒店;宾馆酒店,4.0,[]
龙达瑞吉商务酒店,126.633006,45.755770,住宿,海城街156号,住宿服务;宾馆酒店;四星级宾馆,4.3,[]
蓝天宾馆(中山路),126.658791,45.747097,住宿,"中山路169号(中山路与文昌街交汇处,近百万庄园酒楼)",住宿服务;宾馆酒店;三星级宾馆,4.6,[]
嘉宝精品酒店(中央大街店),126.618312,45.760698,住宿,安达街22号,住宿服务;宾馆酒店;宾馆酒店,4.4,[]
民防商务酒店,126.694213,45.758455,住宿,红旗大街270号,住宿服务;宾馆酒店;四星级宾馆,4.4,[]
7天优品酒店(哈尔滨机场路店),126.214065,45.635762,住宿,哈双路,住宿服务;宾馆酒店;宾馆酒店,4.4,[]
哈尔滨中央大街友谊路亚朵酒店,126.596479,45.765683,住宿,友谊路431号,住宿服务;宾馆酒店;经济型连锁酒店,4.6,[]
广瀚宾馆(一部),126.502544,45.700566,住宿,洪湖路33号,住宿服务;宾馆酒店;四星级宾馆,4.7,[]
哈尔滨尚居宾馆,126.198311,45.632416,住宿,哈双路,住宿服务;宾馆酒店;宾馆酒店,4.4,[]
哈尔滨哈西万达公寓,126.590940,45.700992,住宿,中兴大道162号万达SOHOA座公寓,住宿服务;宾馆酒店;宾馆酒店|住宿服务;旅馆招待所;旅馆招待所,4.4,[]
哈尔滨博达公寓,126.590978,45.700921,住宿,哈西万达SOHOB座12层,住宿服务;宾馆酒店;宾馆酒店,4.3,[]
星语快捷宾馆,126.653554,45.770625,住宿,邮政街27号(烟厂地铁站1号口步行370米),住宿服务;宾馆酒店;宾馆酒店,4.1,[]
五叶草精品酒店(哈尔滨哈西万达广场店),126.596656,45.698031,住宿,哈西大街552号,住宿服务;宾馆酒店;宾馆酒店,4.6,[]
如家快捷酒店(哈尔滨火车站中山路工人文化宫地铁站店),126.650762,45.751623,住宿,中山路256号,住宿服务;宾馆酒店;经济型连锁酒店,4.6,[]
哈尔滨宝宇温莎国际公寓,126.635066,45.770203,住宿,西开原二道街3号宝宇荣耀上城F栋1单元52-309室,住宿服务;住宿服务相关;住宿服务相关|商务住宅;楼宇;商住两用楼宇,4.0,[]
聚贤堂宾馆,126.670928,45.738201,住宿,民航路44号,住宿服务;宾馆酒店;四星级宾馆,4.6,[]
轻住宾朋天下快捷酒店(哈站店),126.633312,45.756941,住宿,北京街140号,住宿服务;宾馆酒店;宾馆酒店,4.5,[]
哈尔滨君廷商务宾馆(会展中心店),126.677221,45.744525,住宿,天顺街39号,住宿服务;宾馆酒店;宾馆酒店,4.0,[]
帕弗尔饭店,126.644216,45.762426,住宿,邮政街79号,住宿服务;宾馆酒店;四星级宾馆,4.0,[]
哈尔滨群力远大优美酒店式公寓,126.554793,45.737555,住宿,群力街道群力远大商务公寓A2-17号1层,住宿服务;宾馆酒店;宾馆酒店,3.9,[]
雪松商务酒店(和兴路店),126.620632,45.729086,住宿,和兴头道街9号,住宿服务;宾馆酒店;三星级宾馆,3.9,[]
勃莱梅欧典精品酒店(火车站店),126.630214,45.757226,住宿,铁路街24号,住宿服务;宾馆酒店;三星级宾馆,4.5,[]
卓越精品酒店(哈尔滨会展中心店),126.673691,45.751375,住宿,宣庆街16号,住宿服务;宾馆酒店;宾馆酒店,3.8,[]
家轩宾馆(先锋路店),126.699061,45.767916,住宿,先锋路222-6号,住宿服务;旅馆招待所;旅馆招待所,4.6,[]
禧合酒店·宴会厅(文明店),126.648945,45.744933,住宿,文明街48号,住宿服务;宾馆酒店;宾馆酒店|生活服务;生活服务场所;生活服务场所,4.6,[]
远达商务酒店(革新街店),126.649699,45.746258,住宿,革新街169号,住宿服务;宾馆酒店;三星级宾馆,3.9,[]
太阳岛宾馆(太阳大道),126.587946,45.779350,住宿,太阳岛风景区太阳大道1号,住宿服务;宾馆酒店;宾馆酒店,4.7,[]
天天大酒店,126.672847,45.741910,住宿,赣水路20-22号,住宿服务;宾馆酒店;五星级宾馆,4.2,[]
和平邨宾馆,126.657412,45.748457,住宿,中山路171号,住宿服务;宾馆酒店;宾馆酒店,4.3,[]
孔雀酒店,126.647843,45.736599,住宿,文昌街138号,住宿服务;宾馆酒店;宾馆酒店|餐饮服务;餐饮相关场所;餐饮相关,4.7,[]
龙德休闲快捷宾馆(哈尔滨火车站店),126.647173,45.769955,住宿,南坎头道街7号,住宿服务;宾馆酒店;宾馆酒店,3.9,[]
哈尔滨冰都时尚快捷宾馆,126.643032,45.789238,住宿,长春街160-1号,住宿服务;宾馆酒店;宾馆酒店,3.8,[]
滨江快捷宾馆,126.620953,45.670877,住宿,学府路291号(哈尔滨南站地铁站1号口步行80米),住宿服务;宾馆酒店;宾馆酒店,4.5,[]
哈尔滨哈行青年旅舍,126.621321,45.765097,住宿,工厂街131号(尚志大街地铁站3号口步行320米),住宿服务;旅馆招待所;青年旅舍,4.8,[]
哈尔滨誉馨宾馆(太平国际机场店),126.222792,45.613005,住宿,太平镇红旗屯(近机场西门),住宿服务;宾馆酒店;宾馆酒店,4.9,[]
哈尔滨高峰快捷酒店,126.621927,45.666360,住宿,学府路319号学府青年城1号楼1单元,住宿服务;宾馆酒店;宾馆酒店,3.6,[]
哈尔滨向日葵公寓,126.591135,45.700823,住宿,哈西万达公寓B座6层,住宿服务;住宿服务相关;住宿服务相关,4.9,[]
哈尔滨新感觉主题宾馆,126.685209,45.733555,住宿,三辅街20-1号,住宿服务;宾馆酒店;宾馆酒店,4.5,[]
茄子青旅(中央大街店),126.618335,45.761528,住宿,安固街32号,住宿服务;旅馆招待所;青年旅舍,4.8,[]
华航宾馆(哈尔滨太平国际机场店),126.224999,45.636120,住宿,太平镇先富村双庙子屯,住宿服务;宾馆酒店;宾馆酒店,3.6,[]
萤火虫青年旅舍(哈尔滨中央大街索菲亚教堂店),126.626792,45.767360,住宿,田地街116号中财公寓9层B号,住宿服务;旅馆招待所;青年旅舍,4.8,[]
江洪宾馆(中央大街店),126.620986,45.771692,住宿,西十道街58号,住宿服务;宾馆酒店;宾馆酒店,3.4,[]
阳光宾馆(双城区店),126.314387,45.375850,住宿,[],住宿服务;宾馆酒店;宾馆酒店,4.4,[]
哈尔滨乐居快捷宾馆,126.697572,45.778555,住宿,宏伟路副135-10号市政小区2栋1单元-1层1号,住宿服务;宾馆酒店;宾馆酒店,4.7,[]
禧龙宾馆(哈尔滨中华巴洛克景区南马路店),126.638697,45.774423,住宿,南马路103号,住宿服务;宾馆酒店;经济型连锁酒店,4.0,[]
哈尔滨豪辰快捷宾馆,126.657161,45.791478,住宿,礼化街71号(北十八道街和十七道街中间),住宿服务;宾馆酒店;宾馆酒店,3.9,[]
袋鼠优品宾馆(哈尔滨中央大街店),126.614200,45.769962,住宿,大安街114号(中央大街地铁站3号口步行180米),住宿服务;宾馆酒店;经济型连锁酒店,4.2,[]
哈尔滨染冬青年旅舍(中央大街步行街索菲亚教堂店),126.632265,45.768585,住宿,买卖街43号田地大厦,住宿服务;旅馆招待所;青年旅舍,4.9,[]
北北假日酒店(哈尔滨中央大街店),126.619706,45.768379,住宿,红星街10号(中央大街地铁站2号口步行300米),住宿服务;宾馆酒店;宾馆酒店,4.4,[]
哈尔滨如庭宾馆,126.592295,45.740434,住宿,康安二道街44号,住宿服务;宾馆酒店;宾馆酒店,4.4,[]
香橙假日酒店(哈尔滨儿童公园店),126.654853,45.754719,住宿,果戈里大街208号,住宿服务;宾馆酒店;宾馆酒店,3.3,[]
北北大酒店(火车站店),126.634744,45.760010,住宿,春申街2号(火车站正对面),住宿服务;宾馆酒店;四星级宾馆,4.5,[]
禧龙宾馆(哈尔滨中央大街西五道街店),126.619695,45.774771,住宿,西五道街41号,住宿服务;宾馆酒店;宾馆酒店,3.7,[]
稻香国际青年旅舍(哈尔滨中央大街店),126.614428,45.774503,住宿,中医街77号,住宿服务;旅馆招待所;青年旅舍,4.8,[]
电力宾馆(方正北一街店),128.838396,45.841331,住宿,松花江街32号(公安局东50米),住宿服务;宾馆酒店;宾馆酒店,3.9,[]
宾县长城宾馆,127.490171,45.753646,住宿,迎宾西路18号,住宿服务;宾馆酒店;宾馆酒店,4.8,[]
龙达宾馆(哈尔滨中央大街店),126.619189,45.767687,住宿,经纬街104号(中央大街地铁站2号口步行280米),住宿服务;宾馆酒店;宾馆酒店,4.4,[]
莱客酒店(哈尔滨站前广场博物馆店),126.634624,45.754703,住宿,满洲里街100号,住宿服务;宾馆酒店;宾馆酒店,4.3,[]
恒旗假日宾馆(果戈里秋林店),126.656429,45.755785,住宿,人和街112号,住宿服务;宾馆酒店;宾馆酒店,4.3,[]
玉龙快捷宾馆(哈尔滨秋林医大一院店),126.651800,45.766724,住宿,辽阳街84号(医大一院地铁站3号口步行350米),住宿服务;宾馆酒店;宾馆酒店,4.4,[]
哈尔滨宏南宾馆,126.696276,45.784284,住宿,宏伟路与宏南街81-7号,住宿服务;宾馆酒店;宾馆酒店,4.5,[]
印象假日宾馆(哈尔滨哈西万达广场西客站店),126.597718,45.702269,住宿,中兴大道96号,住宿服务;宾馆酒店;宾馆酒店,4.3,[]
哈尔滨天辅星宾馆(商业大学店),126.610359,45.745135,住宿,民安街218号,住宿服务;宾馆酒店;宾馆酒店,4.3,[]
如家莫泰酒店(买卖街),126.630144,45.772884,住宿,"买卖街129号(买卖街与石头道街交口,近透笼商品城)",住宿服务;宾馆酒店;宾馆酒店,4.6,[]
通河存明酒店,128.747878,45.976258,住宿,政通大街国税北楼,住宿服务;旅馆招待所;旅馆招待所,4.8,[]
拉斐尔宾馆,126.652003,45.786802,住宿,南十四道街288号,住宿服务;宾馆酒店;三星级宾馆,4.3,[]
方正龙跃宾馆,128.830369,45.846026,住宿,同安路同庆小区18号楼,住宿服务;宾馆酒店;三星级宾馆,4.4,[]
八零时尚宾馆(哈尔滨工农大街群力医大一院地铁站店),126.560292,45.716998,住宿,丽江路远大都市明珠二期15-6号,住宿服务;宾馆酒店;宾馆酒店,4.2,[]
春秋宾馆(哈尔滨中医药大学店),126.654764,45.728839,住宿,规划街5号,住宿服务;宾馆酒店;宾馆酒店,4.2,[]
桐楠格大酒店(哈尔滨中央大街店),126.606385,45.748101,住宿,新阳路378号,住宿服务;住宿服务相关;住宿服务相关,4.7,[]
袋鼠连锁宾馆(哈尔滨中央大街店),126.620007,45.776770,住宿,西二道街9号,住宿服务;宾馆酒店;宾馆酒店,3.6,[]
吉达宾馆(哈尔滨太平国际机场店),126.197250,45.631379,住宿,哈双路,住宿服务;宾馆酒店;宾馆酒店,4.2,[]
大华精品宾馆(哈尔滨会展中心店),126.692926,45.751712,住宿,飞翼路6号(会展中心地铁站2号口步行440米),住宿服务;宾馆酒店;宾馆酒店,4.2,[]
时佳酒店(哈尔滨火车站店),126.643349,45.761251,住宿,果戈里大街388号潮人汇5-9层,住宿服务;宾馆酒店;宾馆酒店,4.2,[]
天燕假日宾馆,126.617530,45.769174,住宿,端街45号(中央大街地铁站2号口步行130米),住宿服务;宾馆酒店;三星级宾馆,4.2,[]
哈尔滨理想家庭宾馆(中央大街店),126.613263,45.755861,住宿,"新阳路192号(新阳路与安发桥交叉口,步行到中央大街20分钟)",住宿服务;旅馆招待所;旅馆招待所,4.2,[]
佳顺酒店,126.669274,45.767249,住宿,宣化街471号(先锋路与宣化街交汇处北侧),住宿服务;宾馆酒店;三星级宾馆,4.0,[]
哈尔滨澜淼影视主题宾馆,126.610325,45.718175,住宿,学府路与清华大街交叉口清华大街3号,住宿服务;宾馆酒店;宾馆酒店,2.5,[]
哈尔滨凯瑞快捷宾馆(新阳路店),126.616744,45.759643,住宿,安升街27号,住宿服务;宾馆酒店;宾馆酒店,4.0,[]
兄弟宾馆(哈东路店),126.715294,45.794139,住宿,哈东路47号,住宿服务;宾馆酒店;宾馆酒店,4.5,[]
哈尔滨龙腾快捷宾馆,126.585048,45.702438,住宿,东辉明珠园门市6栋-5室,住宿服务;旅馆招待所;旅馆招待所|住宿服务;宾馆酒店;宾馆酒店,3.8,[]
哈尔滨富盈快捷宾馆,126.672570,45.728380,住宿,西骑兵街7-10号(近省医院、社保大厅),住宿服务;宾馆酒店;宾馆酒店,3.3,[]
吉都假日宾馆(哈尔滨工程大学店),126.692831,45.781188,住宿,民强大街12号,住宿服务;宾馆酒店;宾馆酒店,4.6,[]
哈尔滨青苹果时尚宾馆,126.687051,45.788475,住宿,太平大街街道太平南三道街绿色家园小区17号楼院内,住宿服务;宾馆酒店;宾馆酒店,4.6,[]
宜家精品宾馆(哈尔滨中华巴洛克风情街店),126.651762,45.790936,住宿,北新街186号,住宿服务;旅馆招待所;旅馆招待所,3.9,[]
哈尔滨晶淅月天时尚宾馆,126.629669,45.698602,住宿,保健路116号(健康家园高层73中中学旁),住宿服务;宾馆酒店;宾馆酒店,3.8,[]
合益宾馆(哈尔滨火车站中央大街店),126.622965,45.763561,住宿,霁虹街99号(抚顺街与北安街交口),住宿服务;宾馆酒店;宾馆酒店,3.8,[]
神农宾馆(哈尔滨医大一院地铁站店),126.653268,45.763114,住宿,花园街253号(医大一院地铁站3号口步行310米),住宿服务;宾馆酒店;宾馆酒店,3.8,[]
万顺宾馆,126.961771,45.536293,住宿,解放大街286号,住宿服务;宾馆酒店;宾馆酒店,4.3,[]
哈尔滨广润丰宾馆(医大二院地铁站店),126.614919,45.697895,住宿,学府路93-3号(医大二院地铁站2号口步行50米),住宿服务;宾馆酒店;宾馆酒店,3.6,[]
通达假日酒店(哈尔滨中央大街防洪纪念塔店),126.608610,45.744671,住宿,通达街164号(通达街与民安街交口),住宿服务;宾馆酒店;宾馆酒店,3.6,[]
依兰恒悦宾馆,129.576373,46.324301,住宿,三姓街民生家园9栋,住宿服务;宾馆酒店;宾馆酒店,3.5,[]
如家酒店(哈尔滨江北大学城师范大学店),126.548505,45.872525,住宿,志华商城14栋26号,住宿服务;宾馆酒店;经济型连锁酒店,4.6,[]
哈尔滨三合商务宾馆,126.673039,45.720361,住宿,电塔三道街5号,住宿服务;宾馆酒店;宾馆酒店,3.5,[]
哈尔滨升升宾馆(哈西高铁站店),126.584590,45.703138,住宿,西宁北路39号东辉明珠园G8-11门市,住宿服务;宾馆酒店;宾馆酒店,4.6,[]
方正港湾大酒店,128.838185,45.850802,住宿,物华街9号(城北客运站西侧),住宿服务;宾馆酒店;三星级宾馆,3.4,[]
外星人电竞酒店式公寓,126.597150,45.696140,住宿,哈西大街与复旦路交口处香醍雅诺公寓37栋1819前台,住宿服务;宾馆酒店;宾馆酒店,4.9,[]
鼎今快捷宾馆(哈尔滨火车站店),126.622833,45.759618,住宿,地节街23号(安广小学后身),住宿服务;宾馆酒店;宾馆酒店,4.5,[]
悦鑫宾馆(哈尔滨太平国际机场店),126.237325,45.639677,住宿,空港一路9号,住宿服务;宾馆酒店;宾馆酒店,4.8,[]
通河奕峰时尚宾馆,128.760943,45.979306,住宿,中央大街484号,住宿服务;宾馆酒店;宾馆酒店,3.8,[]
卡兹国际青年旅舍(哈尔滨中央大街店),126.616364,45.770148,住宿,通江街27号院内,住宿服务;旅馆招待所;青年旅舍,4.4,[]
哈尔滨喜来喜快捷宾馆,126.645014,45.700319,住宿,哈平路147-1-3号,住宿服务;宾馆酒店;宾馆酒店,4.4,[]
雅居公寓(哈西万达店),126.591947,45.700946,住宿,中兴大街109号哈西万达公寓SOHOA座1817室,住宿服务;旅馆招待所;旅馆招待所,4.5,[]
哈西公寓,126.596894,45.696153,住宿,哈西大街与复旦街交叉口香醍雅诺二期37号公寓楼,住宿服务;住宿服务相关;住宿服务相关,4.7,[]
VIP会所(哈尔滨凯德广场店),126.609534,45.722298,住宿,学府路0-19号(学府路地铁站1号口步行50米),住宿服务;宾馆酒店;宾馆酒店|体育休闲服务;体育休闲服务场所;体育休闲服务场所,4.8,[]
金地快捷宾馆(哈尔滨火车站店),126.630746,45.756146,住宿,凤翥街11号,住宿服务;宾馆酒店;宾馆酒店,4.1,[]
雪谷国际青年客栈(雪谷风景区店),128.128838,44.392068,住宿,五常山河屯林业局东升林场,住宿服务;住宿服务相关;住宿服务相关,4.9,[]
哈尔滨家佳精品宾馆(剑桥学院店),126.651322,45.658368,住宿,哈平路哈南之星小区4号楼门市,住宿服务;宾馆酒店;宾馆酒店,3.9,[]
哈尔滨晟佳商务宾馆(工人文化宫地铁站革新教堂广场店),126.657038,45.749983,住宿,革新街142号,住宿服务;宾馆酒店;宾馆酒店,4.4,[]
龙门太空舱青年旅舍(哈尔滨中央大街经纬街店),126.605632,45.769615,住宿,中央大街经纬十一道街59号,住宿服务;旅馆招待所;青年旅舍,4.0,[]
切尔思宾馆,126.697869,45.727532,住宿,鸿业街10号(高丽一条街),住宿服务;宾馆酒店;宾馆酒店,3.8,[]
锦尚宾馆(哈尔滨林业大学店),126.635257,45.724121,住宿,文昌街357号,住宿服务;宾馆酒店;宾馆酒店,4.0,[]
哈尔滨慕岸快捷宾馆,126.301641,45.379377,住宿,鑫马春城8栋,住宿服务;住宿服务相关;住宿服务相关,5.0,[]
哈尔滨乐途精品酒店,126.580242,45.699068,住宿,哈尔滨大街527号,住宿服务;宾馆酒店;宾馆酒店,4.5,[]
哈尔滨逸家青年公寓(11号店),126.656224,45.764425,住宿,辽阳街14号唯家新青年公寓4层914室,住宿服务;住宿服务相关;住宿服务相关,4.4,[]
四季云端宾馆(哈尔滨西站理工大学地铁站店),126.617926,45.712178,住宿,"学府三道街48号黑龙江大学北门,理工大学对面",住宿服务;宾馆酒店;宾馆酒店,4.4,[]
丰光江景公寓,126.635656,45.785765,住宿,景阳街401号,住宿服务;宾馆酒店;宾馆酒店,4.5,[]
禧龙宾馆(哈尔滨火车站医大一院地铁站店),126.648402,45.763590,住宿,龙江街60-4正大育英楼,住宿服务;宾馆酒店;经济型连锁酒店,4.1,[]
鑫岭宾馆(博物馆店),126.645405,45.761835,住宿,阿什河街66号,住宿服务;宾馆酒店;三星级宾馆,4.4,[]
哈尔滨志鑫快捷宾馆,126.633612,45.604220,住宿,友协大街148号,住宿服务;宾馆酒店;宾馆酒店,4.7,[]
君康日租公寓(中华巴洛克风情街店),126.640738,45.778506,住宿,承德街361号,住宿服务;旅馆招待所;旅馆招待所,4.7,[]
哈尔滨泰迪熊主题宾馆,126.671257,45.715168,住宿,锅炉厂旭升街122号(乐民小区对面),住宿服务;宾馆酒店;宾馆酒店,4.6,[]
吉祥旅馆(哈尔滨黄河路店),126.707421,45.758153,住宿,黄河路135号泰海花园小区36栋,住宿服务;旅馆招待所;旅馆招待所,4.5,[]
汉庭酒店(哈尔滨鸿翔路店),126.673931,45.743916,住宿,鸿翔路19号(近黑龙江省人才市场、香坊万达广场),住宿服务;宾馆酒店;经济型连锁酒店,4.7,[]
夏都宾馆(哈尔滨师大夜市店),126.622785,45.732305,住宿,林家街16号,住宿服务;宾馆酒店;宾馆酒店,3.6,[]
哈尔滨后海宾馆(江北大学城地铁站店),126.527004,45.874180,住宿,学院路663号,住宿服务;宾馆酒店;宾馆酒店,4.1,[]
哈尔滨鹤岗宾馆,126.655186,45.762731,住宿,马家街3号,住宿服务;旅馆招待所;旅馆招待所|住宿服务;宾馆酒店;宾馆酒店,4.7,[]
尚志宾馆,127.959988,45.212065,住宿,新闻街133号,住宿服务;宾馆酒店;宾馆酒店,3.4,[]
顺心旅店(会展中心店),126.695475,45.763940,住宿,红旗老区22栋6单元1号,住宿服务;旅馆招待所;旅馆招待所,5.0,[]
悦凯莱宾馆(哈尔滨征仪店),126.643739,45.678978,住宿,跃兴街3-11号,住宿服务;宾馆酒店;宾馆酒店,3.9,[]
哈尔滨永康旅店,126.624678,45.697771,住宿,医大二院家属区35号楼4单元202号,住宿服务;旅馆招待所;旅馆招待所,4.6,[]
全顺宾馆(哈尔滨太平国际机场店),126.239793,45.640215,住宿,哈双路与空港一路交口(机场服务区),住宿服务;住宿服务相关;住宿服务相关,4.7,[]
绣北酒店式公寓(中央大街店),126.622934,45.773759,住宿,尚志大街99号东七道街哈威广场威乐斯栋1单元9层912号,住宿服务;住宿服务相关;住宿服务相关,4.5,[]
鸿顺旅店(哈尔滨医大二院店),126.614148,45.694225,住宿,学府路139号(正生大药房院内)9号楼4单元2楼距离医大二院10米近服装城,住宿服务;住宿服务相关;住宿服务相关,4.6,[]
哈尔滨港湾休闲宾馆(奔马汽配城店),126.667190,45.769928,住宿,宣化街442号,住宿服务;宾馆酒店;宾馆酒店,4.5,[]
蒲公英宾馆(哈尔滨哈西站万达广场店),126.577983,45.695200,住宿,绥化路,住宿服务;宾馆酒店;宾馆酒店,4.3,[]
七彩假日宾馆(哈尔滨东北林业大学店),126.639605,45.726788,住宿,农林街68号,住宿服务;旅馆招待所;旅馆招待所,4.3,[]
弘源精品酒店(劳动公园地铁站远东心脑血管医院店),126.685087,45.700181,住宿,通乡街145号,住宿服务;宾馆酒店;宾馆酒店,4.3,[]
美人鱼休闲公寓(中央大街店),126.624096,45.766488,住宿,道里经纬街61号经纬360大厦B座1610室,住宿服务;住宿服务相关;住宿服务相关,4.2,[]
禧悦大酒店,126.686437,45.708493,住宿,三大动力路618号,餐饮服务;中餐厅;综合酒楼|住宿服务;宾馆酒店;宾馆酒店,4.7,[]
富壹號国际青年旅舍(哈尔滨中央大街索菲亚教堂店),126.618415,45.774536,住宿,红霞街附1号(红霞街与中央大街交汇处),住宿服务;旅馆招待所;青年旅舍|商务住宅;商务住宅相关;商务住宅相关,4.7,[]
吉顺旅店,126.622767,45.761612,住宿,抚顺街16-2号,住宿服务;旅馆招待所;旅馆招待所,4.6,[]
民益快捷旅馆(哈尔滨火车站店),126.636411,45.758191,住宿,民益街附121号,住宿服务;旅馆招待所;旅馆招待所,4.6,[]
哈尔滨雪谷王家店家庭旅馆,128.126697,44.395353,住宿,山河屯林业局大河身森林经营所,住宿服务;宾馆酒店;宾馆酒店,5.0,[]
哈尔滨兴岁宾馆(哈站店),126.635578,45.760095,住宿,红军街130号(哈尔滨站地铁站3号口步行250米),住宿服务;宾馆酒店;宾馆酒店,4.6,[]
乾程公寓(哈西站万达广场店),126.597006,45.696187,住宿,复旦路与哈西大街交口香醍雅诺公寓37栋11层,住宿服务;住宿服务相关;住宿服务相关,4.6,[]
哈尔滨鸿源宾馆,126.660242,45.584373,住宿,建安头道街17号,住宿服务;宾馆酒店;宾馆酒店,4.8,[]
全总(哈尔滨)劳模技能交流基地,126.566631,45.771297,住宿,冰花路869号,住宿服务;宾馆酒店;宾馆酒店,4.6,[]
哈尔滨四益堂宾馆(冰雪大世界店),126.595172,45.756724,住宿,河梁街18号(公路大桥地铁站3号口步行130米),住宿服务;宾馆酒店;宾馆酒店,3.8,[]
哈尔滨迪蔓嘉时尚快捷宾馆,126.612630,45.973625,住宿,萧红大道395号,住宿服务;宾馆酒店;宾馆酒店,4.4,[]
博航宾馆(哈尔滨太平国际机场店),126.242929,45.640403,住宿,太平镇先富村大张家屯,住宿服务;宾馆酒店;宾馆酒店,4.2,[]
哈尔滨易家民宿(国际会展中心店),126.711375,45.754542,住宿,南直路181号盟科视界9号楼A区101,住宿服务;住宿服务相关;住宿服务相关,5.0,[]
哈尔滨合美民宿,126.528683,45.872090,住宿,学院路柏林四季C1-6栋2单元2层1号,住宿服务;住宿服务相关;住宿服务相关,4.4,[]
哈尔滨桃玺民宿,126.649304,45.792473,住宿,长春街28号,住宿服务;住宿服务相关;住宿服务相关,4.6,[]
美居民宿(哈尔滨火车站店),126.632548,45.756112,住宿,松花江街22号,住宿服务;住宿服务相关;住宿服务相关,4.4,[]
MOMO民宿(哈尔滨中央大街步行街松花江畔尚志大街地铁站店),126.629220,45.765861,住宿,工厂街78号附1号,住宿服务;住宿服务相关;住宿服务相关,4.8,[]
哈尔的民宿(哈尔滨火车站博物馆地铁站店),126.646975,45.759207,住宿,果戈果大街344号10楼B区,住宿服务;宾馆酒店;宾馆酒店,4.5,[]
哈尔滨桂花民宿(9号店),126.531785,45.872639,住宿,柏林四季-B17,住宿服务;住宿服务相关;住宿服务相关,[],[]
通北民宿(圣索菲亚教堂哈尔滨火车站店),126.632080,45.768132,住宿,买卖街45-1号,住宿服务;住宿服务相关;住宿服务相关,4.4,[]
哈尔滨关季民宿,126.630997,45.773827,住宿,一面街66-1号,住宿服务;旅馆招待所;旅馆招待所,4.7,[]
哈尔滨馨缘民宿(医大一院博物馆地铁站店),126.646925,45.759157,住宿,果戈里大街344号9层,住宿服务;旅馆招待所;旅馆招待所,4.4,[]
中央大街民宿(哈尔滨中央大街步行街松花江畔尚志大街地铁站一店),126.615132,45.775510,住宿,消防救援大队中央大街小型消防站,住宿服务;住宿服务相关;住宿服务相关,3.6,[]
哈尔滨崇尚民宿,126.635691,45.785420,住宿,景阳街397号2单元10层1号,住宿服务;旅馆招待所;旅馆招待所,4.6,[]
哈尔滨市缘宿主题民宿,126.635713,45.785439,住宿,景阳街397号丰光江景公寓B座,住宿服务;旅馆招待所;旅馆招待所,4.8,[]
哈尔滨呈美民宿,126.636451,45.781296,住宿,沿沟街宝宇天邑环球港B区8号楼1914室,住宿服务;住宿服务相关;住宿服务相关,3.4,[]
哈尔滨博雯民宿(中央大街地铁站哈尔滨站店),126.614394,45.767093,住宿,北安街162号(中央大街地铁站3号口步行210米),住宿服务;住宿服务相关;住宿服务相关,4.6,[]
哈尔滨瑞缘民宿,126.609040,45.825403,住宿,东北亚大街广信新城B区1号楼2单元2702号,住宿服务;住宿服务相关;住宿服务相关,4.8,[]
哈尔滨天城民宿,126.613417,45.768739,住宿,经纬七道街50号附1号,住宿服务;旅馆招待所;旅馆招待所,4.4,[]
哈尔滨华利尔民宿,126.624068,45.781705,住宿,巡船胡同16号3栋,住宿服务;旅馆招待所;旅馆招待所,4.3,[]
哈尔滨禾源民宿,126.636021,45.760044,住宿,建筑街(哈尔滨站地铁站3号口步行260米),住宿服务;旅馆招待所;旅馆招待所,3.5,[]
哈尔滨福阳民宿,126.661999,45.761129,住宿,人和街5号,住宿服务;住宿服务相关;住宿服务相关,4.6,[]
洛阁民宿(哈尔滨索菲亚教堂店),126.632240,45.766905,住宿,工厂街2号,住宿服务;住宿服务相关;住宿服务相关,4.5,[]
紫云民宿(哈尔滨火车站店),126.635055,45.758576,住宿,建筑街52号(哈尔滨站地铁站3号口步行430米),住宿服务;住宿服务相关;住宿服务相关,3.4,[]
雨季民宿(哈尔滨中央大街索菲亚教堂店),126.630824,45.768329,住宿,田地街68号院内1层3号,住宿服务;旅馆招待所;旅馆招待所,5.0,[]
哈尔滨云海民宿(哈医大六院店),126.631252,45.825839,住宿,广达路80号黄埔公馆2期1号楼2单元101室,住宿服务;住宿服务相关;住宿服务相关,4.8,[]
意大利花园民宿(哈尔滨火车站哈工大博物馆店),126.631103,45.752156,住宿,松花江街85号(铁路局地铁站1号口步行430米),住宿服务;住宿服务相关;住宿服务相关,4.7,[]
哈尔滨民宿(中央大街步行街·松花江畔九店),126.602775,45.753875,住宿,河广街与阳明街交叉口西南60米,住宿服务;住宿服务相关;住宿服务相关,[],[]
哈尔滨美岳民宿,126.542251,45.870809,住宿,利民西三大街丽景花园小区13号楼2单元2层3号,住宿服务;旅馆招待所;旅馆招待所,4.6,[]
网娱民宿(哈尔滨哈尔滨站果戈里商业区滨江站店),126.654634,45.764930,住宿,辽阳街24号(医大一院地铁站3号口步行420米),住宿服务;住宿服务相关;住宿服务相关,3.4,[]
哈尔滨一元民宿(红星城店),126.568838,45.701072,住宿,绥化路红星城3号楼,住宿服务;住宿服务相关;住宿服务相关,3.2,[]
哈尔滨洲泉民宿,126.677238,45.733073,住宿,四史街61号,住宿服务;宾馆酒店;宾馆酒店,[],[]
哈尔滨花夜民宿,126.532995,45.873148,住宿,学院路柏林四季A7四单元3楼3号,住宿服务;住宿服务相关;住宿服务相关,4.2,[]
哈尔滨美尚民宿(江北大学城地铁站店),126.541426,45.872471,住宿,学院路丽景花园8号楼2单元11楼2号,住宿服务;住宿服务相关;住宿服务相关,4.9,[]
哈尔滨海客之家民宿,126.605144,45.774759,住宿,九江街副26-1,住宿服务;旅馆招待所;旅馆招待所,[],[]
哈尔滨睿亚民宿,126.495796,45.809987,住宿,恒源街898号万华园小区C11号楼1单元3235号,住宿服务;旅馆招待所;旅馆招待所,5.0,[]
梦蝶民宿(哈尔滨中央大街步行街松花江畔中华巴洛克街区地铁站店),126.627781,45.779535,住宿,友谊路14号(兆麟公园地铁站2号口步行300米),住宿服务;住宿服务相关;住宿服务相关,2.9,[]
哈尔滨盛泰快捷民宿(中央大街哈尔滨站店),126.622667,45.761482,住宿,抚顺街26号1层0101号,住宿服务;宾馆酒店;宾馆酒店,4.6,[]
悠家1218哈尔滨特色民宿,126.551925,45.807825,住宿,松北大道辅路四海园小区-1号楼,住宿服务;住宿服务相关;住宿服务相关,[],[]
欣家民宿(哈尔滨中央大街步行街松花江畔尚志大街地铁站一店),126.615849,45.775587,住宿,哈尔滨道里上游街62号802室,住宿服务;住宿服务相关;住宿服务相关,4.0,[]
国星民宿(哈尔滨火车站店),126.635497,45.757943,住宿,海关街138号2楼,住宿服务;住宿服务相关;住宿服务相关,4.6,[]
北舍民宿(哈尔滨北岸明珠龙湾店),126.551666,45.805125,住宿,松北大道北岸明珠龙湾C栋1104室,住宿服务;住宿服务相关;住宿服务相关,4.8,[]
凯悦民宿(哈尔滨中央大街店),126.616986,45.774143,住宿,红霞街39号2栋,住宿服务;住宿服务相关;住宿服务相关,4.5,[]
可馨民宿(哈尔滨东站工程大学店),126.701093,45.788075,住宿,南直路528-3号体育小区5-1栋,住宿服务;住宿服务相关;住宿服务相关,4.8,[]
哈尔滨小雨民宿,126.614807,45.693773,住宿,学府路125号电影机小区8号楼1单元,住宿服务;住宿服务相关;住宿服务相关,[],[]
哈尔滨清逸民宿,126.462810,45.802953,住宿,智谷大街2194号,住宿服务;旅馆招待所;旅馆招待所,[],[]
哈尔滨佐伊民宿(哈尔滨中央大街步行街松花江畔北马路地铁站店),126.620575,45.775925,住宿,西三道街国际城小区国际城公寓D单元,住宿服务;住宿服务相关;住宿服务相关,[],[]
温度民宿(哈尔滨中央大街店),126.628179,45.778832,住宿,一面街138号金安美豪国际公寓A1栋,住宿服务;住宿服务相关;住宿服务相关,4.4,[]
唯家民宿(哈尔滨站1号店),126.656172,45.764530,住宿,辽阳街14号435室,住宿服务;住宿服务相关;住宿服务相关,3.5,[]
栖月民宿(哈尔滨中央大街店),126.617307,45.775624,住宿,上游街36号,住宿服务;旅馆招待所;旅馆招待所,[],[]
哈尔滨吉祥民宿,126.620470,45.779775,住宿,尚志胡同5号(兆麟公园地铁站1号口步行360米),住宿服务;住宿服务相关;住宿服务相关,4.5,[]
小洋民宿(哈尔滨中华巴洛克老道外文化区寺地铁站三店),126.644525,45.777325,住宿,长发街33号,住宿服务;住宿服务相关;住宿服务相关,4.4,[]
哈尔滨心宿民宿(哈尔滨西站万达广场店),126.594425,45.702025,住宿,南兴街8号辰能溪树庭院C14栋10层5号,住宿服务;住宿服务相关;住宿服务相关,3.6,[]
屿见民宿(哈尔滨江北大学城店),126.537125,45.876663,住宿,学院路美术家大街68号,住宿服务;住宿服务相关;住宿服务相关,4.7,[]
哈尔滨云骁民宿,126.597196,45.760873,住宿,爱琴路2-1号1单元1层10号,住宿服务;住宿服务相关;住宿服务相关,4.7,[]
有房民宿(哈尔滨理工大学店),126.622545,45.717145,住宿,学府经典b区7栋1单元,住宿服务;旅馆招待所;旅馆招待所,4.5,[]
哈尔滨聚舍民宿,126.571221,45.749799,住宿,友谊西路2666号盛和天下G13栋,住宿服务;住宿服务相关;住宿服务相关,4.9,[]
至美民宿(哈尔滨中央大街店),126.623194,45.769751,住宿,尚志街道尚志大街116号,住宿服务;住宿服务相关;住宿服务相关,4.3,[]
米米民宿(哈尔滨中央大街步行街松花江畔哈尔滨站店),126.617090,45.767196,住宿,经纬四道街经纬四道街21号小区,住宿服务;旅馆招待所;旅馆招待所,[],[]
松乾民宿(哈尔滨火车站店),126.633390,45.756910,住宿,北京街136号,住宿服务;住宿服务相关;住宿服务相关,2.1,[]
哈尔滨元筑民宿,126.635729,45.785345,住宿,北头道街景阳街397号丰光江景公寓二单元,住宿服务;住宿服务相关;住宿服务相关,4.5,[]
壹品民宿(哈尔滨哈尔滨西站哈尔滨西站地铁站店),126.585113,45.695390,住宿,壹品新境小区B栋6楼601号,住宿服务;旅馆招待所;旅馆招待所,3.9,[]
哈尔滨索菲亚民宿(中央大街索菲亚大教堂店),126.629339,45.774549,住宿,买卖街181号,住宿服务;住宿服务相关;住宿服务相关,4.1,[]
思漫民宿(哈尔滨西站城乡路地铁站店),126.569596,45.708377,住宿,东方大街汇智中心F座12层,住宿服务;旅馆招待所;旅馆招待所,4.5,[]
兮缘民宿(哈尔滨火车站店),126.637408,45.755562,住宿,满洲里街58-8号五单元101,住宿服务;住宿服务相关;住宿服务相关,4.5,[]
温馨民宿(哈尔滨中央大街步行街松花江畔中央大街地铁站店),126.632225,45.768525,住宿,田地街24-16号田地大厦,住宿服务;住宿服务相关;住宿服务相关,3.0,[]
一舍民宿(哈尔滨哈尔滨西站哈尔滨西站地铁站店),126.588175,45.714625,住宿,武威路柒零捌零城仕公馆-H栋,住宿服务;住宿服务相关;住宿服务相关,[],[]
精简民宿(哈尔滨西站店),126.570025,45.710025,住宿,丽江路汇智中心(城乡路地铁站2号口步行250米),住宿服务;住宿服务相关;住宿服务相关,[],[]
初一民宿(哈尔滨西站2号店),126.581226,45.698112,住宿,哈尔滨大街南兴街绥化路中兴左街围合区域爱达九溪loft1栋13层,住宿服务;住宿服务相关;住宿服务相关,4.7,[]
哈尔滨侣途民宿,126.619021,45.736584,住宿,西大直街310号(西大桥地铁站1a口步行290米),住宿服务;住宿服务相关;住宿服务相关,3.5,[]
哈尔滨百顺民宿,126.623698,45.698021,住宿,医大二院家属区32栋1单元2楼3号,住宿服务;宾馆酒店;宾馆酒店,2.2,[]
晶锦民宿(哈尔滨站店),126.634131,45.758491,住宿,海关街156号(哈尔滨站地铁站3号口步行430米),住宿服务;住宿服务相关;住宿服务相关,4.2,[]
大隐民宿(哈尔滨中央大街步行街松花江畔北马路地铁站店),126.631415,45.770132,住宿,买卖街与透笼街交叉口东南60米,住宿服务;旅馆招待所;旅馆招待所,[],[]
哈尔滨小途民宿(学府路凯德广场店),126.609788,45.720285,住宿,学府路1号蓝钻公寓14楼1408室,住宿服务;住宿服务相关;住宿服务相关,4.4,[]
哈尔滨小象民宿,126.591907,45.696045,住宿,辰能溪树庭院北区c13栋502室,住宿服务;住宿服务相关;住宿服务相关,[],[]
哈尔滨院子里民宿,126.542256,45.816101,住宿,保利水韵长滩S17-1,住宿服务;旅馆招待所;旅馆招待所,[],[]
哈尔滨双馨观江民宿(中央大街步行街店),126.621274,45.781968,住宿,斯大林街道井街50-2号,住宿服务;旅馆招待所;旅馆招待所,[],[]
隐巷民宿(哈尔滨中央大街店),126.618947,45.766682,住宿,经纬三道街17号,住宿服务;住宿服务相关;住宿服务相关,4.3,[]
哈尔滨莫奈主题民宿(群力外滩休闲文化区店),126.570525,45.750125,住宿,友谊西路与上江街交叉口西南220米,住宿服务;住宿服务相关;住宿服务相关,4.8,[]
哈尔滨王家民宿,126.614660,45.694564,住宿,学府路125号电影机小区5号楼4单元3层4号,住宿服务;住宿服务相关;住宿服务相关,3.9,[]
哈尔滨悦盟凯民宿,126.621625,45.665925,住宿,学府路319号附11号,住宿服务;住宿服务相关;住宿服务相关,1.2,[]
哈尔滨嘉悦民宿,126.711642,45.754118,住宿,南直路盟科视界9号楼B公寓318室,住宿服务;住宿服务相关;住宿服务相关,4.5,[]
顺薪民宿(哈尔滨火车站店),126.634826,45.758604,住宿,建筑街58号4单元402室,住宿服务;住宿服务相关;住宿服务相关,2.7,[]
哈尔滨客来轩民宿,126.529213,45.873089,住宿,学院路柏林四季C1-5栋6单元,住宿服务;住宿服务相关;住宿服务相关,3.7,[]
哈尔滨此情可待民宿(江北大学城地铁站店),126.542762,45.873432,住宿,学院路丽景花园小区6栋1单元2201层,住宿服务;住宿服务相关;住宿服务相关,3.9,[]
丹丹民宿(哈尔滨哈尔滨东站工程大学大有坊街地铁站店),126.702075,45.781275,住宿,宏图街生活汇2期,住宿服务;住宿服务相关;住宿服务相关,[],[]
初一民宿(哈尔滨西站店),126.583163,45.699051,住宿,哈尔滨大街和中兴左街交叉口爱达九溪LOFT1栋1315室,住宿服务;住宿服务相关;住宿服务相关,[],[]
享邸民宿(哈尔滨火车站南广场店),126.630258,45.758098,住宿,铁路街7-16号,住宿服务;住宿服务相关;住宿服务相关,[],[]
哈尔滨昌合民宿,126.976254,45.542762,住宿,金城街和平小区6号楼2楼,住宿服务;住宿服务相关;住宿服务相关,[],[]
美墅家民宿(哈尔滨哈西高铁站万达广场店),126.597244,45.702064,住宿,哈西大街458号南郡香醍雅诺1期2号楼1单元304室,住宿服务;住宿服务相关;住宿服务相关,3.8,[]
哈尔滨天水旅馆(凯德广场学府路店),126.607521,45.725275,住宿,康宁三道街60号(学府路地铁站1号口步行420米),住宿服务;旅馆招待所;旅馆招待所,3.6,[]
哈尔滨大商旅馆,126.559531,45.816034,住宿,学海街银河小区3号15号门市,住宿服务;旅馆招待所;旅馆招待所,3.7,[]
源合旅馆(哈尔滨火车站店),126.650467,45.768063,住宿,邮政街13号(烟厂地铁站1号口步行390米),住宿服务;旅馆招待所;旅馆招待所,3.2,[]
卓越旅馆(哈尔滨火车站店),126.632899,45.757974,住宿,松花江街16号(哈尔滨站地铁站3号口步行460米),住宿服务;旅馆招待所;旅馆招待所,2.9,[]
时钟快捷宾馆,126.580282,45.895448,住宿,北京路名流新城9号商服,住宿服务;宾馆酒店;宾馆酒店|住宿服务;旅馆招待所;旅馆招待所,4.8,[]
哈尔滨航飞快捷宾馆,126.635557,45.603272,住宿,友协东三道街19号,住宿服务;宾馆酒店;宾馆酒店|住宿服务;旅馆招待所;旅馆招待所,4.8,[]
哈尔滨星月时尚快捷旅馆,126.644351,45.699955,住宿,哈平路副147-4号(近哈尔滨医科大学附属肿瘤医院),住宿服务;旅馆招待所;旅馆招待所,4.5,[]
益民招待所(北头道街店),126.637585,45.784197,住宿,北头道街48号,住宿服务;旅馆招待所;旅馆招待所,4.5,[]
哈尔滨时尚休闲快捷宾馆,126.587706,45.734570,住宿,乡里街与利民街交口利民街56-2号,住宿服务;宾馆酒店;宾馆酒店,4.3,[]
哈尔滨鑫顺旅馆,126.636268,45.603342,住宿,友协东三道街88号,住宿服务;旅馆招待所;旅馆招待所,3.4,[]
天之缘快捷宾馆(哈尔滨秋林医大一院店),126.657187,45.769534,住宿,燎原街105号(近哈医大一院门诊部),住宿服务;宾馆酒店;宾馆酒店,4.1,[]
金芒果假日宾馆(哈尔滨中山路店),126.672480,45.728366,住宿,西骑兵街7-15号,住宿服务;宾馆酒店;宾馆酒店,3.7,[]
哈尔滨贵人快捷旅馆,126.559377,45.815710,住宿,学海街银河小区1号楼3号,住宿服务;旅馆招待所;旅馆招待所,3.5,[]
哈尔滨博昊时尚宾馆,126.617615,45.741719,住宿,汉祥街91号(西大桥地铁站2B口步行360米),住宿服务;旅馆招待所;旅馆招待所,3.8,[]
哈尔滨禧悦快捷宾馆,126.685075,45.729652,住宿,菜艺街11号(116中学对面),住宿服务;宾馆酒店;宾馆酒店,4.2,[]
华迎小宾馆,126.672111,45.713081,住宿,三大动力路275号-4(303号锅炉厂大门进50米),住宿服务;宾馆酒店;宾馆酒店,4.0,[]
绿岛快捷宾馆(哈尔滨火车站店),126.636158,45.758013,住宿,民益街125号(海关街与民益街交叉口),住宿服务;旅馆招待所;旅馆招待所,3.5,[]
哈尔滨居家宾馆,126.589776,45.683546,住宿,王岗镇阳光家园小区A1-12栋03号商服,住宿服务;宾馆酒店;宾馆酒店,3.7,[]
哈尔滨天府快捷宾馆(龙达宾馆),126.557785,45.723717,住宿,群力第七大道1925号天府手擀面私家菜馆2层,住宿服务;宾馆酒店;宾馆酒店,3.7,[]
昌龙宾馆(哈尔滨江北大学城店),126.549722,45.872087,住宿,学院路三道街19号志华商城2号楼2门,住宿服务;宾馆酒店;宾馆酒店,3.5,[]
哈尔滨时运佳休闲旅馆,126.620788,45.712458,住宿,学府三道街42-18,住宿服务;旅馆招待所;旅馆招待所,3.5,[]
盛和快捷旅馆(哈尔滨西站店),126.589238,45.713036,住宿,哈尔滨大街金域蓝城D5-2,住宿服务;旅馆招待所;旅馆招待所,3.4,[]
阳光宾馆(龙江路店),127.395173,46.080518,住宿,龙江路阳光家园1号门市,住宿服务;宾馆酒店;宾馆酒店,3.3,[]
哈尔滨糖果日租公寓,126.975699,45.522158,住宿,剑桥郡小区17号楼,住宿服务;旅馆招待所;旅馆招待所,4.9,[]
哈尔滨君安快捷宾馆,126.629606,45.756104,住宿,公司街146号,住宿服务;宾馆酒店;宾馆酒店,3.2,[]
哈尔滨太阳花时尚风情旅馆,126.652761,45.718150,住宿,大庆副路154号,住宿服务;旅馆招待所;旅馆招待所,3.1,[]
千千时尚快捷旅馆(哈尔滨国际会展中心工大二校区店),126.685825,45.763471,住宿,辽河路216号华山小区B栋8号门市,住宿服务;旅馆招待所;旅馆招待所,4.7,[]
青竹宾馆,126.595411,45.731510,住宿,顾新路309号,住宿服务;宾馆酒店;宾馆酒店,4.3,[]
哈缘旅馆(哈尔滨火车站店),126.653156,45.748423,住宿,营部街17-3号,住宿服务;旅馆招待所;旅馆招待所,4.4,[]
方正商贸宾馆,128.835573,45.838117,住宿,同安路174号,住宿服务;宾馆酒店;宾馆酒店,4.0,[]
哈尔滨天吉招待所,126.649738,45.766452,住宿,哈市南岗区邮政街86-2号(医大一院住院处对面),住宿服务;旅馆招待所;旅馆招待所,4.6,[]
旭航宾馆,126.244236,45.640715,住宿,哈双路旁边,住宿服务;宾馆酒店;宾馆酒店,3.9,[]
富隆快捷宾馆(医大二院店),126.624818,45.697807,住宿,医大二院家属区35号楼3单元202室,住宿服务;宾馆酒店;宾馆酒店,4.3,[]
三江宾馆(哈尔滨火车站店),126.603843,45.750906,住宿,建国南头道街13号,住宿服务;宾馆酒店;宾馆酒店,4.1,[]
哈尔滨易安居快捷旅馆,126.650141,45.784005,住宿,南九道街83号,住宿服务;旅馆招待所;旅馆招待所,3.8,[]
哈尔滨经贸招待所,126.708740,45.788420,住宿,哈尔滨道外区十字商业街D栋31号,住宿服务;旅馆招待所;旅馆招待所|住宿服务;宾馆酒店;宾馆酒店,4.1,[]
木兰天一快捷宾馆,128.048322,45.947413,住宿,建设路与木兰大街交叉口,住宿服务;宾馆酒店;宾馆酒店,3.7,[]
头等舱宾馆(中央大街店),126.612512,45.774964,住宿,上游街53号,住宿服务;宾馆酒店;宾馆酒店,3.6,[]
金沙宾馆,126.596504,45.698989,住宿,哈西大街香醍雅诺2期38-2,住宿服务;宾馆酒店;宾馆酒店,3.7,[]
鸿瑞宾馆(黑龙江中医药大学店),126.638588,45.726947,住宿,文昌街256号(临近林业大学、中医药大学),住宿服务;宾馆酒店;宾馆酒店,3.6,[]
雪谷回忆拾光宾馆,128.125345,44.395400,住宿,山河屯林业局东升林场,住宿服务;宾馆酒店;宾馆酒店,5.0,[]
金棕榈快捷宾馆,126.698353,45.727537,住宿,鸿业街7号,住宿服务;宾馆酒店;宾馆酒店,3.6,[]
OYO隆鑫宾馆(中源大道店),126.566440,45.815098,住宿,中源大道9100号,住宿服务;宾馆酒店;宾馆酒店,3.4,[]
哈尔滨福诚假日宾馆(冰雪大世界公路大桥店),126.594278,45.759349,住宿,哈药路408号(公路大桥附近冰雪大世界),住宿服务;宾馆酒店;三星级宾馆,4.4,[]
天空宾馆,126.655586,45.754243,住宿,果戈里大街194号,住宿服务;宾馆酒店;宾馆酒店,4.1,[]
哈尔滨99快捷旅馆,126.611160,45.761746,住宿,安升街99号(安国与安升交叉口),住宿服务;旅馆招待所;旅馆招待所,3.9,[]
哈尔滨市南岗区滨河宾馆,126.646930,45.763973,住宿,邮政街120号,住宿服务;宾馆酒店;三星级宾馆,3.7,[]
禧龙宾馆(哈尔滨建国店),126.597666,45.744719,住宿,建国街260号,住宿服务;宾馆酒店;经济型连锁酒店,3.5,[]
金航宾馆(哈尔滨太平国际机场店),126.192906,45.632205,住宿,太平镇先富村中心大街232号,住宿服务;宾馆酒店;宾馆酒店,4.4,[]
哈尔滨安吉旅店,126.613381,45.755394,住宿,安吉街11号,住宿服务;旅馆招待所;旅馆招待所,4.5,[]
新中新商务旅馆,126.644390,45.774319,住宿,南平街26号,商务住宅;楼宇;商务写字楼|住宿服务;旅馆招待所;旅馆招待所,3.6,[]
哈尔滨盛世悦合商务宾馆(中央大街店),126.619826,45.777784,住宿,花圃街20号(兆麟公园地铁站1号口步行440米),住宿服务;宾馆酒店;宾馆酒店,3.5,[]
橘子主题宾馆(四史街店),126.677320,45.733037,住宿,四史街61号,住宿服务;宾馆酒店;宾馆酒店,4.6,[]
云峰旅馆(松柏街店),126.597677,45.745975,住宿,松柏街6号,住宿服务;旅馆招待所;旅馆招待所,4.1,[]
樱花旅店(海城街店),126.631273,45.756842,住宿,海城街172号,住宿服务;旅馆招待所;旅馆招待所,4.1,[]
佳家旅馆(哈同公路店),127.158600,45.756224,住宿,哈同公路辅路宾西客运站南30米,住宿服务;旅馆招待所;旅馆招待所,4.8,[]
嘉瑞快捷宾馆(哈尔滨河山街地铁站店),126.592616,45.741263,住宿,康安路82号,住宿服务;宾馆酒店;宾馆酒店,4.6,[]
英子旅馆(银行街店),126.638868,45.762086,住宿,银行街56-2号,住宿服务;旅馆招待所;旅馆招待所,4.4,[]
哈尔滨新城旅馆,126.656205,45.784879,住宿,南新街246号,住宿服务;旅馆招待所;旅馆招待所,4.5,[]
哈尔滨天涯知己快捷宾馆,126.520914,45.685966,住宿,机场路小三姓胜利家园A栋101室,住宿服务;宾馆酒店;宾馆酒店,4.2,[]
哈尔滨鸿安时尚快捷宾馆,126.631518,45.598516,住宿,友协西头道街与建文二道街交叉口东26米,住宿服务;宾馆酒店;宾馆酒店,4.0,[]
哈尔滨乐松网络快捷旅馆,126.648837,45.718020,住宿,幸福路117号(乐松广场后身),住宿服务;旅馆招待所;旅馆招待所,4.0,[]
梧桐湾快捷宾馆,126.557604,45.705709,住宿,金城街十号,住宿服务;宾馆酒店;宾馆酒店,4.5,[]
尚志如家快捷宾馆,127.969227,45.213886,住宿,邮电胡同,住宿服务;宾馆酒店;经济型连锁酒店,4.0,[]
哈尔滨夜语时尚快捷宾馆,126.633376,45.705779,住宿,征仪路255号,住宿服务;宾馆酒店;宾馆酒店,3.7,[]
泊辰宾馆(哈尔滨太平国际机场店),126.240823,45.640420,住宿,哈双路(西奥宾馆对面),住宿服务;宾馆酒店;宾馆酒店,3.7,[]
禧龙时钟旅馆(南十四道街店),126.656652,45.781524,住宿,南十四道街59号,住宿服务;旅馆招待所;旅馆招待所,4.5,[]
哈尔滨祥云雅致时尚宾馆(会展省医院店),126.669075,45.729197,住宿,区香滨路副15-7号,住宿服务;宾馆酒店;宾馆酒店|购物服务;购物相关场所;购物相关场所,3.6,[]
OYO哈尔滨润丰快捷宾馆(龙塔国际会展中心店),126.692079,45.726422,住宿,延福街281号(油坊街地铁站2号口步行350米),住宿服务;宾馆酒店;宾馆酒店,3.3,[]
哈尔滨成功宾馆,126.617271,45.734488,住宿,西大直街366号(和兴路地铁站2B口步行300米),住宿服务;宾馆酒店;宾馆酒店,3.7,[]
楠天宾馆(建国北二街店),126.602296,45.752318,住宿,哈药路200号(近建国街),住宿服务;宾馆酒店;宾馆酒店,2.8,[]
金阳宾馆(哈尔滨太平国际机场店),126.236261,45.639039,住宿,太平镇先富村大张家窝堡,住宿服务;宾馆酒店;宾馆酒店,2.7,[]
旺宇宾馆(松花江公园店),128.754936,45.971947,住宿,隆达路旺宇大厦1层2-4号2层1号商服,住宿服务;宾馆酒店;宾馆酒店,4.6,[]
盛隆快捷宾馆,126.477103,45.663532,住宿,机场路636号,住宿服务;宾馆酒店;宾馆酒店,4.1,[]
哈尔滨陌陌小宾馆,126.617520,45.721498,住宿,延兴路33号,住宿服务;宾馆酒店;宾馆酒店,3.1,[]
哈尔滨顺鑫宾馆,126.675193,45.729728,住宿,新乡里街12号新锐写字楼F1层,住宿服务;宾馆酒店;宾馆酒店,3.5,[]
鑫苑快捷宾馆(哈尔滨星光耀店),126.530539,45.732875,住宿,群里大道朗江路星光耀二期406号1-2层,住宿服务;宾馆酒店;宾馆酒店,2.8,[]
哈尔滨大元宾馆,126.637541,45.778600,住宿,中马路13号1栋3层,住宿服务;宾馆酒店;宾馆酒店,3.6,[]
尚志豪泰时尚宾馆,127.990409,45.213670,住宿,腾飞大街66号(世纪华苑4号楼3号门市),住宿服务;宾馆酒店;宾馆酒店,3.2,[]
8090快捷宾馆(安埠店),126.693547,45.728248,住宿,安埠街387号(安埠商厦后门对面),住宿服务;宾馆酒店;宾馆酒店,3.5,[]
哈尔滨鸿安旅馆,126.552320,45.871705,住宿,学院路志华商城1号楼26门,住宿服务;宾馆酒店;宾馆酒店|住宿服务;旅馆招待所;旅馆招待所,4.0,[]
哈尔滨宝航宾馆,126.197436,45.635324,住宿,哈双路与中心大街交叉口北160米,住宿服务;宾馆酒店;宾馆酒店,4.8,[]
龙华旅店(新永和街店),126.653766,45.756024,住宿,新永和街62号,住宿服务;旅馆招待所;旅馆招待所,4.8,[]
金玉快捷宾馆(哈尔滨哈东站店),126.708276,45.790250,住宿,北棵街桦树A区4号楼楼下,住宿服务;宾馆酒店;宾馆酒店,4.5,[]
哈尔滨和盛宾馆(索菲亚教堂中华巴洛克街区店),126.642219,45.771691,住宿,南极街112号,住宿服务;宾馆酒店;宾馆酒店,3.8,[]
哈尔滨保利丁香主题宾馆,126.527300,45.726361,住宿,群力第五大道与阳明滩大道交汇处,住宿服务;宾馆酒店;宾馆酒店,4.8,[]
哈尔滨锦泽假日青年旅社(中央大街店),126.607069,45.750257,住宿,新阳路329号恒祥大厦F6层,住宿服务;住宿服务相关;住宿服务相关,4.6,[]
三只猫青年旅社(哈尔滨西站万达广场店),126.585575,45.697525,住宿,哈尔滨大街金爵万象3期3栋11层1106号,住宿服务;住宿服务相关;住宿服务相关,4.8,[]
哈尔滨米店青年旅舍(中央大街店),126.630689,45.771492,住宿,买卖街105号24层02门,住宿服务;住宿服务相关;住宿服务相关,4.5,[]
哈尔滨蜗牛精选青年旅舍(中央大街正门索菲亚教堂店),126.621345,45.767674,住宿,西十五道街58号,住宿服务;旅馆招待所;青年旅舍,4.7,[]
求职青年旅舍(中医药大学店),126.649831,45.738590,住宿,文瑞街6号文瑞小区8栋6单元2层2号,住宿服务;住宿服务相关;住宿服务相关,5.0,[]
缘士家青年旅馆(文景街店),126.653067,45.738533,住宿,民生路309号,住宿服务;旅馆招待所;旅馆招待所,4.9,[]
哈尔滨永青旅馆,126.529838,45.872928,住宿,学院路农垦小吃街柏林四季B2栋2单元102,住宿服务;宾馆酒店;宾馆酒店,4.6,[]
秦泉青年旅馆(哈尔滨南岗店),126.649518,45.737447,住宿,文景街副63-9号,住宿服务;旅馆招待所;旅馆招待所,4.8,[]
嘉璐青年旅馆(哈工大店),126.650825,45.737775,住宿,文化街16号5栋4单元负101,住宿服务;住宿服务相关;住宿服务相关,4.6,[]
哈尔滨北岸青年旅店(中央大街索菲亚教堂店),126.617892,45.774143,住宿,红霞街16号2单元301室,住宿服务;旅馆招待所;青年旅舍,4.5,[]
送你一朵小雪花青年旅舍(中央大街哈站店),126.626668,45.764100,住宿,霁虹街59号1单元201室,住宿服务;住宿服务相关;住宿服务相关,4.6,[]
时间煮雨青旅城宿(哈工大地铁站店),126.627235,45.741551,住宿,法院街42号(哈工大地铁站3号口步行350米),住宿服务;旅馆招待所;旅馆招待所,4.6,[]
春遇青年旅舍(哈尔滨中央大街店),126.614190,45.775543,住宿,上游街37号3单元201,住宿服务;住宿服务相关;住宿服务相关,4.8,[]
哈尔滨云舟太空舱青年旅舍(中央大街步行街店),126.607739,45.761319,住宿,安隆街汇励99城市公园B1座6楼,住宿服务;住宿服务相关;住宿服务相关,4.8,[]
哈尔滨安桂青旅(中央大街店),126.622040,45.767840,住宿,西十五道街34号院内,住宿服务;住宿服务相关;住宿服务相关,4.7,[]
雅舍青旅(哈尔滨松北区融创茂店),126.493929,45.801128,住宿,世茂大道融创融园G10栋1单元1001室,住宿服务;住宿服务相关;住宿服务相关,4.7,[]
背包行青年旅舍(哈尔滨中央大街索菲亚教堂店),126.620733,45.775498,住宿,西四道街15号国际城高级公寓C座1301室,住宿服务;旅馆招待所;青年旅舍,4.6,[]
金盛源青年旅舍(哈尔滨哈西站店),126.586091,45.704249,住宿,西宁北路79号,住宿服务;旅馆招待所;青年旅舍,3.8,[]
安谷青旅民宿,126.617107,45.758013,住宿,安固街78号,住宿服务;旅馆招待所;青年旅舍,4.4,[]
哈尔滨蜗牛青年旅舍(中央大街店),126.618942,45.766661,住宿,西十五道街58号,住宿服务;住宿服务相关;住宿服务相关,4.5,[]
悠家青年旅舍(哈尔滨西站店),126.597145,45.696087,住宿,哈西大街南郡香醍雅诺二期37栋,住宿服务;住宿服务相关;住宿服务相关,4.8,[]
暮冬青年旅舍(哈尔滨中央大街索菲亚教堂店),126.620229,45.772387,住宿,中央大街85号潮人广场4楼,住宿服务;住宿服务相关;住宿服务相关,4.8,[]
哈尔滨美栈旅舍,126.671073,45.766465,住宿,先锋路中发郦苑6栋A1门市,住宿服务;旅馆招待所;青年旅舍,4.5,[]
哈尔滨贝壳青年旅舍(中央大街店),126.624350,45.772511,住宿,兆麟街90号麦凯乐国际公寓B座15层A1号,住宿服务;住宿服务相关;住宿服务相关,4.1,[]
哈尔滨甜蜜邮局青年旅舍(中央大街店),126.613182,45.775845,住宿,通江街155号(友谊宫地铁站1号口步行220米),住宿服务;旅馆招待所;青年旅舍,4.5,[]
哈尔滨黑大青年旅馆,126.612664,45.708845,住宿,学府路47-1龙博名苑1单元8楼3号,住宿服务;住宿服务相关;住宿服务相关,3.9,[]
冬与雪青年旅舍(哈尔滨中央大街索菲亚教堂店),126.631638,45.772220,住宿,一面街36号院内3单元201,住宿服务;旅馆招待所;青年旅舍,3.9,[]
飞行模室青年旅舍,126.643490,45.820109,住宿,松浦观江国际A区12栋1单元2602室,住宿服务;住宿服务相关;住宿服务相关,4.9,[]
哈尔滨咔叽太空舱青旅民宿,126.630220,45.771651,住宿,买卖街105号,住宿服务;住宿服务相关;住宿服务相关,4.7,[]
行路青旅(中央大街哈站店),126.626662,45.764107,住宿,霁虹街59号2单元201,住宿服务;旅馆招待所;青年旅舍,4.7,[]
哈哈青年旅舍(会展中心店),126.650525,45.737725,住宿,文化街16号文瑞小区6号楼3单元3层2号,住宿服务;住宿服务相关;住宿服务相关,4.4,[]
三只猫青旅(中央大街店),126.623155,45.771900,住宿,尚志大街麦凯乐国际公寓A座A18A01号,住宿服务;住宿服务相关;住宿服务相关,4.6,[]
拾年太空舱青旅(中央大街店),126.642780,45.784980,住宿,中华巴洛克街区地铁站2号口旁,住宿服务;旅馆招待所;旅馆招待所,4.5,[]
哈尔滨雪域旅舍(中央大街店),126.615668,45.752900,住宿,安心街133号,住宿服务;旅馆招待所;青年旅舍,3.6,[]
云杉国际青年宾馆(哈尔滨西站店),126.586594,45.704649,住宿,西宁北路东辉明珠园小区高10-1号,住宿服务;旅馆招待所;青年旅舍,4.0,[]
哈尔滨我们的小窝青年旅舍(麦凯乐店),126.624362,45.772569,住宿,兆麟街麦凯乐国际公寓B座14楼,住宿服务;住宿服务相关;住宿服务相关,4.1,[]
安宿青年旅社(哈西万达广场店),126.595440,45.696394,住宿,哈西大街439号辰能金座1412室,住宿服务;住宿服务相关;住宿服务相关,4.7,[]
洗洗睡吧女生青年旅舍(哈尔滨中央大街店),126.624562,45.772526,住宿,兆麟街90号麦凯乐公寓B座15层A09室,住宿服务;住宿服务相关;住宿服务相关,4.8,[]
8901·青旅(中央大街5店),126.620228,45.775325,住宿,西五道街37号附3号,住宿服务;旅馆招待所;旅馆招待所,4.2,[]
哈尔滨萌二二次元青旅(中央大街索菲亚店),126.632219,45.769984,住宿,买卖街85号2栋6单元5层1号,住宿服务;住宿服务相关;住宿服务相关,[],[]
拾光青旅,126.612540,45.708898,住宿,学府路47-1号龙博名苑1单元8层3号,住宿服务;住宿服务相关;住宿服务相关,[],[]
哈哈青年旅舍(文化宫地铁站店),126.653028,45.746494,住宿,联部街28号4单元102室,住宿服务;住宿服务相关;住宿服务相关,[],[]
撒欢儿青年旅社(哈尔滨中央大街店),126.618746,45.755443,住宿,安祥街副2-2号,住宿服务;住宿服务相关;住宿服务相关,[],[]
芒果青年旅舍(中央大街店),126.624336,45.772380,住宿,兆麟街与东九道街交叉口西南60米,住宿服务;住宿服务相关;住宿服务相关,[],[]
哈尔滨玩儿青年旅社(中央大街索菲亚教堂店),126.630775,45.771525,住宿,买卖街与石头道街交叉口东南80米,住宿服务;住宿服务相关;住宿服务相关,[],[]
哈尔滨安舍国际青年旅舍,126.609271,45.770055,住宿,工部街21号,住宿服务;旅馆招待所;青年旅舍,4.6,[]
茄子青旅(安德街中央大街二店),126.613697,45.762738,住宿,安德街副36号,住宿服务;旅馆招待所;青年旅舍,5.0,[]
哈尔滨看见一个青旅,126.622040,45.767847,住宿,西十五道街34号院内,住宿服务;住宿服务相关;住宿服务相关,3.7,[]
伊六八青年旅舍(中央大街店),126.624350,45.772511,住宿,兆麟街90号麦凯乐B座,住宿服务;住宿服务相关;住宿服务相关,4.8,[]
柒月青旅(哈尔滨中央大街店),126.614479,45.761819,住宿,安静街37号201室,住宿服务;住宿服务相关;住宿服务相关,4.6,[]
猫冬国际青年旅舍(中央大街店),126.614574,45.766690,住宿,安道街67-69号,住宿服务;旅馆招待所;旅馆招待所,4.6,[]
Uwill桃花·观江青年旅舍(中央大街店),126.616875,45.776425,住宿,上游街3号聚豪天下B栋2402室,住宿服务;住宿服务相关;住宿服务相关,4.7,[]
哈尔滨兴顺旅馆(木材东街店),126.726931,45.734554,住宿,木材东街40-11号城东新居小区A区4栋4号商服,住宿服务;旅馆招待所;旅馆招待所,4.3,[]
相遇时光青年旅舍(中央大街店),126.611546,45.772726,住宿,红霞街101号,住宿服务;宾馆酒店;宾馆酒店,3.7,[]
哈尔滨鑫垚青年旅社,126.670918,45.764196,住宿,马端街65号龙福家园,住宿服务;住宿服务相关;住宿服务相关,4.6,[]
亚布力简居青旅之家(亚布力站店),128.617389,44.931226,住宿,亚布力公路客运站东北方800米,住宿服务;住宿服务相关;住宿服务相关,4.1,[]
宝轩快捷旅馆,126.636865,45.581962,住宿,龙滨路68号(秀水名苑二期2号楼),住宿服务;旅馆招待所;旅馆招待所,4.6,[]
哈尔滨小时代青年旅舍,126.621291,45.771634,住宿,西十道街32号盛世嘉园小区一栋3单元5楼1号,住宿服务;旅馆招待所;青年旅舍,4.4,[]
森工部落太空舱民宿,128.506082,44.757115,住宿,青云路二民铁锅炖西南50米,住宿服务;住宿服务相关;住宿服务相关,4.2,[]
云端全女生青旅(省医院地铁站店),126.674678,45.739419,住宿,民航路与衡山路交叉口西180米,住宿服务;旅馆招待所;青年旅舍,[],[]
亮亮青年公寓客栈民宿,126.637696,45.783986,住宿,北头道街与同发头道街交叉口西80米,住宿服务;旅馆招待所;青年旅舍,[],[]
森林部落太空舱,128.505940,44.757954,住宿,青云路086号,住宿服务;住宿服务相关;住宿服务相关,[],[]
国际青年旅舍(中华巴洛克风情街店),126.641325,45.783334,住宿,南三道街69号,住宿服务;住宿服务相关;住宿服务相关,[],[]
锦秀青年旅舍,126.494673,45.798217,住宿,世茂大道与科技北三街交叉口西南160米,住宿服务;旅馆招待所;青年旅舍,[],[]
雨林旅馆,127.162075,45.753412,住宿,宾西镇学府小区学府路193号,住宿服务;旅馆招待所;旅馆招待所,[],[]
哈尔滨YOYO青年旅舍,126.596625,45.706775,住宿,西典家园E2栋4单元202室,住宿服务;住宿服务相关;住宿服务相关,[],[]
长青旅馆(文昌街),128.751369,45.972974,住宿,通河镇公寓东南门东50米,住宿服务;旅馆招待所;旅馆招待所,[],[]
雪谷富强青年旅社,128.068575,44.443025,住宿,雪谷雪缘客栈(雪谷风景区店)西南侧50米,住宿服务;旅馆招待所;青年旅舍,[],[]
胖胖国际青年旅社,126.620879,45.777646,住宿,尚志大街与西头道街交叉口西北40米,住宿服务;旅馆招待所;青年旅舍,[],[]
咔叽萌二动漫青旅(中央大街索菲亚店),126.632217,45.769985,住宿,透笼街与一面街交叉口西南120米,住宿服务;旅馆招待所;青年旅舍,[],[]
青旅民宿,126.611907,45.770673,住宿,东风街与经纬街交叉口东北20米,住宿服务;旅馆招待所;旅馆招待所,[],[]
满天飞雪青年旅社(哈西万达广场店),126.596451,45.704470,住宿,哈西大街与中兴大道交叉口东北240米,住宿服务;住宿服务相关;住宿服务相关,[],[]
永泰青舍民宿小区住宅,126.761086,45.715462,住宿,永昌路与永盛路交叉口南40米,住宿服务;住宿服务相关;住宿服务相关,[],[]
慕容雪青年旅舍(索菲亚教堂店),126.626840,45.767298,住宿,兆麟街与田地街交叉口南40米,住宿服务;住宿服务相关;住宿服务相关,[],[]
满天飞雪青年旅社(中央大街店),126.622625,45.766119,住宿,经纬头道街与经纬街交叉口西南60米,住宿服务;宾馆酒店;宾馆酒店,[],[]
后来青年旅舍,126.591862,45.750134,住宿,河松街与河源街交叉口东200米,住宿服务;住宿服务相关;住宿服务相关,[],[]
哈尔滨美世拓展团建活动基地,126.583961,45.781226,住宿,太阳大道600号,体育休闲服务;休闲场所;休闲场所,4.0,214.00
金港湾度假村,126.500700,45.838339,住宿,万宝大道与龙盛路交叉口西南角,体育休闲服务;度假疗养场所;度假村,4.2,89.00
老富家度假村,126.582683,45.818574,住宿,龙江第一村315栋,体育休闲服务;休闲场所;休闲场所,3.7,65.00
北方贵族度假村,126.531282,45.717186,住宿,泰顺街与三环路交叉口西北260米,体育休闲服务;度假疗养场所;度假村,4.5,[]
波斯特太阳岛度假村,126.595543,45.786970,住宿,太阳岛风景区西林街13号,住宿服务;宾馆酒店;三星级宾馆,3.7,[]
江北人家度假村,126.505600,45.919703,住宿,利业镇玉林村大陶家1号,体育休闲服务;度假疗养场所;度假村,4.4,89.00
菱角泡度假村,126.596832,45.877224,住宿,南京路利民东四大街,体育休闲服务;度假疗养场所;度假村,4.3,69.00
福满源山庄度假村,126.418655,45.702022,住宿,长岭湖农家院附近,体育休闲服务;度假疗养场所;度假疗养场所,4.0,66.00
青禾原度假山庄,126.595838,45.923058,住宿,四平路1号,体育休闲服务;体育休闲服务场所;体育休闲服务场所,4.2,65.00
江岸湿地度假村,126.687155,45.856213,住宿,松浦镇东方红村,体育休闲服务;度假疗养场所;度假村,3.8,318.00
友联度假村,126.554237,45.584293,住宿,长征村102国道(京哈公路段)12公里处,体育休闲服务;度假疗养场所;度假村,4.3,101.00
富东度假村,126.822630,45.727266,住宿,幸福路莫力村,体育休闲服务;度假疗养场所;度假村,4.4,[]
长岭湖望湖楼度假村,126.408477,45.697997,住宿,长岭湖风景区环湖西路与南路交叉口进入环湖南路右侧,体育休闲服务;度假疗养场所;度假村|体育休闲服务;娱乐场所;娱乐场所|餐饮服务;中餐厅;中餐厅|住宿服务;宾馆酒店;宾馆酒店,3.7,111.00
月亮泉度假村,126.683475,45.829575,住宿,滨北路与滨水大道交叉口西北280米,体育休闲服务;度假疗养场所;度假村,4.1,[]
小江南农家院,126.796207,45.896952,住宿,民主镇胜利村滨江湿地风景区往东1公里,体育休闲服务;休闲场所;休闲场所|餐饮服务;餐饮相关场所;餐饮相关,3.7,128.00
盛达山荘,126.802953,45.646969,住宿,新庆林场南侧170米,体育休闲服务;度假疗养场所;度假村,3.9,[]
百宠苑宠物度假村,126.464765,45.976599,住宿,纽纶德门窗有限公司西南侧200米,体育休闲服务;度假疗养场所;度假村,3.5,[]
水云轩度假村,126.817006,45.899530,住宿,巨源镇山东屯,体育休闲服务;体育休闲服务场所;体育休闲服务场所,3.6,[]
满族村寨度假村,126.483375,45.576225,住宿,东升路与东升南三路交叉口东北80米,体育休闲服务;度假疗养场所;度假村,3.4,[]
龙鸿金龙山森林营地,127.257441,45.497737,住宿,金龙山镇于店村砖庙子屯北山,体育休闲服务;度假疗养场所;度假村|体育休闲服务;休闲场所;休闲场所,4.0,234.00
祥云·水木溪谷度假村,126.792127,45.884314,住宿,宠爱一生宠物乐园西侧90米,体育休闲服务;度假疗养场所;度假村,3.4,[]
仙湖度假村,127.145775,45.566377,住宿,哈红公路三姐鱼馆西南方向约100米处,住宿服务;住宿服务相关;住宿服务相关|体育休闲服务;度假疗养场所;度假疗养场所,3.9,[]
玉泉大发休闲度假山庄,127.181233,45.394636,住宿,301国道南侧,体育休闲服务;度假疗养场所;度假村,3.8,109.00
鑫帅旅游度假村,127.369764,45.293262,住宿,平山镇新政村姜家围子,体育休闲服务;度假疗养场所;度假村,3.9,108.00
哈尔滨湖滨山庄(二龙山景区),127.422664,45.720787,住宿,二龙山风景名胜区,住宿服务;住宿服务相关;住宿服务相关|体育休闲服务;度假疗养场所;度假村,3.2,[]
尔滨华舜度假庄园,127.219825,45.616974,住宿,蜚克图镇新富村那家大院屯,住宿服务;住宿服务相关;住宿服务相关,[],[]
燕窝岛度假村,127.051825,45.106754,住宿,背荫河镇燕窝岛渔村,体育休闲服务;度假疗养场所;度假村,3.9,[]
亚布力春雪居山庄,128.492322,44.794467,住宿,[],住宿服务;住宿服务相关;住宿服务相关|体育休闲服务;度假疗养场所;度假村,4.3,[]
亚布力哈雪谷旅游度假村(寒酥庄园),128.515469,44.824792,住宿,亚布力青年雪鼎山庄南侧270米,体育休闲服务;度假疗养场所;度假村,4.5,330.00
通河米乐谷亲子度假山庄,128.653972,46.053967,住宿,935村道,体育休闲服务;度假疗养场所;度假村,3.9,[]
雪谷佳欣度假村,128.073149,44.444866,住宿,山河屯林业局中国雪谷,住宿服务;住宿服务相关;住宿服务相关,3.4,[]
亚布力阳光度假村,128.451460,44.782284,住宿,亚布力镇地中海俱乐部前台,体育休闲服务;度假疗养场所;度假村,4.2,[]
帽儿山青顶度假区,127.450000,45.260003,住宿,哈体院帽儿山滑雪场东北侧140米,风景名胜;风景名胜相关;旅游景点,3.8,[]
中国雪谷钓鱼台度假山庄,128.058827,44.445089,住宿,雪谷路山河屯林业局长青林场西南角,住宿服务;住宿服务相关;住宿服务相关|体育休闲服务;休闲场所;休闲场所,4.8,[]
帽儿山镇青年点冰雪度假村,127.500325,45.304375,住宿,帽儿山镇大同村砖瓦窑屯山后,体育休闲服务;度假疗养场所;度假村,4.2,[]
红星渔府度假村,127.146631,45.566663,住宿,红星顺水鱼馆西侧,体育休闲服务;度假疗养场所;度假村,2.9,[]
亚布力文祥农家院,128.500753,44.793785,住宿,青山村(近亚雪公路),住宿服务;住宿服务相关;住宿服务相关|体育休闲服务;休闲场所;休闲场所,4.4,[]
亚布力瑞龙山庄,128.503806,44.796461,住宿,沁园春别墅附近(亚雪公路北),住宿服务;住宿服务相关;住宿服务相关|体育休闲服务;度假疗养场所;度假村,4.5,[]
文贤庄园旅游度假区,127.128882,45.014698,住宿,五常镇北9公里处,体育休闲服务;度假疗养场所;度假村|风景名胜;风景名胜相关;旅游景点,3.2,[]
英雄山旅游度假山庄,127.611737,44.533206,住宿,蛤拉河子村,风景名胜;风景名胜;风景名胜|体育休闲服务;体育休闲服务场所;体育休闲服务场所,2.8,[]
青云小镇养生度假中心,128.504675,44.759525,住宿,西二街与青云路交叉口西220米,体育休闲服务;度假疗养场所;度假村,3.9,[]
双龙山庄,127.138327,45.124253,住宿,[],风景名胜;风景名胜;风景名胜,3.6,[]
春天春公寓(哈尔滨国际会展中心盟科视界店),126.711735,45.753979,住宿,南直路181号(会展中心东门对面),住宿服务;住宿服务相关;住宿服务相关,4.7,[]
哈尔滨哈西万达锦江时尚公寓,126.591218,45.700946,住宿,中兴大道与和谐大道交叉口哈西万达SOHO公寓B座219室(办理入住),住宿服务;住宿服务相关;住宿服务相关,4.8,[]
哈尔滨顽石主题公寓,126.615707,45.774581,住宿,中医街80号(通江街派出所正对面),住宿服务;住宿服务相关;住宿服务相关,4.4,[]
哈尔滨国际饭店(哈工业大学火车站店),126.642384,45.756648,住宿,西大直街4号(博物馆地铁站5号口步行260米),住宿服务;宾馆酒店;四星级宾馆|餐饮服务;中餐厅;中餐厅,4.5,[]
哈尔滨三驱公寓(哈西万达店),126.592016,45.700875,住宿,中兴大街与和谐大街交口哈西万达广场公寓SOHOA座19层,住宿服务;宾馆酒店;宾馆酒店,4.6,[]
哈尔滨雅栖精选公寓酒店(中央大街店),126.624302,45.765499,住宿,工厂街101号17层,住宿服务;宾馆酒店;宾馆酒店,4.9,[]
拾月公寓(哈尔滨冰雪大世界世茂大道地铁站店),126.551625,45.805475,住宿,世茂大道776号北岸明珠龙湾c栋1101A,住宿服务;住宿服务相关;住宿服务相关,4.8,[]
雅居青年公寓(哈尔滨医大一院店),126.656238,45.764259,住宿,辽阳街14号唯家新青年公寓4层447室,住宿服务;住宿服务相关;住宿服务相关,4.4,[]
哈尔滨海韵酒店(江北大学城店),126.555197,45.876281,住宿,利民大道678号,住宿服务;宾馆酒店;宾馆酒店,4.5,[]
星途管家公寓(哈尔滨中央大街店),126.622840,45.773784,住宿,尚志大街99号公馆1单元7层712室,住宿服务;住宿服务相关;住宿服务相关,4.2,[]
哈尔滨房建公寓段哈西公寓,126.575080,45.706151,住宿,永兴路,商务住宅;商务住宅相关;商务住宅相关,[],[]
哈尔滨铁路局职工公寓,126.614429,45.744194,住宿,民乐街1号(哈尔滨市道里区铁顺街与民乐街交口),商务住宅;住宅区;宿舍,[],[]
哈尔滨今生缘公寓,126.609570,45.705288,住宿,中兴大道99号哈西商厦B座1002室,住宿服务;住宿服务相关;住宿服务相关,4.4,[]
哈尔滨群力银泰茂公寓,126.539799,45.742107,住宿,丽江路4206号银泰城E栋斯维登度假公寓楼上1404室,住宿服务;住宿服务相关;住宿服务相关,4.0,[]
哈尔滨中央大街哈布斯堡酒店(索菲亚教堂店),126.612142,45.776633,住宿,友谊路184号(友谊宫地铁站1号口步行90米),住宿服务;宾馆酒店;宾馆酒店,4.8,[]
哈尔滨开发区外商公寓,126.685290,45.745937,住宿,汉水路190号,商务住宅;住宅区;住宅小区,[],[]
四季时尚酒店(哈尔滨哈西万达广场西客站店),126.588650,45.710208,住宿,哈尔滨大街124号,住宿服务;宾馆酒店;经济型连锁酒店,4.5,[]
哈尔滨防洪纪念塔江边中央大街分分钟到达公寓,126.619731,45.780108,住宿,中央大街1号哈尔滨中央大街,住宿服务;住宿服务相关;住宿服务相关,4.7,[]
哈尔滨港城酒店(工程大学店),126.671210,45.776904,住宿,南通大街149号,住宿服务;宾馆酒店;四星级宾馆|餐饮服务;中餐厅;中餐厅,4.4,[]
哈尔滨星容寓精品公寓(3号店),126.532947,45.733138,住宿,朗江路1039-3号星光耀广场办公一号楼706室,住宿服务;宾馆酒店;宾馆酒店,4.8,[]
刺猬猬公寓(哈尔滨火车站医大四院店),126.634826,45.760206,住宿,春申街8号6层607,住宿服务;住宿服务相关;住宿服务相关,4.6,[]
哈尔滨铁路局哈尔滨房建公寓段,126.638871,45.748205,住宿,复华三道街10号(铁路局地铁站4号口步行460米),公司企业;公司;建筑公司,[],[]
哈尔滨工业大学,126.632923,45.743265,住宿,西大直街92号(哈工大地铁站2号口步行230米),科教文化服务;学校;高等院校,[],[]
哈尔滨金融学院第14学生公寓,126.731636,45.723108,住宿,电碳路与融和路交叉口西60米,商务住宅;住宅区;宿舍,[],[]
哈尔滨铁路职工单身公寓,126.638105,45.758564,住宿,中学胡同1号(博物馆地铁站5号口步行400米),商务住宅;住宅区;住宅小区,[],[]
哈尔滨丽泽酒店(索菲亚教堂・中央大街地铁站店),126.615697,45.771446,住宿,通江街55号(中央大街地铁站1号口步行270米),住宿服务;宾馆酒店;宾馆酒店,4.8,[]
哈尔滨哈西希尔顿欢朋酒店,126.588260,45.697676,住宿,中交香颂C座南兴街32号,住宿服务;宾馆酒店;四星级宾馆,4.6,[]
7天精品酒店式公寓(哈尔滨群力远大店),126.555225,45.738051,住宿,群力大道兴江路远大购物中心A区步行街A1-21门市,住宿服务;宾馆酒店;经济型连锁酒店,4.6,[]
哈尔滨火车站医大一院桔子水晶酒店,126.649123,45.762481,住宿,东大直街278号,住宿服务;宾馆酒店;宾馆酒店,4.6,[]
哈尔滨太阳岛花园酒店,126.567250,45.770604,住宿,冰花路869号,住宿服务;宾馆酒店;宾馆酒店,4.5,[]
哈尔滨金融学院第7学生公寓,126.737455,45.718909,住宿,融富路与金义路交叉口南120米,商务住宅;住宅区;宿舍,[],[]
哈尔滨国际会展中心希尔顿欢朋酒店,126.669456,45.738625,住宿,中山路101号,住宿服务;宾馆酒店;宾馆酒店,4.6,[]
熙悦·盛雅Smart·Urban scenery智能酒店(哈尔滨西站万达广场店),126.591075,45.700875,住宿,中兴大道164号SOHO公寓B座6楼16号,住宿服务;住宿服务相关;住宿服务相关,4.7,[]
哈尔滨溪岸艺墅公寓(群力国家城市湿地公园店),126.553208,45.733098,住宿,群力第五大道2146号素柏云酒店17楼1701,住宿服务;住宿服务相关;住宿服务相关,4.7,[]
哈尔滨浪漫小屋酒店公寓(黑龙江中医药大学店),126.653906,45.727771,住宿,和平路81-2号(加州牛肉面楼上),住宿服务;宾馆酒店;宾馆酒店,4.7,[]
哈尔滨工业大学(智谷园区)(建设中),126.626506,45.730462,住宿,王兆街道西大直街9-2号一匡街,科教文化服务;学校;高等院校,[],[]
哈尔滨西站城际酒店,126.571286,45.709028,住宿,东方大街与规划路围合汇智中心E02栋,住宿服务;宾馆酒店;宾馆酒店,4.7,[]
哈尔滨火车站果戈里大街漫心酒店,126.653622,45.755323,住宿,果戈里大街238号,住宿服务;宾馆酒店;宾馆酒店|购物服务;购物相关场所;购物相关场所,4.6,[]
哈尔滨商业大学(北校区),126.563532,45.816893,住宿,学海街1号,科教文化服务;学校;高等院校,[],[]
哈尔滨职业技术大学,126.654966,45.667745,住宿,哈平路217号,科教文化服务;学校;高等院校,[],[]
哈尔滨宾悦酒店(会展中心店),126.694028,45.736151,住宿,红旗大街179号(红旗大街和珠江路交叉口),住宿服务;宾馆酒店;宾馆酒店,4.7,[]
哈尔滨吉居酒店(国际会展中心店),126.692206,45.728493,住宿,红旗大街99-2号1层,住宿服务;住宿服务相关;住宿服务相关,4.6,[]
哈尔滨大街,126.581155,45.699058,住宿,南岗区,地名地址信息;交通地名;道路名,[],[]
城市酒店(哈尔滨西站万达广场店),126.583755,45.696258,住宿,哈尔滨大街与南兴街交口九溪公寓LOFT2栋1层商服,住宿服务;宾馆酒店;宾馆酒店,4.7,[]
哈尔滨理工大学南区外国专家留学生公寓,126.635809,45.713093,住宿,征仪路249号哈尔滨理工大学(南区),商务住宅;住宅区;宿舍,[],[]
哈尔滨大成宾馆(机场店),126.235502,45.638882,住宿,太平国际机场北门服务区哈双路和空港交叉口,住宿服务;旅馆招待所;旅馆招待所|住宿服务;宾馆酒店;宾馆酒店,3.9,[]
网红小镇(哈尔滨工程大学21公寓),126.687108,45.767288,住宿,先锋路427号,商务住宅;商务住宅相关;商务住宅相关,3.8,[]
哈尔滨家安客栈,126.613215,45.772859,住宿,红霞街84号院内,住宿服务;旅馆招待所;旅馆招待所,5.0,[]
哈尔滨游侠客酒店(中央大街步行街店),126.614022,45.769468,住宿,经纬街226号(中央大街地铁站3号口步行170米),住宿服务;宾馆酒店;宾馆酒店,4.5,[]
哈尔滨融舍客栈,126.634479,45.758263,住宿,建筑街72号(哈尔滨站地铁站3号口步行470米),住宿服务;旅馆招待所;旅馆招待所,3.4,[]
哈尔滨E家客栈,126.538425,45.813625,住宿,聚源街440号凯利广场东区6-19,住宿服务;住宿服务相关;住宿服务相关,4.6,[]
哈尔滨明洞客栈,126.616597,45.775057,住宿,中医街43号,住宿服务;旅馆招待所;旅馆招待所,4.1,[]
哈尔滨皓阳客栈,126.513558,45.874522,住宿,学院路建筑家属楼小区一栋三单元101室865号,住宿服务;住宿服务相关;住宿服务相关,4.1,[]
哈尔滨新龙门客栈(哈尔滨商业大学店),126.558504,45.819758,住宿,军安小区20栋,住宿服务;旅馆招待所;旅馆招待所,2.9,[]
哈尔滨好时好客客栈,126.677924,45.673974,住宿,穆家二道街2号,住宿服务;住宿服务相关;住宿服务相关,4.7,[]
哈尔滨晨星客栈(中央大街店),126.615060,45.766119,住宿,安国街2号-1层,住宿服务;旅馆招待所;旅馆招待所,4.2,[]
哈尔滨铭辉客栈,126.660317,45.753498,住宿,黑山街59-1号,住宿服务;旅馆招待所;旅馆招待所,3.9,[]
哈尔滨锦鲤客栈民宿(江北大学城店),126.537125,45.876716,住宿,美术家大街70号,住宿服务;旅馆招待所;旅馆招待所,4.8,[]
哈尔滨嵩山客栈,126.691108,45.764484,住宿,辽河路147-19号嵩山小区,住宿服务;旅馆招待所;旅馆招待所,4.5,[]
哈尔滨龙飞客栈,126.605209,45.890036,住宿,北岸七英里A栋6号,住宿服务;旅馆招待所;旅馆招待所,5.0,[]
鸿旭客栈(哈尔滨站店),126.633529,45.757435,住宿,建筑街110号,住宿服务;旅馆招待所;旅馆招待所,3.7,[]
哈尔滨江南客栈,126.674947,45.756087,住宿,宣西小区71栋(宣庆街与芦家街交口),住宿服务;旅馆招待所;旅馆招待所,1.0,[]
哈尔滨一间客栈,126.625713,45.595430,住宿,滨河大道国际花都B26栋3单元101室,住宿服务;旅馆招待所;旅馆招待所,4.8,[]
哈尔滨云朵客栈(中央大街店),126.615166,45.774723,住宿,中医街69号院内1-2层,住宿服务;住宿服务相关;住宿服务相关,3.3,[]
哈尔滨天缘客栈,126.710560,45.767313,住宿,迎化路和平小区9栋2层13号,住宿服务;旅馆招待所;旅馆招待所,3.2,[]
哈尔滨福家客栈,126.624166,45.692927,住宿,保健路哈医大二院家属楼24栋一单元302,住宿服务;住宿服务相关;住宿服务相关,3.0,[]
哈尔滨千舍客栈,126.624252,45.763094,住宿,东安街副50号(尚志大街地铁站3号口步行360米),住宿服务;住宿服务相关;住宿服务相关,4.7,[]
哈尔滨大凡旅舍,126.622557,45.737467,住宿,通达街69-3号(西大桥地铁站1a口步行220米),住宿服务;旅馆招待所;旅馆招待所,2.5,[]
同福客栈(哈尔滨北棵店),126.707217,45.791900,住宿,北棵二道街北棵小区西区,住宿服务;旅馆招待所;旅馆招待所,[],[]
霁虹旅馆(哈尔滨站店),126.626724,45.764147,住宿,霁虹街41号(尚志大街地铁站2号口步行330米),住宿服务;旅馆招待所;旅馆招待所,4.8,[]
熊猫客栈(哈尔滨江北大学城店),126.537157,45.878762,住宿,学院路美术家大街168号,住宿服务;旅馆招待所;旅馆招待所,3.7,[]
哈尔滨金美时尚客栈(中央大街兆麟公园地铁站店),126.628450,45.778288,住宿,一面街138号金安美豪国际公寓A2栋1319室,住宿服务;住宿服务相关;住宿服务相关,4.1,[]
哈尔滨瑞鑫快捷客栈,126.616335,45.731629,住宿,清滨胡同副13-5号,住宿服务;旅馆招待所;旅馆招待所,4.8,[]
小西客栈(哈尔滨铁道职业技术学院店),126.641584,45.581623,住宿,哈南第二大道秀水名苑二期九号楼二单元201室,住宿服务;旅馆招待所;旅馆招待所,3.2,[]
哈尔滨新鑫客栈,126.670486,45.714070,住宿,三大动力路旭升街90号,住宿服务;旅馆招待所;旅馆招待所,4.4,[]
哈尔滨莱顺客栈(中央大街店),126.617397,45.772966,住宿,红专街副22号,住宿服务;旅馆招待所;旅馆招待所,4.5,[]
哈尔滨大鹏客栈,126.652788,45.754170,住宿,果戈里大街永和街交叉口56-4,住宿服务;旅馆招待所;旅馆招待所,[],[]
哈尔滨玖月客栈,126.551870,45.674045,住宿,哈双路307号金港湾12栋4单元外一号,住宿服务;住宿服务相关;住宿服务相关,2.8,[]
宏艳客栈,126.629799,45.754271,住宿,上方街28-2号,住宿服务;旅馆招待所;旅馆招待所,[],[]
哈尔滨Misswang客栈,126.627775,45.778625,住宿,金安美豪国际公寓(一面街138号903室),住宿服务;住宿服务相关;住宿服务相关,[],[]
哈尔滨龙悦旅馆,126.697618,45.747449,住宿,闽江路196-2号,住宿服务;旅馆招待所;旅馆招待所,2.4,[]
宿宿客栈(哈尔滨中央大街索菲亚教堂店),126.630514,45.768094,住宿,田地街68号1层3号院内,住宿服务;旅馆招待所;旅馆招待所,4.3,[]
鑫淼精品客栈(哈尔滨江北大学城店),126.526582,45.873482,住宿,金泰蓝郡10号楼B栋,住宿服务;住宿服务相关;住宿服务相关,3.4,[]
真祥旅馆(哈尔滨火车站店),126.623225,45.738554,住宿,汉祥街39号院内1-3层,住宿服务;旅馆招待所;旅馆招待所,2.5,[]
哈尔滨草堂间中心客栈,126.608895,45.982769,住宿,乐水街100号,住宿服务;旅馆招待所;旅馆招待所,4.4,[]
哈尔滨国秀旅馆(滨港水岸D区店),126.677955,45.794903,住宿,红旗大街1117号(陶瓷小区D18栋1号门市),住宿服务;旅馆招待所;旅馆招待所,[],[]
哈尔滨Zoe的客栈,126.624079,45.717055,住宿,学兴路57号学府经典7号楼一单元2005室,住宿服务;住宿服务相关;住宿服务相关,4.6,[]
哈尔滨吉云主题客栈,126.639930,45.571039,住宿,哈南十五路绿地香堤九里-15号楼,住宿服务;旅馆招待所;旅馆招待所,4.0,[]
哈尔滨桃园客栈,126.967188,45.553382,住宿,玄武小区a区5号楼1层,住宿服务;旅馆招待所;旅馆招待所|住宿服务;宾馆酒店;宾馆酒店,[],[]
哈尔滨蓝悦旅馆(中央大街店),126.611319,45.761703,住宿,安国街117号蓝悦旅馆,住宿服务;旅馆招待所;旅馆招待所,4.1,[]
哈尔滨鸿运时钟旅馆,126.708176,45.764528,住宿,南直路291-4号,住宿服务;旅馆招待所;旅馆招待所,4.4,[]
哈尔滨维华旅馆,126.596161,45.736550,住宿,通顺街47-3号,住宿服务;旅馆招待所;旅馆招待所,3.0,[]
哈尔滨8090时钟旅馆,126.694484,45.728959,住宿,升永街112号(公滨路地铁站3A口步行460米),住宿服务;旅馆招待所;旅馆招待所,3.7,[]
哈尔滨窝窝旅馆,126.651581,45.657680,住宿,哈平路231号哈南之星15号楼,住宿服务;住宿服务相关;住宿服务相关,2.6,[]
哈尔滨凯悦旅馆,126.649714,45.756560,住宿,建设街13号,住宿服务;旅馆招待所;旅馆招待所,4.3,[]
哈尔滨三哥旅馆,126.546553,45.822880,住宿,龙川路奥林小镇28号楼1单元,住宿服务;住宿服务相关;住宿服务相关,4.7,[]
城龙旅馆(哈尔滨火车站店),126.634941,45.758144,住宿,海关街144号2层1号,住宿服务;旅馆招待所;旅馆招待所,3.1,[]
哈尔滨红红快捷旅馆(火车站店),126.635246,45.758012,住宿,海关街136号,住宿服务;旅馆招待所;旅馆招待所,4.1,[]
温馨旅馆(哈尔滨火车站店),126.634176,45.755794,住宿,民益街184-2号,住宿服务;旅馆招待所;旅馆招待所,2.9,[]
凤翥旅馆(哈尔滨火车站店),126.630817,45.757094,住宿,凤翥街6号,住宿服务;旅馆招待所;旅馆招待所,4.7,[]
哈尔滨悦城旅馆,126.588971,45.707209,住宿,和谐大道230号,住宿服务;旅馆招待所;旅馆招待所,3.7,[]
哈尔滨旋风旅馆,126.697892,45.742377,住宿,建北街副50号(湘江路地铁站3号口步行290米),住宿服务;旅馆招待所;旅馆招待所,3.2,[]
哈尔滨爱家旅馆,126.482291,45.666173,住宿,机场路612-14号,住宿服务;旅馆招待所;旅馆招待所,3.5,[]
义丽旅馆(哈尔滨火车站店),126.634221,45.758376,住宿,建筑街29号1单元4层3号,住宿服务;住宿服务相关;住宿服务相关,4.3,[]
哈尔滨金满客栈,127.160279,45.414995,住宿,亚玉公路与玉泉大街交叉口西150米,住宿服务;旅馆招待所;旅馆招待所,[],[]
哈尔滨冉冉时尚快捷旅馆(中央大街索菲亚教堂店),126.615776,45.772540,住宿,红专街62号(中央大街地铁站1号口步行460米),住宿服务;旅馆招待所;旅馆招待所,4.5,[]
哈尔滨凤轩旅馆,126.649135,45.819223,住宿,观江国际B14栋3单元101室,住宿服务;旅馆招待所;旅馆招待所,2.2,[]
甜源旅馆(哈尔滨火车站店),126.634911,45.758171,住宿,海关街146号(哈尔滨站地铁站3号口步行470米),住宿服务;旅馆招待所;旅馆招待所,3.5,[]
喜多旅馆(哈尔滨火车站店),126.641888,45.763883,住宿,阿什河街118-2号,住宿服务;旅馆招待所;旅馆招待所,3.2,[]
哈尔滨龙凤休闲旅馆,126.673221,45.587522,住宿,南厂客运站侧面楼空(联盟大街42-17号门市),住宿服务;旅馆招待所;旅馆招待所,3.3,[]
七彩快捷旅馆(哈尔滨肿瘤医院店),126.645014,45.700301,住宿,哈平路147-1-4号,住宿服务;旅馆招待所;旅馆招待所,4.2,[]
哈尔滨红平旅馆,126.691268,45.774598,住宿,红旗大街749号,住宿服务;旅馆招待所;旅馆招待所,4.1,[]
哈尔滨云祥旅馆(安埠街店),126.698254,45.728247,住宿,安埠小区502栋-1层11号房,住宿服务;旅馆招待所;旅馆招待所,2.5,[]
网络旅馆(哈尔滨士课街店),126.657222,45.752744,住宿,士课街75号(工人文化宫地铁站1号口步行490米),住宿服务;旅馆招待所;旅馆招待所,3.8,[]
哈尔滨宏图时尚快捷旅馆,126.709573,45.783010,住宿,宏图街21-4号,住宿服务;旅馆招待所;旅馆招待所,3.5,[]
哈尔滨姬哥客栈,126.680429,45.721478,住宿,通站街112-15号,住宿服务;旅馆招待所;旅馆招待所,5.0,[]
好运快捷旅馆(哈尔滨火车站店),126.636638,45.757924,住宿,民益街138号(海关街民益街交叉口),住宿服务;旅馆招待所;旅馆招待所,4.8,[]
七威旅馆(哈尔滨站店),126.630196,45.756043,住宿,公司街165号,住宿服务;旅馆招待所;旅馆招待所,3.0,[]
菠萝蜜青年旅舍(哈尔滨火车站北广场店),126.627392,45.764215,住宿,霁虹街34-2号,住宿服务;旅馆招待所;青年旅舍,1.8,[]
哈尔滨漫云里客栈,126.658851,45.582499,住宿,建安头道街绿色新城西区6号楼4单元1楼,住宿服务;住宿服务相关;住宿服务相关,4.3,[]
开心旅馆(哈尔滨学府路店),126.615294,45.704075,住宿,学府东四道街358号2栋1-2层10号,住宿服务;旅馆招待所;旅馆招待所,2.4,[]
哈尔滨咖啡豆主题旅馆(东北农业大学店),126.726490,45.731494,住宿,团结街14-1号,住宿服务;旅馆招待所;旅馆招待所,4.6,[]
哈尔滨大旭旅馆,126.643107,45.720838,住宿,动源街5号凯旋广场F栋2单元3层1号,住宿服务;住宿服务相关;住宿服务相关,4.2,[]
幸福客栈民宿(哈尔滨五常站店),127.155775,44.922275,住宿,文苑路教育大厦,住宿服务;住宿服务相关;住宿服务相关,[],[]
哈尔滨站(A区1检票口),126.630198,45.759267,交通,[],交通设施服务;火车站;进站口/检票口,[],[]
哈尔滨站(检票口),126.630368,45.760023,交通,铁路街1号哈尔滨站F2层,交通设施服务;火车站;进站口/检票口,[],[]
哈尔滨西站,126.577304,45.707228,交通,哈西街道哈尔滨大街501号,交通设施服务;火车站;火车站,[],[]
哈尔滨东站,126.711692,45.788009,交通,桦树街1号,交通设施服务;火车站;火车站,[],[]
哈尔滨站(8号检票口),126.629628,45.759514,交通,铁路街1号哈尔滨站F2层,交通设施服务;火车站;进站口/检票口,[],[]
哈尔滨站(7号检票口),126.629829,45.759426,交通,铁路街1号哈尔滨站F2层,交通设施服务;火车站;进站口/检票口,[],[]
哈尔滨站(10号检票口),126.629481,45.759577,交通,铁路街1号哈尔滨站F2层,交通设施服务;火车站;进站口/检票口,[],[]
哈尔滨站(地铁站),126.634916,45.762410,交通,2号线,交通设施服务;地铁站;地铁站,[],[]
哈尔滨站(12号检票口),126.629334,45.759640,交通,铁路街1号哈尔滨站F2层,交通设施服务;火车站;进站口/检票口,[],[]
哈尔滨站候车区,126.632684,45.761510,交通,铁路街1号哈尔滨站,交通设施服务;火车站;候车室,[],[]
哈尔滨站(C区检票口),126.632643,45.761692,交通,哈尔滨站地铁站4号口步行150米,交通设施服务;火车站;进站口/检票口,[],[]
哈尔滨站(14检票口),126.629841,45.760250,交通,铁路街1号哈尔滨站F2层,交通设施服务;火车站;进站口/检票口,[],[]
哈尔滨北站,126.535657,45.850243,交通,利民大道西侧(哈尔滨北站地铁站4号口步行80米),交通设施服务;火车站;火车站,[],[]
哈尔滨南站,126.619002,45.675760,交通,学府路285号,交通设施服务;火车站;货运火车站,[],[]
哈尔滨站广场,126.659195,45.764565,交通,果戈里大街295号(近花园街)哈尔滨市儿童公园(东北角),风景名胜;公园广场;城市广场,[],[]
火车站,126.632443,45.759012,交通,南岗区,地名地址信息;热点地名;热点地名,[],[]
哈尔滨站(验证验票口),126.631444,45.760154,交通,哈尔滨站地铁站4号口步行320米,交通设施服务;火车站;进站口/检票口,[],[]
哈尔滨北站(地铁站),126.537626,45.852317,交通,2号线,交通设施服务;地铁站;地铁站,[],[]
哈尔滨站(南进站口),126.633128,45.761510,交通,哈尔滨站地铁站4号口步行170米,交通设施服务;火车站;进站口/检票口,[],[]
哈尔滨东站(地铁站),126.709138,45.789336,交通,1号线,交通设施服务;地铁站;地铁站,[],[]
哈尔滨站(北出站口),126.629610,45.762711,交通,[],交通设施服务;火车站;出站口,[],[]
哈尔滨东站(进站口),126.710573,45.788615,交通,桦树街1号,交通设施服务;火车站;进站口/检票口,[],[]
哈尔滨站(南出站口),126.632867,45.761413,交通,哈尔滨站地铁站4号口步行200米,交通设施服务;火车站;出站口,[],[]
哈尔滨北站(出站口),126.536676,45.850484,交通,哈尔滨北站地铁站3号口步行130米,交通设施服务;火车站;出站口,[],[]
哈尔滨站(北进站口),126.629998,45.762547,交通,[],交通设施服务;火车站;进站口/检票口,[],[]
哈尔滨东站(出站口),126.710583,45.788855,交通,桦树街1哈尔滨东站,交通设施服务;火车站;出站口,[],[]
哈尔滨北站(进站口),126.536084,45.850656,交通,哈尔滨北站地铁站4号口步行80米,交通设施服务;火车站;进站口/检票口,[],[]
哈尔滨站(A区2检票口),126.630139,45.759293,交通,[],交通设施服务;火车站;进站口/检票口,[],[]
哈尔滨西站(地铁站),126.580851,45.705550,交通,3号线,交通设施服务;地铁站;地铁站,[],[]
哈尔滨西站(A2-A3检票口),126.578729,45.706123,交通,哈尔滨大街501号哈尔滨西站F2层,交通设施服务;火车站;进站口/检票口,[],[]
哈尔滨西站候车区,126.578682,45.706277,交通,哈尔滨大街501号哈尔滨西站F2层,交通设施服务;火车站;候车室,[],[]
哈尔滨西站商务座候车区,126.576391,45.707090,交通,哈尔滨大街501号哈尔滨西站F2层,交通设施服务;火车站;候车室,[],[]
哈尔滨西站(A6-A7检票口),126.578232,45.706346,交通,哈尔滨大街501号哈尔滨西站F2层,交通设施服务;火车站;进站口/检票口,[],[]
哈尔滨西站(东进站口),126.579583,45.706266,交通,哈尔滨大街501号哈尔滨西站F2层,交通设施服务;火车站;进站口/检票口,[],[]
哈尔滨西站(B4-B5检票口),126.578843,45.706664,交通,哈尔滨大街501号哈尔滨西站F2层,交通设施服务;火车站;进站口/检票口,[],[]
哈尔滨南站(地铁站),126.621748,45.669922,交通,1号线,交通设施服务;地铁站;地铁站,[],[]
哈尔滨西站(A检票口),126.578575,45.706222,交通,哈尔滨大街哈尔滨西站B1层,交通设施服务;火车站;进站口/检票口,[],[]
哈尔滨西站(B6-B7检票口),126.578615,45.706767,交通,哈尔滨大街501号哈尔滨西站F2层,交通设施服务;火车站;进站口/检票口,[],[]
哈尔滨西站(A16-A17检票口),126.576739,45.707015,交通,哈尔滨大街501号哈尔滨西站F2层,交通设施服务;火车站;进站口/检票口,[],[]
哈尔滨西站(C检票口),126.576877,45.706983,交通,哈尔滨大街哈尔滨西站B1层,交通设施服务;火车站;进站口/检票口,[],[]
哈尔滨东站候车室,126.710762,45.788611,交通,火车头街与桦树街交叉口东南160米,交通设施服务;交通服务相关;交通服务相关,[],[]
哈尔滨西站(A1检票口),126.578873,45.706008,交通,哈尔滨大街501号哈尔滨西站F2层,交通设施服务;火车站;进站口/检票口,[],[]
哈尔滨西站(B8-B9检票口),126.578227,45.706940,交通,哈尔滨大街501号哈尔滨西站F2层,交通设施服务;火车站;进站口/检票口,[],[]
哈尔滨西站(A14-A15检票口),126.577124,45.706842,交通,哈尔滨大街501号哈尔滨西站F2层,交通设施服务;火车站;进站口/检票口,[],[]
哈尔滨西站(A12-A13检票口),126.577355,45.706738,交通,哈尔滨大街501号哈尔滨西站F2层,交通设施服务;火车站;进站口/检票口,[],[]
哈尔滨西站(A10-A11检票口),126.577601,45.706628,交通,哈尔滨大街501号哈尔滨西站F2层,交通设施服务;火车站;进站口/检票口,[],[]
哈尔滨西站(实名制检票口),126.579292,45.706373,交通,哈尔滨大街哈尔滨西站F3层,交通设施服务;火车站;进站口/检票口,[],[]
哈尔滨西站(B2-B3检票口),126.579112,45.706543,交通,哈尔滨大街501号哈尔滨西站F2层,交通设施服务;火车站;进站口/检票口,[],[]
哈尔滨西站(B检票口),126.578997,45.706688,交通,哈尔滨大街哈尔滨西站B1层,交通设施服务;火车站;进站口/检票口,[],[]
桔子水晶哈尔滨火车站博物馆酒店停车点,126.648904,45.762564,交通,东大直街278号哈尔滨火车站医大一院桔子水晶酒店,交通设施服务;停车场;公共停车场,[],[]
哈尔滨站地铁站4号口,126.633624,45.762608,交通,2号线,交通设施服务;地铁站;出入口,[],[]
哈尔滨西站(A4-A5检票口),126.578460,45.706243,交通,哈尔滨大街501号哈尔滨西站F2层,交通设施服务;火车站;进站口/检票口,[],[]
哈尔滨西站(A18检票口),126.576509,45.707066,交通,哈尔滨大街501号哈尔滨西站F2层,交通设施服务;火车站;进站口/检票口,[],[]
哈尔滨西站(B10-B11检票口),126.577983,45.707050,交通,哈尔滨大街501号哈尔滨西站F2层,交通设施服务;火车站;进站口/检票口,[],[]
哈尔滨东站·龙帮铁路车票代售所(哈尔滨东站-龙帮),126.668196,45.713952,交通,三大动力路177号,生活服务;售票处;火车票代售点,[],[]
哈尔滨西站(实名制验票口),126.576290,45.707577,交通,哈尔滨大街501号哈尔滨西站F1层,交通设施服务;火车站;进站口/检票口,[],[]
哈尔滨西站(出口),126.576405,45.707707,交通,哈尔滨大街501号哈尔滨西站F1层,交通设施服务;火车站;出站口,[],[]
汉庭酒店(哈尔滨火车站机场巴士店),126.632190,45.756887,交通,松花江街35号(与海城街交汇处近火车站),住宿服务;宾馆酒店;经济型连锁酒店,4.6,[]
哈尔滨西站(A出站口),126.578567,45.706177,交通,哈尔滨大街501号哈尔滨西站B1层,交通设施服务;火车站;出站口,[],[]
哈尔滨西站(B14-B15检票口),126.577505,45.707264,交通,哈尔滨大街501号哈尔滨西站F2层,交通设施服务;火车站;进站口/检票口,[],[]
哈尔滨西站(B12-B13检票口),126.577736,45.707161,交通,哈尔滨大街501号哈尔滨西站F2层,交通设施服务;火车站;进站口/检票口,[],[]
桔子酒店哈尔滨火车站中央大街店大堂,126.629407,45.767685,交通,地段街60号桔子酒店(哈尔滨火车站中央大街店),住宿服务;宾馆酒店;宾馆酒店,[],[]
哈尔滨西站(西出站口),126.576199,45.707381,交通,哈尔滨大街501号哈尔滨西站B1层,交通设施服务;火车站;出站口,[],[]
哈尔滨站地铁站1号口,126.634460,45.763361,交通,2号线,交通设施服务;地铁站;出入口,[],[]
丽峰酒店(哈尔滨火车站果戈里大街),126.663022,45.753897,交通,革新街22号,住宿服务;宾馆酒店;宾馆酒店,4.6,[]
哈尔滨站北广场出租车候客区,126.627752,45.761360,交通,安宁街与地工街交叉口南80米,交通设施服务;上下客区;出租车,[],[]
哈尔滨西站(西进站口),126.576166,45.707628,交通,哈尔滨大街501号哈尔滨西站F1层,交通设施服务;火车站;进站口/检票口,[],[]
哈尔滨收费站(机场高速西南向),126.259176,45.641778,交通,道里区,道路附属设施;收费站;收费站,[],[]
枫栖酒店(哈尔滨火车站地铁站店),126.633885,45.758972,交通,春申街28号(哈尔滨站地铁站3号口步行360米),住宿服务;宾馆酒店;宾馆酒店,4.2,[]
7天连锁酒店(哈尔滨火车站中央大街店)(暂停营业),126.634893,45.760382,交通,春申街8号8层(哈尔滨站地铁站3号口步行180米),住宿服务;宾馆酒店;经济型连锁酒店,3.1,[]
哈尔滨站地铁站3号口,126.635485,45.761324,交通,2号线,交通设施服务;地铁站;出入口,[],[]
哈尔滨站地铁站2号口,126.635552,45.762715,交通,2号线,交通设施服务;地铁站;出入口,[],[]
哈尔滨东站地铁站1号口,126.708520,45.789616,交通,1号线,交通设施服务;地铁站;出入口,[],[]
大庆宾馆(哈尔滨火车站店),126.648250,45.756051,交通,国民街23号,住宿服务;宾馆酒店;三星级宾馆,4.5,[]
哈尔滨东站地铁站3号口,126.709961,45.789261,交通,1号线,交通设施服务;地铁站;出入口,[],[]
如家华驿酒店(哈尔滨中央大街火车站店),126.632156,45.756360,交通,松花江街39号,住宿服务;宾馆酒店;宾馆酒店,4.4,[]
哈尔滨东站地铁站4号口,126.708610,45.788970,交通,1号线,交通设施服务;地铁站;出入口,[],[]
東谷靑阁酒店(哈尔滨火车站店),126.635119,45.759275,交通,建筑街11号(哈尔滨客运站旁),住宿服务;宾馆酒店;宾馆酒店,4.7,[]
丽呈雅客小镇酒店(中央大街哈尔滨火车站店),126.601970,45.752510,交通,哈药路212号,住宿服务;宾馆酒店;宾馆酒店,4.8,[]
哈尔滨站前广场(博物馆店),126.634626,45.754714,交通,满洲里街与海城街交叉口西南40米,风景名胜;公园广场;城市广场,[],[]
滨海旅店(哈尔滨火车站店),126.637201,45.758883,交通,民益街107号(哈尔滨站地铁站3号口步行480米),住宿服务;旅馆招待所;旅馆招待所,4.3,[]
如家酒店.neo(哈尔滨火车站西大直街工大地铁站店),126.622852,45.740912,交通,西大直街201号(西大桥地铁站2B口步行230米),住宿服务;宾馆酒店;经济型连锁酒店,4.4,[]
哈尔滨西站候车厅,126.576137,45.707506,交通,铁顺街(哈尔滨西站地铁站出入口步行380米),交通设施服务;火车站;候车室,[],[]
哈尔滨东站地铁站2号口,126.709493,45.789775,交通,1号线,交通设施服务;地铁站;出入口,[],[]
春天连锁宾馆(哈尔滨火车站省博物馆店),126.644505,45.758094,交通,国民街69号(近红博广场),住宿服务;宾馆酒店;宾馆酒店,4.7,[]
哈尔滨西站地铁站东2出口,126.581551,45.704991,交通,3号线,交通设施服务;地铁站;出入口,[],[]
天竹宾馆哈尔滨火车站站前广场店大堂,126.632996,45.758618,交通,松花江街6号天竹宾馆(哈尔大巴店),住宿服务;宾馆酒店;宾馆酒店,[],[]
哈尔滨北站地铁站1号口,126.539124,45.853225,交通,2号线,交通设施服务;地铁站;出入口,[],[]
哈尔滨北站地铁站3号口,126.537143,45.850994,交通,2号线,交通设施服务;地铁站;出入口,[],[]
哈尔滨南站地铁站3号口,126.622092,45.670017,交通,1号线,交通设施服务;地铁站;出入口,[],[]
春辉旅店(哈尔滨火车站店),126.635176,45.757541,交通,民益街141号,住宿服务;旅馆招待所;旅馆招待所,4.0,[]
慧庭国际酒店(哈尔滨火车站地铁站店),126.630907,45.758208,交通,铁路街16号,住宿服务;宾馆酒店;宾馆酒店,4.7,[]
如家精选酒店(哈尔滨站地铁站店),126.635944,45.761209,交通,红军街85-9号3层,住宿服务;宾馆酒店;经济型连锁酒店,4.6,[]
哈尔滨西站地铁站西1出入口,126.580719,45.705947,交通,3号线,交通设施服务;地铁站;出入口,[],[]
哈尔滨北站地铁站5号口,126.538374,45.853643,交通,2号线,交通设施服务;地铁站;出入口,[],[]
哈尔滨北站地铁站4号口,126.536331,45.851380,交通,2号线,交通设施服务;地铁站;出入口,[],[]
哈尔滨西站(东出站口),126.579723,45.706494,交通,哈尔滨大街501号哈尔滨西站F1层,交通设施服务;火车站;出站口,[],[]
希岸酒店(哈尔滨火车站博物馆地铁站店),126.642132,45.760330,交通,邮政街204号(博物馆地铁站4号口步行250米),住宿服务;宾馆酒店;宾馆酒店,4.7,[]
桔子酒店(哈尔滨工业大学火车站店),126.638927,45.755016,交通,西大直街19号(近地铁1、2号线博物馆站),住宿服务;住宿服务相关;住宿服务相关,4.7,[]
如家华驿酒店(哈尔滨火车站海城街店),126.649030,45.745672,交通,文林街101号,住宿服务;住宿服务相关;住宿服务相关,4.2,[]
哈尔滨东站派出所,126.711186,45.786654,交通,火车头街13号,政府机构及社会团体;公检法机构;公安警察,[],[]
潮漫酒店哈尔滨火车站店大堂,126.630809,45.758913,交通,铁路街7号潮漫酒店(哈尔滨火车站机场巴士站店),住宿服务;宾馆酒店;宾馆酒店,4.0,[]
哈尔滨铁路局哈尔滨客运段,126.631865,45.760263,交通,铁路街1号(哈尔滨站地铁站4号口步行320米),政府机构及社会团体;政府机关;地市级政府及事业单位,[],[]
如家精选酒店(哈尔滨火车站医大一院地铁站店),126.648771,45.762188,交通,东大直街286号,住宿服务;宾馆酒店;宾馆酒店,4.7,[]
如果商旅酒店(哈尔滨火车站地铁站店),126.635422,45.759611,交通,建筑街9号(哈尔滨站地铁站3号口步行320米),住宿服务;住宿服务相关;住宿服务相关,4.7,[]
哈尔滨收费站(G10绥满高速东南向),126.736229,45.655554,交通,香坊区,道路附属设施;收费站;收费站,[],[]
哈尔滨元倡检车站,126.472490,45.660057,交通,机场路646号,政府机构及社会团体;交通车辆管理;验车场,[],[]
凡里酒店(哈尔滨火车站果戈里大街店),126.654997,45.754537,交通,果戈里大街206号,住宿服务;宾馆酒店;宾馆酒店,4.7,[]
如家酒店(哈尔滨火车站北广场店),126.626660,45.762243,交通,警校胡同16-3号,住宿服务;宾馆酒店;经济型连锁酒店,4.9,[]
桔子酒店(哈尔滨火车站中央大街店),126.629299,45.767725,交通,地段街60号,住宿服务;宾馆酒店;宾馆酒店,4.7,[]
和颐至尚酒店(哈尔滨火车站博物馆地铁站店),126.646367,45.759491,交通,果戈里大街348-1号跨越新天地购物广场F1层,住宿服务;宾馆酒店;宾馆酒店,4.6,[]
季枫酒店(哈尔滨火车站哈工大店),126.628897,45.754638,交通,上方街38号,住宿服务;宾馆酒店;宾馆酒店,4.7,[]
丽呈東谷酒店(哈尔滨火车站医大一院店),126.644053,45.767511,交通,景阳街2号,餐饮服务;中餐厅;综合酒楼|住宿服务;宾馆酒店;宾馆酒店,4.6,[]
桔子酒店哈尔滨火车站医大一院店大堂,126.665151,45.760669,交通,大成街78号桔子酒店(哈尔滨大成街南岗区政府店),住宿服务;宾馆酒店;宾馆酒店,4.0,[]
铁滨快捷招待所(哈尔滨火车站店),126.636568,45.759542,交通,红军街112号(哈尔滨站地铁站3号口步行290米),住宿服务;住宿服务相关;住宿服务相关,4.6,[]
哈尔滨铁顺检车站,126.616488,45.748635,交通,大民兴街45号,政府机构及社会团体;交通车辆管理;验车场,[],[]
哈尔滨市宾县火车站宾州综合维修车间,127.473475,45.778257,交通,火车站,公司企业;公司;公司,[],[]
汉庭酒店哈尔滨站地铁站店大堂,126.632425,45.758475,交通,铁路街8-10号汉庭酒店(哈尔滨站地铁站店),住宿服务;宾馆酒店;经济型连锁酒店,[],[]
哈尔滨西站地铁站东1出口,126.581817,45.705390,交通,3号线,交通设施服务;地铁站;出入口,[],[]
哈尔滨西站(1站台出站口),126.579142,45.706054,交通,哈尔滨大街501号哈尔滨西站F1层,交通设施服务;火车站;出站口,[],[]
朵美酒店(哈尔滨火车站哈工大地铁站店),126.627171,45.742307,交通,护军街40号(哈工大地铁站3号口步行230米),住宿服务;宾馆酒店;宾馆酒店,4.7,[]
金华快捷宾馆(哈尔滨火车站店),126.635577,45.756920,交通,民益街160-2号,住宿服务;宾馆酒店;宾馆酒店,4.0,[]
如家精选酒店(哈尔滨火车站南广场工人文化宫地铁站店),126.656260,45.753810,交通,果戈里大街188号,住宿服务;宾馆酒店;经济型连锁酒店,4.8,[]
格美酒店(哈尔滨火车站医大一院店),126.645754,45.758763,交通,建设街51号(博物馆地铁站3A口步行160米),住宿服务;宾馆酒店;宾馆酒店,4.5,[]
麦当劳(哈尔滨火车站店),126.632376,45.761668,交通,铁路街1号哈尔滨火车站商服高架夹层13-15号,餐饮服务;快餐厅;麦当劳,4.5,38.00
哈尔滨南站地铁站1号口,126.621171,45.670410,交通,1号线,交通设施服务;地铁站;出入口,[],[]
哈尔滨站(11号检票口),126.629403,45.759610,交通,铁路街1号哈尔滨站F2层,交通设施服务;火车站;进站口/检票口,[],[]
哈尔滨站(13号检票口),126.629260,45.759672,交通,铁路街1号哈尔滨站F2层,交通设施服务;火车站;进站口/检票口,[],[]
哈尔滨站(15检票口),126.630151,45.760117,交通,铁路街1号哈尔滨站F2层,交通设施服务;火车站;进站口/检票口,[],[]
哈尔滨东站·国煤铁路车票代售所,126.645826,45.763691,交通,吉林街59号(医大一院地铁站4号口步行450米),生活服务;售票处;火车票代售点,[],[]
哈尔滨站(9号检票口),126.629559,45.759543,交通,铁路街1号哈尔滨站F2层,交通设施服务;火车站;进站口/检票口,[],[]
哈尔滨哈西高铁站亚朵酒店大堂,126.585392,45.697714,交通,金爵万象三期3栋高服单元8号,住宿服务;宾馆酒店;宾馆酒店,[],[]
哈尔滨站(A区3检票口),126.630081,45.759318,交通,[],交通设施服务;火车站;进站口/检票口,[],[]
伍阳酒店(哈尔滨高铁西站万达广场店),126.582656,45.708802,交通,哈尔滨西站,住宿服务;宾馆酒店;宾馆酒店,4.5,[]
哈尔滨站(A区5检票口),126.629967,45.759367,交通,[],交通设施服务;火车站;进站口/检票口,[],[]
哈尔滨哈西高铁站卓朗民宿,126.569002,45.703883,交通,王岗大街24-2号华润置地公馆3号楼1120室,住宿服务;旅馆招待所;旅馆招待所,[],[]
哈尔滨西站重点旅客候车区&军人候车区,126.578433,45.706387,交通,哈尔滨大街501号哈尔滨西站F2层,交通设施服务;火车站;候车室,[],[]
锦江都城酒店(哈尔滨哈西高铁站万达广场店),126.582892,45.708920,交通,铁景街200号,住宿服务;宾馆酒店;宾馆酒店,4.6,[]
哈尔滨阡陌酒店(哈尔滨高铁西站店),126.569235,45.709157,交通,汇智中心407室(城乡路地铁站2号口步行330米),住宿服务;宾馆酒店;宾馆酒店,[],[]
哈尔滨利鑫公寓哈西高铁站店,126.579324,45.698997,交通,中兴左街与哈尔滨大街交叉口西160米,住宿服务;住宿服务相关;住宿服务相关,3.6,[]
锦江都城酒店(哈尔滨哈西高铁站万达广场店)地下停车点,126.582787,45.709252,交通,铁景街200号锦江都城酒店(哈尔滨哈西高铁站万达广场店),交通设施服务;停车场;公共停车场,[],[]
安悦酒店(哈尔滨高铁西站城乡路地铁站店),126.567053,45.710363,交通,城安街20号(城乡路地铁站2号口旁),住宿服务;宾馆酒店;宾馆酒店,4.7,[]
希岸Deluxe酒店哈尔滨哈西高铁站万达广场店大堂,126.589767,45.691710,交通,哈尔滨大街685号希岸Deluxe酒店(哈尔滨哈西高铁站万达广场店),住宿服务;宾馆酒店;宾馆酒店,[],[]
哈尔滨九溪公寓(哈西高铁站万达广场店),126.581368,45.698149,交通,哈尔滨大街与中兴左街围合区域第loft1栋11层1117号,住宿服务;住宿服务相关;住宿服务相关,4.6,[]
李先生牛肉面大王(哈尔滨哈西高铁站餐厅),126.579218,45.705971,交通,哈尔滨大街哈尔滨西站F3层,餐饮服务;快餐厅;快餐厅,4.2,41.00
如家华驿酒店(哈尔滨哈西高铁站红博西城红场店),126.589994,45.706203,交通,北兴街55号,住宿服务;宾馆酒店;宾馆酒店,4.5,[]
睿铂精品酒店(哈尔滨高铁西站哈西万达广场店),126.581625,45.698168,交通,爱达九溪loft1公寓8层,住宿服务;住宿服务相关;住宿服务相关,4.8,[]
如家商旅酒店(哈尔滨哈西万达广场高铁站店),126.582569,45.708641,交通,铁景街210号,住宿服务;宾馆酒店;宾馆酒店,4.7,[]
锦江都城酒店(哈尔滨哈西高铁站万达广场店)地下停车点(出入口),126.582787,45.709252,交通,锦江都城酒店(哈尔滨哈西高铁站万达广场店)地下停车点,交通设施服务;停车场;停车场出入口,[],[]
沪上阿姨·精选茶饮(哈尔滨哈西高铁站),126.578932,45.706706,交通,哈尔滨大街501号哈尔滨西站10米层B4检票口旁,餐饮服务;冷饮店;冷饮店,4.1,14.00
喆啡酒店(哈尔滨哈西高铁站万达广场店),126.582836,45.708876,交通,爱达88LOFT6栋1层,住宿服务;宾馆酒店;宾馆酒店,4.6,[]
神州租车(哈尔滨西站高铁服务点),126.579499,45.703426,交通,哈尔滨市南岗区中兴右街与丽江路交叉口东150米,汽车服务;汽车租赁;汽车租赁,4.4,[]
开心曼居酒店哈尔滨哈西高铁西站万达广场店大堂,126.583916,45.698739,交通,开心曼居酒店(哈尔滨哈西高铁西站万达广场店),住宿服务;宾馆酒店;宾馆酒店,[],[]
啡凡假日酒店(哈尔滨哈西高铁站万达广场店),126.582835,45.708840,交通,铁景街202号哈西爱达88Loft6栋1层102室,住宿服务;住宿服务相关;住宿服务相关,4.4,[]
啡凡假日酒店哈尔滨哈西高铁站万达广场店大堂,126.582769,45.708784,交通,北兴街与哈尔滨大街交叉口西北260米,住宿服务;住宿服务相关;住宿服务相关,[],[]
艾铂特酒店(哈尔滨哈西高铁站万达广场店),126.582461,45.708532,交通,铁景街218号,住宿服务;宾馆酒店;宾馆酒店,4.7,[]
西优酒店(哈尔滨哈西高铁站万达广场店),126.583737,45.707462,交通,北兴街203号爱达88小区S2栋,住宿服务;宾馆酒店;宾馆酒店,4.7,[]
瑞庭酒店(哈尔滨万达广场哈西高铁站店),126.598335,45.707078,交通,尤家街221号,住宿服务;宾馆酒店;宾馆酒店,4.7,[]
哈尔滨百悦精品宾馆(哈西万达广场高铁站店),126.597508,45.702249,交通,中兴大道98号,住宿服务;宾馆酒店;宾馆酒店,4.3,[]
优佳酒店(哈尔滨高铁西站店),126.571575,45.711375,交通,铁汇街与民主七道街交叉口西南60米,住宿服务;宾馆酒店;宾馆酒店,4.1,[]
万豪民宿(哈尔滨哈西万达高铁站店),126.587638,45.697202,交通,中交香颂D栋3B,住宿服务;旅馆招待所;旅馆招待所,4.2,[]
哈尔滨新元素电竞民宿(哈西高铁站万达广场店),126.568525,45.703175,交通,华润置地公馆1号楼1418室,住宿服务;宾馆酒店;宾馆酒店,4.1,[]
哈尔滨云缦栖悦酒店(哈西高铁站黑龙江大学地铁站店),126.609130,45.703449,交通,中兴大道70-2号1层,住宿服务;宾馆酒店;宾馆酒店,4.7,[]
如家驿居酒店(哈尔滨机场巴士高铁站店),126.580514,45.698859,交通,哈尔滨大街与中兴左街交汇处华润凯旋门G栋1-2层27号,住宿服务;住宿服务相关;住宿服务相关,4.7,[]
云星酒店(哈尔滨高铁西站店),126.581417,45.697653,交通,哈尔滨大街与中兴左街交叉口西南120米,住宿服务;宾馆酒店;宾馆酒店,[],[]
优美公寓(哈尔滨哈西高铁站店),126.568817,45.703943,交通,王岗大街24-2号华润置地公馆3号楼1506,住宿服务;宾馆酒店;宾馆酒店,4.3,[]
维也纳国际酒店(哈尔滨哈西高铁站店),126.590088,45.706214,交通,北兴街75号,住宿服务;宾馆酒店;四星级宾馆,4.0,[]
开心曼居酒店(哈尔滨哈西高铁西站万达广场店),126.583935,45.698748,交通,西宁南路7号金爵万象二期A栋,住宿服务;宾馆酒店;宾馆酒店,4.7,[]
博宁公寓(哈尔滨哈西万达广场哈西高铁站店),126.590992,45.700858,交通,中兴大道164号万达SOHOB座2817室,住宿服务;住宿服务相关;住宿服务相关,4.4,[]
雪黎酒店(哈尔滨高铁西站万达广场店),126.592906,45.702518,交通,中兴大道257号西城红场C座32层,住宿服务;宾馆酒店;宾馆酒店,4.6,[]
哈尔滨丽锦精品宾馆(哈西高铁站万达广场店),126.592127,45.718137,交通,柒零捌零城仕公馆A栋8号,住宿服务;宾馆酒店;宾馆酒店,4.7,[]
夏日炎炎电竞公寓(哈尔滨哈西万达广场高铁站店),126.597425,45.693875,交通,哈西大街爱达壹号LOFT栋1006室,住宿服务;住宿服务相关;住宿服务相关,4.9,[]
亚奢酒店(哈尔滨高铁西站店),126.571632,45.711330,交通,东方大街汇智中心B栋公寓8层824室,住宿服务;宾馆酒店;宾馆酒店,[],[]
华韵酒店(哈尔滨高铁西站店),126.588291,45.713779,交通,哈西大街1号金域蓝城D7,住宿服务;宾馆酒店;宾馆酒店,4.6,[]
梦想家·公寓(哈尔滨万达广场哈西高铁站店),126.591649,45.701450,交通,中兴大道162号万达SOHOF15层,住宿服务;住宿服务相关;住宿服务相关,4.4,[]
星途公寓(哈尔滨万达广场哈西高铁站店),126.591075,45.700875,交通,中兴大道162号万达SOHOF1层,住宿服务;旅馆招待所;旅馆招待所,4.4,[]
摩杰座酒店(哈尔滨哈西万达广场高铁站店),126.583839,45.696293,交通,哈尔滨大街与南兴街交汇处爱达九溪loft2五层,住宿服务;住宿服务相关;住宿服务相关,4.8,[]
哈尔滨太平国际机场,126.241474,45.611938,交通,迎宾路,交通设施服务;机场相关;飞机场,[],[]
哈尔滨太平国际机场T2航站楼(国内出发),126.239748,45.621824,交通,哈尔滨太平国际机场T2航站楼2层,交通设施服务;机场相关;机场出发/到达,[],[]
哈尔滨太平国际机场T2航站楼(国内到达),126.239777,45.621811,交通,太平国际机场T2航站楼1层,交通设施服务;机场相关;机场出发/到达,[],[]
哈尔滨平房机场,126.672722,45.607521,交通,南海路16号,交通设施服务;机场相关;飞机场,[],[]
哈尔滨机场宾馆(哈尔滨服务区店),126.244645,45.628607,交通,太平国际机场场内,住宿服务;宾馆酒店;三星级宾馆,4.2,[]
哈尔滨机场家庭宾馆,126.239609,45.639664,交通,先富村哈双路与空港一路交口东侧,住宿服务;住宿服务相关;住宿服务相关,4.6,[]
哈尔滨太平国际机场T2航站楼网约车上客区,126.240884,45.622751,交通,哈尔滨太平国际机场T2航站楼1层7号门,交通设施服务;上下客区;网约车,[],[]
中华人民共和国哈尔滨太平机场海关,126.250533,45.631581,交通,太平国际机场,政府机构及社会团体;政府机关;政府机关相关,[],[]
哈尔滨机场迈凯伦酒店(太平国际机场T2航站楼p2店),126.248095,45.632386,交通,太平国际机场空港一路1号,住宿服务;宾馆酒店;宾馆酒店,4.6,[]
理想汽车哈尔滨机场路零售中心,126.551600,45.705238,交通,机场路16号1层,汽车销售;汽车销售;汽车销售,4.4,[]
哈尔滨机场顺和宾馆,126.227036,45.614505,交通,太平镇立业村红旗屯(机场西侧),住宿服务;宾馆酒店;宾馆酒店,4.4,[]
哈尔滨机场民宿(太平国际机场店),126.197749,45.631890,交通,哈双路新领航机场宾馆(哈尔滨太平国际机场店),住宿服务;住宿服务相关;住宿服务相关,[],[]
中国飞龙哈尔滨平房机场候机楼,126.676273,45.609902,交通,南海路16号,交通设施服务;交通服务相关;交通服务相关,[],[]
ARCFOX极狐中心哈尔滨机场路店,126.546802,45.702889,交通,机场路35号,汽车销售;汽车销售;汽车销售|汽车维修;汽车维修;汽车维修,4.5,[]
汉庭酒店(哈尔滨机场路店),126.549988,45.703960,交通,机场路28号,住宿服务;宾馆酒店;经济型连锁酒店,4.5,[]
哈尔滨机场静园宾馆,126.198896,45.634876,交通,北园街3号,住宿服务;住宿服务相关;住宿服务相关,3.6,[]
小鹏汽车哈尔滨机场路销售服务中心,126.531868,45.696271,交通,凯利汽车欢乐广场(公交站)对面10米,汽车销售;汽车销售;汽车销售,4.5,[]
哈尔滨太平国际机场T2航站楼,126.240029,45.621344,交通,[],交通设施服务;机场相关;飞机场,[],[]
哈尔滨太平国际机场国内贵宾厅,126.239529,45.620354,交通,VIP贵宾休息室西北侧,交通设施服务;机场相关;机场相关,[],[]
汉庭酒店哈尔滨机场路店停车点,126.549959,45.704183,交通,机场路与龙华路交叉口西南40米,交通设施服务;停车场;公共停车场,[],[]
岚图汽车哈尔滨机场路全功能用户中心,126.542853,45.700541,交通,机场路161号哈尔滨国际汽车城园区内AB栋2-1号、16-B号,汽车销售;汽车销售;汽车销售,4.4,[]
哈尔滨机场乡村振兴特色产品店,126.240081,45.621946,交通,T2航站楼国内到达1号门出口旁,购物服务;购物相关场所;购物相关场所,0.3,[]
哈尔滨机场东方红运宾馆,126.229844,45.638034,交通,太平镇先富村先富小学西侧100米,住宿服务;住宿服务相关;住宿服务相关,4.3,[]
机场高速入口(哈尔滨市区方向),126.250106,45.634221,交通,道里区,地名地址信息;交通地名;高速路入口,[],[]
吉利汽车哈尔滨吉美丰机场路店,126.548100,45.702539,交通,机场路38号,汽车销售;吉利特约销售;吉利销售|汽车维修;吉利特约维修;吉利维修,4.7,[]
哈尔滨群力机场路桔子水晶酒店,126.538658,45.700099,交通,机场路161号,住宿服务;宾馆酒店;宾馆酒店,4.8,[]
滨航宾馆(哈尔滨国际机场店),126.228872,45.637566,交通,太平镇哈双路(距太平国际机场16公里),住宿服务;宾馆酒店;宾馆酒店,4.1,[]
哈尔滨机场空港一路汽车服务驿站,126.238047,45.638126,交通,太平镇先富村大张家屯空港一路8号,汽车服务;汽车服务相关;汽车服务相关,3.8,[]
哈肉联直联(哈尔滨机场店),126.242722,45.629324,交通,空港六路1号哈尔滨太平机场T2航站楼安检内,购物服务;购物相关场所;购物相关场所,3.7,[]
哈尔滨市机动车牌照厂(机场路机动车登记服务站),126.554752,45.709183,交通,机场路5号,政府机构及社会团体;交通车辆管理;车辆管理机构|公司企业;工厂;工厂,[],[]
腾势汽车(哈尔滨市机场路腾势中心),126.537697,45.699161,交通,机场路161-11号,汽车销售;汽车销售;汽车销售,4.7,[]
哈尔滨太平国际机场T1航站楼,126.243395,45.622626,交通,[],交通设施服务;机场相关;飞机场,[],[]
鄂尔多斯1980(哈尔滨机场店),126.240024,45.621227,交通,太平国际机场T2航站楼二层安检区内,购物服务;服装鞋帽皮具店;品牌服装店,3.5,[]
哈尔滨太平国际机场货运公司,126.251405,45.628067,交通,太平镇,生活服务;物流速递;物流速递,4.8,[]
吉利银河哈尔滨天凯机场路店,126.541875,45.700025,交通,机场路161号哈尔滨国际汽车城园区内17-2号,汽车销售;汽车销售;汽车销售,4.7,[]
汉庭酒店哈尔滨机场路店停车点(出入口),126.549781,45.704152,交通,机场路与龙华路交叉口西南60米,交通设施服务;停车场;停车场出入口,[],[]
哈尔滨民航空港宾馆(机场店),126.233389,45.637840,交通,哈双路7号,住宿服务;宾馆酒店;宾馆酒店,4.7,[]
比亚迪闪充汽车充电站(方程豹哈尔滨机场路4S店),126.539680,45.697235,交通,群力街道机场路哈尔滨国际汽车城,汽车服务;充电站;充电站,1.6,[]
方程豹汽车(哈尔滨机场路直营中心),126.539380,45.697286,交通,机场路161-4号,汽车销售;汽车销售;汽车销售,4.7,[]
星巴克(哈尔滨机场三店),126.241750,45.621703,交通,太平国际机场T1航站楼隔离区内二层指廊A2区安检口入口下沉处,餐饮服务;咖啡厅;星巴克咖啡,4.3,30.00
中国南方航空货运中心(空港五路),126.249909,45.626883,交通,空港五路哈尔滨太平国际机场,生活服务;物流速递;物流速递,4.5,[]
港航宾馆(哈尔滨太平国际机场店),126.236338,45.639427,交通,空港一路与机场高速交交汇处,住宿服务;旅馆招待所;旅馆招待所,4.2,[]
比亚迪闪充汽车充电站(腾势哈尔滨市机场路中心),126.537700,45.699160,交通,机场路161-11号,汽车服务;充电站;充电站,1.6,[]
哈尔滨之星汽车有限公司,126.538501,45.697145,交通,机场路161-5,汽车销售;梅赛德斯-奔驰特约销售;梅赛德斯-奔驰销售|汽车维修;梅赛德斯-奔驰特约维修;梅赛德斯-奔驰维修,4.7,[]
哈尔滨龙运宾馆(机场店),126.240325,45.640348,交通,哈双路与空港一路交叉口西南150米,住宿服务;住宿服务相关;住宿服务相关,4.3,[]
新领航机场宾馆(哈尔滨太平国际机场店),126.199094,45.630733,交通,太平镇,住宿服务;住宿服务相关;住宿服务相关,4.4,[]
特来电汽车充电站(特来电哈尔滨机场充电站),126.240766,45.625592,交通,哈尔滨太平国际机场T2航站楼地面停车场(收费口),汽车服务;充电站;充电站,3.5,[]
哈尔滨亚季酒店(太平国际机场店),126.232520,45.637775,交通,太平国际机场服务区三区(太平国际机场),住宿服务;宾馆酒店;宾馆酒店,4.7,[]
理想超级充电站(理想5C超充站理想汽车哈尔滨机场路零售中心),126.551384,45.705490,交通,机场路16号,汽车服务;充电站;充电站,3.3,[]
季枫国际酒店(哈尔滨太平国际机场T2航站楼店),126.247468,45.629190,交通,空港五路与空港六路交叉口东100米,住宿服务;住宿服务相关;住宿服务相关,4.3,[]
品尚宾馆(哈尔滨太平国际机场店),126.233359,45.639014,交通,哈双路北侧,住宿服务;住宿服务相关;住宿服务相关,4.4,[]
哈尔滨市公路管理处机场路养路段,126.424609,45.651545,交通,机场路996号,政府机构及社会团体;政府机关;地市级政府及事业单位,[],[]
聚航民宿(哈尔滨机场店),126.226488,45.635613,交通,太平镇先富村双庙子屯,住宿服务;宾馆酒店;宾馆酒店,3.4,[]
米朵商旅酒店(哈尔滨太平国际机场店),126.264159,45.659713,交通,太平镇太安村徐家屯利鑫源超市北100米,住宿服务;宾馆酒店;宾馆酒店,4.3,[]
蓝天假日宾馆哈尔滨机场店大堂,126.227239,45.635881,交通,蓝天酒店(哈尔滨太平国际机场店),住宿服务;住宿服务相关;住宿服务相关,[],[]
阿维塔中心(哈尔滨机场路店),126.559725,45.711125,交通,城乡路302号汇智东方悦Q2栋,汽车服务;汽车服务相关;汽车服务相关,4.5,[]
春航宾馆(哈尔滨机场店),126.238224,45.639353,交通,太平镇先富村大张家屯,住宿服务;宾馆酒店;宾馆酒店,4.5,[]
新航快捷宾馆(哈尔滨机场店),126.229930,45.638024,交通,先富村双庙子屯,住宿服务;宾馆酒店;宾馆酒店,4.4,[]
途虎养车工场店(哈尔滨机场路店),126.539430,45.699064,交通,机场路161号国际汽车城5号展厅,汽车服务;汽车养护/装饰;汽车养护,4.3,[]
哈尔滨市道里区机场路滨海电机维修商店,126.517582,45.683865,交通,机场路266号小三姓公交站台附近,生活服务;维修站点;维修站点,3.9,[]
张亮麻辣烫(哈尔滨机场二食堂店),126.246312,45.627436,交通,空港六路1号,餐饮服务;中餐厅;火锅店,4.0,30.00
哈尔滨市道里区机场路教育园区,126.489675,45.669775,交通,机场路与薛程路交叉口西南80米,科教文化服务;科教文化场所;科教文化场所|商务住宅;产业园区;产业园区,[],[]
长城汽车·坦克魏牌·销售服务店(哈尔滨博昊店·机场路),126.548275,45.702825,交通,机场路30号,汽车销售;长城汽车销售;魏派汽车销售|汽车维修;长城汽车维修;魏派汽车维修|购物服务;服装鞋帽皮具店;服装鞋帽皮具店,4.5,[]
哈尔滨新启航宾馆(太平国际机场店),126.295366,45.652715,交通,新农镇八里堡屯1206号,住宿服务;宾馆酒店;宾馆酒店,4.4,[]
北航宾馆(哈尔滨太平国际机场店),126.232807,45.638759,交通,太平镇先富村,住宿服务;宾馆酒店;宾馆酒店,4.5,[]
汇航酒店(哈尔滨太平国际机场店),126.274325,45.649077,交通,太平镇先富村,住宿服务;宾馆酒店;宾馆酒店,4.7,[]
哈尔滨市急救中心机场路分站,126.528177,45.689834,交通,机场路212-3号附近,医疗保健服务;急救中心;急救中心,[],[]
星巴克(哈尔滨机场安检内2店),126.240311,45.621670,交通,太平国际机场航站楼T2出发大厅三层出发大厅三层,餐饮服务;咖啡厅;星巴克咖啡,4.4,30.00
张亮麻辣烫(哈尔滨机场店),126.235807,45.639016,交通,太平镇大张家屯与空港一路交口哈尔滨机场店,餐饮服务;中餐厅;火锅店,4.3,30.00
安航假日宾馆哈尔滨太平机场店大堂,126.237530,45.638492,交通,太平镇先富村空港一路10号安航假日宾馆(哈尔滨太平机场店),住宿服务;宾馆酒店;宾馆酒店,[],[]
AITO授权用户中心·哈尔滨机场路交付中心,126.550909,45.704499,交通,机场路18号,汽车销售;汽车销售;汽车销售,4.6,[]
哈尔滨太平国际机场银轩温泉酒店大堂,126.307209,45.638975,交通,太平国际机场银轩温泉酒店,住宿服务;宾馆酒店;宾馆酒店,[],[]
哈港酒店(哈尔滨太平国际机场店),126.309703,45.631447,交通,康安街太平湖温泉小镇二期A1号楼1号门市,住宿服务;宾馆酒店;宾馆酒店,4.7,[]
赛力斯蓝电用户中心(哈尔滨机场路店),126.553835,45.708145,交通,广全机动车检测站西南侧110米,汽车销售;汽车销售;汽车销售|生活服务;生活服务场所;生活服务场所,4.4,[]
岚图空间哈尔滨机场路店,126.558502,45.710217,交通,城乡路288号q3栋106-1,汽车销售;汽车销售;汽车销售,4.6,[]
哈尔滨太平国际机场T1航站楼(国际港澳台到达),126.241414,45.623130,交通,[],交通设施服务;机场相关;机场出发/到达,[],[]
breo倍轻松(哈尔滨太平国际机场店),126.240052,45.620691,交通,迎宾一路机场T2航站楼41号登机口,购物服务;购物相关场所;购物相关场所,3.7,[]
哈尔滨太平国际机场安全检查站,126.251881,45.632890,交通,空港六路与空港一路交叉口东260米,政府机构及社会团体;政府及社会团体相关;政府及社会团体相关,[],[]
书刊文具店(哈尔滨机场店),126.232611,45.622003,交通,空港六路1号,购物服务;购物相关场所;购物相关场所,3.5,[]
哈尔滨平原春天宾馆(太平国际机场店),126.223485,45.614328,交通,立业村村委会东200米,住宿服务;住宿服务相关;住宿服务相关,4.1,[]
金诺宾馆(哈尔滨太平国际机场店),126.241584,45.640170,交通,空港一路与哈双路交汇处往东(西奥宾馆右侧),住宿服务;宾馆酒店;宾馆酒店,4.3,[]
蓝天酒店(哈尔滨太平国际机场店),126.227156,45.635938,交通,太平镇先富村双庙子屯顺缘饭店西北20米,住宿服务;住宿服务相关;住宿服务相关,4.7,[]
哈肉联食品(哈尔滨太平国际机场店),126.241375,45.621375,交通,星巴克(哈尔滨机场三店)西南侧,购物服务;综合市场;农副产品市场,0.4,[]
金旭民宿(哈尔滨太平国际机场店),126.224857,45.636113,交通,哈机场路与空港一路延伸路交叉路口,住宿服务;宾馆酒店;宾馆酒店,[],[]
长城汽车皮卡(哈博能机场路店),126.548982,45.702274,交通,机场路30号,汽车销售;长城汽车销售;长城汽车销售|汽车维修;长城汽车维修;长城汽车维修,4.4,[]
几何之厦4店(哈尔滨机场店),126.247845,45.633762,交通,空港六路1号,购物服务;购物相关场所;购物相关场所,3.4,[]
房车生活家(哈尔滨机场路店),126.559892,45.711389,交通,城乡路与金属街交叉口西南140米,汽车服务;汽车养护/装饰;汽车养护,3.8,[]
鑫雪宾馆(哈尔滨机场店),126.225575,45.634375,交通,哈尔滨市道里区太平镇先富村双庙村,住宿服务;宾馆酒店;宾馆酒店,[],[]
AITO授权用户中心·哈尔滨机场路,126.557134,45.710401,交通,城乡路443号,汽车服务;汽车服务相关;汽车服务相关,4.6,[]
熠辉民宿(哈尔滨太平国际机场店),126.240860,45.640429,交通,哈双路泊辰宾馆(哈尔滨太平国际机场店)哈尔滨泊辰宾馆,住宿服务;旅馆招待所;旅馆招待所,[],[]
鸿蒙智行用户中心(智界I享界I尊界)·哈尔滨机场路,126.576883,45.723891,交通,城乡路301号,汽车销售;汽车销售;汽车销售,4.5,[]
特来电汽车充电站(太平镇品尚宾馆后院充电站),126.233360,45.639015,交通,太平镇品尚宾馆(哈尔滨太平国际机场店),汽车服务;充电站;充电站,3.4,[]
愚小面·重庆小面,126.242012,45.621902,交通,哈尔滨机场航站楼二层安检内,餐饮服务;中餐厅;中餐厅,2.0,34.00
满宝馄饨(哈尔滨机场店),126.238625,45.619625,交通,老边饺子馆(太平机场店)东北侧,餐饮服务;中餐厅;中餐厅,0.7,41.00
哈尔滨鑫诚机场接送机普通公寓,126.218825,45.635825,交通,太平镇先富村双庙子屯,住宿服务;住宿服务相关;住宿服务相关,[],[]
昌安临港机动车检测有限责任公司,126.224412,45.637061,交通,聚航宾馆(哈尔滨机场店)西北侧220米,公司企业;公司企业;公司企业,[],[]
福华超市(哈双路店),126.225066,45.636124,交通,聚航民宿(哈尔滨机场店)西侧120米,购物服务;便民商店/便利店;便民商店/便利店,3.8,[]
中央大街(地铁站),126.616256,45.768927,交通,2号线,交通设施服务;地铁站;地铁站,[],[]
江北大学城(地铁站),126.543571,45.873058,交通,2号线,交通设施服务;地铁站;地铁站,[],[]
新疆大街(地铁站),126.632979,45.605905,交通,1号线,交通设施服务;地铁站;地铁站,[],[]
世茂大道(地铁站),126.552393,45.806676,交通,2号线,交通设施服务;地铁站;地铁站,[],[]
太平桥(地铁站),126.677185,45.783569,交通,1号线;3号线,交通设施服务;地铁站;地铁站,[],[]
凯盛源广场(地铁站),126.585320,45.701283,交通,3号线,交通设施服务;地铁站;地铁站,[],[]
医大二院(地铁站),126.615695,45.697491,交通,1号线;3号线,交通设施服务;地铁站;地铁站,[],[]
龙川路(地铁站),126.549543,45.823373,交通,2号线,交通设施服务;地铁站;地铁站,[],[]
尚志大街(地铁站),126.625999,45.765586,交通,2号线,交通设施服务;地铁站;地铁站,[],[]
人民广场(地铁站),126.604011,45.773348,交通,2号线;3号线,交通设施服务;地铁站;地铁站,[],[]
珠江路(地铁站),126.692716,45.736622,交通,2号线;3号线,交通设施服务;地铁站;地铁站,[],[]
进乡街(地铁站),126.686287,45.704725,交通,3号线,交通设施服务;地铁站;地铁站,[],[]
工农大街(地铁站),126.558642,45.718798,交通,3号线,交通设施服务;地铁站;地铁站,[],[]
学府路(地铁站),126.609880,45.722457,交通,1号线,交通设施服务;地铁站;地铁站,[],[]
和兴路(地铁站),126.615449,45.732416,交通,1号线,交通设施服务;地铁站;地铁站,[],[]
中华巴洛克街区(地铁站),126.642384,45.784380,交通,3号线,交通设施服务;地铁站;地铁站,[],[]
太阳岛(地铁站),126.587862,45.784524,交通,2号线,交通设施服务;地铁站;地铁站,[],[]
气象台(地铁站),126.742583,45.727093,交通,2号线,交通设施服务;地铁站;地铁站,[],[]
哈西大街(地铁站),126.596866,45.695662,交通,3号线,交通设施服务;地铁站;地铁站,[],[]
公路大桥(地铁站),126.595595,45.758224,交通,3号线,交通设施服务;地铁站;地铁站,[],[]
工人文化宫(地铁站),126.653898,45.750010,交通,2号线,交通设施服务;地铁站;地铁站,[],[]
大耿家(地铁站),126.540919,45.835022,交通,2号线,交通设施服务;地铁站;地铁站,[],[]
省医院(地铁站),126.677255,45.736725,交通,2号线,交通设施服务;地铁站;地铁站,[],[]
省政府(地铁站),126.663409,45.742451,交通,2号线,交通设施服务;地铁站;地铁站,[],[]
海河东路(地铁站),126.694651,45.759892,交通,3号线,交通设施服务;地铁站;地铁站,[],[]
大有坊街(地铁站),126.690783,45.775163,交通,3号线,交通设施服务;地铁站;地铁站,[],[]
城乡路(地铁站),126.567547,45.712029,交通,3号线,交通设施服务;地铁站;地铁站,[],[]
会展中心(地铁站),126.696671,45.750476,交通,3号线,交通设施服务;地铁站;地铁站,[],[]
群力第五大道(地铁站),126.545424,45.730784,交通,3号线,交通设施服务;地铁站;地铁站,[],[]
友谊宫(地铁站),126.612188,45.777003,交通,3号线,交通设施服务;地铁站;地铁站,[],[]
西大桥(地铁站),126.621115,45.738848,交通,1号线,交通设施服务;地铁站;地铁站,[],[]
哈工大(地铁站),126.627753,45.744564,交通,1号线,交通设施服务;地铁站;地铁站,[],[]
医大一院(地铁站),126.650438,45.764078,交通,1号线,交通设施服务;地铁站;地铁站,[],[]
兆麟公园(地铁站),126.624136,45.779295,交通,3号线,交通设施服务;地铁站;地铁站,[],[]
南直路(地铁站),126.705955,45.734930,交通,2号线,交通设施服务;地铁站;地铁站,[],[]
东北农业大学(地铁站),126.724040,45.729713,交通,2号线,交通设施服务;地铁站;地铁站,[],[]
体育公园(地铁站),126.550267,45.738632,交通,3号线,交通设施服务;地铁站;地铁站,[],[]
北马路(地铁站),126.634405,45.780400,交通,3号线,交通设施服务;地铁站;地铁站,[],[]
旭升街(地铁站),126.664094,45.702396,交通,3号线,交通设施服务;地铁站;地铁站,[],[]
油坊街(地铁站),126.690519,45.723282,交通,3号线,交通设施服务;地铁站;地铁站,[],[]
征仪路(地铁站),126.634436,45.699543,交通,3号线,交通设施服务;地铁站;地铁站,[],[]
桦树街(地铁站),126.698039,45.788083,交通,1号线,交通设施服务;地铁站;地铁站,[],[]
黑龙江大学(地铁站),126.613592,45.706970,交通,1号线,交通设施服务;地铁站;地铁站,[],[]
烟厂(地铁站),126.655910,45.768727,交通,1号线,交通设施服务;地铁站;地铁站,[],[]
肿瘤医院(地铁站),126.643152,45.700455,交通,3号线,交通设施服务;地铁站;地铁站,[],[]
医大一院群力院区(地铁站),126.551642,45.724569,交通,3号线,交通设施服务;地铁站;地铁站,[],[]
理工大学(地铁站),126.611868,45.714853,交通,1号线,交通设施服务;地铁站;地铁站,[],[]
铁路局(地铁站),126.635996,45.751513,交通,1号线,交通设施服务;地铁站;地铁站,[],[]
工程大学(地铁站),126.668068,45.775477,交通,1号线,交通设施服务;地铁站;地铁站,[],[]
瓦盆窑(地铁站),126.633464,45.645435,交通,1号线,交通设施服务;地铁站;地铁站,[],[]
冰雪大世界(地铁站),126.567694,45.778569,交通,2号线,交通设施服务;地铁站;地铁站,[],[]
渤海路(地铁站),126.647845,45.615382,交通,1号线,交通设施服务;地铁站;地铁站,[],[]
清真寺(地铁站),126.651609,45.788183,交通,3号线,交通设施服务;地铁站;地铁站,[],[]
市第二医院(地铁站),126.692741,45.767275,交通,3号线,交通设施服务;地铁站;地铁站,[],[]
公滨路(地铁站),126.691143,45.730800,交通,3号线,交通设施服务;地铁站;地铁站,[],[]
河山街(地铁站),126.584453,45.743225,交通,3号线,交通设施服务;地铁站;地铁站,[],[]
丁香公园(地铁站),126.567893,45.740978,交通,3号线,交通设施服务;地铁站;地铁站,[],[]
哈达(地铁站),126.618814,45.683208,交通,1号线,交通设施服务;地铁站;地铁站,[],[]
河松街(地铁站),126.593933,45.748948,交通,3号线,交通设施服务;地铁站;地铁站,[],[]
上海街(地铁站),126.597076,45.765678,交通,3号线,交通设施服务;地铁站;地铁站,[],[]
靖宇公园(地铁站),126.667596,45.788848,交通,3号线,交通设施服务;地铁站;地铁站,[],[]
湘江路(地铁站),126.694500,45.742399,交通,3号线,交通设施服务;地铁站;地铁站,[],[]
劳动公园(地铁站),126.675172,45.700968,交通,3号线,交通设施服务;地铁站;地铁站,[],[]
交通学院(地铁站),126.687501,45.787766,交通,1号线,交通设施服务;地铁站;地铁站,[],[]
同江路(地铁站),126.624716,45.656247,交通,1号线,交通设施服务;地铁站;地铁站,[],[]
镜泊路(地铁站),126.636902,45.632188,交通,1号线,交通设施服务;地铁站;地铁站,[],[]
汽轮机厂(地铁站),126.689576,45.714516,交通,3号线,交通设施服务;地铁站;地铁站,[],[]
哈西公路客运站,126.578022,45.702230,交通,中兴右街1号,交通设施服务;长途汽车站;长途汽车站,[],[]
哈尔滨公路客运北站,126.539748,45.851497,交通,利民大道辅路西150米,交通设施服务;长途汽车站;长途汽车站,[],[]
道外客运站,126.642562,45.778368,交通,承德街287号,交通设施服务;长途汽车站;长途汽车站,[],[]
哈尔滨市公路客运总站哈五停靠站,126.643615,45.696649,交通,黑龙江省 哈尔滨市 南岗区,交通设施服务;交通服务相关;交通服务相关,[],[]
哈尔滨五常往返客车站,126.634024,45.757845,交通,建筑街90号,交通设施服务;交通服务相关;交通服务相关,[],[]
哈尔滨市公路客运总站叫化站京哈停靠站,126.624532,45.653235,交通,学府路与学府东路交叉口西北160米,交通设施服务;交通服务相关;交通服务相关,[],[]
哈尔滨市泰晟客运有限公司汽车充电站(哈尔滨85路公交场站),126.525933,45.722632,交通,群力第六大道与阳明滩大桥交叉口,汽车服务;充电站;充电站,0.0,[]
北新路客运站,126.965617,45.544602,交通,北新路附近,交通设施服务;长途汽车站;长途汽车站,[],[]
哈西公路客运站(出站口),126.578423,45.701715,交通,西站西街与哈尔滨大街交叉口西160米,交通设施服务;长途汽车站;出站,[],[]
如家酒店(哈尔滨道外南极客运站店),126.648353,45.774746,交通,承德街40号,住宿服务;宾馆酒店;经济型连锁酒店,4.4,[]
三棵树公路客运站,126.709344,45.790247,交通,桦树街3号(哈尔滨东站地铁站2号口旁),交通设施服务;长途汽车站;长途汽车站,4.6,[]
阿城客运站,126.971275,45.540005,交通,延川大街455号,交通设施服务;长途汽车站;长途汽车站,[],[]
新华公路客运站,126.824811,45.621969,交通,哈红公路与平新公路交叉口东南220米,交通设施服务;长途汽车站;长途汽车站,[],[]
哈尔滨呼兰公路客运站售票处,126.607736,45.985866,交通,东府路与乐水街交叉口西北40米,生活服务;售票处;售票处,[],[]
哈尔滨辰安旅游客运服务有限公司,126.654214,45.756323,交通,新永和街儿童公园南侧约130米,交通设施服务;交通服务相关;交通服务相关,[],[]
亚沟公路客运站,127.076111,45.481859,交通,亚沟街附近,交通设施服务;长途汽车站;长途汽车站,[],[]
云快充汽车充电站(哈尔滨市鸿珊客运有限公司充电站),126.618095,46.011780,交通,兰河街道办事处原野村距道西50米,汽车服务;充电站;充电站,0.0,[]
哈尔滨汽车检测站,126.580802,45.730244,交通,职工南街与小职工街交叉口东南40米,政府机构及社会团体;政府及社会团体相关;政府及社会团体相关,[],[]
呼兰公路客运站,126.607785,45.986151,交通,东直路,交通设施服务;交通服务相关;交通服务相关,[],[]
哈尔滨客运段高铁车队,126.577585,45.709103,交通,王岗镇永兴路6号,公司企业;公司企业;公司企业,[],[]
哈尔滨捷骏汽车(宇通金龙玉柴客车站),126.536685,45.905698,交通,西安大街1号哈药物流院内,汽车维修;汽车维修;汽车维修,4.2,[]
GMService哈尔滨站,126.879548,45.744101,交通,华南城F区国际汽配产业园E6栋02号,汽车服务;汽车俱乐部;汽车俱乐部,4.1,[]
周家客运站,126.664020,45.460209,交通,卫生院附近,交通设施服务;交通服务相关;交通服务相关,[],[]
龙江快捷时尚宾馆(哈尔滨东火车站三棵树客运站店),126.708758,45.790270,交通,北棵街1号(哈尔滨东站地铁站1号口步行70米),住宿服务;宾馆酒店;宾馆酒店,4.1,[]
哈尔滨山水森阁宾馆(宾西客运站店),127.154805,45.756348,交通,宾西客运站西100米路南,住宿服务;宾馆酒店;宾馆酒店,4.2,[]
达连河公路客运站,129.424649,46.177778,交通,健康街,交通设施服务;长途汽车站;长途汽车站,[],[]
宾县北客运站,127.483971,45.761258,交通,宾州北路65号,交通设施服务;长途汽车站;长途汽车站,[],[]
高楞客运站,129.243664,46.004011,交通,通江街和西环路交叉口森工石油加油站斜对面,交通设施服务;长途汽车站;长途汽车站,[],[]
哈尔滨途盛客运有限公司8路公交充电站,126.379806,45.386078,交通,长勇村双周路,汽车服务;充电站;充电站,[],[]
哈尔滨景和宾馆(呼兰公路客运站店),126.610074,45.986670,交通,东府路234号,住宿服务;住宿服务相关;住宿服务相关,4.4,[]
双城客运总站(进站口),126.309655,45.381210,交通,新兴路与发达路交叉口西200米,交通设施服务;长途汽车站;进站,[],[]
西集客运站,127.180436,46.146440,交通,[],交通设施服务;长途汽车站;长途汽车站,[],[]
庆阳公路客运站,128.792242,45.369117,交通,亚庆公路北50米,交通设施服务;长途汽车站;长途汽车站,[],[]
海格客车(哈尔滨祥乐特约服务站),126.550640,45.703164,交通,龙华路1号,汽车维修;汽车维修;汽车维修,3.6,[]
宾西客运站,127.158263,45.756829,交通,宾西镇同哈公路附近,交通设施服务;长途汽车站;长途汽车站,[],[]
宾县客运站,127.498493,45.754734,交通,宾州镇文化南路与迎宾东路交叉口东南50米,交通设施服务;长途汽车站;长途汽车站,[],[]
永源客运站,127.015000,45.776739,交通,哈同公路南50米,交通设施服务;长途汽车站;长途汽车站,[],[]
拉林客运站,126.886251,45.237546,交通,222省道附近(龙江风采旁),交通设施服务;长途汽车站;长途汽车站,[],[]
宁远客运站,127.928210,45.730966,交通,宁延公路北50米,交通设施服务;长途汽车站;长途汽车站,[],[]
元宝客运站,128.279100,45.259011,交通,尚开公路附近,交通设施服务;长途汽车站;长途汽车站,[],[]
阿城客运站客运大厅,126.970900,45.539733,交通,延川大街449号附近,交通设施服务;长途汽车站;候车室,[],[]
李先生牛肉面大王(哈尔滨哈西客运站餐厅),126.578610,45.702718,交通,中兴右街1号哈西客运站内主力店区2层右1号,餐饮服务;快餐厅;快餐厅,4.2,22.00
兴隆客运站,127.111303,46.440883,交通,[],交通设施服务;长途汽车站;长途汽车站,[],[]
方正西客运站,128.826386,45.835967,交通,中央大街529号,交通设施服务;长途汽车站;长途汽车站,[],[]
汐悦新宿公寓(哈尔滨中华巴洛克风情街道外客运站店),126.640534,45.778502,交通,承德街361号1栋7层1号,住宿服务;住宿服务相关;住宿服务相关,3.4,[]
山河客运站,127.209109,44.712105,交通,奋斗路,交通设施服务;长途汽车站;长途汽车站,[],[]
民乐客运站,127.064607,45.056935,交通,水兴路与文化路交叉口北160米,交通设施服务;长途汽车站;长途汽车站,[],[]
柳河客运站,127.724103,46.014660,交通,哈萝公路北100米,交通设施服务;长途汽车站;长途汽车站,[],[]
亚布力公路客运站,128.609964,44.929540,交通,绥满公路,交通设施服务;长途汽车站;长途汽车站,[],[]
清河公路客运站,129.311552,46.178509,交通,中央大街,交通设施服务;长途汽车站;长途汽车站,[],[]
客运加油站,129.572476,46.311303,交通,双城街与东顺城路交汇处,汽车服务;加油站;加油站,4.4,8.00
宝兴客运站,127.984683,45.213816,交通,[],交通设施服务;长途汽车站;长途汽车站,[],[]
光辉客运站,127.548008,44.865238,交通,石龙公路东50米,交通设施服务;长途汽车站;长途汽车站,[],[]
哈尔滨新地标电竞酒店(阿城客运站店),126.970962,45.540356,交通,金城街4委延川大街431号运输公司办公楼2-3号,住宿服务;住宿服务相关;住宿服务相关,4.7,[]
尚志市公路客运南站,127.955846,45.196454,交通,229国道与发展大街交叉口西380米,交通设施服务;长途汽车站;长途汽车站,[],[]
木兰镇东客运站,128.150890,45.959327,交通,哈萝公路北50米,交通设施服务;长途汽车站;长途汽车站,[],[]
尚志市公路客运总站站前分站,127.961930,45.209530,交通,站前路6号,交通设施服务;长途汽车站;长途汽车站,[],[]
龙凤山客运站,127.585682,44.770736,交通,石龙公路东50米,交通设施服务;长途汽车站;长途汽车站,[],[]
向阳客运站,127.430154,44.624923,交通,平安街附近,交通设施服务;长途汽车站;长途汽车站,[],[]
小山子客运站,127.607239,44.907089,交通,203省道附近,交通设施服务;长途汽车站;长途汽车站,[],[]
依兰公路客运站,129.569232,46.307340,交通,通江路达连河停车场对面,交通设施服务;长途汽车站;长途汽车站,[],[]
团山子客运站,129.909131,46.317097,交通,团山子客运站(依饶公路北),交通设施服务;交通服务相关;交通服务相关,[],[]
哈尔滨汽车交易市场机动车检测站,126.452312,45.632080,交通,榆树镇哈尔滨道新榆路101号汽车交易市场,政府机构及社会团体;交通车辆管理;验车场,[],[]
哈尔滨国际汽车城,126.540222,45.699942,交通,机场路163号,汽车销售;汽车销售;汽车销售,4.8,[]
汽车换电站(蔚来哈尔滨国际汽车城站),126.542485,45.699594,交通,机场路与变兴路交叉口西北60米,汽车服务;汽车服务相关;汽车服务相关,[],[]
汽车充电站(哈尔滨市道外区利达三砖充电站),126.799015,45.784449,交通,天恒大街与先锋路交叉口西300米,汽车服务;充电站;充电站,3.3,[]
特来电汽车充电站(特来电哈尔滨索菲特充电站),126.678800,45.740524,交通,六顺街道哈尔滨万达索菲,汽车服务;充电站;充电站,3.8,[]
哈尔滨汽车交易市场,126.455458,45.632558,交通,榆树镇新榆路101号,汽车服务;二手车交易;二手车交易,4.6,[]
特来电汽车充电站(特来电哈尔滨西典家园充电站),126.594690,45.706158,交通,哈西街道西典家园(北区)西典家园F区,汽车服务;充电站;充电站,3.5,[]
特来电汽车充电站(哈尔滨禧龙充电站),126.753687,45.774632,交通,先锋路8-5号(19路终点站),汽车服务;充电站;充电站,5.0,[]
汽车充电站(蔚来目充站哈尔滨麦凯乐),126.623989,45.772039,交通,尚志大街与西十道街交叉口东80米,汽车服务;充电站;充电站,0.0,[]
云快充汽车充电站(哈尔滨道外充电站),126.666301,45.789911,交通,振江街72号(靖宇公园地铁站2号口步行150米),汽车服务;充电站;充电站,2.5,[]
特来电汽车充电站(特来电哈尔滨申阳红旗充电站),126.609060,45.607594,交通,朝阳镇汇贤路中星艺术学校,汽车服务;充电站;充电站,3.8,[]
哈尔滨市香坊区车十汽车服务站,126.708531,45.732283,交通,公滨路233号(南直路地铁站3号口步行420米),汽车服务;汽车服务相关;汽车服务相关,4.2,[]
汽车充电站(蔚来超充站哈尔滨万达文华酒店),126.498413,45.800726,交通,万达文华酒店停车场,汽车服务;充电站;充电站,3.5,[]
哈尔滨市·巧手汽车一站式服务,126.514543,45.719263,交通,岷山路与群力第六大道交叉口东南120米,汽车服务;汽车服务相关;汽车服务相关,4.4,[]
广汽能源汽车充电站(广汽能源哈尔滨汇智金融大厦超充站),126.542448,45.727240,交通,汇智金融企业总部,汽车服务;充电站;充电站,2.8,[]
蔚来能源汽车充电站(哈尔滨中石油龙轩路站)(暂停营业),126.512505,45.825108,交通,龙轩路斯威尔大厦北,汽车服务;充电站;充电站,0.0,[]
云快充汽车充电站(哈尔滨凯赛快充站),126.526918,45.704200,交通,崂山路4号,汽车服务;充电站;充电站,3.7,[]
开迈斯汽车充电站(哈尔滨市道里区汇励99城市公园地下站),126.607666,45.760460,交通,上海街99号汇励99城市公园地下B1层停车场停,汽车服务;充电站;充电站,3.8,[]
开迈斯汽车充电站(哈尔滨市道里区红星美凯龙地上站),126.571250,45.719177,交通,城乡路168号红星美凯龙地上停车场,汽车服务;充电站;充电站,3.8,[]
比亚迪闪充汽车充电站(比亚迪哈尔滨博凯4S店),126.554950,45.706600,交通,群力街道机场路8号,汽车服务;充电站;充电站,1.6,[]
比亚迪闪充汽车充电站(比亚迪哈尔滨盛驰4S店),126.558360,45.711533,交通,城乡路441号1-2层,汽车服务;充电站;充电站,1.8,[]
蔚来汽车充电站(蔚来目充站哈尔滨王府井),126.565715,45.731394,交通,景江西路与群力第六大道交叉口东180米,汽车服务;充电站;充电站,0.0,[]
特来电汽车充电站(特来电哈尔滨阳明滩充电站往松北方向),126.532630,45.708041,交通,群力街道阳明滩大道辅路哈尔滨综合开发建设有限公司,汽车服务;充电站;充电站,5.0,[]
云快充汽车充电站(哈尔滨市晟宏集中式快速充电站),126.979570,45.538808,交通,一号站哈尔滨会宁路389号,汽车服务;充电站;充电站,3.7,[]
开瑞汽车哈尔滨毅仁服务站,126.611559,45.748575,交通,哈药路与福湾街66号,汽车维修;汽车维修;汽车维修|汽车服务;汽车服务相关;汽车服务相关,4.5,[]
小鹏汽车充电站(开放运营-哈尔滨月星家居S4小鹏超快充站),126.603158,45.761533,交通,汇励生活港停车场,汽车服务;充电站;充电站,0.0,[]
理想汽车充电站(理想超充站哈尔滨桔子水晶富力江湾店),126.588604,45.751406,交通,富力江湾桔子水晶酒店,汽车服务;充电站;充电站,3.6,[]
汽车充电站(哈尔滨秀臣机动车充电有限公司),126.759126,45.674371,交通,新兴综合商店附近,汽车服务;充电站;充电站,[],[]
海尔汽车充电站(哈尔滨竺琨),126.627860,45.693645,交通,保健路42号,汽车服务;充电站;充电站,4.2,[]
比亚迪闪充汽车充电站(比亚迪哈尔滨联迪4S店),126.752050,45.726475,交通,公滨路副51号,汽车服务;充电站;充电站,1.8,[]
昆仑网电汽车充电站(中国石油哈尔滨城乡路加油站充电站),126.572523,45.721322,交通,城乡路365号,汽车服务;充电站;充电站,2.9,[]
特来电汽车充电站(特来电哈尔滨阳明滩充电站往群力方向),126.532173,45.707760,交通,群力街道阳明滩大道辅路三环桥下,汽车服务;充电站;充电站,5.0,[]
哈尔滨市天成汽车维修站,126.680651,45.735447,交通,六顺街91-5-3,汽车维修;汽车综合维修;汽车综合维修,3.9,[]
哈尔滨龙信汽车维修服务站,126.721356,45.753326,交通,长江路668号农大北门,汽车维修;汽车综合维修;汽车综合维修|汽车服务;汽车养护/装饰;汽车养护,4.4,[]
蔚来能源汽车充电站(哈尔滨呼兰金华汽配),126.622310,45.976692,交通,萧红大道,汽车服务;充电站;充电站,3.3,[]
特来电汽车充电站(哈尔滨飞控海城市场充电站),126.646180,45.747402,交通,海城品牌装饰广场停车场,汽车服务;充电站;充电站,3.8,[]
特来电汽车充电站(哈尔滨武圣公司充电项目),126.662553,45.786065,交通,太古街77号武圣庙,汽车服务;充电站;充电站,4.5,[]
昆仑网电汽车充电站(中国石油哈尔滨友谊加油站充电站),126.574240,45.746758,交通,上江路与河松街交叉口加油站内,汽车服务;充电站;充电站,2.9,[]
云快充汽车充电站(哈尔滨天海),126.193353,45.632844,交通,太平镇太平家园,汽车服务;充电站;个人充电站,0.0,[]
比亚迪闪充汽车充电站(比亚迪哈尔滨顺诚松北4S店),126.562180,45.881012,交通,南京路街道永达路12号比亚迪汽车王朝网,汽车服务;充电站;充电站,1.6,[]
特来电汽车充电站(哈尔滨昆仑时代充电站),126.726744,45.781573,交通,化工街道道口街61号昆仑时代售楼处前行300米右侧,汽车服务;充电站;充电站,5.0,[]
昆仑网电汽车充电站(中国石油哈尔滨汽车城光储充一体站),126.546270,45.702630,交通,机场路33号附近,汽车服务;充电站;充电站,2.9,[]
特来电汽车充电站(哈尔滨澜景水汇充电站),126.565414,45.880540,交通,南京路街道三块钱面包店,汽车服务;充电站;充电站,4.5,[]
比亚迪闪充汽车充电站(哈尔滨城乡路城市之星),126.573262,45.721651,交通,城乡路353号,汽车服务;充电站;充电站,2.8,[]
哈尔滨运通丰田汽车销售服务有限公司,126.710453,45.747779,交通,南直路129号,汽车销售;丰田特约销售;一汽丰田销售|汽车维修;丰田特约维修;一汽丰田维修,4.5,[]
汽车充电站(亿派利民艾励检测站),126.576215,45.907654,交通,利民大道1083号艾励检测站院内,汽车服务;充电站;充电站,3.7,[]
比亚迪闪充汽车充电站(比亚迪哈尔滨华品吉沃4S店),126.749850,45.775770,交通,化工街道哈尔滨中升丰田汽车销售服务有限公司,汽车服务;充电站;充电站,1.6,[]
比亚迪闪充汽车充电站(比亚迪哈尔滨平房4S店),126.606690,45.610813,交通,朝阳镇松花路比亚迪汽车王朝网,汽车服务;充电站;充电站,1.6,[]
昆仑网电汽车充电站(中国石油哈尔滨南京路充电站),126.561730,45.890038,交通,利民大道与南京路交叉口东南角,汽车服务;充电站;充电站,0.0,[]
蔚来能源汽车充电站(哈尔滨中石油平房哈南站),126.632650,45.582085,交通,平新街道中国石油加油站(哈南第二大道),汽车服务;充电站;充电站,2.6,[]
比亚迪闪充汽车充电站(方程豹哈尔滨豹驰4S店),126.687836,45.767190,交通,先锋路469号,汽车服务;充电站;充电站,1.6,[]
哈尔滨汽车自选市场金杯服务站,126.536583,45.697448,交通,城乡路435号,汽车销售;汽车销售;汽车销售|汽车维修;汽车维修;汽车维修,3.7,[]
昆仑网电汽车充电站(中国石油哈尔滨巨兴充电站),126.647255,45.789864,交通,巨兴街5号(清真寺地铁站2号口步行490米),汽车服务;充电站;充电站,0.0,[]
蔚景云汽车充电站(哈尔滨羊博士食品有限公司充电站),126.495940,45.560806,交通,红旗满族乡哈尔滨羊博士食品有限公司,汽车服务;充电站;充电站,2.4,[]
蔚景云汽车充电站(哈尔滨市道外区药六嘉园),126.695690,45.777985,交通,大有坊街道药六嘉园,汽车服务;充电站;充电站,2.3,[]
蔚来能源汽车充电站(哈尔滨双城中石化天顺站),126.321720,45.355530,交通,和平大街与南环城西路交叉口西50米路北,汽车服务;充电站;充电站,2.6,[]
昆仑网电汽车充电站(中国石油哈尔滨南直充电站),126.703020,45.784542,交通,南直路667号,汽车服务;充电站;充电站,0.0,[]
昆仑网电汽车充电站(中国石油哈尔滨任家桥充电站),126.641530,45.706610,交通,保健副路2号,汽车服务;充电站;充电站,0.0,[]
特来电汽车充电站(特来电宾州服务区下行充电站哈尔滨方向),127.459694,45.743050,交通,宾州镇宾州服务区(哈同高速哈尔滨方向),汽车服务;充电站;充电站,3.4,[]
昆仑网电汽车充电站(中国石油哈尔滨双城金融国际充电站),126.306790,45.372902,交通,第六大道金融国际2期门口停车场,汽车服务;充电站;充电站,3.5,[]
特来电汽车充电站(特来电尚志服务区上行充电站哈尔滨方向),127.951670,45.194042,交通,尚志镇尚志服务区(绥满高速满洲里方向),汽车服务;充电站;充电站,3.8,[]
开迈斯汽车充电站(哈尔滨市方正县运鸿木业地上交站),128.849200,45.821930,交通,南直路与樱花街交叉路口,汽车服务;充电站;充电站,2.4,[]
蔚来能源汽车充电站(哈尔滨中石油尚志龙华站),127.992190,45.211662,交通,绥满路58号,汽车服务;充电站;充电站,2.6,[]
昆仑网电汽车充电站(中国石油哈尔滨五常金山公园充电站),127.163920,44.935780,交通,金山公园停车场,汽车服务;充电站;充电站,2.9,[]
昆仑网电汽车充电站(中国石油哈尔滨五常金山广场充电站),127.164415,44.928162,交通,北广场街与雅臣路交叉口西北180米,汽车服务;充电站;充电站,2.4,[]
特来电汽车充电站(特来电依兰服务区下行充电站哈尔滨方向),129.551210,46.294930,交通,依兰镇依兰服务区(哈同高速哈尔滨方向),汽车服务;充电站;充电站,3.8,[]
蔚来能源汽车充电站(哈尔滨方正海滨假日酒店),128.835570,45.839725,交通,同安路百事吉购物广场侧面,汽车服务;充电站;充电站,2.6,[]
特来电汽车充电站(哈尔滨龙运现代充电站),126.638100,45.739260,交通,文道街33-33号,汽车服务;充电站;充电站,3.8,[]
蔚景云汽车充电站(裕增科技哈尔滨民主村维嘉裕增充电站),126.803010,45.714120,交通,幸福镇民主村中国建设银行裕农通农村普惠金融综合服务点,汽车服务;充电站;充电站,3.6,[]
阳光充电汽车充电站(哈尔滨真理路民间街),126.326600,45.363730,交通,真理路53号承旭派出所,汽车服务;充电站;充电站,1.8,[]
特来电汽车充电站(特来电哈尔滨鼎丰货场充电站),126.669060,45.687935,交通,黎明街道洛克小镇哈尔滨市鼎丰货场,汽车服务;充电站;充电站,3.8,[]
云快充汽车充电站(哈尔滨海晖医药连锁有限公司),126.504880,45.698720,交通,哈尔滨高新技术产业开发区迎宾路集中区秦岭路7号,汽车服务;充电站;充电站,3.2,[]
哈尔滨汽车自选市场,126.559082,45.711864,交通,城乡路435号,汽车销售;汽车销售;汽车销售,3.9,[]
特来电汽车充电站(哈尔滨前进村充电站),126.630180,45.661095,交通,鑫汇鸿电力安装工程有限公司东南1门旁,汽车服务;充电站;充电站,4.5,[]
特来电汽车充电站(哈尔滨海天鸿翔充电站),127.136949,45.758631,交通,蜚克图街道哈尔滨海天鸿翔汽车销售服务有限公司,汽车服务;充电站;充电站,5.0,[]
云快充汽车充电站(哈尔滨市晟宏集中式快速充电站二号站),126.972348,45.530629,交通,尚水国际商务会馆(乌鲁胡同东),汽车服务;充电站;充电站,3.2,[]
汽车充电站(城泊通充电站),126.586235,45.706404,交通,哈尔滨大街281号,汽车服务;充电站;充电站,[],[]
昆仑网电汽车充电站(中国石油哈尔滨巴彦南直加油站充电站),127.408356,46.075660,交通,南直路201号,汽车服务;充电站;充电站,3.1,[]
特来电汽车充电站(哈尔滨安悦酒店充电站),126.567470,45.710423,交通,群力街道康悦颐养花园,汽车服务;充电站;充电站,3.8,[]
哈尔滨甄车盟汽车销售有限公司,126.708529,45.732251,交通,公滨路233号(南直路地铁站3号口步行410米),汽车销售;汽车销售;汽车销售,4.4,[]
特来电汽车充电站(哈尔滨昆明大街凯达充电站),126.515950,45.869114,交通,学院路街道顺达铝塑门窗厂凯达石油加油站,汽车服务;充电站;充电站,3.8,[]
理想汽车充电站(理想超充站哈尔滨汇智金融企业总部),126.542180,45.727192,交通,汇智金融企业总部,汽车服务;充电站;充电站,3.5,[]
特来电汽车充电站(哈尔滨飞达充电站),126.625230,45.749702,交通,教化街90号,汽车服务;充电站;充电站,4.5,[]
国家电网汽车充电站(黑龙江省哈尔滨市松北深圳龙岗科技创新产业园充电站),126.476041,45.809782,交通,(深圳龙岗)科技创新产业园地面停车场,汽车服务;充电站;充电站,2.8,[]
特来电汽车充电站(哈尔滨鼎和嘉圣物流园充电站),126.750084,45.703080,交通,新香坊街道秀明路318号鼎和·嘉圣国际物流城,汽车服务;充电站;充电站,5.0,[]
特来电汽车充电站(哈尔滨市阿城区河东充电站),127.016884,45.553370,交通,河东街道哈尔滨阿继电器有限公司,汽车服务;充电站;充电站,2.7,[]
特来电汽车充电站(哈尔滨华润万象汇地库充电站),126.537273,45.809808,交通,松北街道哈尔滨松北万象汇,汽车服务;充电站;充电站,3.5,[]
哈尔滨华骏汽车维修有限公司,126.646037,45.691730,交通,哈平路181号,汽车维修;汽车综合维修;汽车综合维修,4.4,[]
特来电汽车充电站(特来电哈尔滨鑫岸汽车充电站),126.545908,45.804627,交通,松安街道北岸明珠北岸明珠(新湾路),汽车服务;充电站;充电站,3.4,[]
特来电汽车充电站(哈尔滨黄家崴子充电站),126.880130,45.709760,交通,成高子镇黄家崴子路,汽车服务;充电站;充电站,3.8,[]
云快充汽车充电站(哈尔滨市阿城区德圣充电站),126.970130,45.524002,交通,南延川大街17号,汽车服务;充电站;充电站,0.0,[]
特来电汽车充电站(哈尔滨龙电物业充电站),126.662067,45.762916,交通,大成街道龙电花园,汽车服务;充电站;充电站,3.4,[]
昆仑网电汽车充电站(中国石油哈尔滨松浦加油站充电站),126.643820,45.823643,交通,浦源路2998号附近,汽车服务;充电站;充电站,2.9,[]
云快充汽车充电站(哈尔滨速充香福路充电站),126.761559,45.723786,交通,香福路67号,汽车服务;充电站;充电站,4.5,[]
哈尔滨市机动车牌照国际汽车城登记服务站,126.539430,45.700270,交通,机场路与变兴路交叉口西280米,政府机构及社会团体;交通车辆管理;车辆管理机构,[],[]
和顺汽车充电站(绿动充电站),126.576465,45.587300,交通,平新街道汽车充电站,汽车服务;充电站;充电站,4.1,[]
特来电汽车充电站(哈尔滨金和混凝土有限公司),126.828990,45.675900,交通,成高子镇东升村,汽车服务;充电站;充电站,3.8,[]
哈尔滨茂隆汽车检测有限公司,126.607401,45.840581,交通,浦北大街288号,政府机构及社会团体;交通车辆管理;验车场,[],[]
哈尔滨市道外区广鹏汽车维修服务站,126.769802,45.787525,交通,天恒大街98号,汽车维修;汽车维修;汽车维修,3.9,[]
龙通汽车检测站,126.893209,45.716586,交通,长江路与江南中环路交口,政府机构及社会团体;政府及社会团体相关;政府及社会团体相关,[],[]
依兰服务区电动汽车充电站,129.552157,46.295217,交通,达光公路与依达公路交叉口南240米,汽车服务;充电站;充电站,2.7,[]
哈尔滨市道外区欧德进口汽车维修站,126.717915,45.768526,交通,先锋路132-32,汽车维修;汽车维修;汽车维修,4.3,[]
云快充汽车充电站(哈尔滨雅合充电站),126.625280,45.692170,交通,铁南胡同2号院内,汽车服务;充电站;充电站,4.5,[]
星星充电汽车充电站(盛云安通街充电站),126.694800,45.709310,交通,通乡街道安通头道街18号哈尔滨驰特机动车检测有限公司,汽车服务;充电站;充电站,3.5,[]
星星充电汽车充电站(星星充电-哈站锦江之星液冷超充站),126.629970,45.758080,交通,松花江街道铁广快运哈尔滨站,汽车服务;充电站;充电站,4.7,[]
木兰县长途客车停靠站,128.035591,45.954799,交通,中心北路47号,交通设施服务;交通服务相关;交通服务相关,[],[]
云快充汽车充电站(哈尔滨市平房区北长高家小院),126.645259,45.609142,交通,哈尔滨市渤瑞集中式快速充电站有限公司,汽车服务;充电站;充电站,3.2,[]
哈尔滨东康汽车销售有限公司,126.553941,45.708178,交通,机场路7-1号,汽车销售;东风特约销售;东风销售|汽车维修;东风特约维修;东风维修,4.3,[]
和顺汽车充电站(和顺充-哈尔滨市南岗区南跃街玺鹊充电站),126.624655,45.669297,交通,跃进街道南跃街黑龙江省中小企业创业基地,汽车服务;充电站;充电站,4.1,[]
和顺汽车充电站(和顺充-哈尔滨市平房区绿色新城特聪充电站),126.662000,45.582100,交通,平盛街道建安街道办事处绿色新城,汽车服务;充电站;充电站,4.1,[]
哈尔滨北驰星徽汽车销售服务有限公司,126.617267,45.684564,交通,学府路241号(哈达地铁站2号口步行290米),汽车销售;梅赛德斯-奔驰特约销售;梅赛德斯-奔驰销售|汽车维修;梅赛德斯-奔驰特约维修;梅赛德斯-奔驰维修,4.7,[]
中国石油汽车城加油站,126.546168,45.702662,交通,211国道(哈尔滨市昊业汽车经销有限公司西北),汽车服务;加油站;中国石油,4.5,8.00
和顺汽车充电站(水泥路),126.729130,45.824289,交通,水泥路街道水泥路哈尔滨水泥厂职工住宅,汽车服务;充电站;充电站,3.6,[]
能效邻里共享汽车充电站(哈尔滨市大发仓买充电桩),126.618286,45.734463,交通,进化街59号大发仓买,汽车服务;充电站;充电站,1.8,[]
驴充充汽车充电站(哈尔滨职业技术大学创业工场),126.616458,45.683453,交通,保健路街道学府路哈尔滨职业技术大学(学府院区),汽车服务;充电站;充电站,2.7,[]
准通汽车检测站,126.714827,45.770553,交通,先锋路附239号,政府机构及社会团体;交通车辆管理;验车场,[],[]
哈尔滨天禹检车站,126.568712,45.895873,交通,利民大道北京路一号院内(CBD大厦斜对面),政府机构及社会团体;交通车辆管理;验车场,[],[]
哈尔滨老战友汽车维修有限公司,126.550634,45.819015,交通,松北大道54号(龙川路地铁站2号口步行450米),汽车维修;汽车维修;汽车维修,4.4,[]
哈尔滨帝华汽车检验服务有限公司,126.691339,45.471326,交通,繁荣大街6号,政府机构及社会团体;交通车辆管理;验车场,[],[]
捷途汽车(哈尔滨尚志市尚志大桥店),127.989253,45.203227,交通,迎宾大道16号,汽车销售;汽车销售;汽车销售,3.8,[]
哈尔滨忠顺汽车服务中心,126.619154,45.739918,交通,清明六道街21号(西大桥地铁站1B口步行190米),汽车服务;汽车服务相关;汽车服务相关,3.9,[]
博远滨北汽车检测站,126.755790,45.726966,交通,幸福镇公滨路45-5号,政府机构及社会团体;交通车辆管理;验车场,[],[]
哈尔滨华通丰田汽车服务有限公司,126.690401,45.752069,交通,嵩山路87号,汽车销售;丰田特约销售;一汽丰田销售|汽车维修;丰田特约维修;一汽丰田维修,4.7,[]
特来电汽车充电站(先锋路奇瑞盛鼎汽车充电站),126.744220,45.774166,交通,化工街道先锋路,汽车服务;充电站;充电站,3.4,[]
云快充汽车充电站(哈尔滨市君庆新能源有限公司),126.359480,45.640840,交通,新农镇小北屯,汽车服务;充电站;充电站,3.2,[]
子辰汽车维修站,126.762581,45.788911,交通,团结镇天恒大街24号民主加油站对面院里,汽车维修;汽车维修;汽车维修,4.2,[]
长安汽车(哈尔滨引力店),126.549135,45.701846,交通,龙华路与机场路交叉口南280米,汽车销售;长安汽车销售;长安汽车销售|汽车维修;长安汽车维修;长安汽车维修|汽车维修;汽车综合维修;汽车综合维修,4.6,[]
汽车充电站(中国石油亚布力雪场昆仑网电充电站),128.493665,44.791744,交通,金牌大道84号,汽车服务;充电站;充电站,[],[]
汽车充电站(中国石化中化易电充电站),126.654192,45.678768,交通,朝阳道口伊利物流园内哈平路199号,汽车服务;充电站;充电站,[],[]
哈尔滨中升丰田汽车销售服务有限公司,126.749897,45.775119,交通,先锋路7号,汽车销售;丰田特约销售;一汽丰田销售|汽车维修;丰田特约维修;一汽丰田维修,4.7,[]
五菱汽车(哈尔滨华晨先锋店),126.736369,45.773148,交通,先锋路31号,汽车销售;汽车销售;汽车销售,4.5,[]
哈尔滨晟泉汽车服务有限公司,126.695121,45.734538,交通,建北街2号(珠江路地铁站5号口步行370米),汽车服务;汽车服务相关;汽车服务相关,[],[]
一汽哈尔滨轻型汽车有限公司,126.602430,45.594705,交通,哈南工业新城松花路60号,公司企业;公司;公司,3.8,[]
长安汽车(哈尔滨东昊店),126.558964,45.711868,交通,城乡路435号,汽车销售;汽车销售;汽车销售,4.5,[]
哈尔滨广曼伟业汽车贸易有限公司,126.549244,45.821778,交通,松北大道66号(龙川路地铁站2号口步行90米),汽车销售;福田卡车销售;福田卡车销售,4.5,[]
