name,category,source,match_status,amap_uid,amap_name,amap_type,amap_typecode,amap_address,amap_adname,old_lng,old_lat,amap_lng,amap_lat,coord_transform,drift_m,drift_flag,amap_rating,amap_cost,old_address,n_candidates
阿城清真寺(礼福胡同),景点,baidu,exact,B01C31C8UN,阿城清真寺(不对外开放),风景名胜;风景名胜;回教寺,110207,礼福胡同28号,阿城区,126.9608401,45.5343374,126.966992,45.5364,wgs84_to_gcj02,4.6,False,,,哈尔滨市阿城区礼福胡同28号,10
文庙,景点,baidu,exact,B0FFG2XMV7,文庙,商务住宅;住宅区;住宅小区,120302,金都大街与会宁路交叉口南100米,阿城区,126.6688594,45.773929,126.979861,45.531764,wgs84_to_gcj02,36040.1,True,,,黑龙江省哈尔滨市南岗区文庙街25号(近黑河路),10
长岭湖,景点,baidu,exact,B0FFFEDRHN,长岭湖,地名地址信息;自然地名;湖泊,190205,道里区,道里区,126.4280586,45.6924665,126.439218,45.692316,wgs84_to_gcj02,456.2,False,,,黑龙江省哈尔滨市道里区环湖南路,10
中国雪谷雾凇岭景区,景点,baidu,exact,B0FFLBNXJD,中国雪谷雾凇岭景区,风景名胜;风景名胜相关;旅游景点,110000,珍珠山乡山河屯林业局东升林场24公里处,尚志市,128.2338153,44.531381,128.240116,44.533743,wgs84_to_gcj02,29.4,False,,,哈尔滨市尚志市山河屯林业局东升林场24公里处,1
万佛山景区,景点,baidu,exact,B01C31DKTN,万佛山景区,风景名胜;风景名胜;风景名胜,110200,元宝镇万佛山,尚志市,128.1960754,45.1930295,128.199862,45.192419,wgs84_to_gcj02,378.1,False,,,黑龙江省哈尔滨市尚志市尚开公路,4
长寿山国家森林公园,景点,baidu,exact,B0FFHBIS50,长寿山国家森林公园,风景名胜;风景名胜相关;旅游景点,110000,道东(近长寿山风景区),延寿县,128.4947708,45.3188904,128.500891,45.319261,wgs84_to_gcj02,206.3,False,,,黑龙江省哈尔滨市延寿县长寿山风景区(037县道北),10
松溪公园,景点,baidu,exact,B0FFIVUX3J,松溪公园,风景名胜;公园广场;公园,110101,群力第一大道1872号,道里区,126.5270924,45.7371469,126.533443,45.738717,wgs84_to_gcj02,55.0,False,,,哈尔滨市道里区群力保利城,4
天恒山冰雪运动大世界,景点,baidu,exact,B0GKBXIN1F,天恒山冰雪运动大世界(暂停营业),体育休闲服务;运动场馆;滑雪场,080106,东巨路2.5公里,道外区,126.7913764,45.8023625,126.797557,45.804635,wgs84_to_gcj02,23.8,False,,,黑龙江省哈尔滨市道外区东巨路天恒旅游风景区,3
郡王山,景点,baidu,exact,B0FFK7XQD6,郡王山,风景名胜;风景名胜相关;旅游景点,110000,金龙山镇,阿城区,127.3272522,45.5278536,127.333834,45.5301,wgs84_to_gcj02,0.5,False,,,黑龙江省哈尔滨市阿城区金龙山镇郡王山,4
中国雪谷,景点,baidu,exact,B0H64HGXIC,中国雪谷(暂停开放),风景名胜;风景名胜相关;旅游景点,110000,山河林业局东升林场雪谷小街,五常市,128.1231336,44.3892678,128.129392,44.391461,wgs84_to_gcj02,24.0,False,,,黑龙江省哈尔滨市五常市山河屯林业局东升林场,10
太阳岛花田,景点,baidu,exact,B0FFHEE18W,太阳岛花田,风景名胜;风景名胜;风景名胜,110200,松北街道松北街道滨水大道,松北区,126.5587875,45.8003005,126.56182,45.801547,wgs84_to_gcj02,239.8,False,,,哈尔滨市松北区滨水大道赛丽斯家园南侧约200米,2
觅隐mean营地,景点,baidu,exact,B0IRXU117H,觅隐mean营地,体育休闲服务;休闲场所;露营地,080504,新发镇01-19-15,道里区,126.4475808,45.7336787,126.453931,45.735767,wgs84_to_gcj02,16.8,False,,,黑龙江省哈尔滨市道里区堤顶路,3
亚布力新体委滑雪场,景点,baidu,exact,B0FFHN5KGM,亚布力新体委滑雪场(暂停营业),体育休闲服务;运动场馆;滑雪场,080106,金牌大道84号,尚志市,128.4531656,44.770373,128.459762,44.772608,wgs84_to_gcj02,2.9,False,,,黑龙江省哈尔滨市亚布力旅游度假区金牌大道84号,8
新美健身(涧桥西畔店),景点,baidu,exact,B0G0AZUNEL,新美健身(24小时涧桥店),体育休闲服务;运动场馆;健身中心,080111,哈尔滨大街675号4层,南岗区,126.5823605,45.6911451,126.588278,45.693042,wgs84_to_gcj02,4.1,False,,,哈尔滨大街675号涧桥西畔C区商服四楼,1
防洪纪念塔(轮渡站),景点,baidu,exact,BV09266408,防洪纪念塔(轮渡站),交通设施服务;轮渡站;轮渡站,151200,(停运)防洪纪念塔至太阳岛,道里区,126.612935,45.7799966,126.618806,45.781919,wgs84_to_gcj02,4.2,False,,,黑龙江省哈尔滨市道里区斯大林街,2
荷花湖,景点,baidu,exact,B0FFIKQ1VZ,荷花湖,风景名胜;风景名胜;风景名胜,110200,北大荒闫家岗国际温泉度假区内,道里区,126.3103338,45.6257242,126.316663,45.62796,wgs84_to_gcj02,6.6,False,,,哈尔滨市道里区北大荒闫家岗国际温泉度假区内,10
花田水乡露营地,景点,baidu,exact,B0FFJGOJ13,花田水乡露营地,风景名胜;风景名胜;风景名胜,110200,陈排村南600米黑龙江花田水乡生态旅游资源开发有限公司,呼兰区,126.8320561,45.9892978,126.837956,45.991589,wgs84_to_gcj02,44.0,False,,,黑龙江省哈尔滨市呼兰区滨水大道、黑龙江花田水乡生态旅游资源开发有限公司,1
财神庙,景点,baidu,exact,B01C30IT1E,财神庙,风景名胜;风景名胜;寺庙道观,110205,依兰镇夹信子路20号,依兰县,129.5478917,46.3158458,129.555286,46.317741,wgs84_to_gcj02,1.8,False,,,哈尔滨市依兰县夹信子路20号,6
黑龙江省美术馆,景点,baidu,exact,B01C303JI7,黑龙江省美术馆,科教文化服务;美术馆;美术馆,140400,地段街97号,道里区,126.6226041,45.769019,126.628524,45.770951,wgs84_to_gcj02,1.5,False,,,哈尔滨市道里区地段街97号,10
木兰县香磨山风景区,景点,baidu,exact,B01C3172CK,木兰县香磨山风景区,风景名胜;风景名胜相关;旅游景点,110000,东兴镇,木兰县,127.925096,46.3649335,127.930969,46.36809,wgs84_to_gcj02,155.4,False,,,黑龙江省哈尔滨市木兰县东兴镇香磨山风景区,3
闫家岗农场稻田画观光塔,景点,baidu,exact,B0KRKLC1JG,闫家岗农场稻田画观光塔,风景名胜;风景名胜;观景点,110209,闫家岗农场北侧,道里区,126.3221861,45.6145276,126.333394,45.617877,wgs84_to_gcj02,400.5,False,,,道里区北大荒闫家岗农场场部东南侧1.4公里,2
慈云寺,景点,baidu,exact,B01C302AA6,慈云寺,风景名胜;风景名胜;寺庙道观,110205,依兰镇古迹路(近通江路),依兰县,129.5497056,46.3292414,129.556969,46.330925,wgs84_to_gcj02,26.1,False,,,黑龙江省哈尔滨市依兰县古迹路,10
亚布力森林小火车(俄罗斯风情园),景点,baidu,exact,B0JAXM32Y0,亚布力森林小火车(俄罗斯风情园),风景名胜;风景名胜相关;旅游景点|交通设施服务;交通服务相关;交通服务相关,110000|150000,亚布力青云小镇雪青公路青云路,尚志市,128.5033086,44.7666215,128.510046,44.768649,wgs84_to_gcj02,27.1,False,,,哈尔滨市尚志市金牌大道亚布力滑雪旅游度假区,4
俄罗斯河园,景点,baidu,exact,B01C30KAJA,俄罗斯河园,风景名胜;风景名胜;风景名胜,110200,荣市街道荣市街道荣市街道果戈里大街268号儿童公园斜对面,南岗区,126.6450288,45.7529345,126.6509,45.755104,wgs84_to_gcj02,25.0,False,,,哈尔滨市南岗区果戈里大街268号儿童公园斜对面,4
浴日台,景点,baidu,exact,B01C319GJH,浴日台,风景名胜;风景名胜相关;旅游景点,110000,警备路3号太阳岛风景区内,松北区,126.5967716,45.7944421,126.602685,45.796389,wgs84_to_gcj02,5.1,False,,,警备路3号太阳岛风景区内,4
K重装健身工厂,景点,baidu,exact,B0IUP7QGZF,K重装健身工厂,体育休闲服务;运动场馆;健身中心,080111,靖宇街272号,道外区,126.6422535,45.7849746,126.648425,45.786895,wgs84_to_gcj02,15.5,False,,,靖宇街272号（与南十道街街口）,1
丹清河国家森林公园,景点,baidu,exact,B01C30ISXE,丹清河国家森林公园,风景名胜;公园广场;公园,110101,丹清河林场,依兰县,129.3128589,46.5675147,129.309921,46.56433,wgs84_to_gcj02,997.1,True,,,黑龙江省哈尔滨市依兰县丹清河林场,3
运粮河谷营地公园,景点,baidu,exact,B0KUV7WTHC,运粮河谷营地公园,体育休闲服务;体育休闲服务场所;体育休闲服务场所,080000,双城区运粮河服务区(京哈高速哈尔滨方向)附近,双城区,126.5417912,45.5335189,126.535949,45.534729,wgs84_to_gcj02,924.7,True,,,黑龙江省哈尔滨市双城区,2
颐园街1号欧式建筑,景点,baidu,exact,B0HR0HWEEC,颐园街1号欧式建筑,风景名胜;风景名胜相关;旅游景点,110000,荣市街道建设街67号建设街步行街革命领袖视察黑龙江纪念馆,南岗区,126.6362954,45.7576489,126.642249,45.759593,wgs84_to_gcj02,0.3,False,,,黑龙江省哈尔滨市南岗区荣市街道颐园街1号,3
艾尚台球俱乐部,景点,baidu,exact,B0KRACDKXZ,艾尚台球俱乐部,体育休闲服务;运动场馆;台球厅,080113,河松街17-1号(河松街地铁站2号口步行360米),道里区,126.5835239,45.7478771,126.589443,45.749796,wgs84_to_gcj02,0.3,False,,,黑龙江省哈尔滨市道里区河松街17-1号,4
伏特加酒堡,景点,baidu,exact,B0FFJC7W69,伏特加酒堡,风景名胜;风景名胜相关;旅游景点,110000,哈成路16公里处伏尔加庄园内,香坊区,126.8975924,45.6690553,126.903683,45.671022,wgs84_to_gcj02,8.5,False,,,哈尔滨市香坊区哈成路16号公里处俄罗斯歌舞表演地点,2
香炉山国家森林公园,景点,baidu,exact,B0FFF37KJO,香炉山国家森林公园,风景名胜;风景名胜;省级景点,110203,平坊镇益阳村,宾县,127.5315111,45.5711446,127.532294,45.579381,wgs84_to_gcj02,812.8,True,,,黑龙江省哈尔滨市宾县平坊镇益阳村,10
哈尔滨特别市公署旧址,景点,baidu,exact,B0FFIGB4NB,哈尔滨特别市公署旧址,风景名胜;风景名胜相关;旅游景点,110000,中央大街1号哈尔滨中央大街,道里区,126.6139594,45.7668309,126.619891,45.768739,wgs84_to_gcj02,1.1,False,,,哈尔滨市道里区中央大街32号,2
红豆杉景区,景点,baidu,exact,B0LAV18D91,红豆杉景区,风景名胜;风景名胜;风景名胜,110200,,五常市,128.0187589,44.6588528,128.026027,44.660905,wgs84_to_gcj02,68.1,False,,,哈尔滨市五常市X164号,10
松花江,景点,baidu,exact,B0G0SS0Z3L,松花江,地名地址信息;自然地名;河流,190204,松北区,松北区,126.8688966,45.9598267,126.683135,45.820001,wgs84_to_gcj02,21648.5,True,,,哈尔滨市道外区,10
犹太新会堂旧址,景点,baidu,exact,B01C305NPA,犹太新会堂旧址(暂停开放),风景名胜;风景名胜相关;旅游景点,110000,经纬街162号(中央大街地铁站1号口步行120米),道里区,126.6108365,45.7665365,126.616811,45.76838,wgs84_to_gcj02,8.9,False,,,黑龙江省哈尔滨市道里区经纬街162号,2
炫腹健身瘦身连锁工作室(哈西壹品新境店),景点,baidu,exact,B0FFJOIK6E,炫腹健身瘦身连锁工作室(哈西壹品新境店),体育休闲服务;运动场馆;健身中心,080111,壹品新境小区1栋1-2层01号房,南岗区,126.5774075,45.6929328,126.583326,45.694856,wgs84_to_gcj02,1.5,False,,,哈西街道南兴街78号壹品新境门市(壹品茶城),1
鲁商体育公园,景点,baidu,exact,B0HRBAVWQX,鲁商体育公园,风景名胜;公园广场;公园,110101,学府路鲁商·松江新城西20米,南岗区,126.6156675,45.6786623,126.621607,45.680597,wgs84_to_gcj02,2.4,False,,,黑龙江省哈尔滨市南岗区学府路与跃兴街交汇处东北250米,1
松乐公园,景点,baidu,exact,B0FFIFZXF8,松乐公园,风景名胜;公园广场;公园,110101,松乐街95号,香坊区,126.6566744,45.6914059,126.66295,45.693588,wgs84_to_gcj02,30.3,False,,,哈尔滨市香坊区松乐街与旭升南街交口处,10
奥体健身订制工作室,景点,baidu,exact,B0FFL7CPBK,奥体健身订制工作室,体育休闲服务;运动场馆;健身中心,080111,哈平路街道哈平路8号凯旋广场A座3611室,香坊区,126.6407326,45.7179265,126.646695,45.719883,wgs84_to_gcj02,0.3,False,,,凯旋广场A座2501,1
7天瘦身健身工作室连锁机构(学府凯德店),景点,baidu,exact,B0FFJCSSSX,7天瘦身健身工作室连锁机构(学府凯德店),生活服务;生活服务场所;生活服务场所,070000,自兴街0-1号(学府路地铁站1号口步行140米),南岗区,126.6032989,45.720987,126.609022,45.723016,wgs84_to_gcj02,18.6,False,,,自兴街0-1号楼3楼303,1
伪满洲中央银行哈尔滨支行旧址,景点,baidu,exact,B01C31849Z,伪满洲中央银行哈尔滨支行旧址,风景名胜;风景名胜相关;旅游景点,110000,田地街113号,道里区,126.6187271,45.7654554,126.624604,45.767478,wgs84_to_gcj02,12.2,False,,,哈尔滨市道里区田地街113号,1
御马汇马术俱乐部,景点,baidu,exact,B0FFGZS7VJ,御马汇马术俱乐部,体育休闲服务;运动场馆;马术俱乐部,080115,团结路48号,香坊区,126.6701005,45.6613034,126.67605,45.663311,wgs84_to_gcj02,6.4,False,,,团结路48号,1
群力健康生态园,景点,baidu,exact,B0FFI1ZW3S,群力健康生态园,风景名胜;公园广场;公园,110101,融江路734号,道里区,126.5301384,45.7075973,126.535728,45.70952,wgs84_to_gcj02,36.8,False,,,黑龙江省哈尔滨市道里区融江路734号,10
西郊公园,景点,baidu,exact,B01C318BX2,西郊公园,风景名胜;公园广场;公园,110101,人民大街与甲洲路交叉口东北80米,巴彦县,127.3812319,46.0801438,127.387982,46.082323,wgs84_to_gcj02,5.5,False,,,哈尔滨市巴彦县甲洲路与人民大街交叉路口往东北约80米,6
NEVER MISS射箭俱乐部,景点,baidu,exact,B0I2NZKCRL,NEVER MISS射箭俱乐部,体育休闲服务;运动场馆;运动场所,080100,康宁三道街52号,南岗区,126.6018007,45.7237049,126.607752,45.725586,wgs84_to_gcj02,5.6,False,,,康宁三道街52号,1
壹号铁馆24小时健身,景点,baidu,exact,B0M6Z52DXU,壹号铁馆24小时健身(哈尔滨服装城店),体育休闲服务;运动场馆;健身中心,080111,学府路哈尔滨服装城五层,南岗区,126.5955221,45.7335714,126.612727,45.706937,wgs84_to_gcj02,3293.8,True,,,通发街44号(大发小商品城)4层,3
中东铁路俱乐部旧址,景点,baidu,exact,B0FFJCPVP7,中东铁路俱乐部旧址,风景名胜;风景名胜相关;旅游景点,110000,西大直街86号(铁路局地铁站4号口步行50米),南岗区,126.6293911,45.7483703,126.635334,45.750306,wgs84_to_gcj02,0.2,False,,,哈尔滨市南岗区西大直街86号,2
亚布力雪山水世界,景点,baidu,exact,B0FFHG2B64,亚布力雪山水世界,风景名胜;风景名胜相关;旅游景点,110000,金牌大道1号,尚志市,128.4754821,44.7910295,128.482217,44.793036,wgs84_to_gcj02,25.0,False,,,黑龙江省哈尔滨市尚志市亚雪公路亚布力滑雪旅游度假区内,1
东山公园,景点,baidu,exact,B01C303234,东山公园,风景名胜;公园广场;公园,110101,通河街,依兰县,129.5812043,46.3361952,129.588159,46.33284,wgs84_to_gcj02,579.5,True,,,黑龙江省哈尔滨市依兰县宏哈公路与依愚公路交叉口西60米,3
依兰县古陨石坑源峰山,景点,baidu,exact,B0FFIJSEWQ,依兰县古陨石坑源峰山,风景名胜;风景名胜相关;旅游景点,110000,,依兰县,129.3179442,46.379265,129.325532,46.38137,wgs84_to_gcj02,1.6,False,,,依兰县林业局,2
东山怪坡,景点,baidu,exact,B01C30K3ER,东山怪坡,风景名胜;风景名胜相关;旅游景点,110000,通河街东山公园,依兰县,129.5905402,46.3339131,129.598597,46.336703,wgs84_to_gcj02,118.0,False,,,黑龙江省哈尔滨市依兰县依愚公路北50米,1
依兰县巴兰河源头漂流,景点,baidu,exact,B0LUTU2AFE,依兰县巴兰河源头漂流,体育休闲服务;体育休闲服务场所;体育休闲服务场所,080000,巴兰河源头漂流,依兰县,129.2506805,46.5285363,129.258109,46.530563,wgs84_to_gcj02,0.8,False,,,黑龙江省哈尔滨市依兰县依丹旅游公路丹青河畔山庄旁,3
和平健身(和兴商厦店),景点,baidu,exact,B01C30ISDV,和平健身(和兴商厦店),体育休闲服务;运动场馆;健身中心,080111,西大直街400号和兴商厦4层,南岗区,126.6108765,45.7308786,126.616622,45.73308,wgs84_to_gcj02,33.6,False,,,西大直街400号和兴商厦4层（近和兴路）,1
乌龙国家森林公园,景点,baidu,exact,B01C319ANA,乌龙国家森林公园,风景名胜;公园广场;公园|风景名胜;公园广场;动物园|风景名胜;风景名胜;风景名胜,110101|110102|110200,203省道,通河县,128.8846106,46.2152558,128.891345,46.217107,wgs84_to_gcj02,0.6,False,,,哈尔滨市通河县203省道,1
于庆成雕塑园,景点,baidu,exact,B01C31A5YE,于庆成雕塑园,风景名胜;风景名胜相关;旅游景点,110000,警备路3号太阳岛风景区内(南侧),松北区,126.5913385,45.7851309,126.597269,45.78697,wgs84_to_gcj02,7.4,False,,,警备路3号太阳岛风景区内,1
雪飞岭,景点,baidu,exact,B0H6BSEWJP,雪飞岭,风景名胜;风景名胜相关;旅游景点,110000,山河屯林业局(中国雪乡国家森林公园),五常市,128.0435095,44.3239237,128.049951,44.326198,wgs84_to_gcj02,0.4,False,,,黑龙江省哈尔滨市五常市山河屯林业局,1
长寿国家森林公园,景点,baidu,exact,B01C30J532,长寿国家森林公园,风景名胜;风景名胜;省级景点,110203,宾西经济开发区长寿山,宾县,127.2513756,45.6178788,127.241253,45.624647,wgs84_to_gcj02,1386.2,True,,,黑龙江省哈尔滨市宾县宾西镇南15公里处,10
蹲吨私教健身工作室,景点,baidu,exact,B0KR67ZLNO,蹲吨私教健身工作室,体育休闲服务;运动场馆;健身中心,080111,嵩山路027号(珠江路地铁站2号口步行330米),香坊区,126.6816277,45.7357899,126.687675,45.737896,wgs84_to_gcj02,8.9,False,,,嵩山路027号,1
帽儿山高山滑雪场,景点,baidu,exact,B0FFK1Q8RM,帽儿山高山滑雪场(暂停营业),体育休闲服务;运动场馆;滑雪场,080106,尚志哈体院帽儿山高山滑雪场酒店1层,尚志市,127.4472425,45.2545598,127.452381,45.250935,wgs84_to_gcj02,668.2,True,,,黑龙江省哈尔滨市尚志市G10帽儿山运动员村西帽儿山高山滑雪场,8
炫腹健身私教工作室(麦德龙店),景点,baidu,exact,B0FFGMP4G2,炫腹健身私教工作室(麦德龙店),体育休闲服务;运动场馆;健身中心,080111,埃德蒙顿路207号何家沟小区C区1栋1-2层9号,道里区,126.5786666,45.7286804,126.584546,45.730606,wgs84_to_gcj02,3.0,False,,,埃德蒙顿路211-2号,1
哈尔滨莫斯科商场旧址,景点,baidu,exact,B0FFFAKNWP,哈尔滨莫斯科商场旧址,风景名胜;风景名胜;风景名胜,110200,红军街50号黑龙江省博物馆,南岗区,126.6353592,45.755792,126.641279,45.757828,wgs84_to_gcj02,10.9,False,,,哈尔滨市南岗区红军街54号,1
兴隆国家森林公园,景点,baidu,exact,B01C31DKT7,兴隆国家森林公园,风景名胜;公园广场;水族馆,110104,203省道,通河县,128.281967,46.4506287,128.288669,46.452687,wgs84_to_gcj02,6.4,False,,,哈尔滨市通河县203省道,1
马家沟河丽水公园(木介街),景点,baidu,exact,B0FFH95CK1,马家沟河丽水公园,风景名胜;公园广场;公园,110101,繁荣街74号,南岗区,126.6365984,45.7454631,126.642574,45.747388,wgs84_to_gcj02,2.8,False,,,黑龙江省哈尔滨市南岗区海城街隆庆·河畔家园南门,1
兆麟公园,景点,baidu,exact,BV09150247,兆麟公园(地铁站),交通设施服务;地铁站;地铁站,150500,3号线,道里区,126.6170859,45.7752562,126.624136,45.779295,wgs84_to_gcj02,251.7,False,,,黑龙江省哈尔滨市道里区友谊路74号,10
承旭公园,景点,baidu,exact,B0FFF2BPOV,承旭公园,风景名胜;公园广场;公园,110101,"东环城南路东侧,双青路翠海明苑小区南侧",双城区,126.3305603,45.3612512,126.336772,45.363873,wgs84_to_gcj02,44.1,False,,,哈尔滨市双城区第八小学附近,10
月牙湾风景区,景点,baidu,exact,B0JUS5PUKD,月牙湾风景区,风景名胜;风景名胜;风景名胜,110200,民主西环路民主镇大肖店,道外区,126.7514157,45.8708582,126.756126,45.872271,wgs84_to_gcj02,137.8,False,,,黑龙江省哈尔滨市道外区民主镇,1
马迭尔嘉年华冰镜王国,景点,baidu,exact,B0K65ABCPN,马迭尔嘉年华冰镜王国(斯大林街店)(暂停营业),体育休闲服务;体育休闲服务场所;体育休闲服务场所,080000,斯大林街2-1号,道里区,126.6198625,45.7822122,126.625605,45.784089,wgs84_to_gcj02,15.2,False,,,斯大林街2-1号,1
四季公园,景点,baidu,exact,B01C31758E,四季公园,风景名胜;公园广场;公园,110101,翰林晨霞D3附近,呼兰区,126.5278952,45.8698462,126.533964,45.871801,wgs84_to_gcj02,2.8,False,,,哈尔滨市呼兰区翰林晨霞D3附近,3
哈尔滨冰球馆,景点,baidu,exact,B01C30JNN2,哈尔滨冰球馆,体育休闲服务;运动场馆;综合体育馆,080101,八区街22号,道外区,126.6367897,45.766135,126.64248,45.768009,wgs84_to_gcj02,22.1,False,,,八区街1号,8
尤尼克斯莱维羽毛球会馆,景点,baidu,exact,B0JU49CHKH,尤尼克斯莱维羽毛球会馆,体育休闲服务;运动场馆;羽毛球场,080118,中交香颂院内(圆形建筑),南岗区,126.5837038,45.695091,126.589001,45.697548,wgs84_to_gcj02,75.2,False,,,黑龙江省哈尔滨市南岗区南兴街26号,1
贝力健身工作室,景点,baidu,exact,B0J0XME0CU,贝力健身工作室,体育休闲服务;运动场馆;健身中心,080111,群力第一大道1962号,道里区,126.5283863,45.7400015,126.534554,45.742028,wgs84_to_gcj02,8.8,False,,,群力第一大道1962号,1
黑咖私教健身会馆,景点,baidu,exact,B0K1U59P57,黑咖私教健身会馆,体育休闲服务;运动场馆;健身中心,080111,学府经典延兴路54-8号47中东侧,南岗区,126.6149323,45.7171792,126.620837,45.719296,wgs84_to_gcj02,20.9,False,,,延兴路54-8号（学府经典A区底商）,1
青年之家塔楼,景点,baidu,exact,B0FFI9JEBU,青年之家塔楼,风景名胜;风景名胜相关;旅游景点,110000,太阳岛风景区内(西侧),松北区,126.5814458,45.793861,126.587362,45.79576,wgs84_to_gcj02,1.1,False,,,太阳岛风景区,1
引力健身,景点,baidu,exact,B0JAH7HMCG,引力健身,体育休闲服务;运动场馆;健身中心,080111,振兴街29号,南岗区,126.6119892,45.7248377,126.617833,45.726706,wgs84_to_gcj02,8.3,False,,,振兴街29号,1
江野营地,景点,baidu,exact,B0KUH9GWM5,江野营地,风景名胜;风景名胜相关;旅游景点,110000,,呼兰区,126.7610785,45.9365124,126.766955,45.938488,wgs84_to_gcj02,28.6,False,,,黑龙江省哈尔滨市呼兰区河口湿地公园7号门东南侧,3
乔氏台球(远大购物中心店),景点,baidu,exact,B0L6L1J2QP,乔氏台球(自兴街店),体育休闲服务;运动场馆;台球厅,080113,学府路与清滨路交叉口西南180米,南岗区,126.5481628,45.7354592,126.608644,45.720196,wgs84_to_gcj02,4643.8,True,,,群力第四大道1629号三楼,10
喜鹊公园,景点,baidu,exact,B01C31BNP9,喜鹊公园,风景名胜;公园广场;公园,110101,云燕街与万米金街交叉口西北200米,通河县,128.7453265,45.9813083,128.752297,45.983472,wgs84_to_gcj02,15.6,False,,,哈尔滨市通河县榆树街与云燕街交叉路口往北约200米,10
南直公园,景点,baidu,exact,B0HR4UZ1T6,南直公园,风景名胜;公园广场;公园,110101,南直路辅路与迎化路交叉口西240米,道外区,126.6973096,45.7650793,126.703386,45.767126,wgs84_to_gcj02,3.6,False,,,哈尔滨市道外区先锋路远大中央公园北侧约30米,10
实劳岩跆拳道(远大购物中心群力店),景点,baidu,exact,B0FFILUZ1K,实劳岩跆拳道,体育休闲服务;运动场馆;跆拳道场馆,080119,民生路120号万象上东地下商业街41号,香坊区,126.5519576,45.7360903,126.661612,45.734127,wgs84_to_gcj02,8058.5,True,,,黑龙江省哈尔滨市道里区群力大道1176号远大购物中心,10
程可瑜伽(会展店),景点,baidu,exact,B0I134LS8O,程可瑜伽(会展店),体育休闲服务;运动场馆;健身中心,080111,长江路398号双子金座12层,南岗区,126.6970167,45.748642,126.70309,45.750809,wgs84_to_gcj02,13.2,False,,,长江路398号双子金座12层,1
本末健身AMO|VIVA轻食(湿地moho店),景点,baidu,exact,B0ID27V1R5,本末健身 AMO|VIVA轻食(湿地moho店),体育休闲服务;运动场馆;健身中心,080111,丽江路与群力第六大道交汇处群力湿地M0H0摊位-103号,道里区,126.5464995,45.7237016,126.551969,45.725594,wgs84_to_gcj02,41.3,False,,,丽江路与群力第六大道交汇处群力湿地MOHO103号摊位,1
禅熙瑜伽普拉提私教工作室(闽江路店),景点,baidu,exact,B0I1B4O1PK,禅熙瑜伽普拉提私教工作室(闽江路店),体育休闲服务;运动场馆;健身中心,080111,闽江路248号金地大厦3单元501室,南岗区,126.6848251,45.7461054,126.690907,45.748137,wgs84_to_gcj02,0.3,False,,,闽江路248号金地大厦3单元801室（闽江路与嵩山路交口）,1
航空生态园,景点,baidu,exact,B01C31897Z,航空生态园,风景名胜;公园广场;公园,110101,兴建街道兴建街道友协大街88号,平房区,126.6395728,45.5914496,126.645047,45.59353,wgs84_to_gcj02,37.6,False,,,哈尔滨市平房区友协大街,3
飞扬网羽俱乐部,景点,baidu,exact,B0KACDO6YV,飞扬网羽俱乐部,体育休闲服务;运动场馆;网球场,080103,新发镇建国村,道里区,126.4885774,45.7046041,126.4948,45.706747,wgs84_to_gcj02,0.3,False,,,黑龙江省哈尔滨市道里区新发镇建国村,1
哈尔滨普罗旺斯薰衣草庄园,景点,baidu,exact,B0FFGXTQA8,哈尔滨普罗旺斯薰衣草庄园(暂停开放),风景名胜;风景名胜;国家级景点,110202,东方红农场东侧,香坊区,126.9315229,45.7332219,126.939367,45.735118,wgs84_to_gcj02,140.0,False,,,哈尔滨市香坊区长江路延线16公里处(向阳镇东方红社区),10
帽儿山,景点,baidu,exact,B01C30IPRN,帽儿山,地名地址信息;自然地名;山,190203,尚志市,尚志市,127.5627472,45.3065749,127.571516,45.307556,wgs84_to_gcj02,227.1,False,,,黑龙江省哈尔滨市尚志市帽儿山镇吕家围子村,10
乐享舞蹈(新阳路店),景点,baidu,exact,B0HUD7KQSA,乐享舞蹈(新阳路店),科教文化服务;培训机构;培训机构,141400,通达街347号银恒大厦22楼,道里区,126.5995536,45.7449701,126.605538,45.746867,wgs84_to_gcj02,6.2,False,,,黑龙江省哈尔滨市道里区通达街347号银恒大厦22层701室,1
黑龙江大学-博物馆,景点,baidu,exact,B0FFF5UR0G,黑龙江大学-博物馆(暂停开放),科教文化服务;博物馆;博物馆,140100,学院路74号,南岗区,126.61194,45.7042693,126.617833,45.7062,wgs84_to_gcj02,1.3,False,,,哈尔滨市南岗区学府路74号,6
不止普拉提工作室,景点,baidu,exact,B0L1ZUNC67,不止普拉提工作室,体育休闲服务;运动场馆;健身中心,080111,钻石湾28栋三单元101,松北区,126.5177802,45.7987394,126.523894,45.800764,wgs84_to_gcj02,0.7,False,,,钻石湾28号楼三单元101,1
Awake Pilates醒普拉提,景点,baidu,exact,B0K1ADWLGD,Awake Pilates醒普拉提,体育休闲服务;运动场馆;健身中心,080111,复旦街商服S1-1-8,南岗区,126.5857893,45.6912638,126.591654,45.69326,wgs84_to_gcj02,7.9,False,,,复旦街辰能溪树庭院南区S1-1-8商服（3号门旁）,1
优肯私人健身,景点,baidu,exact,B0K60SWZQT,优肯私人健身,体育休闲服务;运动场馆;健身中心,080111,群力新区朗江路6-9栋商服,道里区,126.5234694,45.7364959,126.529539,45.738512,wgs84_to_gcj02,1.7,False,,,哈尔滨市群力新区朗江路6-9栋商服,1
敖麓谷雅AOLUGUYA酒店游泳健身,景点,baidu,exact,B0FFKTDE38,敖麓谷雅AOLUGUYA酒店游泳健身,体育休闲服务;运动场馆;健身中心|体育休闲服务;运动场馆;游泳馆,080111|080110,雪花北三路与创新二路交叉口西北100米,松北区,126.4991296,45.7957795,126.505318,45.797869,wgs84_to_gcj02,0.5,False,,,创新三路800号敖麓谷雅酒店5楼,2
半山湖露营基地,景点,baidu,exact,B0JUKD3QJK,半山湖露营基地,体育休闲服务;娱乐场所;娱乐场所,080300,老营盘屯,宾县,127.3356804,45.590617,127.342143,45.592815,wgs84_to_gcj02,14.0,False,,,黑龙江省哈尔滨市宾县宾西镇老营盘屯,1
厉母山旅游景区,景点,baidu,exact,B01C319GTP,厉母山旅游景区,风景名胜;风景名胜相关;旅游景点,110000,近郊004乡道,五常市,127.5573305,44.5096284,127.563469,44.511559,wgs84_to_gcj02,0.0,False,,,哈尔滨市五常市近郊004乡道,1
黑龙江鸡冠山国家地质公园,景点,baidu,exact,B0L19NGZ82,黑龙江鸡冠山国家地质公园,风景名胜;风景名胜;国家级景点,110202,沙河子林场施业区,木兰县,128.2178957,46.158833,128.228719,46.163072,wgs84_to_gcj02,406.9,False,,,黑龙江省哈尔滨市木兰县浓河林场,2
吊水壶国家森林公园,景点,baidu,exact,B01C319GXR,吊水壶国家森林公园,风景名胜;风景名胜相关;旅游景点,110000,吊水湖,阿城区,127.5386729,45.5298034,127.518435,45.516782,wgs84_to_gcj02,2665.2,True,,,哈尔滨市金龙山国际旅游度假区,7
汇乔台球俱乐部(太平桥百盛店),景点,baidu,exact,B0KKR7XOHW,汇乔台球俱乐部,体育休闲服务;运动场馆;台球厅,080113,南通大街126号(太平桥地铁站1号口步行270米),南岗区,126.6687387,45.7805094,126.674786,45.782505,wgs84_to_gcj02,0.5,False,,,哈尔滨市南通大街126号,1
知青公园,景点,baidu,exact,BV10737340,知青公园(公交站),交通设施服务;公交车站;公交车站相关,150700,339路白渔泡专线;355路;355路巨源;355路白渔泡支;359路;360路,道外区,126.7816527,45.7977799,126.780152,45.798886,wgs84_to_gcj02,606.2,True,,,哈尔滨市道外区东巨路,8
张翔得美术馆,景点,baidu,exact,B0FFFAL1R9,张翔得美术馆,科教文化服务;美术馆;美术馆,140400,南通大街103号,南岗区,126.6663416,45.7766586,126.672457,45.778646,wgs84_to_gcj02,6.1,False,,,哈尔滨市南岗区南通大街103号,1
乔氏台球(融江路店),景点,baidu,exact,B0L2HK9WFT,乔氏台球(群力第五大道店),体育休闲服务;运动场馆;台球厅,080113,群力第五大道与融江路交叉口西280米,道里区,126.533866,45.7104456,126.537476,45.726978,wgs84_to_gcj02,1625.7,True,,,融江路群力家园-K区,2
乔氏独牙台球俱乐部,景点,baidu,exact,B0K23ZQ7D3,乔氏独牙台球俱乐部,体育休闲服务;运动场馆;台球厅,080113,南勋街44号副1号,道外区,126.6466987,45.7819407,126.652838,45.784026,wgs84_to_gcj02,19.2,False,,,黑龙江省哈尔滨市道外区南勋街44号副1至1层,5
乐8台球会馆,景点,baidu,exact,B0FFGW3LOT,乐8台球会馆,体育休闲服务;运动场馆;台球厅,080113,通河镇大世界2楼,通河县,128.7408114,45.9737839,128.747495,45.975771,wgs84_to_gcj02,14.1,False,,,黑龙江省哈尔滨市通河县通江大街96号,9
塔佤瑜伽(万象上东店),景点,baidu,exact,B0G3V4B8AQ,塔佤瑜伽(万象上东A座店),体育休闲服务;运动场馆;健身中心,080111,和平路街道和平路117号万象上东A座AS-11号商服2楼,香坊区,126.6530511,45.7332033,126.659006,45.735033,wgs84_to_gcj02,16.5,False,,,万象上东A座AS-11号商服,1
所以健身工作室,景点,baidu,exact,B0FFHWIUY3,所以健身工作室,体育休闲服务;运动场馆;健身中心,080111,爱建街道上海街6号上实海上银座A栋6层5号,道里区,126.5931027,45.7635563,126.599013,45.765463,wgs84_to_gcj02,0.4,False,,,上海街6号A栋6层5号,1
哈尔滨音乐博物馆(群力馆),景点,baidu,exact,B0HGZZ27EP,哈尔滨音乐博物馆,科教文化服务;博物馆;博物馆,140100,滨水大道哈尔滨大剧院,松北区,126.5523415,45.7485517,126.5885,45.808683,wgs84_to_gcj02,6879.0,True,,,哈尔滨市道里区友谊西路音乐主题广场,3
金山公园,景点,baidu,exact,BV09313990,金山公园(公交站),交通设施服务;公交车站;公交车站相关,150700,五常3路;五常4路,五常市,127.1573204,44.933777,127.163713,44.934987,wgs84_to_gcj02,110.0,False,,,哈尔滨市五常市五常镇亚臣路与金山大街交叉口北500米,8
哈尔滨铁路博物馆,景点,baidu,exact,B0FFI6HYDB,哈尔滨铁路博物馆(暂停开放),科教文化服务;博物馆;博物馆,140100,花园街道西大直街86号,南岗区,126.6296671,45.7484822,126.635634,45.750407,wgs84_to_gcj02,2.3,False,,,黑龙江省哈尔滨市南岗区西大直街86号,2
江畔公园(江畔路),景点,baidu,exact,B01C30IACX,江畔公园,风景名胜;公园广场;公园,110101,江畔路沿线,道外区,126.6389751,45.7915017,126.634534,45.786488,wgs84_to_gcj02,1117.4,True,,,哈尔滨市道外区北十二道街与江畔路交口西南70米,10
泰古泰拳综合格斗馆,景点,baidu,exact,B0GKC5TBZ2,泰古泰拳综合格斗馆,体育休闲服务;运动场馆;健身中心,080111,南昌路鲁商凤凰城(南门)健宁路66号,南岗区,126.627942,45.6805217,126.633719,45.682355,wgs84_to_gcj02,17.4,False,,,健宁路66号鲁商凤凰城(南门)14栋11号商服,1
冠军台球(五瑞街店),景点,baidu,exact,B0FFMBQAQE,冠军台球(五瑞街店),体育休闲服务;运动场馆;台球厅,080113,五瑞街44号(苗圃住宅小区A区东北门西北80米),南岗区,126.6213854,45.7324569,126.627369,45.73455,wgs84_to_gcj02,18.7,False,,,五瑞街44号,1
哈尔滨石油学院-体育馆,景点,baidu,exact,B0HB3O9DW1,哈尔滨石油学院-体育馆,体育休闲服务;运动场馆;综合体育馆,080101,松浦路297号哈尔滨石油学院,松北区,126.5573529,45.8432537,126.563272,45.845166,wgs84_to_gcj02,4.6,False,,,黑龙江省哈尔滨市松北区松浦路297号哈尔滨石油学院内,2
太阳岛中心湿地,景点,baidu,exact,B0FFFAGB09,太阳岛中心湿地,风景名胜;风景名胜相关;旅游景点,110000,警备路3号太阳岛风景区内(西北角),松北区,126.5845238,45.7932823,126.590329,45.795407,wgs84_to_gcj02,26.1,False,,,警备路3号太阳岛风景区内,10
长寿山庄旅游风景区,景点,baidu,exact,B0L2G9T38H,长寿山庄旅游风景区,风景名胜;风景名胜;风景名胜,110200,,延寿县,128.5150955,45.4920497,128.520592,45.494262,wgs84_to_gcj02,77.1,False,,,黑龙江省哈尔滨市延寿县延中公路年贵屯,4
哈尔滨超音速体育运动中心,景点,baidu,exact,B0I3VAEEL6,哈尔滨超音速体育运动中心,体育休闲服务;运动场馆;综合体育馆,080101,进乡街73号院内6-103,香坊区,126.6858668,45.7013103,126.691732,45.703493,wgs84_to_gcj02,22.7,False,,,进乡街占先网球俱乐部旁,1
禹舜美术馆,景点,baidu,exact,B01C317G11,禹舜美术馆,科教文化服务;美术馆;美术馆,140400,利民经济开发区学院路美术家大街1号,呼兰区,126.5305239,45.8726085,126.536717,45.874559,wgs84_to_gcj02,9.9,False,,,黑龙江省哈尔滨市呼兰区学院路美术家大街1号,6
松山遗址,景点,baidu,exact,B0LBFHZ0RX,松山遗址,风景名胜;风景名胜;风景名胜,110200,太安北路,道里区,126.2705357,45.6890154,126.276792,45.69113,wgs84_to_gcj02,0.3,False,,,黑龙江省哈尔滨市道里区太安北路,1
瑞8台球棋牌俱乐部,景点,baidu,exact,B0IAUC38MS,瑞8台球棋牌俱乐部,体育休闲服务;运动场馆;台球厅,080113,保健路街道征仪路283号二楼,南岗区,126.6278016,45.7022465,126.6338,45.704162,wgs84_to_gcj02,6.2,False,,,征仪路283号,1
9星台球会馆,景点,baidu,exact,B0FFLKLUS1,9星台球会馆,体育休闲服务;运动场馆;台球厅,080113,东直路94号(太平桥地铁站4A口步行340米),道外区,126.6672828,45.7833365,126.673358,45.785282,wgs84_to_gcj02,5.4,False,,,东直路幸运谷宾馆地下室,1
万客台球,景点,baidu,exact,B0FFFAJ0K6,万客台球,体育休闲服务;运动场馆;台球厅,080113,汉祥街附46-2(西大桥地铁站3号口步行170米),南岗区,126.6174983,45.7361401,126.623505,45.738007,wgs84_to_gcj02,9.3,False,,,汉祥街附46-2号(西大桥地铁站3号口步行170米),1
石咀山公园,景点,baidu,exact,B01C302DBD,石咀山公园,风景名胜;公园广场;公园,110101,,尚志市,128.0241595,45.2022889,128.032322,45.202753,wgs84_to_gcj02,234.4,False,,,黑龙江省哈尔滨市尚志市尚开公路南50米,2
道里秋林公司旧址,景点,baidu,exact,B0FFHN2DB5,道里秋林公司旧址,风景名胜;风景名胜相关;旅游景点,110000,中央大街1号哈尔滨中央大街,道里区,126.6121999,45.7756833,126.618149,45.77755,wgs84_to_gcj02,5.4,False,,,友谊路108号,1
金龙山国际旅游度假区,景点,baidu,exact,B0FFJ0EIVZ,金龙山国际旅游度假区,风景名胜;风景名胜相关;旅游景点,110000,松峰山镇吉兴林场施业区,阿城区,127.4153291,45.4702533,127.432929,45.482421,wgs84_to_gcj02,1382.4,True,,,哈尔滨市阿城区吉兴林场施业区,10
伊雅·女子运动塑形馆(翠湖店),景点,baidu,exact,B0KUY7WJEB,伊雅·女子运动塑形馆(翠湖店),体育休闲服务;体育休闲服务场所;体育休闲服务场所,080000,融江路汇智金融企业总部C座20层,道里区,126.5355804,45.7258114,126.541612,45.727807,wgs84_to_gcj02,0.8,False,,,黑龙江省哈尔滨市道里区融江路汇智金融企业总部C座20层,1
上坞沙滩戏雪乐园,景点,baidu,exact,B0JK7US3DN,上坞沙滩戏雪乐园(暂停营业),体育休闲服务;运动场馆;滑雪场,080106,松北大道东100米,松北区,126.5761748,45.7689723,126.582104,45.770889,wgs84_to_gcj02,0.2,False,,,哈尔滨市松北区松北大道上坞沙滩浴场,1
墨羽台球俱乐部,景点,baidu,exact,B0JU3Z7IS3,墨羽台球俱乐部,体育休闲服务;运动场馆;台球厅,080113,学院路与学院路二道街交叉口东北60米,呼兰区,126.5460184,45.8711519,126.552005,45.873126,wgs84_to_gcj02,4.8,False,,,泓林金色地标13栋13号,1
尚志碑林,景点,baidu,exact,B01C303317,尚志碑林,风景名胜;风景名胜相关;旅游景点,110000,北环路92号中国书法文化博物馆,尚志市,127.9514866,45.215374,127.958135,45.217899,wgs84_to_gcj02,63.5,False,,,北环街92号,4
英杰水上欢乐王国,景点,baidu,exact,B0FFGIN2YW,英杰水上欢乐王国(暂停营业),体育休闲服务;休闲场所;水上活动中心,080505,英杰温泉风景区内,宾县,127.3427357,45.6615082,127.349214,45.664274,wgs84_to_gcj02,57.7,False,,,黑龙江省哈尔滨市宾县英杰温泉风景区内,2
金龙山国家森林公园,景点,baidu,exact,B01C31AYVA,金龙山国家森林公园,风景名胜;风景名胜;省级景点,110203,阿小线附近,阿城区,127.373535,45.4969737,127.419578,45.496453,wgs84_to_gcj02,3082.6,True,,,哈尔滨市阿城区吉兴林场施业区金龙山国际旅游度假区,10
诚毅跆拳道(军安店),景点,baidu,exact,B0FFKS0C3I,诚毅跆拳道(君安店),体育休闲服务;运动场馆;跆拳道场馆,080119,文汇路465号,松北区,126.548344,45.8173129,126.554393,45.819271,wgs84_to_gcj02,4.2,False,,,黑龙江省哈尔滨市松北区文汇路465号,1
星河台球(汇智店),景点,baidu,exact,B0JRMDE9AJ,星河台球(汇智店),体育休闲服务;运动场馆;台球厅,080113,汇智环球金贸城一期门市2-13,松北区,126.6084292,45.8254494,126.614352,45.827349,wgs84_to_gcj02,0.6,False,,,汇智金贸城一期门市2-13,1
八区轮滑馆,景点,baidu,exact,B0IRYABH4S,八区轮滑馆,体育休闲服务;运动场馆;溜冰场,080107,八区三巷2号,道外区,126.6324589,45.7651554,126.638281,45.767283,wgs84_to_gcj02,23.7,False,,,八区三巷2号,3
驿马山森林公园-灵隐寺,景点,baidu,exact,B01C30ITBO,驿马山森林公园-灵隐寺,风景名胜;风景名胜;寺庙道观,110205,西集镇驿马山国家森林公园内,巴彦县,127.2436199,46.1213667,127.25001,46.123275,wgs84_to_gcj02,14.1,False,,,哈尔滨市巴彦县西集镇驿马山国家森林公园内,2
星苑力欧台球(安升街店),景点,baidu,exact,B01C305LJF,星苑力欧台球(安升街店),体育休闲服务;运动场馆;台球厅,080113,安升街71号,道里区,126.6076354,45.7588944,126.613625,45.760804,wgs84_to_gcj02,5.8,False,,,安升街71号,1
中日友好园林,景点,baidu,exact,B01C30ITZ9,中日友好园林,风景名胜;风景名胜相关;旅游景点,110000,G1011哈同高速,方正县,128.9230621,45.8339897,128.929661,45.836072,wgs84_to_gcj02,15.7,False,,,黑龙江省哈尔滨市方正县G1011哈同高速,2
道里区侵华日军岗楼旧址,景点,baidu,exact,B0GDS9RA9W,道里区侵华日军岗楼旧址,风景名胜;风景名胜相关;旅游景点,110000,安宁街与地工街交叉口西北100米,道里区,126.6210584,45.7606053,126.62697,45.762516,wgs84_to_gcj02,1.9,False,,,哈尔滨市道里区警校胡同警校小区西南侧,1
民生公园,景点,baidu,exact,B01C317V8H,民生公园,风景名胜;公园广场;公园,110101,群力第六大道4447号,道里区,126.5033896,45.719616,126.509376,45.721946,wgs84_to_gcj02,29.5,False,,,哈尔滨市道里区群力第六大道末段,4
七号私教健身(松雷远大店),景点,baidu,exact,B0L6SS3FAX,七号私教健身(松雷远大店),体育休闲服务;运动场馆;健身中心,080111,建设街41号(博物馆地铁站3A口步行250米),南岗区,126.6408248,45.7562544,126.646829,45.758199,wgs84_to_gcj02,3.0,False,,,建设街41号院内2楼,1
八点九健身工作室(博发商场店),景点,baidu,exact,B0I1B51DKR,八点九健身工作室(博发商场店),体育休闲服务;运动场馆;健身中心,080111,康安路通发街2号,道里区,126.5969041,45.7351467,126.602816,45.737231,wgs84_to_gcj02,18.6,False,,,新华街道康安路22号通发街2号,1
浩刻健身,景点,baidu,exact,B0KUVMMFVE,浩刻健身,体育休闲服务;运动场馆;健身中心,080111,幸福路192号,香坊区,126.6412433,45.7160258,126.6472,45.71793,wgs84_to_gcj02,6.2,False,,,黑龙江省哈尔滨市香坊区幸福路192号,2
普锐莱斯健身(群力家园店),景点,baidu,exact,B0KDXRYVOM,普锐莱斯健身(群力家园店),体育休闲服务;运动场馆;健身中心,080111,滇池东路1108号,道里区,126.5374201,45.7109637,126.543581,45.712979,wgs84_to_gcj02,11.3,False,,,滇池东路1108号,1
太和瑜伽,景点,baidu,exact,B0IROUWI97,太和瑜伽,体育休闲服务;运动场馆;健身中心,080111,利兴街14-3号,南岗区,126.6161171,45.7179987,126.621957,45.720129,wgs84_to_gcj02,23.1,False,,,哈尔滨市南岗区利兴街14-3号,10
KKT拳击格斗俱乐部(香坊店),景点,baidu,exact,B0FFIJ4ANQ,KKT拳击格斗俱乐部,体育休闲服务;体育休闲服务场所;体育休闲服务场所,080000,香坊大街街道香顺街39-5邮电小区院内,香坊区,126.6727007,45.7261716,126.678821,45.728026,wgs84_to_gcj02,18.6,False,,,香顺街39-5号邮电小区院内,2
黑龙江省科学技术馆,景点,baidu,exact,B01C302873,黑龙江省科学技术馆,科教文化服务;文化宫;文化宫,140800,太阳大道1458号,松北区,126.5700491,45.7746394,126.575982,45.776439,wgs84_to_gcj02,13.8,False,,,哈尔滨市松北区太阳大道1458号,10
红狮台球棋牌俱乐部(华南城店),景点,baidu,exact,B0JU3U9AH9,红狮台球棋牌俱乐部(华南城店),体育休闲服务;运动场馆;台球厅,080113,华南城精品B区D10-09,道外区,126.8484793,45.7456777,126.854582,45.747675,wgs84_to_gcj02,4.7,False,,,黑龙江省哈尔滨市道外区团结镇华南城精品B区D10-09室,1
横头山,景点,baidu,exact,B0FFHJ4554,横头山,风景名胜;风景名胜相关;旅游景点,110000,大岭乡金龙山国家森林公园(西南角),阿城区,127.3675839,45.4751795,127.37427,45.477503,wgs84_to_gcj02,0.1,False,,,黑龙江省哈尔滨市阿城区金龙山国家森林公园,9
起点台球馆,景点,baidu,exact,B0FFH9O1OX,起点台球馆,体育休闲服务;运动场馆;台球厅,080113,东莱街107号,道外区,126.6422918,45.7770638,126.648276,45.779085,wgs84_to_gcj02,8.5,False,,,东莱街107号（原始鞑子烤羊腿）,10
乔氏金仕台球俱乐部(兴建街店),景点,baidu,exact,B0H151WLHA,乔氏金仕台球俱乐部(兴建街店),体育休闲服务;运动场馆;台球厅,080113,建文街32-1号,平房区,126.6374211,45.6017609,126.643482,45.603585,wgs84_to_gcj02,19.7,False,,,建文街32--1号,1
元宝山公园,景点,baidu,exact,B01C3032D6,元宝山公园,风景名胜;公园广场;公园,110101,通达路东100米,尚志市,128.2747039,45.2651459,128.281098,45.267432,wgs84_to_gcj02,11.8,False,,,哈尔滨市尚志市三道街与通达路交叉路口往东北约100米,3
军嫂台球会馆,景点,baidu,exact,B0FFFPSPQY,军嫂台球会馆,体育休闲服务;运动场馆;台球厅,080113,文庙街34号(工程大学地铁站3号口步行300米),南岗区,126.6641974,45.7720451,126.670194,45.773993,wgs84_to_gcj02,4.9,False,,,文庙街附34号（工程大学地铁站3号口步行390米）,1
星宇台球,景点,baidu,exact,B01C30IX1X,星宇台球,体育休闲服务;运动场馆;台球厅,080113,红旗老区24栋,道外区,126.6908083,45.7620815,126.696915,45.764165,wgs84_to_gcj02,5.0,False,,,辽河路红旗小区24栋8单元,1
哈尔滨市平房区冰上运动中心,景点,baidu,exact,B0GK5A9Q2W,哈尔滨市平房区冰上运动中心,体育休闲服务;运动场馆;溜冰场,080107,哈南十一路6号,平房区,126.6194104,45.5737862,126.625624,45.575581,wgs84_to_gcj02,30.7,False,,,黑龙江省哈尔滨市平房区哈南十一路6号,2
松花江牡丹园,景点,baidu,exact,B0JD7BC0ZU,松花江牡丹园,公司企业;农林牧渔基地;花卉苗圃基地,170408,,道里区,126.3920589,45.7112384,126.398364,45.713789,wgs84_to_gcj02,31.8,False,,,黑龙江省哈尔滨市道里区新发镇新发村独一处罗锅屯,1
羽茗汇羽毛球馆,景点,baidu,exact,B0I0CHFE13,羽茗汇羽毛球馆,体育休闲服务;运动场馆;羽毛球场,080118,进乡街73号门羽茗汇羽毛球馆,香坊区,126.684035,45.7017716,126.690193,45.703817,wgs84_to_gcj02,6.4,False,,,进乡街73号（地铁站3口步行220米）,1
龙武综合武道馆,景点,baidu,exact,B0FFL3PQM3,龙武综合武道馆,体育休闲服务;运动场馆;运动场所,080100,工商街市医院综合楼208号,阿城区,126.9648063,45.5310979,126.970954,45.533126,wgs84_to_gcj02,3.2,False,,,黑龙江省哈尔滨市阿城区工商街市医院综合楼208号,2
国奥乒乓球俱乐部,景点,baidu,exact,B0J06SC32W,国奥乒乓球俱乐部,体育休闲服务;运动场馆;乒乓球馆,080112,河广街130号,道里区,126.5961081,45.7511216,126.601904,45.753082,wgs84_to_gcj02,10.3,False,,,黑龙江省哈尔滨市道里区河广街130号,1
领域台球会馆,景点,baidu,exact,B0H2RM2N9A,领域台球会馆,体育休闲服务;运动场馆;台球厅,080113,哈尔滨大街45号,南岗区,126.5862404,45.7134261,126.592067,45.715222,wgs84_to_gcj02,15.7,False,,,哈尔滨大街45号,1
黑八台球俱乐部(群力第七大道店),景点,baidu,exact,B0J2Z1KFZJ,黑八台球俱乐部(龙江路店),体育休闲服务;运动场馆;台球厅,080113,盛隆国际西1门旁,巴彦县,126.554435,45.7232657,127.396082,46.08685,wgs84_to_gcj02,76142.5,True,,,群力第七大道1659号,10
慈云观,景点,baidu,exact,B0FFHF9720,慈云观(不对外开放),风景名胜;风景名胜;寺庙道观,110205,延福街与通天街交叉口东80米,香坊区,126.6958246,45.7252008,126.701816,45.727401,wgs84_to_gcj02,18.5,False,,,哈尔滨市香坊区延福街果园星城-E区,1
魁星楼,景点,baidu,exact,B0FFGT9O7T,魁星楼,风景名胜;风景名胜相关;旅游景点,110000,承旭公园,双城区,126.3307472,45.3636208,126.336192,45.365475,wgs84_to_gcj02,79.1,False,,,黑龙江省哈尔滨市双城区东直路大兆对面,3
极乐寺-佛宝塔,景点,baidu,exact,B01C30527L,极乐寺-佛宝塔,风景名胜;风景名胜相关;旅游景点,110000,东大直街9号极乐寺(东侧),南岗区,126.6593138,45.776433,126.666111,45.778126,wgs84_to_gcj02,68.2,False,,,东大直街9号极乐寺,1
黑龙江省森工平山旅游区,景点,baidu,exact,B0L2ZZ3QD5,黑龙江省森工平山旅游区(南门),风景名胜;风景名胜;国家级景点,110202,平山镇西街,阿城区,127.3467751,45.3049488,127.373038,45.297053,wgs84_to_gcj02,1909.3,True,,,黑龙江省哈尔滨市阿城区平山镇,10
驿马山森林公园,景点,baidu,exact,B01C30I5LC,驿马山森林公园,风景名胜;风景名胜;风景名胜,110200,西集镇境内,巴彦县,127.2307603,46.1222019,127.239189,46.124705,wgs84_to_gcj02,157.3,False,,,黑龙江省哈尔滨市巴彦县西集镇境内,6
中龙奥冠减肥训练营,景点,baidu,exact,B0L37BKITE,中龙奥冠减肥训练营,体育休闲服务;运动场馆;运动场所,080100,泰山路与长江路辅路交叉口西北260米,南岗区,126.6971787,45.7519478,126.703282,45.754006,wgs84_to_gcj02,1.4,False,,,长江路和南直路交汇处哈尔滨国际会议展览体育中心D馆内,1
卡卡拳击格斗俱乐部(哈西店),景点,baidu,exact,B0FFJ1ISCA,卡卡拳击格斗俱乐部(哈西店),体育休闲服务;运动场馆;运动场所,080100,复旦街207号(哈西大街地铁站1号口旁),南岗区,126.5923082,45.6940341,126.598019,45.695974,wgs84_to_gcj02,14.9,False,,,复旦街207号,1
菁熹普拉提教练培训基地,景点,baidu,exact,B0KA6AHW0I,菁熹普拉提教练培训基地,体育休闲服务;运动场馆;健身中心,080111,世阳路298号,松北区,126.4887739,45.8004935,126.495011,45.802613,wgs84_to_gcj02,0.6,False,,,世阳路298号,1
汇盛雅仕台球会馆,景点,baidu,exact,B0MGT78E2C,汇盛雅仕台球会馆(哈西店),体育休闲服务;运动场馆;台球厅,080113,服装头道街33号4F,南岗区,126.5380945,45.7296783,126.611925,45.704658,wgs84_to_gcj02,6061.4,True,,,丽江路2652号2层5号,2
双跃湖野奢营地,景点,baidu,exact,B0MBGM2YY6,双跃湖野奢营地,体育休闲服务;体育休闲服务场所;体育休闲服务场所,080000,二河乡,五常市,127.3675715,45.1180569,127.374505,45.120746,wgs84_to_gcj02,51.2,False,,,哈尔滨市太阳庙西南方900米,2
魔王板社(仪兴小区龙房名苑店),景点,baidu,exact,B0JUJX0H2C,魔王板社(仪兴小区龙房名苑店),购物服务;购物相关场所;购物相关场所,060000,和兴三道街280号,南岗区,126.6009708,45.7293667,126.606903,45.731392,wgs84_to_gcj02,12.0,False,,,黑龙江省哈尔滨市南岗区和兴三道街280号龙房名苑1栋1层1s01号,1
哈东台球会馆,景点,baidu,exact,B0H1KS1BXJ,哈东台球会馆,体育休闲服务;运动场馆;台球厅,080113,水利胡同1号(哈尔滨东站地铁站1号口步行240米),道外区,126.7007765,45.7884645,126.706915,45.790483,wgs84_to_gcj02,3.3,False,,,水利胡同1号桦树a区7号楼7门市,2
亚布力活力堡戏雪乐园,景点,baidu,exact,B0K3X50RJY,亚布力活力堡戏雪乐园,体育休闲服务;体育休闲服务场所;体育休闲服务场所,080000,青云路46号,尚志市,128.5043928,44.7681683,128.510789,44.770243,wgs84_to_gcj02,0.3,False,,,黑龙江省哈尔滨市尚志市亚布力镇哈尔滨鸿鑫别墅西北143米,1
以哲公园,景点,baidu,exact,B01C30J3WD,以哲公园,风景名胜;公园广场;公园,110101,G221公路3号,宾县,127.4567116,45.7403924,127.463527,45.742944,wgs84_to_gcj02,35.3,False,,,黑龙江省哈尔滨市宾县G221公路3号,2
零起点乒乓球,景点,baidu,exact,B0FFHQ2EKA,零起点乒乓球,体育休闲服务;运动场馆;乒乓球馆,080112,学府三道街23号学府花园7栋,南岗区,126.6175481,45.7135761,126.623502,45.715525,wgs84_to_gcj02,3.4,False,,,学府三道街学府花园7号楼1单元零,1
山河公园,景点,baidu,exact,B01C317LJL,山河公园,风景名胜;公园广场;公园,110101,仁世胡同,延寿县,128.3320534,45.4477781,128.34751,45.453756,wgs84_to_gcj02,802.5,True,,,黑龙江省哈尔滨市延寿县延寿镇和平胡同55号,10
顾望鑫击剑俱乐部,景点,baidu,exact,B0FFJPTYUS,顾望鑫击剑俱乐部,体育休闲服务;运动场馆;运动场所,080100,桦树街170号(桦树街地铁站3号口旁),道外区,126.6930263,45.7858992,126.69924,45.78788,wgs84_to_gcj02,9.8,False,,,桦树街170号,1
警示塔,景点,baidu,exact,B0FFGA77FI,警示塔,风景名胜;风景名胜相关;旅游景点,110000,中央大街1号哈尔滨中央大街,道里区,126.61278,45.7758686,126.618702,45.777782,wgs84_to_gcj02,0.2,False,,,哈尔滨市道里区中央大街内,1
大羿台球射箭俱乐部,景点,baidu,exact,B0JATKUVI9,大羿台球射箭俱乐部,体育休闲服务;体育休闲服务场所;体育休闲服务场所,080000,前宏路与征仪南路交叉口西460米,香坊区,126.6316797,45.661033,126.637619,45.663001,wgs84_to_gcj02,1.2,False,,,黑龙江省哈尔滨市南岗区前宏路64号,1
精诚跆拳道,景点,baidu,exact,B0FFIZKK7D,精诚跆拳道,体育休闲服务;运动场馆;跆拳道场馆,080119,文景街副98号院内,南岗区,126.6432396,45.7364146,126.649088,45.738353,wgs84_to_gcj02,9.6,False,,,黑龙江省哈尔滨市南岗区文景街副98号院内,1
酷8台球会馆,景点,baidu,exact,B0ID5RVAIE,酷8台球会馆,体育休闲服务;运动场馆;台球厅,080113,新疆三道街7号,平房区,126.6208847,45.6064321,126.626843,45.608501,wgs84_to_gcj02,13.2,False,,,新疆三道街7号,10
松江遗址,景点,baidu,exact,B0I355M4GX,松江遗址(四方台),风景名胜;风景名胜相关;旅游景点,110000,松江路199号,道里区,126.4947501,45.7403719,126.500948,45.742479,wgs84_to_gcj02,0.7,False,,,黑龙江省哈尔滨市道里区堤顶路,3
二龙山艺术村,景点,baidu,exact,B0FFIZLUT2,二龙山艺术村,风景名胜;风景名胜相关;旅游景点,110000,同哈公路二龙山风景区内,宾县,127.4018417,45.7322333,127.408618,45.734544,wgs84_to_gcj02,0.1,False,,,哈尔滨市宾县同哈公路二龙山风景区内,1
冻伤实验室旧址,景点,baidu,exact,B0FFIAV06I,冻伤实验室旧址,风景名胜;风景名胜相关;旅游景点,110000,双拥路与渤海路交叉口西360米,平房区,126.6299738,45.6092497,126.635733,45.61135,wgs84_to_gcj02,19.5,False,,,新疆街派出所东侧侵华日军第七三一部队遗址第二保护区内,1
老街余韵,景点,baidu,exact,B0FFHQ2L2I,老街余韵,风景名胜;风景名胜;风景名胜,110200,中央大街1号哈尔滨中央大街,道里区,126.6132224,45.7714417,126.619144,45.773356,wgs84_to_gcj02,0.1,False,,,哈尔滨市道里区中央大街内,1
开瑞乔氏台球棋牌会所,景点,baidu,exact,B0JR57P0GW,开瑞乔氏台球棋牌会所,体育休闲服务;娱乐场所;棋牌室,080306,爱建路12号,道里区,126.5975912,45.7605042,126.603729,45.762695,wgs84_to_gcj02,35.7,False,,,爱建路12号汇励+生活港4楼,1
力得健身(平房红旗茂店),景点,baidu,exact,B0FFKHFNGR,力得健身(红旗茂店),体育休闲服务;体育休闲服务场所;体育休闲服务场所,080000,红旗茂商场3层(美甲区楼上),平房区,126.6222689,45.6030102,126.627962,45.604928,wgs84_to_gcj02,17.2,False,,,新疆大街红旗·Mall3楼,1
东北林业大学体育馆,景点,baidu,exact,B0FFHHVBZA,东北林业大学体育馆,体育休闲服务;运动场馆;综合体育馆,080101,文昌街477号,南岗区,126.6249105,45.7169543,126.630912,45.719178,wgs84_to_gcj02,32.3,False,,,文昌街477号,7
U LIKE健身工作室,景点,baidu,exact,B0JA3MNHQQ,U LIKE健身工作室,体育休闲服务;运动场馆;健身中心,080111,鼎新三道街25号,南岗区,126.6592505,45.7629356,126.665238,45.764882,wgs84_to_gcj02,4.2,False,,,黑龙江省哈尔滨市南岗区鼎新三道街25号,10
黑龙江省地质博物馆,景点,baidu,exact,B01C30HWIP,黑龙江省地质博物馆(暂停开放),科教文化服务;博物馆;博物馆,140100,红旗大街263号,香坊区,126.6901307,45.742659,126.696151,45.744661,wgs84_to_gcj02,7.6,False,,,黑龙江省哈尔滨市香坊区红旗大街263号,2
喜悦滑冰场(融创茂店),景点,baidu,exact,B0FFI8YKDC,喜悦滑冰场(哈尔滨融创茂店),体育休闲服务;运动场馆;溜冰场,080107,世茂大道99号万达茂购物中心1层1F-B,松北区,126.4981905,45.8020001,126.502836,45.803276,wgs84_to_gcj02,150.1,False,,,松北街道世茂大道99号融创茂1层,1
0810乔氏台球俱乐部,景点,baidu,exact,B0KUPDC88Z,0810乔氏台球俱乐部,体育休闲服务;运动场馆;台球厅,080113,延兴路12号,南岗区,126.6158504,45.7173838,126.621763,45.719314,wgs84_to_gcj02,0.3,False,,,延兴路12号,3
黑龙江大学游泳馆,景点,baidu,exact,B0FFH9E5NY,黑龙江大学游泳馆,体育休闲服务;运动场馆;游泳馆,080110,学府路96号,南岗区,126.6220026,45.7046858,126.627118,45.707049,wgs84_to_gcj02,78.5,False,,,学院路74号黑龙江大学C区,2
玖鼎台球棋牌会馆,景点,baidu,exact,B0K3DROZUV,玖鼎台球棋牌会馆,体育休闲服务;运动场馆;台球厅,080113,闽江路200-6号(会展中心地铁站4号口步行280米),南岗区,126.690725,45.7454584,126.696828,45.747469,wgs84_to_gcj02,3.6,False,,,闽江路200-2号三楼,2
神鹿岭,景点,baidu,exact,B0H334PO0V,神鹿岭,风景名胜;风景名胜相关;旅游景点,110000,森工平山旅游区(032村道西)皇家鹿苑,阿城区,127.3405451,45.3109903,127.347131,45.313263,wgs84_to_gcj02,0.0,False,,,哈尔滨市阿城区森工平山旅游区(032村道西)皇家鹿苑,8
power信念健身工作室(南岗店),景点,baidu,exact,B0J0XZFEXE,power信念健身工作室,体育休闲服务;运动场馆;健身中心,080111,宣庆街118-8号,南岗区,126.6687963,45.7594946,126.674804,45.761392,wgs84_to_gcj02,11.5,False,,,宣庆街118-8号门市,10
御鹰阁西部马术俱乐部,景点,baidu,exact,B0H11AOHD8,御鹰阁西部马术俱乐部,体育休闲服务;运动场馆;运动场所,080100,长岭湖田园牧歌五百米,道里区,126.3941107,45.7029095,126.401651,45.705293,wgs84_to_gcj02,84.9,False,,,黑龙江省哈尔滨市道里区长岭湖田园牧歌五百米,2
中东铁路哈尔滨总工厂俱乐部旧址,景点,baidu,exact,B01C3175DV,中东铁路哈尔滨总工厂俱乐部旧址,风景名胜;风景名胜相关;旅游景点,110000,经纬街283号,道里区,126.6020517,45.7701215,126.607967,45.772034,wgs84_to_gcj02,0.5,False,,,黑龙江省哈尔滨市道里区工程街道经纬街283号(人民广场地铁站2号口步行280米),1
山石篮球俱乐部,景点,baidu,exact,B0JAKCO0U3,山石篮球俱乐部,体育休闲服务;运动场馆;篮球场馆,080104,龙盛路1569号,松北区,126.5146094,45.8295949,126.520732,45.831625,wgs84_to_gcj02,0.3,False,,,龙盛路1569号,1
开拓者台球俱乐部,景点,baidu,exact,B0J12M3WEC,开拓者台球俱乐部,体育休闲服务;体育休闲服务场所;体育休闲服务场所,080000,太平南三道街太平小区C栋2层8号,道外区,126.6797837,45.7858643,126.685877,45.787831,wgs84_to_gcj02,5.1,False,,,太平南三道街2号2楼开拓者台球俱乐部,1
五一四风景区,景点,baidu,exact,B01C317KLV,五一四风景区,风景名胜;风景名胜相关;旅游景点,110000,010县道,尚志市,127.8880581,45.3269122,127.894266,45.328903,wgs84_to_gcj02,0.3,False,,,哈尔滨市尚志市010县道,1
蟒仙洞,景点,baidu,exact,B0H0B92LAE,蟒仙洞,风景名胜;风景名胜相关;旅游景点,110000,平坊镇益阳村香炉山国家森林公园,宾县,127.5309859,45.563474,127.537367,45.565538,wgs84_to_gcj02,1.1,False,,,哈尔滨市宾县平坊镇益阳村香炉山国家森林公园,1
地藏寺,景点,baidu,exact,B0FFH7AALO,地藏寺(不对外开放),风景名胜;风景名胜;寺庙道观,110205,建国街321-2号附近,道里区,126.588332,45.7409899,126.594277,45.742925,wgs84_to_gcj02,3.3,False,,,哈尔滨市道里区建国街321号,2
金9台球,景点,baidu,exact,B0LGCHTP7Y,金9台球,体育休闲服务;运动场馆;台球厅,080113,南直路辅路与大有坊街交叉口西北140米,道外区,126.6972727,45.7760932,126.703397,45.778141,wgs84_to_gcj02,0.2,False,,,黑龙江省哈尔滨市道外区南直路396号保烽影城内,5
邓世昌,景点,baidu,exact,B0FFFSBMHR,邓世昌,风景名胜;风景名胜;风景名胜,110200,世昌路与文庙街交叉口北50米,南岗区,126.6775004,45.7727935,126.683561,45.774782,wgs84_to_gcj02,2.6,False,,,哈尔滨市南岗区世昌路哈尔滨工程大学,1
中东铁路管理局局长官邸旧址,景点,baidu,exact,B0FFFAKPRY,中东铁路管理局局长官邸旧址,风景名胜;风景名胜相关;旅游景点,110000,红军街38号(博物馆地铁站3b口步行190米),南岗区,126.6376853,45.7546996,126.643658,45.75667,wgs84_to_gcj02,3.1,False,,,黑龙江省哈尔滨市南岗区红军街38号,2
一线天,景点,baidu,exact,B0H3T7N765,一线天,风景名胜;风景名胜相关;旅游景点,110000,平坊镇益阳村香炉山国家森林公园,宾县,127.528762,45.5626138,127.535151,45.564691,wgs84_to_gcj02,0.6,False,,,哈尔滨市宾县平坊镇益阳村香炉山国家森林公园,5
元创台球俱乐部,景点,baidu,exact,B0J1Z1MUSG,元创台球俱乐部,体育休闲服务;运动场馆;台球厅,080113,延寿县金街二楼元创台球俱乐部,延寿县,128.324971,45.4510629,128.331572,45.453299,wgs84_to_gcj02,4.7,False,,,黑龙江省哈尔滨市延寿县西同庆街13号金街建材城二楼,1
犹太免费食堂和犹太养老院旧址,景点,baidu,exact,B0FFG7TGFT,犹太免费食堂和犹太养老院旧址,风景名胜;风景名胜相关;旅游景点,110000,通江街5号,道里区,126.6110513,45.7673133,126.616829,45.769246,wgs84_to_gcj02,11.2,False,,,哈尔滨市道里区通江街5号,1
锦轩乔氏台球(融江路店),景点,baidu,exact,B0GKVO5UCV,锦轩乔氏台球(融江路店),体育休闲服务;运动场馆;台球厅,080113,中海寰宇天下东1门北50米,道里区,126.5353858,45.7222822,126.541492,45.72419,wgs84_to_gcj02,12.3,False,,,融江路2486号,1
星池舞蹈,景点,baidu,exact,B0FFIP159G,星池舞蹈,科教文化服务;培训机构;培训机构,141400,学府路311号1号楼三楼,南岗区,126.6154561,45.6667205,126.621362,45.668642,wgs84_to_gcj02,2.1,False,,,黑龙江省哈尔滨市南岗区电缆街4号,1
消夏廊,景点,baidu,exact,B0J1LSSZJS,消夏廊,体育休闲服务;体育休闲服务场所;体育休闲服务场所,080000,九站街1号九站公园(东北角),道里区,126.5931423,45.7691291,126.599036,45.770983,wgs84_to_gcj02,6.3,False,,,哈尔滨市道里区九站街1号(斯大林公园西侧)九站公园,1
地下回水池旧址,景点,baidu,exact,B0FFIWP51Z,地下回水池旧址,风景名胜;风景名胜相关;旅游景点,110000,新疆大街23号侵华日军第七三一部队遗址内(东侧),平房区,126.632442,45.6081706,126.63851,45.60997,wgs84_to_gcj02,21.9,False,,,新疆大街47号(近青年大街)侵华日军第七三一部队罪证陈列馆内,1
叁号台球会馆,景点,baidu,exact,B0HAV7A4WW,叁号台球会馆,体育休闲服务;运动场馆;台球厅,080113,香福路33号,香坊区,126.7516812,45.7114565,126.757832,45.713612,wgs84_to_gcj02,6.0,False,,,香福路33-35号,10
哈尔滨医学专门学校遗址,景点,baidu,exact,B0FFFAKIFL,哈尔滨医学专门学校遗址,风景名胜;风景名胜相关;旅游景点,110000,红军街与银行街交叉口东100米,南岗区,126.6319033,45.7578936,126.637956,45.759957,wgs84_to_gcj02,16.4,False,,,哈尔滨市南岗区红军街颐园府邸南侧约70米,2
哈尔滨国际冰雪汽摩园,景点,baidu,exact,B0IKYZ94ZK,哈尔滨国际冰雪汽摩园(暂停开放),风景名胜;风景名胜相关;旅游景点,110000,太阳岛街道剧院一路与滨水大道交叉口东500米路南,松北区,126.5804007,45.8055704,126.586329,45.807471,wgs84_to_gcj02,0.4,False,,,黑龙江哈尔滨市松北区剧院一路与滨水大道交叉口东500米路南,1
宝宇天邑澜湾游泳馆,景点,baidu,exact,B0FFMH5AXS,宝宇天邑澜湾游泳馆,体育休闲服务;运动场馆;游泳馆,080110,北马路与一条街交叉口西北150米,道外区,126.6259605,45.7796927,126.631914,45.781677,wgs84_to_gcj02,7.0,False,,,"大新街278-18号天邑澜湾小区院内（近东门,亿合水汇旁）",1
久久健身俱乐部(和平路店),景点,baidu,exact,B01C31CE9Y,久久健身俱乐部(和平路店),体育休闲服务;运动场馆;健身中心,080111,和平路11号巴黎广场一层,香坊区,126.6441568,45.7207278,126.650125,45.722675,wgs84_to_gcj02,1.8,False,,,和平路巴黎广场西区1楼,1
玉泉镇王老师滑雪场,景点,baidu,exact,B0FFFSKU0Z,玉泉镇王老师滑雪场(暂停营业),体育休闲服务;运动场馆;滑雪场,080106,玉泉镇(哈阿高速亚沟出口下),阿城区,127.1274784,45.4138131,127.134252,45.415571,wgs84_to_gcj02,64.9,False,,,黑龙江省哈尔滨市阿城区玉泉镇玉泉兴旺旅游景区旁边,2
北大荒唐都生态园,景点,baidu,exact,B01C317ES6,北大荒唐都生态园,餐饮服务;中餐厅;综合酒楼,050101,香福路146号,香坊区,126.7527371,45.7337205,126.763945,45.732707,wgs84_to_gcj02,521.0,True,,,黑龙江省哈尔滨市香坊区香福路146号,2
拿铁健身工作室(会展店),景点,baidu,exact,B0JG69QF52,拿铁健身工作室,体育休闲服务;运动场馆;健身中心,080111,民福路12号麒麟铭邸小区A1-5号门市,南岗区,126.7073655,45.7432812,126.713466,45.745333,wgs84_to_gcj02,3.9,False,,,民福路12号,10
甲虫健身工作室,景点,baidu,exact,B0JK7UOBGA,甲虫健身工作室,体育休闲服务;运动场馆;健身中心,080111,三合路155号,香坊区,126.6600341,45.7105681,126.665982,45.712628,wgs84_to_gcj02,8.7,False,,,三合路155号,1
哈尔滨极地公园·恐龙馆,景点,baidu,exact,B0IALCY20A,哈尔滨极地公园·恐龙馆,风景名胜;风景名胜相关;旅游景点,110000,极地公园·海洋馆(太阳岛地铁站2号口步行150米),松北区,126.5812671,45.7832057,126.587195,45.785115,wgs84_to_gcj02,0.4,False,,,松北地区太阳大道277号,2
君蒂乔氏台球俱乐部(松北店),景点,baidu,exact,B0FFJNDC7U,君蒂乔氏台球俱乐部(松北店),体育休闲服务;运动场馆;台球厅,080113,世茂大道492号,松北区,126.5252988,45.8060141,126.531374,45.808018,wgs84_to_gcj02,0.3,False,,,世茂大道492号城市之星小区G3号综合楼三层A301号商服,1
斯麦私人健身工作室(秋林店),景点,baidu,exact,B0GR573WO2,斯麦私人健身工作室(龙江大厦),体育休闲服务;运动场馆;健身中心,080111,荣市街道龙江街56号龙江大厦2102室,南岗区,126.6425577,45.7612982,126.648526,45.763236,wgs84_to_gcj02,1.4,False,,,龙江街56号龙江大厦21楼2102室,10
塔廊,景点,baidu,exact,B0KUBLXI7Q,塔廊,风景名胜;风景名胜相关;旅游景点,110000,透笼街88号索菲亚广场内(西侧),道里区,126.6201903,45.7687281,126.626119,45.77065,wgs84_to_gcj02,0.3,False,,,哈尔滨市道里区透笼街88号,2
亨丰台球会所,景点,baidu,exact,B0J015YWCQ,亨丰台球会所,体育休闲服务;运动场馆;台球厅,080113,悦然臻城14号楼左侧1门市,香坊区,126.6784817,45.6967295,126.684541,45.698764,wgs84_to_gcj02,0.3,False,,,悦然臻城14号楼左侧1门市,10
七号私教健身工厂(学府店),景点,baidu,exact,B0J1KZ5P0Z,七号私教健身工厂,体育休闲服务;运动场馆;健身中心,080111,中兴大道99号哈西商厦5楼,南岗区,126.6047677,45.7027604,126.610673,45.70469,wgs84_to_gcj02,0.3,False,,,中兴大道99号哈西商厦5楼（嘉星影城隔壁）,10
国动体育运动中心(王府井店),景点,baidu,exact,B0KRRRZ8SS,国动体育运动中心(王府井店),体育休闲服务;运动场馆;综合体育馆,080101,工农街道景江东路899号王府井购物中心三楼教育区008A号,道里区,126.5590954,45.731687,126.565052,45.733639,wgs84_to_gcj02,0.2,False,,,王府井购物中心三楼教育区008A号,1
壹号乔氏桌球俱乐部,景点,baidu,exact,B0FFH91RL5,壹号乔氏桌球俱乐部,体育休闲服务;运动场馆;台球厅,080113,群力第五大道1159号2F,道里区,126.5586493,45.7337201,126.564455,45.735585,wgs84_to_gcj02,15.1,False,,,群力第五大道1159号2F,10
5D玻璃彩虹桥,景点,baidu,exact,B0K22LDCFT,5D玻璃彩虹桥,风景名胜;风景名胜;风景名胜,110200,财神庙东侧170米,宾县,127.532218,45.5733416,127.538603,45.575409,wgs84_to_gcj02,0.1,False,,,哈尔滨市宾县平坊镇益阳村香炉山国家森林公园,1
骏霆马术俱乐部,景点,baidu,exact,B0KA5UDQI2,骏霆马术俱乐部,体育休闲服务;运动场馆;马术俱乐部,080115,新农镇一场村苏家屯,道里区,126.3798328,45.694727,126.386278,45.69701,wgs84_to_gcj02,0.3,False,,,德鲁纳庄园北行100米,1
哈尔滨市奥禹冰壶运动中心,景点,baidu,exact,B0IGUZWMP7,哈尔滨市奥禹冰壶运动中心,体育休闲服务;运动场馆;运动场所,080100,天池路1号,香坊区,126.6430402,45.6247701,126.649211,45.626059,wgs84_to_gcj02,78.9,False,,,黑龙江省哈尔滨市香坊区天池路1号,1
千行健身俱乐部,景点,baidu,exact,B0JD7HEUSN,千行健身俱乐部,体育休闲服务;运动场馆;健身中心,080111,动源小区13栋1-1号千行健身俱乐部,香坊区,126.6390536,45.7197623,126.644998,45.721699,wgs84_to_gcj02,2.3,False,,,动源街1-1,1
马友汇马术俱乐部,景点,baidu,exact,B0LASDWFSH,马友汇马术俱乐部,体育休闲服务;运动场馆;马术俱乐部,080115,,道里区,126.3948988,45.7002981,126.401525,45.705925,wgs84_to_gcj02,371.4,False,,,新发镇新发村独一处长岭湖田园牧歌北500米,1
追求人台球棋牌,景点,baidu,exact,B0K60AVWHK,追求人台球棋牌,体育休闲服务;运动场馆;台球厅,080113,大庆四道街19号,香坊区,126.6470215,45.7156514,126.652967,45.717656,wgs84_to_gcj02,4.5,False,,,大庆四道街21号春江家园,1
乔氏台球棋牌会馆(工厂街店),景点,baidu,exact,B0H2H1KMJ8,乔氏台球棋牌会馆(经纬家园店),体育休闲服务;运动场馆;台球厅,080113,工厂街40号(尚志大街地铁站1号口步行400米),道里区,126.6236251,45.7643965,126.629612,45.766345,wgs84_to_gcj02,4.9,False,,,工厂街40号(尚志大街地铁站1号口步行400米),1
球友乒乓球馆(蓝天球馆学府店),景点,baidu,exact,B0FFHDBUAG,球友乒乓球馆(蓝天球馆学府店),体育休闲服务;运动场馆;乒乓球馆,080112,南开街66-6号,南岗区,126.6020682,45.7086767,126.60797,45.710603,wgs84_to_gcj02,0.3,False,,,黑龙江省哈尔滨市南岗区南开街66-6号,1
风华跆拳道学校,景点,baidu,exact,B0FFFPSOKJ,风华跆拳道学校,体育休闲服务;运动场馆;跆拳道场馆,080119,杨树街祥泰家园,通河县,128.741917,45.9769834,128.7487,45.979119,wgs84_to_gcj02,5.6,False,,,黑龙江省哈尔滨市通河县蓝雀街2号,1
观音寺,景点,baidu,exact,B0FFGT3N0P,观音寺,风景名胜;风景名胜;寺庙道观,110205,松浦街道观江国际后身,松北区,126.6359792,45.8192363,126.64202,45.821121,wgs84_to_gcj02,7.3,False,,,浦源路哈尔滨市第三十一中学校西侧约210米,3
黑龙江财经学院-体育馆,景点,baidu,exact,B0FFF4QCMU,黑龙江财经学院-体育馆,体育休闲服务;运动场馆;运动场所,080100,学院路99号黑龙江财经学院,松北区,126.482932,45.8756007,126.489195,45.877705,wgs84_to_gcj02,0.9,False,,,黑龙江省哈尔滨市学院路99号,3
中太台球器材,景点,baidu,exact,B0J02HMZ8H,中太台球器材,购物服务;购物相关场所;购物相关场所,060000,恒源街222号,松北区,126.4925246,45.8004488,126.498683,45.802574,wgs84_to_gcj02,5.3,False,,,哈尔滨市松北区恒源街222号,1
英皇台球棋牌(安埠街),景点,baidu,exact,B0FFG4KWJ7,英皇台球棋牌(安埠街),体育休闲服务;运动场馆;台球厅,080113,安埠街357号,香坊区,126.6884205,45.7263719,126.694512,45.728458,wgs84_to_gcj02,4.7,False,,,安埠街357号,1
乔氏台球汇(宏图街店),景点,baidu,exact,B0FFMBHPWC,乔氏台球汇,体育休闲服务;运动场馆;台球厅,080113,宏图街268-3号,道外区,126.6871848,45.7784602,126.693299,45.780465,wgs84_to_gcj02,2.8,False,,,黑龙江省哈尔滨市道外区宏图街268-3号,10
冠盈乒乓,景点,baidu,exact,B0HULD5D96,冠盈乒乓,体育休闲服务;运动场馆;乒乓球馆,080112,亚麻六道街副1-6号,香坊区,126.6642883,45.7312279,126.670348,45.733309,wgs84_to_gcj02,9.8,False,,,黑龙江省哈尔滨市香坊区亚麻六道街1-6号,1
中东铁路管理局副局长阿法纳西耶夫官邸,景点,baidu,exact,B01C3179M3,中东铁路管理局副局长阿法纳西耶夫官邸,风景名胜;风景名胜相关;旅游景点,110000,联发街64号(铁路局地铁站4号口步行300米),南岗区,126.6324726,45.7478139,126.638731,45.749812,wgs84_to_gcj02,25.1,False,,,哈尔滨市南岗区联发街64号,1
延寿县松江省史迹陈列馆,景点,baidu,exact,B0K3BZW5WK,延寿县松江省史迹陈列馆,科教文化服务;展览馆;展览馆,140200,金街西侧老政府院内,延寿县,128.3248017,45.4500376,128.331391,45.452317,wgs84_to_gcj02,0.3,False,,,黑龙江省哈尔滨市延寿县西公安街6号,1
爵豹流行舞,景点,baidu,exact,B0FFJSNYL7,爵豹流行舞,科教文化服务;培训机构;培训机构,141400,民安街188-2号,道里区,126.6058651,45.744444,126.611766,45.746296,wgs84_to_gcj02,7.2,False,,,黑龙江省哈尔滨市道里区民安街188-2号,1
星都桌球,景点,baidu,exact,B0FFF5J2CP,星都桌球,体育休闲服务;运动场馆;台球厅,080113,五常镇文化路405号县社楼下,五常市,127.1528543,44.9185715,127.159208,44.920729,wgs84_to_gcj02,9.0,False,,,文化路405号县社楼下,1
土地庙,景点,baidu,exact,B0KDJ5EFLV,土地庙,风景名胜;风景名胜;寺庙道观,110205,,道里区,126.1723088,45.584913,126.178725,45.58713,wgs84_to_gcj02,0.4,False,,,黑龙江省哈尔滨市道里区太平庄六截地,7
依兰农场滨江公园,景点,baidu,exact,B01C317IS9,依兰农场滨江公园,风景名胜;公园广场;公园,110101,,依兰县,129.5567304,46.4156869,129.563523,46.419398,wgs84_to_gcj02,209.5,False,,,黑龙江省哈尔滨市依兰县哈萝公路东50米,2
聚友汇台球棋牌,景点,baidu,exact,B0IRSSAM80,聚友汇台球棋牌,体育休闲服务;运动场馆;台球厅,080113,木材东街30号,香坊区,126.7207309,45.7307481,126.726881,45.732827,wgs84_to_gcj02,1.9,False,,,黑龙江省哈尔滨市香坊区木材东街30号,1
翔子球吧(三辅街店),景点,baidu,exact,B0FFFAJHGD,翔子球吧,体育休闲服务;运动场馆;台球厅,080113,三辅街70号,香坊区,126.6764095,45.7310122,126.68257,45.732995,wgs84_to_gcj02,8.9,False,,,黑龙江省哈尔滨市香坊区三辅街70号,1
小中八台球俱乐部,景点,baidu,exact,B0JUDH2AJV,小中八台球俱乐部,体育休闲服务;运动场馆;台球厅,080113,金融花园里,双城区,126.3034226,45.3695615,126.309533,45.37172,wgs84_to_gcj02,10.9,False,,,黑龙江省哈尔滨市双城区文明街金融花园B栋四号屋,2
衍武武术俱乐部,景点,baidu,exact,B0J1NOMZ8M,衍武武术俱乐部,体育休闲服务;运动场馆;健身中心,080111,南极中路23号三楼,道外区,126.643571,45.7690063,126.649608,45.771054,wgs84_to_gcj02,11.9,False,,,黑龙江省哈尔滨市道外区南极中路23号,1
华藏寺,景点,baidu,exact,B01C30JH6U,华藏寺,风景名胜;风景名胜;寺庙道观,110205,拉林镇华藏大街2号,五常市,126.8416645,45.2296482,126.847386,45.230467,wgs84_to_gcj02,134.1,False,,,黑龙江省五常市拉林镇华藏大街2号,10
陶然亭,景点,baidu,exact,B0KRXRE6GG,陶然亭,风景名胜;风景名胜相关;旅游景点,110000,油坊街0-1号中国亭园,香坊区,126.710234,45.7180943,126.716379,45.720175,wgs84_to_gcj02,0.1,False,,,哈尔滨市香坊区油坊街0~1号中国亭园内,2
嘉际健身工作室,景点,baidu,exact,B0KGCH0IOA,嘉际健身工作室,体育休闲服务;运动场馆;健身中心,080111,东都·幸福里一二期22号楼,道外区,126.7750413,45.7839983,126.781263,45.786084,wgs84_to_gcj02,1.7,False,,,东都幸福里二期22号楼1楼7号门市,1
松花江游轮,景点,baidu,exact,B0FFHR3E19,松花江游轮,风景名胜;风景名胜相关;旅游景点,110000,斯大林街3号斯大林公园内(西侧),道里区,126.604581,45.7770372,126.610508,45.778918,wgs84_to_gcj02,3.1,False,,,黑龙江省哈尔滨市道里区通江街218号,1
新美健身工作室(金域蓝城店),景点,baidu,exact,B0KRRUZEZ5,新美健身工作室(金域蓝城店),体育休闲服务;运动场馆;健身中心,080111,哈尔滨大街40号金域蓝城B1栋19号,南岗区,126.585918,45.7115097,126.591831,45.713433,wgs84_to_gcj02,0.5,False,,,哈尔滨大街40号深蓝杰座B1栋19号,1
中北春城游泳馆,景点,baidu,exact,B0FFH01CCR,中北春城游泳馆,体育休闲服务;运动场馆;游泳馆,080110,和祥路96-1号,香坊区,126.6544716,45.7278983,126.660565,45.72973,wgs84_to_gcj02,18.1,False,,,和祥路96-1号中北春城三期东北抗联精神社区展览馆隔壁,1
松峰山景区,景点,baidu,exact,B01C302C27,松峰山景区,风景名胜;风景名胜;风景名胜,110200,松峰山镇松峰村,阿城区,127.4676875,45.3640644,127.474288,45.366322,wgs84_to_gcj02,0.2,False,,,哈尔滨市阿城区松峰山景区,10
美啦健身工作室,景点,baidu,exact,B0KBNCIIUS,美啦健身工作室,体育休闲服务;运动场馆;健身中心,080111,群力街道丽江路1584号海富臻园D9栋508室,道里区,126.5492935,45.7188897,126.555274,45.720866,wgs84_to_gcj02,0.5,False,,,群力第七大道和丽江路交叉口海富臻园D9栋508室,1
拳力功场拳击馆,景点,baidu,exact,B0IUFUWY5M,拳力功场拳击馆,体育休闲服务;运动场馆;运动场所,080100,哈尔滨大街687号拳力功场击馆,南岗区,126.5844369,45.6894181,126.590331,45.691334,wgs84_to_gcj02,2.0,False,,,哈尔滨大街687号,1
维森台球俱乐部(王府井购物中心店),景点,baidu,exact,B0KRN7QDLN,维森台球俱乐部(王府井·HiZ时代广场),体育休闲服务;运动场馆;台球厅,080113,景江东路899号王府井购物中心关东古巷店F1层,道里区,126.5584512,45.7321195,126.564407,45.734071,wgs84_to_gcj02,0.0,False,,,黑龙江省哈尔滨市道里区城乡路街道景江东路899号王府井购物中心首层,1
合一瑜伽·艺术美学空间,景点,baidu,exact,B0KRYRX9MI,合一瑜伽·艺术美学空间,体育休闲服务;运动场馆;健身中心,080111,林兴街15号,南岗区,126.6217589,45.7241165,126.627704,45.726233,wgs84_to_gcj02,20.5,False,,,林兴街15号,1
博悦台球俱乐部,景点,baidu,exact,B0K1FAKERA,博悦台球俱乐部,体育休闲服务;运动场馆;台球厅,080113,测绘东路140-1号,南岗区,126.6161296,45.7148532,126.622065,45.716743,wgs84_to_gcj02,4.7,False,,,测绘路140-1,1
哈尔滨犹太总会堂旧址,景点,baidu,exact,B0LKXLP4IC,哈尔滨犹太总会堂旧址,风景名胜;风景名胜;风景名胜,110200,通江街82号,道里区,126.6091782,45.769771,126.615069,45.771685,wgs84_to_gcj02,2.1,False,,,哈尔滨市道里区通江街82号,1
艾恩·瑜伽,景点,baidu,exact,B0KKOAYIY8,艾恩·瑜伽,体育休闲服务;运动场馆;健身中心,080111,融创锦园二期B15栋6号门市,松北区,126.6284857,45.6836933,126.499353,45.812852,wgs84_to_gcj02,17604.1,True,,,学府路368号8号地块18栋商服单元1-2,2
东北抗日联军博物馆,景点,baidu,exact,B01C31APBQ,东北抗日联军博物馆(暂停开放),科教文化服务;博物馆;博物馆,140100,一曼街241号,南岗区,126.6370292,45.7642702,126.643006,45.766318,wgs84_to_gcj02,12.0,False,,,黑龙江省哈尔滨市南岗区一曼街241号,2
哈尔滨融创文化旅游城(融创茂哈尔滨店),景点,baidu,exact,B0H644H8GW,哈尔滨融创文化旅游城(融创茂哈尔滨店),生活服务;中介机构;中介机构,071600,世茂大道99号哈尔滨融创茂F1层,松北区,126.490811,45.7995805,126.504259,45.80357,wgs84_to_gcj02,597.6,True,,,哈尔滨市松北区世茂大道,3
YONA优娜女性健身(远大购物中心店),景点,baidu,exact,B0JDPUL77T,YONA优娜女性健身(远大购物中心店),体育休闲服务;运动场馆;健身中心,080111,工农街道群力远大商务公寓B座2楼,道里区,126.549412,45.7360923,126.555396,45.73806,wgs84_to_gcj02,0.2,False,,,翡翠街群力远大商务公寓B座27楼2705号,1
普锐莱斯健身(万象汇店),景点,baidu,exact,B0FFKT46D7,普锐莱斯健身(哈尔滨松北万象汇店),体育休闲服务;运动场馆;健身中心,080111,世茂大道555号哈尔滨松北万象汇L1层,松北区,126.5302748,45.8075724,126.536335,45.809563,wgs84_to_gcj02,0.2,False,,,世茂大道555号华润万象汇1层,1
百分百24小时健身(新阳路社区店),景点,baidu,exact,B0LKB6QZW3,百分百24小时健身(新阳路社区店),体育休闲服务;运动场馆;健身中心,080111,新阳路329号恒祥大厦F4层,道里区,126.601148,45.7481942,126.607036,45.750098,wgs84_to_gcj02,2.1,False,,,新阳路329号恒祥大厦4楼G门,1
核动力健身减脂工作室,景点,baidu,exact,B0KKZARWMW,核动力健身减脂工作室,体育休闲服务;运动场馆;健身中心,080111,荣市街道建设街101号远大商务大厦1402室,南岗区,126.6375702,45.7582016,126.643539,45.760149,wgs84_to_gcj02,0.9,False,,,哈尔滨市建设街101号远大商务大厦1402室,1
FIRE综合训练馆,景点,baidu,exact,B0JAZZRRD1,FIRE 综合训练馆,体育休闲服务;运动场馆;健身中心,080111,七政街道七政街39-1号FIRE综合训练馆,南岗区,126.6181075,45.7320625,126.624275,45.734499,wgs84_to_gcj02,59.8,False,,,黑龙江省哈尔滨市南岗区七政街60-4号,10
报业大厦游泳馆,景点,baidu,exact,B01C31B0V0,报业大厦游泳馆,体育休闲服务;运动场馆;游泳馆,080110,友谊路399号报业大厦F4层,道里区,126.5929251,45.7669469,126.598846,45.768785,wgs84_to_gcj02,7.9,False,,,友谊路399号报业大厦4楼,1
冰雪艺术广场,景点,baidu,exact,B0FFFTCXMK,冰雪艺术广场,风景名胜;公园广场;城市广场,110105,森林街41号哈尔滨市兆麟公园(东北角),道里区,126.6179512,45.7763473,126.623603,45.778086,wgs84_to_gcj02,29.0,False,,,兆麟公园内,4
卡卡拳击散打搏击俱乐部(会展店),景点,baidu,exact,B0I17GJI0I,卡卡拳击散打搏击俱乐部(会展店),体育休闲服务;运动场馆;运动场所,080100,红旗大街240号艺汇家城市广场,南岗区,126.6888391,45.7508944,126.694925,45.752925,wgs84_to_gcj02,1.2,False,,,红旗大街鑫商座2楼204号,1
欣潮健身工作室(群力财富中心C座店),景点,baidu,exact,B0J16STZOB,欣潮健身工作室(群力财富中心C座店),体育休闲服务;运动场馆;健身中心,080111,工农街道群力第四大道1705号群力财富中心C座1613室,道里区,126.5473572,45.7352794,126.553347,45.737251,wgs84_to_gcj02,0.2,False,,,群力财富中心C座1613,1
松浦洋行,景点,baidu,exact,B01C317JIC,松浦洋行,风景名胜;风景名胜;风景名胜,110200,中央大街1号哈尔滨中央大街,道里区,126.6128123,45.7717307,126.618741,45.773647,wgs84_to_gcj02,0.7,False,,,黑龙江省哈尔滨市道里区中央大街120号(西八道街口),4
有间射箭馆,景点,baidu,exact,B0JGR45N3H,有间射箭馆,体育休闲服务;运动场馆;运动场所,080100,景江东路899号华谊兄弟影院四楼检票口右侧,道里区,126.5595671,45.7314963,126.565315,45.733313,wgs84_to_gcj02,21.8,False,,,景江东路899号华谊兄弟影院四楼检票口右侧,1
安·瑜伽·普拉提,景点,baidu,exact,B0KGK5VMLB,安·瑜伽·普拉提,体育休闲服务;运动场馆;健身中心,080111,世祥路951号(融创·中园一期南门西南80米),松北区,126.4847502,45.8076715,126.491161,45.809556,wgs84_to_gcj02,29.3,False,,,世祥路951号融创中园A1栋1层112号房,3
坊间台球棋牌(头号玩家店),景点,baidu,exact,B0JRAKDNTX,坊间台球棋牌(头号玩家店),体育休闲服务;体育休闲服务场所;体育休闲服务场所,080000,石头道街51号2楼,道里区,126.6230768,45.7701413,126.629006,45.77208,wgs84_to_gcj02,1.9,False,,,石头道街51号2层,1
开云健身工作室,景点,baidu,exact,B0FFMHKFO3,开云健身工作室,体育休闲服务;运动场馆;健身中心,080111,红旗大街黄河绿园小区B2栋1单元一楼门市,南岗区,126.6879104,45.7555812,126.694008,45.757615,wgs84_to_gcj02,0.2,False,,,红旗大街黄河绿园小区B2栋1单元一楼门市,2
Who长板(卓展店),景点,baidu,exact,B0K2ZO04JT,Who长板(民生路新公里店),餐饮服务;中餐厅;中餐厅,050100,民生路120号万象上东,香坊区,126.599132,45.7555479,126.661075,45.734475,wgs84_to_gcj02,5043.4,True,,,安和街道安隆街106号卓展购物中心5楼5021室,2
友谊公园,景点,baidu,exact,B0JKNZIGK0,友谊公园,风景名胜;公园广场;公园,110101,工程街与工部街交叉口北80米,道里区,126.5984048,45.770653,126.604431,45.772489,wgs84_to_gcj02,11.9,False,,,哈尔滨市道里区工程街道哈尔滨规划展览馆售票处,6
朋博马术俱乐部,景点,baidu,exact,B0K2HPJCS3,朋博马术俱乐部,体育休闲服务;运动场馆;运动场所,080100,长岭湖环湖北路,道里区,126.3962733,45.7019503,126.402675,45.704225,wgs84_to_gcj02,4.5,False,,,新发镇新发村独一处长岭湖田园牧歌北180米,1
璟点台球俱乐部(闽江路店),景点,baidu,exact,B0J3VU8D4J,璟点台球俱乐部(民安大街店),体育休闲服务;运动场馆;台球厅,080113,景观大道东鸿源商住A栋12、13号幸运咖2层,双城区,126.6880458,45.7463445,126.31726,45.370871,wgs84_to_gcj02,51215.6,True,,,黑龙江省哈尔滨市南岗区闽江路215-1号,10
黑瞎子岭,景点,baidu,exact,B01C30KMQU,黑瞎子岭,地名地址信息;自然地名;山,190203,阿城区,阿城区,127.2702869,45.5205754,127.276719,45.522745,wgs84_to_gcj02,0.5,False,,,黑龙江省哈尔滨市阿城区,9
夫妻石,景点,baidu,exact,B0FFL1JXWW,夫妻石,风景名胜;风景名胜相关;旅游景点,110000,山河屯林业局东升林场中国雪谷,五常市,128.1352199,44.3858665,128.141711,44.388153,wgs84_to_gcj02,0.6,False,,,哈尔滨市五常市山河屯林业局东升林场中国雪谷,1
萧红雕像,景点,baidu,exact,B0LG0L6QK3,萧红雕像,风景名胜;风景名胜相关;旅游景点,110000,萧红东胡同与萧红大道交叉口西北80米,呼兰区,126.6016459,45.9737379,126.607595,45.975583,wgs84_to_gcj02,0.2,False,,,哈尔滨市呼兰区萧红大道228号萧红故居,1
博奕击剑(江北校区),景点,baidu,exact,B0G3FCMYAE,博奕击剑(江北校区),体育休闲服务;运动场馆;运动场所,080100,世茂大道世茂滨江商业街14-18号商服,松北区,126.5109123,45.8007594,126.517025,45.802824,wgs84_to_gcj02,2.6,False,,,黑龙江省哈尔滨市松北区世茂大道世茂滨江商业街14-18号商服,1
精武散打馆,景点,baidu,exact,B0G2MAWGEA,精武散打馆,科教文化服务;培训机构;培训机构|体育休闲服务;体育休闲服务场所;体育休闲服务场所,141400|080000,南京路中诺口腔门诊四楼,呼兰区,126.571892,45.8891861,126.577828,45.891094,wgs84_to_gcj02,2.8,False,,,黑龙江省哈尔滨市呼兰区南京路金诚文化学校四楼,7
通河文化公园,景点,baidu,exact,B0FFF4M7DH,通河文化公园,风景名胜;公园广场;公园,110101,通河县通河镇石油路与石英路交叉口东行150米处,通河县,128.7658446,45.9750148,128.77266,45.977099,wgs84_to_gcj02,0.0,False,,,哈尔滨市通河县滨江大街与石油路交叉口处,3
军威台球俱乐部,景点,baidu,exact,B0IDPAR8NY,军威台球俱乐部,体育休闲服务;运动场馆;台球厅,080113,群力龙湖路绿地中央广场s11栋6号门市,道里区,126.5304127,45.7031184,126.536455,45.705137,wgs84_to_gcj02,0.2,False,,,群力龙湖路绿地中央广场s11栋6号门市,2
关道坊,景点,baidu,exact,B01C30KFJC,关道坊,风景名胜;风景名胜相关;旅游景点,110000,北新街65号哈尔滨市关道遗址文化公园(不对外开放)(西南角),道外区,126.650828,45.7909786,126.656795,45.792979,wgs84_to_gcj02,5.5,False,,,哈尔滨市道外区北十八道街60号,2
中军帐,景点,baidu,exact,B0KUFCYVAJ,中军帐,风景名胜;风景名胜相关;旅游景点,110000,金源路49号哈尔滨金源文化旅游区(西北角),阿城区,126.9614414,45.4951881,126.967544,45.497229,wgs84_to_gcj02,0.3,False,,,哈尔滨市阿城区金源路49号金上京历史博物馆,1
东北农业大学-北区排球场,景点,baidu,exact,B0I64H3KVI,东北农业大学-北区排球场,体育休闲服务;运动场馆;运动场所,080100,长江路600号东北农业大学,香坊区,126.7185023,45.7477774,126.724603,45.750246,wgs84_to_gcj02,43.1,False,,,黑龙江省哈尔滨市香坊区东北农业大学北区内,1
善尚瑜伽,景点,baidu,exact,B0KD1UCTSU,善尚瑜伽,体育休闲服务;运动场馆;健身中心,080111,希望大厦5单元3楼,南岗区,126.6141005,45.7380247,126.619985,45.740045,wgs84_to_gcj02,11.1,False,,,黑龙江省哈尔滨市南岗区清明七道街35号,4
浩胜台球俱乐部,景点,baidu,exact,B0JAXC1MMM,浩胜台球俱乐部,体育休闲服务;运动场馆;台球厅,080113,群英街1352号,呼兰区,126.5212518,45.8722026,126.527982,45.872537,wgs84_to_gcj02,191.1,False,,,利民开发区学院路群英街1350号二楼,1
酷点台球棋牌室,景点,baidu,exact,B0IK7Z0YTZ,酷点台球棋牌室,体育休闲服务;娱乐场所;棋牌室,080306,哈东路33号正南方向110米融创璟园,道外区,126.708511,45.7906947,126.714645,45.792749,wgs84_to_gcj02,1.6,False,,,黑龙江省哈尔滨市道外区道口头道街121号,2
曲棍马球雕塑,景点,baidu,exact,B0KRKLC98P,曲棍马球雕塑,风景名胜;风景名胜相关;旅游景点,110000,景江西路与群力第一大道交叉口东南120米,道里区,126.5538023,45.7428692,126.55977,45.744828,wgs84_to_gcj02,0.2,False,,,哈尔滨市道里区景江东路与群力第一大道交叉口哈尔滨市金河公园,1
新区中心公园-足球场,景点,baidu,exact,B0H3JS2CK8,新区中心公园-足球场,体育休闲服务;运动场馆;足球场,080105,中源大道辅路与鑫源街交叉口西280米,松北区,126.5161287,45.8133635,126.522237,45.815392,wgs84_to_gcj02,0.7,False,,,哈尔滨市松北区中源大道与江安街交汇处西行240米新区中心公园,1
哈尔滨吉象谷陨石科普馆,景点,baidu,exact,B0KRA7DDJ1,哈尔滨吉象谷陨石科普馆,科教文化服务;科教文化场所;科教文化场所,140000,锦绣家园中区12栋102,松北区,126.5242166,45.8166444,126.530225,45.818652,wgs84_to_gcj02,5.9,False,,,哈尔滨市松北区江安街377号锦绣家园中区12栋102号,1
峰雅台球娱乐会馆,景点,baidu,exact,B0G3CS4WXQ,峰雅台球娱乐会馆,体育休闲服务;运动场馆;台球厅,080113,红旗大街289号龙珅小区B栋104号负一层,南岗区,126.6901482,45.7439858,126.696143,45.746049,wgs84_to_gcj02,8.5,False,,,红旗大街289号龙珅小区B座104号负一层,1
梦飞舞蹈,景点,baidu,exact,B0IK7C8UH9,梦飞舞蹈,科教文化服务;培训机构;培训机构,141400,龙寓高墅133号,方正县,128.8182381,45.8420182,128.824918,45.844034,wgs84_to_gcj02,6.7,False,,,黑龙江省哈尔滨市方正县红古路龙寓高墅,2
凭栏观水,景点,baidu,exact,B0FFL0UXCL,凭栏观水,风景名胜;风景名胜相关;旅游景点,110000,景江东路与群力大道交叉口北240米,道里区,126.5579285,45.7400853,126.563823,45.742465,wgs84_to_gcj02,48.0,False,,,哈尔滨市道里区群力丁香公园(景江东路东100米),1
武艺功夫馆(东风小学店),景点,baidu,exact,B0JUB59OIU,武艺功夫馆(东风小学店),体育休闲服务;运动场馆;运动场所,080100,卫生街副9-3号,香坊区,126.67892,45.7193168,126.684953,45.721326,wgs84_to_gcj02,3.2,False,,,卫生街副9-3,1
手拿把掐棋牌台球会馆,景点,baidu,exact,B0HA2CS65T,手拿把掐棋牌台球会馆,体育休闲服务;运动场馆;台球厅,080113,香海路7号,香坊区,126.6530994,45.6867504,126.659016,45.688773,wgs84_to_gcj02,6.7,False,,,香海路7号,1
呼兰历史石碑石刻,景点,baidu,exact,B0I6BCYXUJ,呼兰历史石碑石刻,风景名胜;风景名胜相关;旅游景点,110000,萧红大道228号萧红故居内(南侧),呼兰区,126.6012878,45.9735349,126.607233,45.975389,wgs84_to_gcj02,1.1,False,,,哈尔滨市呼兰区萧红大道228号萧红故居,1
阜财门,景点,baidu,exact,B01C3173YD,阜财门,风景名胜;风景名胜相关;旅游景点,110000,人民大街与甲洲路交叉口东120米,巴彦县,127.3820155,46.0794113,127.388819,46.081597,wgs84_to_gcj02,1.5,False,,,哈尔滨市巴彦县人民大街西郊公园东南侧,1
浦东健身,景点,baidu,exact,B0IGM794VQ,浦东健身,体育休闲服务;运动场馆;健身中心,080111,龙溪湾小区西侧名诚车饰2楼,尚志市,127.9983619,45.204978,128.00478,45.207131,wgs84_to_gcj02,0.3,False,,,龙溪湾小区西侧名诚车饰2楼,1
侵华日军第七三一部队士官楼遗址,景点,baidu,exact,B0FFH9BWNF,侵华日军第七三一部队士官楼遗址,风景名胜;风景名胜相关;旅游景点,110000,友协西四道街与友协大街交叉口西80米,平房区,126.6278719,45.6012563,126.633787,45.603222,wgs84_to_gcj02,0.1,False,,,哈尔滨市平房区友协西四道街中国建设银行(平房支行)西北侧约30米,1
天马广告社遗址,景点,baidu,exact,B01C31AO2I,天马广告社遗址,风景名胜;风景名胜相关;旅游景点,110000,西十五道街33号哈尔滨党史纪念馆(东南角),道里区,126.6161612,45.7662709,126.622035,45.768138,wgs84_to_gcj02,6.7,False,,,哈尔滨市道里区西十五道街33号,1
711健身工作室,景点,baidu,exact,B0LBKZPYAP,711健身工作室,体育休闲服务;运动场馆;健身中心,080111,工农街道群力第四大道1479号商务公寓C座2101室,道里区,126.5502003,45.7357554,126.556408,45.737711,wgs84_to_gcj02,17.8,False,,,黑龙江省哈尔滨市道里区群力第四大道1479号2101室,1
胜毅武道馆,景点,baidu,exact,B0H2NUEJMH,胜毅武道馆,体育休闲服务;运动场馆;运动场所,080100,征仪路331号大众嘉园小区3号楼二层一号,南岗区,126.6275293,45.6970424,126.634637,45.700569,wgs84_to_gcj02,198.2,False,,,征仪路保健路交口中央红超市二楼,2
钻石海冰雪旅拍营地,景点,baidu,exact,B0KKZAO1VR,钻石海冰雪旅拍营地(暂停营业),体育休闲服务;体育休闲服务场所;体育休闲服务场所,080000,太阳大道1458号,松北区,126.5739382,45.7673656,126.579375,45.769575,wgs84_to_gcj02,49.9,False,,,黑龙江省哈尔滨市松北区公路大桥辅路一号,1
巨人台球会馆,景点,baidu,exact,B0HA2CR48R,巨人台球会馆,体育休闲服务;运动场馆;台球厅,080113,利民东一大街美澳花园门市19号二三楼,呼兰区,126.5695836,45.8916864,126.575499,45.893395,wgs84_to_gcj02,20.2,False,,,黑龙江省哈尔滨市呼兰区利民东一大街美澳花园19号,1
莲花台,景点,baidu,exact,B0H129COX5,莲花台,风景名胜;风景名胜相关;旅游景点,110000,平坊镇益阳村香炉山国家森林公园,宾县,127.5334713,45.569323,127.539844,45.571386,wgs84_to_gcj02,0.7,False,,,哈尔滨市宾县平坊镇益阳村香炉山国家森林公园,1
哈铁学院-篮球场,景点,baidu,exact,B0MG41YLQX,哈铁学院-篮球场,体育休闲服务;运动场馆;运动场所,080100,长胜路与学城大道交叉口东北360米,平房区,126.6336932,45.5775043,126.639616,45.579472,wgs84_to_gcj02,0.8,False,,,黑龙江省哈尔滨市平房区哈南第二大道20哈尔滨铁道职业技术学院,1
宣普门,景点,baidu,exact,B01C30IYJC,宣普门,风景名胜;风景名胜相关;旅游景点,110000,黑龙江省哈尔滨市南岗区南通大街258号和普宣街交叉口,南岗区,126.66358,45.7756814,126.669494,45.777458,wgs84_to_gcj02,24.6,False,,,哈尔滨市南岗区南通大街258号(南通大街与宣普街交叉口西北50米),1
亚沟摩崖石刻,景点,baidu,exact,B0JDYAUYAH,亚沟摩崖石刻,风景名胜;风景名胜;风景名胜,110200,,阿城区,127.1360884,45.4814309,127.140965,45.484309,wgs84_to_gcj02,146.3,False,,,黑龙江省哈尔滨市阿城区亚沟街道,2
弘茂羽毛球馆(会展店),景点,baidu,exact,B0KGVMJY17,弘茂羽毛球馆,体育休闲服务;运动场馆;羽毛球场,080118,新春街道黄河路200号会展体育中心体育馆内,南岗区,126.6983138,45.752558,126.705575,45.755425,wgs84_to_gcj02,126.4,False,,,红旗大街301号会展体育中心院内一楼,1
玖贰健身,景点,baidu,exact,B0KRRZSS9K,玖贰健身,体育休闲服务;运动场馆;健身中心,080111,富力城二期BS-6栋1至2层111号商服,松北区,126.5997388,45.8279289,126.60522,45.829645,wgs84_to_gcj02,39.3,False,,,富力城二期BS-6栋1至2层111号商服,4
通河松花江公园,景点,baidu,exact,B0FFF4M7WM,通河松花江公园,风景名胜;公园广场;公园,110101,通河镇滨江大街与隆达路交叉口处西行,通河县,128.741062,45.9660956,128.750278,45.969855,wgs84_to_gcj02,263.6,False,,,哈尔滨市通河县滨江大街与隆达路交叉口处西行,3
燃动空间健身工作室(上和置地广场A座店),景点,baidu,exact,B0J27RCX2D,燃动空间健身工作室(上和置地广场A座店),体育休闲服务;运动场馆;健身中心,080111,燎原街道东大直街146号上和置地广场金座1907室,南岗区,126.6506933,45.7665652,126.656687,45.768531,wgs84_to_gcj02,0.4,False,,,上和置地金座1907,1
淬星健身俱乐部,景点,baidu,exact,B0KAUU79NO,淬星健身俱乐部,体育休闲服务;运动场馆;健身中心,080111,鑫源街545号汇锦御江湾D14门市,松北区,126.52041,45.8114082,126.526508,45.813429,wgs84_to_gcj02,0.3,False,,,鑫源街545号,1
万国洋行旧址,景点,baidu,exact,B0MU2YCD5Q,万国洋行旧址,风景名胜;风景名胜;风景名胜,110200,中央大街与红霞街交叉口南60米,道里区,126.612545,45.7721227,126.618826,45.774087,wgs84_to_gcj02,28.5,False,,,黑龙江省哈尔滨市道里区中央大街132号,2
原速健身(立特写字楼店),景点,baidu,exact,B0FFFXITIG,原速健身(立特写字楼店),体育休闲服务;运动场馆;健身中心,080111,景江西路1558号6层,道里区,126.5549314,45.7346622,126.560876,45.736384,wgs84_to_gcj02,26.2,False,,,群力景江西路1558号立特写字楼6楼,1
小铁24h自助台球棋牌(哈尔滨万达金街店),景点,baidu,exact,B0KG9S20R7,小铁24h自助台球棋牌(哈尔滨万达金街店),体育休闲服务;运动场馆;台球厅,080113,南兴街117-29号,南岗区,126.5816442,45.6971964,126.587507,45.699097,wgs84_to_gcj02,5.0,False,,,南兴街117-27号哈西万达广场,1
龍攀岩馆,景点,baidu,exact,B0K06X7D4X,龍攀岩馆,体育休闲服务;运动场馆;运动场所,080100,尤家街爱达壹号门市As7栋1号门市,南岗区,126.5948432,45.6901225,126.6009,45.692098,wgs84_to_gcj02,13.2,False,,,黑龙江省哈尔滨市南岗区尤家街爱达壹号a区as7-1号,3
W12台球棋牌俱乐部,景点,baidu,exact,B0KG251Q93,W12台球棋牌俱乐部,体育休闲服务;运动场馆;台球厅,080113,哈西大街474号17号楼20号商服w12台球棋牌俱乐部,南岗区,126.5903076,45.6991059,126.596138,45.701115,wgs84_to_gcj02,10.7,False,,,哈西大街460号,1
驻力健身(国际会展中心店),景点,baidu,exact,B0HD44FMIY,驻力健身(国际会展中心店),体育休闲服务;运动场馆;健身中心,080111,华鸿路7号,南岗区,126.6998183,45.7459174,126.705873,45.748013,wgs84_to_gcj02,6.9,False,,,华鸿路7号（金色莱茵会所）,1
QINXINYOGA(松北世茂大道店),景点,baidu,exact,B0KAVSBTR6,QINXINYOGA,购物服务;购物相关场所;购物相关场所,060000,新湾路269号北岸明珠,松北区,126.5433431,45.8020414,126.549341,45.803973,wgs84_to_gcj02,3.6,False,,,黑龙江省哈尔滨市松北区新湾路269号,1
麻公社24小时自助棋牌台球俱乐部,景点,baidu,exact,B0J3DMG4A2,麻公社24小时自助棋牌台球俱乐部,体育休闲服务;运动场馆;台球厅,080113,承旭路与腾达大街交叉口东南220米,双城区,126.3118075,45.383898,126.31799,45.386093,wgs84_to_gcj02,6.5,False,,,黑龙江省哈尔滨市双城区承旭路丽景人家27号商服,1
双子山原始森林公园,景点,baidu,exact,B01C30J3Y2,双子山原始森林公园,风景名胜;公园广场;公园,110101,德善乡008乡道东50米,方正县,129.0061255,45.6629976,129.01366,45.665511,wgs84_to_gcj02,51.2,False,,,哈尔滨市方正县林业局宝兴林场施业区,2
武圣庙,景点,baidu,exact,B01C3172OB,武圣庙,风景名胜;风景名胜;寺庙道观,110205,太古街79号,道外区,126.6570136,45.7835853,126.663026,45.785554,wgs84_to_gcj02,0.1,False,,,黑龙江省哈尔滨市道外区太古街79号8单元302号,3
黄土山景区,景点,baidu,exact,B01C30I5LN,黄土山景区,风景名胜;风景名胜相关;旅游景点,110000,二八镇,呼兰区,127.0376476,46.0605273,127.044191,46.062647,wgs84_to_gcj02,0.1,False,,,黑龙江省哈尔滨市呼兰区二八镇,1
然诺健身工作室,景点,baidu,exact,B0I1L7LTCY,然诺健身工作室,体育休闲服务;运动场馆;健身中心,080111,东大直街261号深业大厦27楼B,南岗区,126.6418703,45.7607253,126.647875,45.762725,wgs84_to_gcj02,6.3,False,,,东大直街261号深业大厦27层B,1
速八台球俱乐部,景点,baidu,exact,B0K29MU8KC,速八台球俱乐部,体育休闲服务;运动场馆;台球厅,080113,闽江路232号,南岗区,126.6863408,45.7461104,126.692372,45.748155,wgs84_to_gcj02,4.6,False,,,闽江路232号,2
明慧滩,景点,baidu,exact,B0FFKZF91U,明慧滩,风景名胜;风景名胜;风景名胜,110200,,呼兰区,127.0339165,46.0471758,127.039995,46.049297,wgs84_to_gcj02,34.5,False,,,黑龙江省哈尔滨市呼兰区滨水大道,1
翠溪公园,景点,baidu,exact,B0FFM4UZTN,翠溪公园,风景名胜;公园广场;公园,110101,群力第六大道与群力第七大道中间路段景江西路至丽江路途径兴江路毗邻群力医大一院,道里区,126.5574045,45.7269542,126.563362,45.72891,wgs84_to_gcj02,0.1,False,,,黑龙江省哈尔滨市道里区群力第七大道,1
玩铁健身俱乐部,景点,baidu,exact,B0FFHBNYWL,玩铁健身俱乐部,体育休闲服务;运动场馆;健身中心,080111,学兴路60号科大小区504栋,南岗区,126.6225009,45.7136935,126.628428,45.715627,wgs84_to_gcj02,0.4,False,,,学兴路科大安居小区504栋,2
777乔氏台球棋牌(爱达88店),景点,baidu,exact,B0HKFR25HA,777乔氏台球棋牌(旗舰店),体育休闲服务;运动场馆;台球厅,080113,和谐大道91号,南岗区,126.5794228,45.7067079,126.585278,45.708657,wgs84_to_gcj02,4.9,False,,,和谐大道91号爱达·88小区,10
领域台球俱乐部,景点,baidu,exact,B0L30HLNXX,领域台球俱乐部,体育休闲服务;运动场馆;台球厅,080113,山河镇早根超市二楼领域台球俱乐部,五常市,126.6796846,45.7860173,127.212878,44.710595,wgs84_to_gcj02,126711.6,True,,,太平南三道街8号,2
中国雪谷延寿山景区,景点,baidu,exact,B0LBSDSFR9,中国雪谷延寿山景区,风景名胜;风景名胜;国家级景点,110202,中国雪谷,五常市,128.134203,44.3887613,128.140772,44.39104,wgs84_to_gcj02,5.5,False,,,哈尔滨市五常市山河屯林业局东升林场中国雪谷,3
悠途瑜伽普拉提Youtu(哈西店),景点,baidu,exact,B0FFLFOMBM,悠途瑜伽普拉提Youtu(爱建店),体育休闲服务;运动场馆;健身中心,080111,盛世江南5号楼(上海街地铁站2号口步行450米),道里区,126.5813751,45.6937877,126.596888,45.762769,wgs84_to_gcj02,7492.6,True,,,哈西金爵万象写字楼1期3号楼1522室,4
W台球会馆,景点,baidu,exact,B0J2S5FZ7U,W台球会馆,体育休闲服务;运动场馆;台球厅,080113,群力第五大道1159号4F,道里区,126.558477,45.7337168,126.564435,45.735672,wgs84_to_gcj02,0.5,False,,,群力第五大道1159号F4,10
一号线运动馆,景点,baidu,exact,B0KRFZH9PV,一号线运动馆,体育休闲服务;运动场馆;综合体育馆,080101,学府路287号院内E区007房屋,南岗区,126.606058,45.6692931,126.611955,45.671233,wgs84_to_gcj02,0.6,False,,,王岗镇学府路287号(橙色综合楼),2
久辉台球俱乐部,景点,baidu,exact,B0KKO7MUI0,久辉台球俱乐部,体育休闲服务;运动场馆;台球厅,080113,哈药路87号,道里区,126.6033059,45.7478528,126.609163,45.749736,wgs84_to_gcj02,5.5,False,,,黑龙江省哈尔滨市道里区哈药路87号,1
栖凤台,景点,baidu,exact,B0FFGCHYQ0,栖凤台,风景名胜;风景名胜相关;旅游景点,110000,警备路3号太阳岛风景区内,松北区,126.5918977,45.7871857,126.597656,45.789172,wgs84_to_gcj02,15.3,False,,,警备路3号太阳岛风景区内,2
乔氏台球,景点,baidu,exact,B0FFI5T4OP,乔氏台球,体育休闲服务;运动场馆;台球厅,080113,安升街与安静街交叉口西北40米,道里区,126.6464623,45.7647693,126.613567,45.760827,wgs84_to_gcj02,3086.2,True,,,辽阳街66号,10
滑启感统轮滑(哈尔滨银泰城购物中心店),景点,baidu,exact,B0KA54AI6A,滑启感统轮滑,体育休闲服务;运动场馆;运动场所,080100,群力大道2399号银泰城购物中心B1层b1-2号,道里区,126.5332282,45.7333301,126.539188,45.735611,wgs84_to_gcj02,31.2,False,,,群力大道2399号银泰城购物中心B1层b1-2号,1
千尚台球俱乐部,景点,baidu,exact,B0LB7CFHRK,千尚台球俱乐部,体育休闲服务;运动场馆;台球厅,080113,嗨梦商业大厦三楼,松北区,126.5213359,45.806867,126.527028,45.809087,wgs84_to_gcj02,38.5,False,,,嗨梦商业大厦3楼,1
哈尔滨伯乐汇马术俱乐部,景点,baidu,exact,B0KDO7XG0Q,哈尔滨伯乐汇马术俱乐部,体育休闲服务;运动场馆;马术俱乐部,080115,古兰滩东南侧310米,松北区,126.5446041,45.7657935,126.550623,45.76779,wgs84_to_gcj02,3.3,False,,,黑龙江省哈尔滨市松北区古兰滩东南侧310米,1
香坊清真寺(嵩山路),景点,baidu,exact,B01C304VZU,香坊清真寺,风景名胜;风景名胜;回教寺,110207,嵩山路附4(珠江路地铁站2号口步行420米),香坊区,126.6808782,45.7367998,126.686977,45.738835,wgs84_to_gcj02,2.2,False,,,哈尔滨市香坊区嵩山路副4号,6
乔氏台球会馆(世贸大道店),景点,baidu,exact,B0HUXULV9L,乔氏台球会馆(世贸大道店),体育休闲服务;运动场馆;台球厅,080113,世茂大道221-2世纪花园B区2号门,松北区,126.5149198,45.8054862,126.520861,45.807465,wgs84_to_gcj02,15.3,False,,,世茂大道221-2号,2
哈尔滨市人民体育馆,景点,baidu,exact,B01C303FMQ,哈尔滨市人民体育馆,体育休闲服务;运动场馆;综合体育馆,080101,八区街24号,道外区,126.6340181,45.7657911,126.64008,45.767734,wgs84_to_gcj02,8.5,False,,,黑龙江省哈尔滨市道外区八区街1号,10
英杰世嘉射击场,景点,baidu,exact,B0FFIIIAJP,英杰世嘉射击场,体育休闲服务;运动场馆;户外健身场所,080108,宾州镇英杰风景区内,宾县,127.3467411,45.6664461,127.35327,45.668743,wgs84_to_gcj02,11.1,False,,,黑龙江省哈尔滨市宾县友联村杨家屯(英杰温泉风景区),1
时刻健身普拉提工作室,景点,baidu,exact,B0J2LD1Y1A,时刻健身普拉提工作室,体育休闲服务;运动场馆;健身中心,080111,岷山路137号,道里区,126.5077972,45.7196346,126.513985,45.721626,wgs84_to_gcj02,10.6,False,,,岷山路137号,1
海盗格格健身,景点,baidu,exact,B0K2AUT45H,海盗格格健身,体育休闲服务;运动场馆;健身中心,080111,四方台大道526号10楼,道里区,126.5440046,45.7136706,126.55,45.71566,wgs84_to_gcj02,0.5,False,,,哈尔滨市四方台大道526号10层,1
菲乐室内蹦极(关东古巷店王府井店),景点,baidu,exact,B0K07RKHBU,菲乐室内蹦极(关东古巷店王府井店),体育休闲服务;体育休闲服务场所;体育休闲服务场所,080000,群力第五大道关东古巷1层,道里区,126.5596757,45.731746,126.564825,45.734625,wgs84_to_gcj02,120.7,False,,,第五大道关东古巷1层,1
唯雅瑜伽,景点,baidu,exact,B0JDX5J5RG,唯雅瑜伽,体育休闲服务;运动场馆;健身中心,080111,东直路118号(太平桥地铁站1号口旁),道外区,126.6710272,45.7819994,126.677078,45.783998,wgs84_to_gcj02,0.3,False,,,南通大街118号润达国际B座2401室,4
记风休闲台球,景点,baidu,exact,B0IDAC21KA,记风休闲台球,体育休闲服务;运动场馆;台球厅,080113,革新街226-2号,南岗区,126.645825,45.7449327,126.651781,45.746973,wgs84_to_gcj02,9.1,False,,,革新街226-2号,1
完美状态健身(顾新路店),景点,baidu,exact,B0KBRAKJ04,完美状态健身(顾新路店),体育休闲服务;运动场馆;健身中心,080111,顾新路450号福顺尚景小区口右侧,道里区,126.584765,45.726366,126.590679,45.728292,wgs84_to_gcj02,0.4,False,,,顾新路450号福顺尚景小区门口新天地超市二楼及三楼,1
日本驻哈尔滨领事官邸旧址,景点,baidu,exact,B0FFFAK99W,日本驻哈尔滨领事官邸旧址,风景名胜;风景名胜;纪念馆,110204,果戈里大街298号,南岗区,126.6443236,45.7554199,126.650222,45.757382,wgs84_to_gcj02,5.9,False,,,哈尔滨市南岗区果戈里大街298号,1
太阳岛风景区-东北抗日联军纪念园,景点,amap,exact,B01C30IUX3,太阳岛风景区-东北抗日联军纪念园,风景名胜;风景名胜;纪念馆,110204,警备路3号太阳岛风景区内(东侧),松北区,126.608067,45.790589,126.608067,45.790589,identity,0.0,False,,,警备路3号太阳岛风景区内(东侧),2
哈军工纪念馆,景点,amap,exact,B0FFFAL1QB,哈军工纪念馆,风景名胜;风景名胜;纪念馆,110204,燎原街道燎原街道燎原街道燎原街道燎原街道哈尔滨工程大学世昌路5号,南岗区,126.68422,45.77575,126.68422,45.77575,identity,0.0,False,,,燎原街道燎原街道燎原街道燎原街道燎原街道哈尔滨工程大学世昌路5号,3
东北烈士纪念馆,景点,amap,exact,B01C302AC5,东北烈士纪念馆,风景名胜;风景名胜;纪念馆,110204,一曼街241号,南岗区,126.642535,45.765849,126.642535,45.765849,identity,0.0,False,,,一曼街241号,6
亚布力滑雪温泉森林别墅,景点,amap,exact,B0G3AXK9S3,亚布力滑雪温泉森林别墅,住宿服务;住宿服务相关;住宿服务相关,100000,亚布力滑雪场青云小镇西五街四栋,尚志市,128.506125,44.756625,128.506125,44.756625,identity,0.0,False,,,亚布力滑雪场青云小镇西五街四栋,3
赵尚志烈士革命活动旧址,景点,baidu,exact,B0FFFAKX3J,赵尚志烈士革命活动旧址,风景名胜;风景名胜相关;旅游景点,110000,邮政街341号(铁路局地铁站2号口步行400米),南岗区,126.6271559,45.7508075,126.633091,45.752737,wgs84_to_gcj02,0.3,False,,,哈尔滨市南岗区邮政街341号,1
哈尔滨工业大学体育馆,景点,baidu,exact,B01C30K995,哈尔滨工业大学体育馆,体育休闲服务;运动场馆;综合体育馆,080101,校园路10-3号,南岗区,126.6243628,45.7408479,126.630297,45.742815,wgs84_to_gcj02,4.0,False,,,黑龙江省哈尔滨市南岗区西大直街92号文道街39号,10
红场美术馆,景点,baidu,exact,B0FFI6NQE2,红场美术馆,科教文化服务;美术馆;美术馆,140400,和谐大道300号,南岗区,126.5846107,45.701616,126.590571,45.703554,wgs84_to_gcj02,4.2,False,,,黑龙江省哈尔滨市南岗区哈西大街299号红博·西城红场F1,10
型动健身工作室,景点,baidu,exact,B0IASCNTG6,型动健身工作室,体育休闲服务;运动场馆;健身中心,080111,自兴街10号(学府路地铁站出入口步行390米),南岗区,126.6011431,45.719089,126.607104,45.721026,wgs84_to_gcj02,4.6,False,,,黑龙江省哈尔滨市南岗区自兴街12号-4,1
UOO科技健身会馆(滨才熹街商场店),景点,baidu,exact,B0FFJNK5QO,UOO科技健身会馆(滨才熹街商场店),体育休闲服务;运动场馆;健身中心,080111,学院路800号,呼兰区,126.5072537,45.8731095,126.51308,45.875328,wgs84_to_gcj02,33.1,False,,,学院路新大地电子商场4楼,1
5%冰城铁馆,景点,baidu,exact,B0L66DCPU9,5%冰城铁馆,体育休闲服务;体育休闲服务场所;体育休闲服务场所,080000,新阳路371号4楼,道里区,126.5997235,45.746619,126.605629,45.748533,wgs84_to_gcj02,0.3,False,,,新阳路371号（近新阳路与建议街交叉口）,10
星际台球俱乐部,景点,baidu,exact,B0J3ROZGZC,星际台球俱乐部,体育休闲服务;运动场馆;台球厅,080113,群力第四大道998号,道里区,126.5459544,45.7350859,126.551943,45.737066,wgs84_to_gcj02,0.6,False,,,群力第四大道998号星际台球俱乐部,5
琪林台球俱乐部,景点,baidu,exact,B0K3PL03AO,琪林台球俱乐部,体育休闲服务;运动场馆;台球厅,080113,恒大时代广场S3-1栋04号,香坊区,126.7444715,45.7157528,126.750608,45.717891,wgs84_to_gcj02,5.5,False,,,恒大时代广场1期S3-1栋04号,2
合瑜伽普拉提生活馆(恒大国际中心店),景点,baidu,exact,B0JDHLYZ6C,合瑜伽普拉提生活馆(恒大国际中心店),体育休闲服务;运动场馆;健身中心,080111,群力大道第7栋2层29号房、2-3层30号房,道里区,126.5593271,45.7366646,126.565157,45.738611,wgs84_to_gcj02,9.7,False,,,群力第四大道恒大国际中心7栋29号,1
百分百24小时健身(南岗社区店),景点,baidu,exact,B0LG3RF0OV,百分百24小时健身,体育休闲服务;运动场馆;健身中心,080111,宁江胡同与鞍山街交叉口南20米,南岗区,126.6456208,45.7616881,126.651625,45.763575,wgs84_to_gcj02,7.8,False,,,鞍山街74号(夕子超市院内)（医大一院地铁口附近 中国银行附近）,10
燃火篮球馆,景点,baidu,exact,B0JR17UWXA,燃火篮球馆,体育休闲服务;运动场馆;篮球场馆,080104,景阳街322号A座4楼,道外区,126.6322547,45.7780832,126.638222,45.780103,wgs84_to_gcj02,10.0,False,,,景阳街322号A座4楼,1
汇丰银行哈尔滨分行旧址,景点,baidu,exact,B01C3181MG,汇丰银行哈尔滨分行旧址,风景名胜;风景名胜相关;旅游景点,110000,兆麟街37号,道里区,126.621284,45.7660126,126.6272,45.76796,wgs84_to_gcj02,3.1,False,,,哈尔滨市道里区兆麟街37号,1
双城状元湖,景点,baidu,exact,B0FFLIPH4Y,双城状元湖,风景名胜;风景名胜相关;旅游景点,110000,承旭公园内(南侧),双城区,126.3307153,45.3598555,126.337317,45.361635,wgs84_to_gcj02,55.4,False,,,黑龙江省哈尔滨市双城区承旭公园内,3
冰城岩舞空间攀岩俱乐部,景点,baidu,exact,B0HUODH6SY,冰城岩舞空间攀岩俱乐部,风景名胜;风景名胜相关;旅游景点,110000,景江东路899号王府井购物中心一楼中庭,道里区,126.5608996,45.7320389,126.566916,45.733982,wgs84_to_gcj02,5.2,False,,,工农街道王府井购物中心6号门1F,2
梦幻健身工作室,景点,baidu,exact,B0HAC1WBYX,梦幻健身工作室,体育休闲服务;运动场馆;健身中心,080111,健兴路155号1-2层1号商服,南岗区,126.6224128,45.6824076,126.628252,45.684465,wgs84_to_gcj02,14.1,False,,,健兴路155号1-2层1号商服,1
乔氏台球(军安绿色家园店),景点,baidu,exact,B0FFI5T4OP,乔氏台球,体育休闲服务;运动场馆;台球厅,080113,安升街与安静街交叉口西北40米,道里区,126.5492948,45.8174085,126.613567,45.760827,wgs84_to_gcj02,7922.7,True,,,船口街道(松北世贸大道)文汇路399号,10
JJ台球汇,景点,baidu,exact,B0KB6C9KCQ,JJ台球汇,体育休闲服务;运动场馆;台球厅,080113,王子小区西北侧,南岗区,126.6626195,45.7647732,126.668586,45.766807,wgs84_to_gcj02,7.1,False,,,宣化街465号,10
圣·索菲亚教堂,景点,amap,exact,B01C305G2A,圣·索菲亚教堂,风景名胜;风景名胜;教堂,110206,透笼街129号,道里区,126.627215,45.770125,126.627215,45.770125,identity,0.0,False,,,透笼街88号,10
凯德广场·学府,景点,amap,exact,B01C3187WF,凯德广场·学府,购物服务;商场;购物中心,060101,学府路1-1号(学府路地铁站出入口旁),南岗区,126.608948,45.721232,126.608948,45.721232,identity,0.0,False,,,学府路1-1号,10
亚布力玖间度假别墅(滑雪旅游度假区店),景点,amap,exact,B0K63GRAWQ,亚布力玖间度假别墅(滑雪旅游度假区店),住宿服务;住宿服务相关;住宿服务相关,100000,亚布力青云小镇西二街与沿河路交叉口西30米路南,尚志市,128.503439,44.760439,128.503439,44.760439,identity,0.0,False,,,亚布力青云小镇西二街与沿河路交叉口西30米路南,1
嘉毅客栈(中国雪谷风景区店),景点,amap,exact,B0FFGE2YN0,嘉毅客栈(中国雪谷风景区店),住宿服务;住宿服务相关;住宿服务相关,100000,山河屯林业局东升林场(大河身经营所),五常市,128.129358,44.392284,128.129358,44.392284,identity,0.0,False,,,山河屯林业局东升林场(大河身经营所),1
墅云居·Travel休闲度假民宿(亚布力滑雪旅游度假区店),景点,amap,exact,B0J3SA0P6M,墅云居·Travel休闲度假民宿(亚布力滑雪旅游度假区店),住宿服务;旅馆招待所;旅馆招待所,100200,青云小镇青云路好灶头铁锅炖东北50米处,尚志市,128.506761,44.75657,128.506761,44.75657,identity,0.0,False,,,青云小镇青云路好灶头铁锅炖东北50米处,1
亚布力·沁园春lce and Snow World·轻奢别墅(亚布力南站店),景点,amap,exact,B0FFHM5O3S,亚布力·沁园春lce and Snow World·轻奢别墅(亚布力南站店),住宿服务;宾馆酒店;宾馆酒店,100100,亚布力镇大青山村雪山路8号,尚志市,128.504098,44.796135,128.504098,44.796135,identity,0.0,False,,,亚布力镇大青山村雪山路8号,1
亚布力梵山雪麓民宿,景点,amap,exact,B0L0BRVLB6,亚布力梵山雪麓民宿,住宿服务;住宿服务相关;住宿服务相关,100000,亚布力镇青山村亚布力晶一晶雪服店东北100米,尚志市,128.504625,44.794625,128.504625,44.794625,identity,0.0,False,,,亚布力镇青山村亚布力晶一晶雪服店东北100米,1
万达广场(哈尔滨哈西店),景点,amap,exact,B01C317CMV,万达广场(哈尔滨哈西店),购物服务;商场;购物中心,060101,中兴大道168号(凯盛源广场地铁站1号口旁),南岗区,126.587039,45.700398,126.587039,45.700398,identity,0.0,False,,,中兴大道168号(凯盛源广场地铁站1号口旁),10
哈尔滨中央大街,景点,amap,exact,B0FFGDXA74,哈尔滨中央大街,购物服务;特色商业街;特色商业街|风景名胜;风景名胜相关;旅游景点,061000|110000,中央大街1号,道里区,126.617682,45.774835,126.617682,45.774835,identity,0.0,False,,,中央大街1号,10
亚布力青年雪鼎山庄,景点,amap,exact,B0FFJD4VV8,亚布力青年雪鼎山庄,住宿服务;住宿服务相关;住宿服务相关,100000,尚志亚布力滑雪场旅游度假区金牌大道85号,尚志市,128.488157,44.789857,128.488157,44.789857,identity,0.0,False,,,尚志亚布力滑雪场旅游度假区金牌大道85号,4
亚布力壹号别院民宿,景点,amap,exact,B0L32L4TFA,亚布力壹号别院民宿,住宿服务;旅馆招待所;旅馆招待所,100200,亚布力镇护林街与绥满公路交叉路口东南约70米,尚志市,128.621798,44.932548,128.621798,44.932548,identity,0.0,False,,,亚布力镇护林街与绥满公路交叉路口东南约70米,1
领骁射击,景点,baidu,exact,B0MAZACIQZ,领骁射击,体育休闲服务;运动场馆;运动场所,080100,群力大道与兴江路交叉口西南100米,道里区,126.5772153,45.6971973,126.549575,45.738075,wgs84_to_gcj02,5053.3,True,,,城安街20号（唤醒养生院内2楼）,1
动曼健身(哈西商厦店),景点,baidu,exact,B0JK5CCS7A,动曼健身(哈西商厦店),体育休闲服务;运动场馆;健身中心,080111,中兴大道99号哈西商厦负1-2七天宾馆旁,南岗区,126.6046777,45.7033385,126.610444,45.705145,wgs84_to_gcj02,17.1,False,,,中兴大道99号哈西商厦负1-2七天宾馆旁,1
动曼健身(学院路店),景点,baidu,exact,B0KRN1J6GC,动曼健身(学院路黑金店),体育休闲服务;运动场馆;健身中心,080111,家得乐商城北门东90米,呼兰区,126.5460187,45.8684277,126.552032,45.870363,wgs84_to_gcj02,0.1,False,,,利民开发区学院路志华地下商场地下E区,1
小铁24h自助台球(哈尔滨中兴大道店),景点,baidu,exact,B0KUHLJYT3,小铁24h自助台球(哈尔滨中兴大道店),体育休闲服务;运动场馆;台球厅,080113,中兴大街165号,南岗区,126.5904502,45.7009872,126.596358,45.702915,wgs84_to_gcj02,0.3,False,,,中兴大道165号,2
北境台球俱乐部,景点,baidu,exact,B0JKVZM6I8,北境台球俱乐部,体育休闲服务;运动场馆;台球厅,080113,学海街1641号门市二楼,松北区,126.5539887,45.8165713,126.559975,45.818509,wgs84_to_gcj02,0.5,False,,,学海街1641号门市二楼,2
谈小娱24h自助台球(万达金街店),景点,baidu,exact,B0K3YXH2AH,谈小娱24h自助台球(万达金街店),体育休闲服务;运动场馆;台球厅,080113,万隆路38号新天地超市3楼,南岗区,126.5861103,45.6983243,126.591822,45.700226,wgs84_to_gcj02,15.4,False,,,万隆路38号新天地3楼,1
启航体育羽毛球馆,景点,baidu,exact,B0K0DDBU0G,启航体育羽毛球馆,体育休闲服务;运动场馆;羽毛球场,080118,朝阳新路301号鼎丰货场院内右转100米,香坊区,126.6616569,45.6851612,126.667663,45.687165,wgs84_to_gcj02,0.2,False,,,朝阳新路301号鼎丰货场院内右转100米,1
乔氏仁琦台球,景点,baidu,exact,B0K6YH9OD6,乔氏仁琦台球,体育休闲服务;运动场馆;台球厅,080113,三辅街副128-2号,香坊区,126.6710485,45.7296924,126.676984,45.731676,wgs84_to_gcj02,8.8,False,,,三辅街副128-2号,1
贰叁捌健身俱乐部,景点,baidu,exact,B0JDOMG467,贰叁捌健身俱乐部,体育休闲服务;运动场馆;健身中心,080111,银河小区15栋9号商服,松北区,126.5534367,45.8149212,126.559533,45.816857,wgs84_to_gcj02,8.8,False,,,学海街银河小区东门15号楼9号商服,1
艾斯尔轮滑滑冰俱乐部,景点,baidu,exact,B0LKKLO4UC,艾斯尔轮滑滑冰俱乐部,体育休闲服务;运动场馆;运动场所,080100,黄灿路与智谷大街交叉口西80米,松北区,126.5007309,45.81784,126.464319,45.80271,wgs84_to_gcj02,3815.7,True,,,哈尔滨市冰上运动中心,2
吾空台球(欧洲新城店),景点,baidu,exact,B0I0YZUZ87,吾空台球(欧洲新城店),体育休闲服务;运动场馆;台球厅,080113,新阳路504号,道里区,126.5960655,45.7414348,126.601976,45.743354,wgs84_to_gcj02,0.4,False,,,新阳路506号,1
东北虎林园,景点,amap,exact,B01C30J5FG,东北虎林园,风景名胜;风景名胜;风景名胜,110200,松北街88号,松北区,126.60065,45.817483,126.60065,45.817483,identity,0.0,False,,,松北街88号,10
遇见汤泉,景点,amap,exact,B0K0JSCXMF,遇见汤泉,生活服务;洗浴推拿场所;洗浴推拿场所,071400,群力第七大道B45栋-2层01,道里区,126.549897,45.720266,126.549897,45.720266,identity,0.0,False,,,群力第七大道B45栋-2层01,1
索菲亚广场,景点,amap,exact,B01C30J89Z,索菲亚广场,风景名胜;公园广场;城市广场,110105,透笼街88号,道里区,126.627081,45.770624,126.627081,45.770624,identity,0.0,False,,,透笼街88号,10
万达广场(哈尔滨香坊店),景点,amap,exact,B01C30J2B4,万达广场(哈尔滨香坊店),购物服务;商场;购物中心,060101,衡山路17号,香坊区,126.67817,45.740403,126.67817,45.740403,identity,0.0,False,,,衡山路17号,10
杉杉奥特莱斯广场·哈尔滨,景点,amap,exact,B0FFF01N01,杉杉奥特莱斯广场·哈尔滨,购物服务;商场;购物中心,060101,利民大道555号,呼兰区,126.559329,45.876294,126.559329,45.876294,identity,0.0,False,,,利民大道555号,10
万达影城(哈尔滨香坊万达广场店),景点,amap,exact,B0FFFPMLQJ,万达影城(哈尔滨香坊万达广场店),体育休闲服务;影剧院;电影院,080601,衡山路17-1号万达广场4层,香坊区,126.677879,45.739477,126.677879,45.739477,identity,0.0,False,,,衡山路17-1号万达广场4层,3
希岸Deluxe酒店(哈尔滨哈西高铁站万达广场店),景点,amap,exact,B0KKGAC7FK,希岸Deluxe酒店(哈尔滨哈西高铁站万达广场店),住宿服务;宾馆酒店;宾馆酒店,100100,哈尔滨大街685号,南岗区,126.58971,45.691762,126.58971,45.691762,identity,0.0,False,,,哈尔滨大街685号,2
哈尔滨站,景点,amap,exact,B01C300049,哈尔滨站,交通设施服务;火车站;火车站,150200,铁路街1号,南岗区,126.63269,45.761621,126.63269,45.761621,identity,0.0,False,,,铁路街1号,10
哈药六版画博物馆,景点,amap,exact,B01C30J5UO,哈药六版画博物馆,科教文化服务;博物馆;博物馆,140100,南直路326号,道外区,126.704433,45.764998,126.704433,45.764998,identity,0.0,False,,,南直路326号,7
花筑·西柚度假民宿(哈尔滨冰雪大世界店),景点,amap,exact,B0KKDAYZOQ,花筑·西柚度假民宿(哈尔滨冰雪大世界店),住宿服务;住宿服务相关;住宿服务相关,100000,龙江第一村525栋1号,松北区,126.582384,45.820457,126.582384,45.820457,identity,0.0,False,,,龙江第一村525栋1号,1
如家商旅酒店(哈尔滨中央大街步行街店),景点,amap,exact,B0KBPCWYL5,如家商旅酒店(哈尔滨中央大街步行街店),住宿服务;宾馆酒店;宾馆酒店,100100,西头道街38号,道里区,126.61915,45.777038,126.61915,45.777038,identity,0.0,False,,,西头道街38号,8
亚布力富丽山居民宿,景点,amap,exact,B0K30DYIEE,亚布力富丽山居民宿,商务住宅;商务住宅相关;商务住宅相关,120000,金牌大道78号,尚志市,128.481024,44.784097,128.480833,44.784164,identity,16.8,False,,,亚布力金牌大道亚雪旅游集团西北100米,1
亚布力友所居温泉民宿,景点,amap,exact,B0MRHCEO2A,亚布力友所居温泉民宿,住宿服务;住宿服务相关;住宿服务相关,100000,森林公园派出所南150米,尚志市,128.506821,44.756674,128.506821,44.756674,identity,0.0,False,,,森林公园派出所南150米,1
野有故里设计师民宿,景点,amap,exact,B0FFMAXS0Q,野有故里设计师民宿,住宿服务;住宿服务相关;住宿服务相关,100000,亚布力滑雪场青云小镇A区,尚志市,128.505011,44.754488,128.505011,44.754488,identity,0.0,False,,,亚布力滑雪场青云小镇A区,1
花筑·栖禧民宿(雪谷风景区店),景点,amap,exact,B0L0SHJ7D8,花筑·栖禧民宿(雪谷风景区店),住宿服务;旅馆招待所;旅馆招待所,100200,山河屯林业局东升委1组31号,五常市,128.124691,44.397248,128.124691,44.397248,identity,0.0,False,,,山河屯林业局东升委1组31号,1
琪瑞酒店(哈尔滨太平国际机场店),景点,amap,exact,B0FFK4D1GU,琪瑞酒店(哈尔滨太平国际机场店),住宿服务;宾馆酒店;宾馆酒店,100100,立功村,道里区,126.280376,45.633397,126.280376,45.633397,identity,0.0,False,,,立功村,3
哈尔滨市兆麟公园,景点,amap,exact,B01C302ABE,哈尔滨市兆麟公园,风景名胜;公园广场;公园,110101,森林街41号,道里区,126.622915,45.777327,126.622915,45.777327,identity,0.0,False,,,森林街41号,10
麦当劳(中华巴洛克餐厅),景点,amap,exact,B0LALHGJ4Y,麦当劳(中华巴洛克餐厅),餐饮服务;快餐厅;麦当劳,050302,靖宇街421-425号,道外区,126.637281,45.782374,126.637281,45.782374,identity,0.0,False,,,靖宇街421-425号,1
如家商旅酒店(哈尔滨中央大街地铁站安国街店),景点,amap,exact,B01C30IU28,如家商旅酒店(哈尔滨中央大街地铁站安国街店),住宿服务;宾馆酒店;经济型连锁酒店,100105,安国街76号,道里区,126.613193,45.763247,126.613193,45.763247,identity,0.0,False,,,安国街76号,1
上和臻品中国菜(花园街店),景点,amap,exact,B01C319FPX,上和臻品中国菜(花园街店),餐饮服务;中餐厅;海鲜酒楼,050119,花园街附38-6号,南岗区,126.664952,45.771002,126.665003,45.770887,identity,13.4,False,,,花园街附38-6号,2
音乐长廊,景点,amap,exact,B01C31ATCU,音乐长廊,风景名胜;公园广场;城市广场,110105,工农街道群力街道盛和天下S3号楼,道里区,126.55848,45.750571,126.55848,45.750571,identity,0.0,False,,,工农街道群力街道盛和天下S3号楼,4
亚布力良栖青云民宿,景点,amap,exact,B0FFLI9NT4,亚布力良栖青云民宿,住宿服务;旅馆招待所;旅馆招待所,100200,亚布力青云小镇东三街,尚志市,128.506864,44.75401,128.506864,44.75401,identity,0.0,False,,,亚布力青云小镇东三街,1
亚布力芳源李·1897民宿,景点,amap,exact,B0K0Y7IW41,亚布力芳源李·1897民宿,住宿服务;旅馆招待所;旅馆招待所,100200,青云小镇西14街1号,尚志市,128.503328,44.750981,128.503328,44.750981,identity,0.0,False,,,青云小镇西14街1号,2
哈尔滨西站万达广场中心桔子水晶酒店,景点,amap,exact,B0FFL4B1SY,哈尔滨西站万达广场中心桔子水晶酒店,住宿服务;宾馆酒店;宾馆酒店,100100,中兴大道579号,南岗区,126.585465,45.701752,126.585465,45.701752,identity,0.0,False,,,中兴大道579号靠近凯盛源广场(地铁站),3
哈尔滨松花江冰雪嘉年华(暂停营业),景点,amap,exact,B0KKJ7P8AH,哈尔滨松花江冰雪嘉年华(暂停营业),体育休闲服务;体育休闲服务场所;体育休闲服务场所,080000,中央大街259-7号,道里区,126.616886,45.781086,126.616886,45.781086,identity,0.0,False,,,中央大街259-7号,1
如家酒店(哈尔滨香坊万达广场龙塔店),景点,amap,exact,B0KROASDC8,如家酒店(哈尔滨国际会展中心龙塔店),住宿服务;宾馆酒店;宾馆酒店,100100,鸿翔路27号,南岗区,126.673868,45.744397,126.673868,45.744397,identity,0.0,False,,,鸿翔路27号,1
中华巴洛克历史文化街区,景点,amap,exact,B0FFFX17PB,中华巴洛克历史文化街区,风景名胜;风景名胜;国家级景点|购物服务;购物相关场所;购物相关场所,110202|060000,南头道街64号,道外区,126.640729,45.781791,126.640729,45.781791,identity,0.0,False,,,南头道街64号,10
名都滑雪场(暂停营业),景点,amap,exact,B0FFFU1QZI,名都滑雪场(暂停营业),体育休闲服务;运动场馆;滑雪场,080106,三合路名都滑雪场,香坊区,126.657416,45.664157,126.657416,45.664157,identity,0.0,False,,,三合路名都滑雪场,1
哈尔滨冰雪大世界,景点,amap,exact,B01C317HZ0,哈尔滨冰雪大世界,风景名胜;风景名胜;风景名胜,110200,太阳大道1458号,松北区,126.562459,45.777005,126.562459,45.777005,identity,0.0,False,,,太阳大道1458号,10
哈尔滨市人民防洪胜利纪念塔,景点,amap,exact,B01C30I9EP,哈尔滨市人民防洪胜利纪念塔,风景名胜;风景名胜;风景名胜,110200,友谊路259-7号,道里区,126.617203,45.780654,126.617203,45.780654,identity,0.0,False,,,友谊路259-7号,1
哈尔滨清滨公园投影民宿(哈尔滨工业大学店),景点,amap,exact,B0LAHRJ4LZ,哈尔滨清滨公园投影民宿(哈尔滨工业大学店),住宿服务;住宿服务相关;住宿服务相关,100000,清明三道街与通达街交叉口东北40米,南岗区,126.617275,45.740625,126.617275,45.740625,identity,0.0,False,,,清明三道街与通达街交叉口东北40米,1
万达广场(哈尔滨哈东店),景点,amap,exact,B0HUC5VSLW,万达广场(哈尔滨哈东店),购物服务;商场;购物中心,060101,香福路52号,香坊区,126.760383,45.717605,126.760383,45.717605,identity,0.0,False,,,香福路52号,10
念珈普拉提,景点,baidu,exact,B0JAA5794Z,念珈普拉提,体育休闲服务;运动场馆;健身中心,080111,文景二道街78号,香坊区,126.644289,45.7308001,126.650257,45.732758,wgs84_to_gcj02,0.4,False,,,黑龙江省哈尔滨市香坊区文景二道街78号,1
U+电竞包厢台球酒店,景点,baidu,exact,B0JK7HMLUZ,U+电竞包厢台球酒店,体育休闲服务;运动场馆;台球厅,080113,南兴街60号,南岗区,126.5778504,45.6934805,126.583736,45.695132,wgs84_to_gcj02,31.7,False,,,南兴街60号一楼,6
亚布力原始森林穿越,景点,baidu,exact,B0JKYCEKAG,亚布力原始森林穿越,风景名胜;风景名胜相关;旅游景点,110000,哈尔滨市尚志市亚布力滑雪旅游度假区内(亚布力青云小镇日月湖东侧锅盔山入口),尚志市,128.4546997,44.7597636,128.461262,44.761972,wgs84_to_gcj02,0.5,False,,,哈尔滨市尚志市亚布力滑雪场,1
碰碰捌24h自助台球&棋牌(乐松广场店),景点,baidu,exact,B0K377USF0,碰碰捌24h自助台球&棋牌(乐松广场店),体育休闲服务;运动场馆;台球厅,080113,大庆副路188号,香坊区,126.6449294,45.7167704,126.6509,45.718734,wgs84_to_gcj02,0.2,False,,,大庆副路55号2号楼2号门市,1
菲特力斯健身(金城步行街店),景点,baidu,exact,B0FFM5D3CX,菲特力斯健身(世纪名苑购物中心店),体育休闲服务;运动场馆;健身中心,080111,一百对面原阿城宾馆二楼(大福鼎楼上),阿城区,126.9694943,45.5363241,126.975649,45.538393,wgs84_to_gcj02,1.5,False,,,解放大街大福鼎2楼（原阿城宾馆）,1
UP向上健身工作室,景点,baidu,exact,B0LUBCDZ3D,UP向上健身工作室,体育休闲服务;运动场馆;健身中心,080111,埃德蒙顿路与职工南街交叉口东60米,道里区,126.5837501,45.7308037,126.584708,45.728558,wgs84_to_gcj02,602.3,True,,,埃德蒙顿路74号,2
湖心岛,景点,baidu,exact,B0MU4UB5N0,湖心岛,风景名胜;风景名胜;风景名胜,110200,森林街41号哈尔滨市兆麟公园(东南角),道里区,126.617549,45.7748809,126.623471,45.776796,wgs84_to_gcj02,0.4,False,,,森林街377号,4
豪威尔健身(万达广场哈东店),景点,baidu,exact,B0JARU5DVX,豪威尔健身(哈东万达店),体育休闲服务;运动场馆;健身中心,080111,香福路55号永泰香福汇地块2层,香坊区,126.7549248,45.7161194,126.761127,45.718227,wgs84_to_gcj02,0.5,False,,,新香坊街道香福路52号哈东万达2楼（麦当劳对面）,1
菲格尔台球俱乐部,景点,baidu,exact,B0J2R7RGKG,菲格尔台球俱乐部,体育休闲服务;运动场馆;台球厅,080113,嵩山路22-1号,南岗区,126.6825895,45.741342,126.688619,45.743325,wgs84_to_gcj02,6.4,False,,,嵩山路22号-1层6-12,1
乔氏台球(亿兴维纳小镇店),景点,baidu,exact,B0FFI5T4OP,乔氏台球,体育休闲服务;运动场馆;台球厅,080113,安升街与安静街交叉口西北40米,道里区,126.5918793,45.8840966,126.613567,45.760827,wgs84_to_gcj02,13968.8,True,,,维纳小镇3号门,10
虹泰搏击泰拳俱乐部(虹桥一小店),景点,baidu,exact,B0K6DC7ECZ,虹泰搏击泰拳俱乐部,体育休闲服务;运动场馆;运动场所,080100,公园丽景东北门旁,南岗区,126.6959003,45.7573984,126.701956,45.759436,wgs84_to_gcj02,4.9,False,,,泰山北路34号,10
乔氏台球(清华大街店),景点,baidu,exact,B0L6L1J2QP,乔氏台球(自兴街店),体育休闲服务;运动场馆;台球厅,080113,学府路与清滨路交叉口西南180米,南岗区,126.6039665,45.716193,126.608644,45.720196,wgs84_to_gcj02,250.2,False,,,清华大街9号-1层,10
力得健身(商大店),景点,baidu,exact,B0KA7BZOSG,力得健身(商大店),体育休闲服务;运动场馆;健身中心,080111,丁香大道辅路与热源路交叉口西260米,松北区,126.5593543,45.8190144,126.565275,45.821375,wgs84_to_gcj02,48.5,False,,,丁香大道商业大学A区体育场A03商服（绿饶超市旁）,1
中东铁路哈尔滨总工厂水塔旧址,景点,baidu,exact,B0FFMEE6Q2,中东铁路哈尔滨总工厂水塔旧址,风景名胜;风景名胜相关;旅游景点,110000,上海街居然之家爱建店,道里区,126.5959848,45.7605062,126.601902,45.762251,wgs84_to_gcj02,18.5,False,,,哈尔滨市道里区上海街爱建社区应急避难场所,1
明性庵,景点,baidu,exact,B01C319H6C,明性庵,风景名胜;风景名胜;寺庙道观,110205,木兰镇,木兰县,128.0640412,45.9444282,128.070793,45.946679,wgs84_to_gcj02,2.2,False,,,哈尔滨市木兰县东付路林业新区南侧约70米,2
泰格国际健身会所,景点,baidu,exact,B0FFI6M7C6,泰格国际健身会所,体育休闲服务;运动场馆;健身中心,080111,金城步行街(牌路大街),阿城区,126.9652203,45.5362736,126.970845,45.538412,wgs84_to_gcj02,40.0,False,,,阿解放大街145号,1
祺德隆台球俱乐部,景点,baidu,exact,B0KA6CEXMW,祺德隆台球俱乐部,体育休闲服务;体育休闲服务场所;体育休闲服务场所,080000,三合路319号乐东小区3号楼1号商服2层,香坊区,126.6540597,45.7021913,126.660012,45.704204,wgs84_to_gcj02,4.3,False,,,三合路319号乐东小区3号楼1号商服2层,1
书生羽毛球馆,景点,baidu,exact,B0J1V976WS,书生羽毛球馆,体育休闲服务;运动场馆;羽毛球场,080118,淮河路105号馨春商场内靠左,南岗区,126.6964606,45.7614457,126.702899,45.76363,wgs84_to_gcj02,29.0,False,,,淮河路105号（进华联超市下电梯左转走到头）,1
育千瑜伽·普拉提(学府路店),景点,baidu,exact,B0K6X7YSUE,育千瑜伽·普拉提,体育休闲服务;体育休闲服务场所;体育休闲服务场所,080000,清滨路72-5号(学府路地铁站3B口步行380米),南岗区,126.6080975,45.7238451,126.61395,45.725733,wgs84_to_gcj02,5.9,False,,,黑龙江省哈尔滨市南岗区清滨路72-5号,1
老六杀猪菜(进乡街),景点,amap,exact,B01C301EBE,老六杀猪菜(进乡街),餐饮服务;中餐厅;东北菜,050113,进乡街133号,香坊区,126.697068,45.695148,126.697068,45.695148,identity,0.0,False,,,进乡街133号,2
红专街早市,景点,amap,exact,B0JKKA679X,红专街早市,购物服务;便民商店/便利店;便民商店/便利店,060200,通江街和红专街交叉口通江街86号,道里区,126.614854,45.772316,126.614854,45.772316,identity,0.0,False,,,通江街和红专街交叉口通江街86号,10
山河屯铁锅炖(通江街店),景点,amap,exact,B0FFJHUUGQ,山河屯铁锅炖(通江街店),餐饮服务;中餐厅;中餐厅,050100,通江街178号,道里区,126.612351,45.776079,126.612351,45.776079,identity,0.0,False,,,通江街178号,2
米德熊俄式西餐厅(红霞街店),景点,amap,exact,B0JAYA9T8G,米德熊俄式西餐厅(红霞街店),购物服务;专卖店;儿童用品店,061207,红霞街67号,道里区,126.615598,45.773751,126.615598,45.773751,identity,0.0,False,,,红霞街67号,1
哈尔滨向日葵酒店(中央大街索菲亚教堂第一医院店),景点,amap,exact,B01C31ANHZ,哈尔滨向日葵酒店(中央大街索菲亚教堂店),住宿服务;宾馆酒店;三星级宾馆,100104,买卖街153号,道里区,126.629949,45.77362,126.629949,45.77362,identity,0.0,False,,,买卖街153号,1
桔子哈尔滨东大直街医大一院酒店,景点,amap,exact,B0L6A5RQHJ,桔子哈尔滨东大直街医大一院酒店,住宿服务;宾馆酒店;宾馆酒店,100100,一曼街96号,南岗区,126.661199,45.772026,126.661199,45.772026,identity,0.0,False,,,一曼街96号,5
建设街鞋城,景点,amap,exact,B0G2ZRHBGX,建设街鞋城,购物服务;服装鞋帽皮具店;服装鞋帽皮具店,061100,建设街123号(南岗区博物馆站地铁站4号口步行270米),南岗区,126.642654,45.761019,126.642654,45.761019,identity,0.0,False,,,建设街123号(南岗区博物馆站地铁站4号口步行270米),10
哈尔滨中央大街索菲亚美居酒店,景点,amap,exact,B0G3SZWMWN,哈尔滨中央大街索菲亚美居酒店,住宿服务;宾馆酒店;经济型连锁酒店,100105,兆麟街92号,道里区,126.624464,45.77274,126.624464,45.77274,identity,0.0,False,,,兆麟街92号,3
哈尔滨萬·宋式美学酒店(中央大街索菲亚教堂店),景点,amap,exact,B0L6FHGIMG,哈尔滨萬·宋式美学酒店(中央大街索菲亚教堂店),住宿服务;宾馆酒店;宾馆酒店,100100,东七道街 5 号,道里区,126.623086,45.77409,126.623086,45.77409,identity,0.0,False,,,东八道街7号,1
山河屯铁锅炖(哈站全国总店),景点,amap,exact,B01C31AP0Q,山河屯铁锅炖(哈站总店),餐饮服务;中餐厅;中餐厅,050100,民安街29号,道里区,126.615243,45.750779,126.615243,45.750779,identity,0.0,False,,,民安街29号,3
如家商旅酒店(哈尔滨中央大街火车站机场巴士站店),景点,amap,exact,B0K0UH6OPT,如家商旅酒店(哈尔滨中央大街火车站机场巴士店),住宿服务;宾馆酒店;宾馆酒店,100100,铁路街12号(铁路街与海城街交叉口),南岗区,126.630608,45.757891,126.630608,45.757891,identity,0.0,False,,,铁路街12号(铁路街与海城街交叉口),1
马迭尔M+酒店(哈尔滨中央大街红专街早市店),景点,amap,exact,B0FFJOBBOR,马迭尔M+酒店(哈尔滨中央大街红专街早市店),住宿服务;宾馆酒店;宾馆酒店,100100,经纬八道街1号(中央大街地铁站3号口步行350米),道里区,126.612089,45.770058,126.612089,45.770058,identity,0.0,False,,,经纬八道街1号(中央大街地铁站3号口步行350米),1
哈尔滨行宿青年旅舍(中央大街店),景点,amap,exact,B0JR446C6R,哈尔滨行宿青年旅舍(中央大街店),住宿服务;旅馆招待所;旅馆招待所,100200,霞曼街93号(中央大街地铁站1号口步行90米),道里区,126.615658,45.769823,126.615658,45.769823,identity,0.0,False,,,霞曼街93号(中央大街地铁站1号口步行90米),2
沃香邨火炉烤肉总店(安埠街店),景点,amap,exact,B0FFI0Q0D1,沃香邨火炉烤肉总店(安埠街店),餐饮服务;中餐厅;特色/地方风味餐厅,050118,安埠街197号,香坊区,126.699305,45.72915,126.699305,45.72915,identity,0.0,False,,,安埠街197号,1
海底捞火锅(新一百店),景点,amap,exact,B0HBBB2GTH,海底捞火锅(新一百店),餐饮服务;中餐厅;火锅店,050117,石头街道尚志大街大商哈尔滨新一百购物广场6楼,道里区,126.625189,45.76995,126.625708,45.769988,identity,40.5,False,,,石头街道尚志大街大商哈尔滨新一百购物广场6楼,1
隆栎老北京炭火锅(巴陵街),景点,amap,exact,B0FFFAJGMT,隆栎老北京炭火锅(巴陵街),餐饮服务;中餐厅;火锅店,050117,巴陵街52-16号,南岗区,126.661812,45.755168,126.661812,45.755168,identity,0.0,False,,,巴陵街52-16号,1
老街滋味坊(香坊大街店),景点,amap,exact,B0K2Y5OWHY,老街滋味坊(香坊大街店),餐饮服务;餐饮相关场所;餐饮相关,050000,香坊大街57号,香坊区,126.683903,45.724463,126.683903,45.724463,identity,0.0,False,,,香坊大街57号,2
偏脸子哈尔滨老烧烤(自兴街店),景点,amap,exact,B0FFICEEZK,偏脸子哈尔滨老烧烤(自兴街店),餐饮服务;中餐厅;中餐厅,050100,自兴街51号(学府路地铁站出入口步行420米),南岗区,126.606673,45.719281,126.606673,45.719281,identity,0.0,False,,,自兴街51号(学府路地铁站出入口步行420米),1
老街滋味坊(民安小区店),景点,amap,exact,B0J1YMGPKC,老街滋味坊(民安小区店),餐饮服务;中餐厅;中餐厅,050100,民安街190号,道里区,126.61171,45.746235,126.61171,45.746235,identity,0.0,False,,,民安街190号,1
哈尔滨美术馆,景点,amap,exact,B0L15U0YEN,哈尔滨美术馆,科教文化服务;科教文化场所;科教文化场所,140000,群力大道7号,道里区,126.558664,45.740681,126.558664,45.740681,identity,0.0,False,,,群力大道7号,10
中东铁路桥头堡,景点,amap,exact,B0FFLATWA5,中东铁路桥头堡,风景名胜;风景名胜;风景名胜,110200,斯大林街2-1号火车主题广场(西北角),道里区,126.625846,45.783708,126.625846,45.783708,identity,0.0,False,,,斯大林街2-1号火车主题广场,3
RESULT结果健身工作室(华鸿国际店),景点,baidu,exact,B0FFK6B5OX,RESULT结果健身工作室(华鸿国际店),体育休闲服务;运动场馆;健身中心,080111,闽江路75号华鸿国际中心3栋2210-2211室,南岗区,126.701988,45.7445658,126.708117,45.746629,wgs84_to_gcj02,0.2,False,,,闽江路75号华鸿国际中心3栋2210-2211室,1
俄罗斯童话博物馆,景点,amap,exact,B0LD4OSQMU,俄罗斯童话博物馆,科教文化服务;博物馆;博物馆,140100,新一百购物商城5楼,道里区,126.625207,45.770095,126.625207,45.770095,identity,0.0,False,,,新一百购物商城5楼,10
老松滨饭店(菜艺街店),景点,amap,exact,B0FFKU6ERS,老松滨饭店(菜艺街店),餐饮服务;中餐厅;中餐厅,050100,菜艺街125号,香坊区,126.683041,45.734403,126.683041,45.734403,identity,0.0,False,,,菜艺街125号,2
Yunik酒店(哈尔滨中央大街索菲亚教堂店),景点,amap,exact,B0LUAUMDX0,Yunik酒店(哈尔滨中央大街索菲亚教堂店),住宿服务;宾馆酒店;宾馆酒店,100100,兆麟街105-1号,道里区,126.625549,45.771505,126.625549,45.771505,identity,0.0,False,,,兆麟街105-1号,1
老牌坊云南鱼豆花火锅(大成街店),景点,amap,exact,B0FFFAMTSN,老牌坊云南鱼豆花火锅(大成街店),餐饮服务;中餐厅;火锅店,050117,大成街229号(近东大直街花园街),南岗区,126.656135,45.766663,126.656135,45.766663,identity,0.0,False,,,大成街229号(近东大直街花园街),1
川粹餐厅 (川菜馆 秋林/花园街),景点,amap,exact,B0FFFAKYYF,川粹餐厅 (川菜馆 秋林/花园街),餐饮服务;中餐厅;四川菜(川菜),050102,龙江街40号(医大一院地铁站4号口步行170米),南岗区,126.650366,45.762427,126.650366,45.762427,identity,0.0,False,,,龙江街40号,1
龙塔,景点,amap,exact,B01C30JLQJ,龙塔,风景名胜;风景名胜;国家级景点,110202,长江路178号,南岗区,126.680189,45.748517,126.680189,45.748517,identity,0.0,False,,,长江路178号,10
哈尔滨工业大学博物馆,景点,amap,exact,B01C3179M6,哈尔滨工业大学博物馆,科教文化服务;博物馆;博物馆,140100,公司街59号,南岗区,126.638681,45.751436,126.638681,45.751436,identity,0.0,False,,,公司街59号,10
潮漫酒店(哈尔滨火车站机场巴士站店),景点,amap,exact,B0KUPZAQ12,潮漫酒店(哈尔滨火车站机场巴士站店),住宿服务;宾馆酒店;宾馆酒店,100100,铁路街7号,南岗区,126.630756,45.758904,126.630756,45.758904,identity,0.0,False,,,铁路街7号,2
老街滋味坊(直营旗舰店),景点,amap,exact,B0L19ZFSHO,老街滋味坊(直营旗舰店),餐饮服务;中餐厅;中餐厅,050100,东大直街96号1-2层,南岗区,126.660607,45.771854,126.660607,45.771854,identity,0.0,False,,,东大直街96号1-2层,1
偏脸子哈尔滨老烧烤(建国北六道街店),景点,amap,exact,B01C319J84,偏脸子哈尔滨老烧烤(建国北六道街店),餐饮服务;中餐厅;特色/地方风味餐厅,050118,建国北六道街24号,道里区,126.599169,45.751679,126.599169,45.751679,identity,0.0,False,,,建国北六道街24号,1
邢氏老太太烤串(马端街店),景点,amap,exact,B0FFGOB7ZF,邢氏老太太烤串(马端街店),餐饮服务;中餐厅;特色/地方风味餐厅|餐饮服务;中餐厅;综合酒楼,050118|050101,马端街59号,南岗区,126.673304,45.76349,126.673304,45.76349,identity,0.0,False,,,马端街59号,1
一头牛正宗齐齐哈尔烤肉(太古街店),景点,amap,exact,B0IADSU6H3,一头牛正宗齐齐哈尔烤肉(太古街店),餐饮服务;中餐厅;特色/地方风味餐厅,050118,太古街370号,道外区,126.652164,45.780646,126.652164,45.780646,identity,0.0,False,,,太古街370号,1
滨果汤泉空间,景点,amap,exact,B0I0SHFRGQ,滨果汤泉空间,生活服务;洗浴推拿场所;洗浴推拿场所,071400,爱建南路与锦园路交叉口西南20米,道里区,126.603661,45.763869,126.603661,45.763869,identity,0.0,False,,,爱建南路与锦园路交叉口西南20米,1
悦溪棠温泉洗浴,景点,amap,exact,B0J13SLHCC,悦溪棠温泉洗浴,生活服务;生活服务场所;生活服务场所,070000,哈西街道西宁北路101号,南岗区,126.586281,45.705044,126.586281,45.705044,identity,0.0,False,,,哈西街道西宁北路101号,3
亚布力青云小镇清雅轩民宿,景点,amap,exact,B0KRN7LP4Q,亚布力青云小镇清雅轩民宿,住宿服务;旅馆招待所;旅馆招待所,100200,青云路与东二街交叉口东南20米,尚志市,128.506325,44.755649,128.506325,44.755649,identity,0.0,False,,,青云路与东二街交叉口东南20米,1
炭火楼(安心街总店),景点,amap,exact,B01C3042ZD,炭火楼(安心街总店),餐饮服务;中餐厅;火锅店,050117,安心街95号,道里区,126.61693,45.754076,126.61693,45.754076,identity,0.0,False,,,安心街95号,1
云尚汤泉洗浴会馆,景点,amap,exact,B0HRJSL7AT,云尚汤泉洗浴会馆,生活服务;洗浴推拿场所;洗浴推拿场所,071400,建议街1号-3层,道里区,126.604778,45.749268,126.604778,45.749268,identity,0.0,False,,,建议街1号-3层,2
哈尔滨市儿童公园,景点,amap,exact,B01C300040,哈尔滨市儿童公园,风景名胜;公园广场;公园,110101,果戈里大街295号(近花园街),南岗区,126.655848,45.760694,126.655848,45.760694,identity,0.0,False,,,果戈里大街295号(近花园街),10
波塞冬海底世界,景点,amap,exact,B0FFKFKRI2,波塞冬海底世界,风景名胜;风景名胜;风景名胜,110200,汇江路153号,呼兰区,126.681883,45.883709,126.681883,45.883709,identity,0.0,False,,,汇江路153号,10
哈尔滨热雪奇迹,景点,amap,exact,B0FFL7VUKH,哈尔滨热雪奇迹,体育休闲服务;运动场馆;滑雪场|体育休闲服务;娱乐场所;娱乐场所,080106|080300,世茂大道99号融创茂1楼,松北区,126.500714,45.8032,126.500714,45.8032,identity,0.0,False,,,世茂大道99号融创茂1楼,10
雪谷李姐温泉酒店,景点,amap,exact,B0FFLI36ED,雪谷李姐温泉酒店(中国雪谷景区店),住宿服务;住宿服务相关;住宿服务相关,100000,雪谷兄弟缘客栈附近(瑞丰宾馆北50米),五常市,128.126254,44.396328,128.126254,44.396328,identity,0.0,False,,,雪谷兄弟缘客栈附近(瑞丰宾馆北50米),2
春上汤泉,景点,amap,exact,B0FFHBMTLE,春上汤泉(装修中),生活服务;洗浴推拿场所;洗浴推拿场所,071400,和祥路134号,香坊区,126.659175,45.730553,126.659175,45.730553,identity,0.0,False,,,和祥路134号,3
亚布力滑雪旅游度假区,景点,amap,exact,B01C30J4O7,亚布力滑雪旅游度假区,体育休闲服务;度假疗养场所;度假村,080401,金牌大道84号,尚志市,128.459895,44.772421,128.459895,44.772421,identity,0.0,False,,,金牌大道84号,10
体育公园,景点,amap,exact,B01C317DC5,体育公园,风景名胜;公园广场;公园,110101,工农街道群力大道与丽江路交叉口东300米,道里区,126.546608,45.735431,126.546608,45.735431,identity,0.0,False,,,工农街道群力大道与丽江路交叉口东300米,10
波波笑剧场(哈尔滨哈西万达广场店),景点,amap,exact,B0JDFCWHAE,波波笑剧场(哈尔滨哈西万达广场店),体育休闲服务;影剧院;剧场|体育休闲服务;休闲场所;休闲场所,080603|080500,中兴大道168号万达广场(哈尔滨哈西店)4F层,南岗区,126.585676,45.70014,126.585676,45.70014,identity,0.0,False,,,中兴大道168号万达广场(哈尔滨哈西店)4F层,1
哈特购物广场,景点,amap,exact,B01C30J0TT,哈特购物广场,购物服务;商场;购物中心,060101,西大直街118号(哈尔滨工大高新技术园区),南岗区,126.625199,45.741792,126.625199,45.741792,identity,0.0,False,,,西大直街118号(哈尔滨工大高新技术园区),10
金爵万象商业广场,景点,amap,exact,B0FFHR1GQD,金爵万象商业广场,购物服务;商场;购物中心,060101,哈西哈尔滨大街,南岗区,126.583009,45.698947,126.583009,45.698947,identity,0.0,False,,,哈西哈尔滨大街,10
杉杉(杉杉奥特莱斯广场·哈尔滨店),景点,amap,exact,B0FFI62BWY,杉杉(杉杉奥特莱斯广场·哈尔滨店),购物服务;服装鞋帽皮具店;服装鞋帽皮具店,061100,利民大道555号杉杉奥特莱斯广场·哈尔滨F2层C24500,呼兰区,126.560139,45.87715,126.560139,45.87715,identity,0.0,False,,,利民大道555号杉杉奥特莱斯广场·哈尔滨F2层C24500,10
银河欢乐世界温泉洗浴,景点,amap,exact,B0JK1HFUSD,银河欢乐世界温泉洗浴,生活服务;洗浴推拿场所;洗浴推拿场所,071400,世茂大道83号,松北区,126.497076,45.800211,126.497076,45.800211,identity,0.0,False,,,世茂大道83号,3
禧沐汤泉,景点,amap,exact,B0K3ALGXVE,禧沐汤泉,生活服务;洗浴推拿场所;洗浴推拿场所,071400,群力家园C区滇池东路1372号,道里区,126.541838,45.712868,126.541838,45.712868,identity,0.0,False,,,群力家园C区滇池东路1372号,2
浴玺湾温泉水汇,景点,amap,exact,B0I3VZFVIP,浴玺湾温泉水汇,生活服务;洗浴推拿场所;洗浴推拿场所|住宿服务;宾馆酒店;宾馆酒店,071400|100100,哈南十五路、哈南第八大道公共绿地、项目用地界线围合区域103室,平房区,126.639959,45.568265,126.639959,45.568265,identity,0.0,False,,,哈南十五路、哈南第八大道公共绿地、项目用地界线围合区域103室,1
全季酒店(哈尔滨中央大街哈站北广场店),景点,amap,exact,B0K2V7BTCL,全季酒店(哈尔滨中央大街哈站北广场店),住宿服务;宾馆酒店;宾馆酒店,100100,地工街4号,南岗区,126.626222,45.759349,126.626222,45.759349,identity,0.0,False,,,地工街4号,2
梅金肖克百年庭院,景点,amap,exact,B0J2SRTURY,梅金肖克百年庭院,风景名胜;风景名胜;风景名胜|商务住宅;商务住宅相关;商务住宅相关,110200|120000,中央大街50号(中央大街地铁站1号口步行410米),道里区,126.619691,45.769931,126.619691,45.769931,identity,0.0,False,,,中央大街50号(中央大街地铁站1号口步行410米),1
哈尔滨极地公园,景点,amap,exact,B0H64SH3ZX,哈尔滨极地公园,风景名胜;公园广场;公园,110101,太阳大道277号(太阳岛地铁站2号口步行140米),松北区,126.586479,45.785251,126.586479,45.785251,identity,0.0,False,,,太阳大道277号(太阳岛地铁站2号口步行140米),10
哈尔滨西站万达广场美居酒店,景点,amap,exact,B0FFMH79O0,哈尔滨西站万达广场美居酒店,住宿服务;宾馆酒店;经济型连锁酒店,100105,哈尔滨大街与南兴街交叉口爱达九溪loft2栋,南岗区,126.583762,45.696181,126.583762,45.696181,identity,0.0,False,,,哈尔滨大街与南兴街交叉口爱达九溪loft2栋,4
哈尔滨记忆城市文化主题餐厅(金中环广场店),景点,amap,exact,B0FFHFZFMZ,哈尔滨记忆城市文化主题餐厅(金中环广场店),餐饮服务;中餐厅;中餐厅,050100,群力景江东路1225号金中环广场F1层,道里区,126.563908,45.735893,126.563908,45.735893,identity,0.0,False,,,群力第四大道956号金中环广场F1层,1
哈尔滨群力丁香公园地铁站亚朵酒店,景点,amap,exact,B0K3UHMEX4,哈尔滨群力丁香公园地铁站亚朵酒店,住宿服务;宾馆酒店;宾馆酒店,100100,群力第七大道508号D1栋,道里区,126.571291,45.732852,126.571291,45.732852,identity,0.0,False,,,群力第七大道508号D1栋,2
毛毛镇音乐主题乐园,景点,amap,exact,B0K3XA1BOT,毛毛镇音乐主题乐园,体育休闲服务;休闲场所;游乐场,080501,松花江路1号,双城区,126.552299,45.518411,126.552299,45.518411,identity,0.0,False,,,松花江路1号,2
快乐专+(哈尔滨店),景点,amap,exact,B0IU17WRPJ,快乐专+(哈尔滨店),体育休闲服务;体育休闲服务场所;体育休闲服务场所,080000,香福路52号万达广场哈尔滨哈东店4层,香坊区,126.760825,45.717375,126.760825,45.717375,identity,0.0,False,,,香福路52号万达广场哈尔滨哈东店4层,1
哈尔滨枫叶小镇温泉度假酒店,景点,amap,exact,B0IATBGGJE,哈尔滨枫叶小镇温泉度假酒店,住宿服务;住宿服务相关;住宿服务相关,100000,智谷三街5555号,松北区,126.467207,45.825814,126.467207,45.825814,identity,0.0,False,,,智谷三街5555号,10
平房公园,景点,amap,exact,B01C30ICIT,平房公园,风景名胜;公园广场;公园,110101,友协街道友协大街29号(近龙滨路),平房区,126.636379,45.595612,126.636379,45.595612,identity,0.0,False,,,友协街道友协大街29号(近龙滨路),10
哈尔滨伏尔加庄园,景点,amap,exact,B01C317XIL,哈尔滨伏尔加庄园,住宿服务;住宿服务相关;住宿服务相关|体育休闲服务;度假疗养场所;度假村|风景名胜;风景名胜相关;旅游景点,100000|080401|110000,成高子镇民强村(哈城公路16公里处),香坊区,126.89955,45.671175,126.89955,45.671175,identity,0.0,False,,,成高子镇民强村(哈城公路16公里处),10
龙江大舞台旗舰店,景点,amap,exact,B0HAVRA5JG,龙江大舞台旗舰店,体育休闲服务;影剧院;剧场,080603,宝宇天邑环球港A区9-1(北马路地铁站1号口旁),道外区,126.635377,45.780148,126.635377,45.780148,identity,0.0,False,,,宝宇天邑环球港A区9-1(北马路地铁站1号口旁),1
哈尔滨融创乐园,景点,amap,exact,B0M6LC7BU0,哈尔滨融创乐园,风景名胜;风景名胜相关;旅游景点,110000,哈尔滨融创文旅城内(东侧),松北区,126.505013,45.806609,126.505013,45.806609,identity,0.0,False,,,世茂大道99-1号,10
哈尔滨极地公园·极地馆,景点,amap,exact,B01C30IRU3,哈尔滨极地公园·极地馆,风景名胜;公园广场;水族馆,110104,太阳大道277号,松北区,126.586057,45.784741,126.586057,45.784741,identity,0.0,False,,,太阳大道277号,10
太阳岛风景区,景点,amap,exact,B01C30003A,太阳岛风景区,风景名胜;风景名胜;国家级景点,110202,太阳大道3号,松北区,126.59788,45.791584,126.59788,45.791584,identity,0.0,False,,,太阳大道3号,10
极乐寺,景点,amap,exact,B01C304057,极乐寺,风景名胜;风景名胜;寺庙道观,110205,燎原街道花园街道东大直街9号,南岗区,126.664588,45.777559,126.664588,45.777559,identity,0.0,False,,,燎原街道花园街道东大直街9号,10
斯大林公园,景点,amap,exact,B01C305H3T,斯大林公园,风景名胜;公园广场;公园,110101,斯大林街3号(近松花江畔),道里区,126.612799,45.779383,126.612799,45.779383,identity,0.0,False,,,斯大林街3号(近松花江畔),10
哈尔滨音乐公园,景点,amap,exact,B01C318A7H,哈尔滨音乐公园,风景名胜;公园广场;公园,110101,群力街道上江街与友谊西路交汇处,道里区,126.548455,45.749011,126.548455,45.749011,identity,0.0,False,,,群力街道上江街与友谊西路交汇处,10
哈尔滨防洪纪念塔广场,景点,amap,exact,B0FFHF1Q4N,哈尔滨防洪纪念塔广场,风景名胜;公园广场;城市广场,110105,斯大林街3号斯大林公园内(东侧),道里区,126.617118,45.780655,126.617118,45.780655,identity,0.0,False,,,斯大林街3号斯大林公园内(东侧),10
中东铁路桥,景点,amap,exact,B0JAG99RMG,中东铁路桥,风景名胜;风景名胜;风景名胜,110200,旭初街和江畔路交口,道里区,126.625986,45.784249,126.62594,45.784205,identity,6.1,False,,,旭初街和江畔路交口,8
黑龙江省博物馆,景点,amap,exact,B01C302AC2,黑龙江省博物馆,科教文化服务;博物馆;博物馆,140100,红军街50号,南岗区,126.640934,45.757569,126.640934,45.757569,identity,0.0,False,,,红军街50号,10
哈尔滨文庙,景点,amap,exact,B01C30IYK9,哈尔滨文庙,风景名胜;风景名胜;寺庙道观,110205,文庙街25号(近黑河路),南岗区,126.674916,45.775841,126.674916,45.775841,identity,0.0,False,,,文庙街25号(近黑河路),10
江上城堡观光索道,景点,amap,exact,B01C30I0IY,江上城堡观光索道,风景名胜;风景名胜相关;旅游景点,110000,通江街218号(通江广场),道里区,126.610547,45.7779,126.610547,45.7779,identity,0.0,False,,,通江街218号(通江广场),3
哈尔滨市博物馆,景点,amap,exact,B0LUGDAMN1,哈尔滨市博物馆,科教文化服务;博物馆;博物馆,140100,柳树街13号,道里区,126.625528,45.774276,126.625528,45.774276,identity,0.0,False,,,柳树街13号,10
奕同篮羽俱乐部(哈尔滨银泰城购物中心店),景点,baidu,exact,B0KBMSZ26O,奕同篮羽俱乐部(银泰城购物中心店),体育休闲服务;运动场馆;运动场所,080100,群力大道2399号银泰城购物中心3层3071铺,道里区,126.5341377,45.7347415,126.54013,45.736742,wgs84_to_gcj02,3.1,False,,,群力大道2399号银泰城购物中心3层3071铺,1
冰龙体育篮球馆,景点,baidu,exact,B0JD4HHWOR,冰龙体育篮球馆,体育休闲服务;运动场馆;篮球场馆,080104,朝阳新路301号院内右转,香坊区,126.6604444,45.6844166,126.666447,45.686421,wgs84_to_gcj02,0.5,False,,,朝阳新路301号鼎丰货场院内右侧,1
九昊台球俱乐部,景点,baidu,exact,B0KAACAC9G,九昊台球俱乐部,体育休闲服务;运动场馆;台球厅,080113,泓林·金色地标12栋15号商服,呼兰区,126.5445345,45.8714036,126.550663,45.873326,wgs84_to_gcj02,8.7,False,,,学院路泓林金色地标12栋1楼15号商服,1
星耀台球俱乐部(东直路店),景点,baidu,exact,B0LDD94275,星耀台球俱乐部,体育休闲服务;运动场馆;台球厅,080113,新榆街207号209号,香坊区,126.6911526,45.7887658,126.694081,45.680499,wgs84_to_gcj02,12267.1,True,,,黑龙江省哈尔滨市道外区东直路452号,10
熊猫球社24h智慧台球(学院路柏林四季店),景点,baidu,exact,B0K3PA5UJQ,熊猫球社24h智慧台球(复华街店),体育休闲服务;运动场馆;台球厅,080113,复华街9号,南岗区,126.5255203,45.8716117,126.638309,45.745962,wgs84_to_gcj02,16426.1,True,,,学院路翰林辰霞后逸鲜生超市楼上2-3层,10
陆地身材管理中心,景点,baidu,exact,B0LBFLVV0V,陆地身材管理中心,体育休闲服务;运动场馆;健身中心,080111,先进街与新生胡同交叉口东140米,双城区,126.2974877,45.3629667,126.303475,45.365225,wgs84_to_gcj02,21.6,False,,,先进街花园俊景多层2栋8号商服,3
乔氏台球(嵩山路店),景点,baidu,exact,B0LD6XIPMW,乔氏台球(先锋路店),体育休闲服务;运动场馆;台球厅,080113,先锋路与馨悦胡同交叉口东160米,道外区,126.6839139,45.7560447,126.682495,45.766548,wgs84_to_gcj02,1107.7,True,,,嵩山路105号赫时大厦4号门市,10
铭瀚羽毛球(哈西校区),景点,baidu,exact,B0KRN1H9RB,铭瀚羽毛球(哈西校区),体育休闲服务;运动场馆;羽毛球场,080118,和谐大道与西宁南路交叉口北180米,南岗区,126.5828191,45.6954273,126.588737,45.697369,wgs84_to_gcj02,1.3,False,,,哈尔滨市中交香颂院内圆形建筑,1
卓艾台球棋牌俱乐部,景点,baidu,exact,B0JK4ANR39,卓艾台球棋牌俱乐部,体育休闲服务;运动场馆;台球厅,080113,太平大街南四道街30号,道外区,126.6757971,45.7852362,126.681876,45.787225,wgs84_to_gcj02,2.0,False,,,太平大街南四道街30号,1
尊义台球俱乐部,景点,baidu,exact,B0GK1HXL7E,尊义台球俱乐部,体育休闲服务;运动场馆;台球厅,080113,光芒街140-1号,南岗区,126.6460205,45.7529978,126.652069,45.754929,wgs84_to_gcj02,6.2,False,,,革新街道光芒街140-1号,1
C8乔氏台球棋牌俱乐部(汇励99城市公园店),景点,baidu,exact,B0JBDSXQRS,C8乔氏台球棋牌俱乐部(汇励99城市公园店),体育休闲服务;运动场馆;台球厅,080113,安隆街87号汇励广场C8座6层,道里区,126.6011314,45.7587426,126.607452,45.760526,wgs84_to_gcj02,34.8,False,,,安隆街87号汇励99城市公园C8座6层,1
沃德战术训练基地,景点,baidu,exact,B0FFJ9LEJ3,沃德战术训练基地,体育休闲服务;娱乐场所;娱乐场所,080300,香春街西50米,香坊区,126.7673015,45.6814836,126.773444,45.683584,wgs84_to_gcj02,3.9,False,,,光明路(近永泰城),1
飞驰健身馆,景点,baidu,exact,B0FFJJLU96,飞驰健身馆,体育休闲服务;运动场馆;健身中心,080111,菜艺街37-2号附近,香坊区,126.6782235,45.7295408,126.684236,45.731641,wgs84_to_gcj02,9.4,False,,,菜艺街37号电力小区院内,2
WHO(红博·西城红场店),景点,baidu,exact,B0L39LTU3A,WHO(红博·西城红场店),体育休闲服务;运动场馆;综合体育馆,080101,哈西大街95号哈尔滨西城红场F1层,南岗区,126.5860625,45.7019563,126.591955,45.703891,wgs84_to_gcj02,1.3,False,,,黑龙江省哈尔滨市南岗区哈西大街299号红博·西城红场F1,1
壹号羽毛球馆,景点,baidu,exact,B0K0372MUS,壹号羽毛球馆(郝龙体育),体育休闲服务;运动场馆;羽毛球场,080118,荣进街10号,香坊区,126.6725799,45.689191,126.678618,45.691216,wgs84_to_gcj02,0.3,False,,,哈尔滨市香坊区荣进街10号,10
人和国际健身俱乐部(果戈里店),景点,baidu,exact,B01C305EQ2,人和国际健身俱乐部(果戈里店),体育休闲服务;运动场馆;健身中心,080111,果戈里大街316-2号,南岗区,126.6425917,45.756474,126.648509,45.75822,wgs84_to_gcj02,23.2,False,,,荣市街道果戈里大街316号(花园街口),1
巧克力星人博物馆,景点,amap,exact,B0KKBL07Y6,巧克力星人博物馆(暂停开放),科教文化服务;博物馆;博物馆,140100,中央大街187号,道里区,126.618243,45.777161,126.618243,45.777161,identity,0.0,False,,,中央大街187号,1
欧亚之窗公园,景点,amap,exact,B0I0RYSZVF,欧亚之窗公园,风景名胜;公园广场;公园,110101,尤家街与南兴街交叉口东北300米,南岗区,126.602373,45.701263,126.602373,45.701263,identity,0.0,False,,,尤家街与南兴街交叉口东北300米,9
银河欢乐世界,景点,amap,exact,B0J3UA01OI,银河欢乐世界,体育休闲服务;体育休闲服务场所;体育休闲服务场所,080000,世茂大道与丰源街交叉口东北100米,松北区,126.496746,45.800217,126.496746,45.800217,identity,0.0,False,,,世茂大道与丰源街交叉口东北100米,9
世界欢乐城,景点,amap,exact,B0FFHVTJDI,世界欢乐城,风景名胜;风景名胜相关;旅游景点,110000,美术家大街666号,呼兰区,126.53769,45.881365,126.53769,45.881365,identity,0.0,False,,,美术家大街666号,10
湘江公园,景点,amap,exact,B0FFJC0R3O,湘江公园,风景名胜;风景名胜;风景名胜,110200,汉水路408号,南岗区,126.68084,45.744023,126.68084,45.744023,identity,0.0,False,,,汉水路408号,10
哈尔滨文化公园,景点,amap,exact,B01C30IADC,哈尔滨文化公园,体育休闲服务;休闲场所;游乐场|风景名胜;风景名胜相关;旅游景点,080501|110000,南通大街208号(近哈尔滨工程大学),南岗区,126.66872,45.780506,126.66872,45.780506,identity,0.0,False,,,南通大街208号(近哈尔滨工程大学),10
希岸酒店(哈尔滨中央大街巴洛克历史文化街区店),景点,amap,exact,B0K3HX74LR,希岸酒店(哈尔滨中央大街巴洛克历史文化街区店),住宿服务;宾馆酒店;宾馆酒店,100100,南极街副169-19号,道外区,126.638992,45.771102,126.638992,45.771102,identity,0.0,False,,,南极街副169-19号,1
亚布力听雪小筑滑雪温泉度假别墅,景点,amap,exact,B0L21HT4X1,亚布力听雪小筑滑雪温泉度假别墅,住宿服务;旅馆招待所;旅馆招待所,100200,青云小镇西十一街1号,尚志市,128.504018,44.751764,128.504018,44.751764,identity,0.0,False,,,青云小镇西十一街1号,1
漫游乐动竞技主题乐园,景点,amap,exact,B0HATSZBMC,漫游乐动竞技主题乐园,体育休闲服务;休闲场所;游乐场,080501,中兴左街2号金爵万象商业广场负2层B205,南岗区,126.583024,45.699062,126.583024,45.699062,identity,0.0,False,,,中兴左街2号金爵万象商业广场负2层B205,1
沐雪山舍·Comfortable自然生活·亲子休闲度假民宿(亚布力滑雪旅游度假区店),景点,amap,exact,B0K3G90S8Q,沐雪山舍·Comfortable自然生活·亲子休闲度假民宿(亚布力滑雪旅游度假区店),住宿服务;旅馆招待所;旅馆招待所,100200,青云新区五区锅炉房北12号,尚志市,128.507524,44.753806,128.507524,44.753806,identity,0.0,False,,,青云新区五区锅炉房北12号,1
北国春温泉度假山庄(亚布力滑雪旅游度假区店)(暂停营业),景点,amap,exact,B0FFIQ5HVS,北国春温泉度假山庄(亚布力滑雪旅游度假区店)(暂停营业),体育休闲服务;度假疗养场所;度假村|住宿服务;住宿服务相关;住宿服务相关,080401|100000,青山村38号,尚志市,128.508742,44.797036,128.508742,44.797036,identity,0.0,False,,,青山村38号,1
汤沐河温泉生活馆(长安城南区店),景点,amap,exact,B0JDVAQ6J4,汤沐河温泉生活馆(长安城南区店),生活服务;洗浴推拿场所;洗浴推拿场所,071400,南直路357号(近泰富长安城),道外区,126.705547,45.77352,126.705547,45.77352,identity,0.0,False,,,南直路357号(近泰富长安城),1
亚布力北方有雪民宿(亚布力滑雪旅游度假区店),景点,amap,exact,B0K0OKJAOP,亚布力北方有雪民宿(亚布力滑雪旅游度假区店),住宿服务;旅馆招待所;旅馆招待所,100200,亚布力滑雪旅游度假区青山村雪山路105号,尚志市,128.496374,44.79663,128.496374,44.79663,identity,0.0,False,,,亚布力滑雪旅游度假区青山村雪山路105号,1
巴洛克酒店(哈尔滨中华巴洛克店),景点,amap,exact,B0I29CLO6F,巴洛克酒店(哈尔滨中华巴洛克街区地铁站店),住宿服务;宾馆酒店;宾馆酒店,100100,南三道街21号,道外区,126.643025,45.782091,126.643025,45.782091,identity,0.0,False,,,南三道街21号,10
建国公园,景点,amap,exact,B01C3040KS,建国公园,风景名胜;公园广场;公园,110101,"建国街237号(近通达街,第四十一中学)",道里区,126.59914,45.748113,126.59914,45.748113,identity,0.0,False,,,"建国街237号(近通达街,第四十一中学)",10
钻石海(暂停开放),景点,amap,exact,B0K6BUFP1P,钻石海(暂停开放),风景名胜;风景名胜相关;旅游景点,110000,雪景街与冰花路交叉口东南260米,松北区,126.579263,45.76886,126.579263,45.76886,identity,0.0,False,,,雪景街与冰花路交叉口东南260米,1
江北冰雪嘉年华(暂停营业),景点,amap,exact,B0K09ZZLQK,江北冰雪嘉年华(暂停营业),体育休闲服务;体育休闲服务场所;体育休闲服务场所,080000,浦南大街288号西南门,松北区,126.612875,45.836725,126.612875,45.836725,identity,0.0,False,,,浦南大街288号西南门,1
星河湾亲子游乐园(枫叶小镇奥莱店),景点,amap,exact,B0KAZA9F2X,星河湾亲子游乐园(枫叶小镇奥莱店),体育休闲服务;休闲场所;游乐场,080501,智谷三街5555-1号,松北区,126.469054,45.827745,126.469054,45.827745,identity,0.0,False,,,智谷三街5555-1号,1
哈西金街(哈尔滨哈西万达广场店),景点,amap,exact,B0FFJZHJHW,哈西金街,购物服务;特色商业街;特色商业街,061000,兴达路与和谐大道交叉口西20米,南岗区,126.585842,45.699572,126.585842,45.699572,identity,0.0,False,,,兴达路171号,10
石榴酒店(哈尔滨高铁站哈西万达广场店),景点,amap,exact,B0FFMBJJ1L,石榴酒店(哈尔滨西站高铁站万达广场店),住宿服务;宾馆酒店;宾馆酒店,100100,铁景街204号爱达88loft栋4楼,南岗区,126.582765,45.708812,126.582765,45.708812,identity,0.0,False,,,铁景街204号爱达88loft栋4楼,1
天恒山冰雪运动大世界(暂停营业),景点,amap,exact,B0GKBXIN1F,天恒山冰雪运动大世界(暂停营业),体育休闲服务;运动场馆;滑雪场,080106,东巨路2.5公里,道外区,126.797557,45.804635,126.797557,45.804635,identity,0.0,False,,,东巨路2.5公里,1
汉庭哈尔滨火车站南广场沪士大厦酒店,景点,amap,exact,B01C317V7X,汉庭哈尔滨火车站南广场沪士大厦酒店,住宿服务;宾馆酒店;经济型连锁酒店,100105,海关街182号(沪士大厦24-29层),南岗区,126.632511,45.759165,126.632317,45.759234,identity,16.9,False,,,海关街182号(沪士大厦24-29层),1
劳动公园,景点,amap,exact,B0FFGXK44N,劳动公园,风景名胜;公园广场;公园,110101,大庆路街道旭升南街景和社区斜对面,香坊区,126.666872,45.698815,126.666872,45.698815,identity,0.0,False,,,大庆路街道旭升南街景和社区斜对面,10
中国亭园,景点,amap,exact,B0FFG106O5,中国亭园,风景名胜;公园广场;公园,110101,油坊街0-1号,香坊区,126.716728,45.718922,126.716728,45.718922,identity,0.0,False,,,油坊街0-1号,10
哈尔滨市道外区古梨园,景点,amap,exact,B01C301C2F,哈尔滨市道外区古梨园,风景名胜;公园广场;公园,110101,宏伟路254号,道外区,126.696488,45.774107,126.696488,45.774107,identity,0.0,False,,,宏伟路254号,10
侵华日军第七三一部队遗址,景点,amap,exact,B01C30J40L,侵华日军第七三一部队遗址,风景名胜;风景名胜;国家级景点,110202,新疆大街23号(地铁1号线新疆大街站2号出口东向300米),平房区,126.636847,45.609676,126.636847,45.609676,identity,0.0,False,,,新疆大街23号(地铁1号线新疆大街站2号出口东向300米),10
哈尔滨市长青公园,景点,amap,exact,B01C319I39,哈尔滨市长青公园,风景名胜;公园广场;公园广场,110100,南极街116号,道外区,126.640335,45.769836,126.640335,45.769836,identity,0.0,False,,,南极街116号,10
关东古巷,景点,amap,exact,B01C318A95,关东古巷,购物服务;特色商业街;特色商业街,061000,群力新区群力第五大道770号城屿in象1层,道里区,126.566775,45.734291,126.566775,45.734291,identity,0.0,False,,,群力新区群力第五大道770号城屿in象1层,10
哈尔滨烈士陵园,景点,amap,exact,B01C304FJI,哈尔滨烈士陵园,生活服务;丧葬设施;陵园|风景名胜;风景名胜;红色景区,071901|110210,体育街1号(近中医学院),香坊区,126.654731,45.723833,126.654731,45.723833,identity,0.0,False,,,体育街1号(近中医学院),10
太阳岛大熊猫馆,景点,amap,exact,B0L1LCEWWC,太阳岛大熊猫馆,风景名胜;公园广场;动物园,110102,太阳岛冰雪艺术馆附近,松北区,126.595357,45.78877,126.595357,45.78877,identity,0.0,False,,,太阳岛冰雪艺术馆附近,4
太阳岛风景区-太阳岛雪博会(暂停开放),景点,amap,exact,B0FFKNV172,太阳岛风景区-太阳岛雪博会(暂停开放),风景名胜;风景名胜相关;旅游景点,110000,太阳大道3号太阳岛风景区内(西南角),松北区,126.591821,45.786293,126.591821,45.786293,identity,0.0,False,,,太阳大道3号太阳岛风景区内(西南角),1
黛秀湖公园,景点,amap,exact,B01C30LA5R,黛秀湖公园,风景名胜;公园广场;公园,110101,健康路街道健康路1号,香坊区,126.655557,45.702567,126.655556,45.702559,identity,0.9,False,,,健康路2号,4
东北林业大学中国(哈尔滨)森林博物馆,景点,amap,exact,B01C31DJJP,东北林业大学中国(哈尔滨)森林博物馆,科教文化服务;博物馆;博物馆,140100,和兴路26号东北林业大学,南岗区,126.632804,45.717721,126.632804,45.717721,identity,0.0,False,,,和兴路26号东北林业大学,1
巧克力城堡观光索道,景点,amap,exact,B0LDL7T7VL,巧克力城堡观光索道,风景名胜;风景名胜相关;旅游景点,110000,风景街18号旁,松北区,126.60078,45.785496,126.60078,45.785496,identity,0.0,False,,,风景街18号旁,4
锦江之星(哈尔滨火车站店),景点,amap,exact,B0FFG2WBBT,锦江之星(哈尔滨中央大街新阳路店),住宿服务;宾馆酒店;经济型连锁酒店,100105,新阳路255号(近中央大街、火车站),道里区,126.630882,45.758955,126.611757,45.755097,identity,1544.5,True,,,铁路街7-1号,10
外滩雪人码头,景点,amap,exact,B0H6B5EAGU,外滩雪人码头,风景名胜;风景名胜相关;旅游景点,110000,友谊西路1966号,道里区,126.573494,45.754097,126.571897,45.753376,identity,147.6,False,,,友谊西路与上江街交口,10
饭得标哈尔滨盒饭(通达街店),景点,amap,exact,B0LR6MF4FS,饭得标哈尔滨盒饭(通达街店),餐饮服务;餐饮相关场所;餐饮相关,050000,通达街323号,道里区,126.606514,45.74607,126.606514,45.74607,identity,0.0,False,,,通达街323号,1
李氏熏酱老街砂锅居(升平街店),景点,amap,exact,B01C30KA1O,李氏熏酱老街砂锅居(升平街店),餐饮服务;中餐厅;东北菜,050113,升平街37号-1号37-3号,道外区,126.638631,45.785637,126.638631,45.785637,identity,0.0,False,,,升平街37号-1号37-3号,2
哈尔滨金豆酒店(中央大街步行街圣索菲亚教堂店),景点,amap,exact,B0LB9AUO93,哈尔滨金豆酒店(中央大街步行街圣索菲亚教堂店),住宿服务;住宿服务相关;住宿服务相关,100000,高谊街85号(友谊宫地铁站1号口步行260米),道里区,126.610708,45.775661,126.610708,45.775661,identity,0.0,False,,,高谊街85号(友谊宫地铁站1号口步行260米),2
老街砂锅居(中华巴洛克风情街店),景点,amap,exact,B0FFFAKMKV,老街砂锅居(中华巴洛克风情街店),餐饮服务;中餐厅;中餐厅,050100,南勋街307号,道外区,126.642361,45.780866,126.642361,45.780866,identity,0.0,False,,,南勋街307号,1
理想假日酒店(中央大街步行街哈站北广场店),景点,amap,exact,B0FFFAHS60,理想假日酒店(中央大街步行街哈站北广场店),住宿服务;宾馆酒店;宾馆酒店,100100,安心街41号,道里区,126.620163,45.759082,126.620163,45.759082,identity,0.0,False,,,安心街41号,1
青水台养生汤泉洗浴,景点,amap,exact,B0FFIR6J7S,青水台养生汤泉洗浴,生活服务;洗浴推拿场所;洗浴推拿场所,071400,欧美亚阳光家园BH28号楼3号商服,松北区,126.520995,45.827308,126.520995,45.827308,identity,0.0,False,,,欧美亚阳光家园BH28号楼3号商服,2
哈尔滨大江户汤池(群力店),景点,amap,exact,B0FFI6GLCN,哈尔滨大江户汤池(群力店),生活服务;洗浴推拿场所;洗浴推拿场所|体育休闲服务;体育休闲服务场所;体育休闲服务场所,071400|080000,金江路676号,道里区,126.569519,45.733965,126.569519,45.733965,identity,0.0,False,,,金江路676号,1
哈尔滨北方森林动物园,景点,amap,exact,B01C30JKAT,哈尔滨北方森林动物园,风景名胜;公园广场;动物园,110102,哈牡高速46公里处,阿城区,127.112647,45.3931,127.112647,45.3931,identity,0.0,False,,,哈牡高速46公里处,10
爱尼吖梦幻潮玩,景点,amap,exact,B0KU294ZBM,爱尼吖梦幻潮玩,体育休闲服务;休闲场所;休闲场所,080500,红旗大街240号3层B090-3号,南岗区,126.694725,45.752825,126.694725,45.752825,identity,0.0,False,,,红旗大街240号3层B090-3号,1
九门重庆老火锅(哈尔滨哈西万达广场店),景点,amap,exact,B0FFK08P73,九门重庆老火锅(哈尔滨哈西万达广场店),餐饮服务;中餐厅;火锅店,050117,中兴大道168号万达广场(哈尔滨哈西店)1F层D2-91,南岗区,126.589895,45.700011,126.589895,45.700011,identity,0.0,False,,,中兴大道168号万达广场(哈尔滨哈西店)1F层D2-91,1
家得乐超市(杉杉奥特莱斯广场·哈尔滨店),景点,amap,exact,B0FFHDPIV1,家得乐超市(杉杉奥特莱斯广场·哈尔滨店),购物服务;超级市场;超市,060400,利民大道555号杉杉奥特莱斯广场·哈尔滨2F层,呼兰区,126.561054,45.877179,126.561054,45.877179,identity,0.0,False,,,利民大道555号杉杉奥特莱斯广场·哈尔滨2F层,8
哈尔滨凯斯顿酒店(中央大街步行街索菲亚教堂店),景点,amap,exact,B0LK1ZDT1D,哈尔滨凯斯顿酒店(中央大街步行街索菲亚教堂店),住宿服务;宾馆酒店;宾馆酒店,100100,上游街3号,道里区,126.61745,45.776408,126.61745,45.776408,identity,0.0,False,,,上游街3号,1
清真寺,景点,amap,exact,B0FFIAXBX3,清真寺,风景名胜;风景名胜;回教寺,110207,南十二道街54号,道外区,126.651665,45.78737,126.651665,45.78737,identity,0.0,False,,,南十二道街54号,10
黑龙江省森林植物园,景点,amap,exact,B01C317JV1,黑龙江省森林植物园(暂停开放),风景名胜;公园广场;植物园,110103,哈平路街道哈平路105号,香坊区,126.65015,45.704145,126.65015,45.704145,identity,0.0,False,,,哈平路街道哈平路105号,10
波塞冬旅游度假区,景点,amap,exact,B0FFHS0FY2,波塞冬旅游度假区,体育休闲服务;休闲场所;水上活动中心,080505,汇江路153号,呼兰区,126.684535,45.883882,126.684535,45.883882,identity,0.0,False,,,汇江路153号,10
哈尔滨极地公园·海洋馆,景点,amap,exact,B0HB3H98ZB,哈尔滨极地公园·海洋馆,风景名胜;公园广场;水族馆,110104,太阳大道277号哈尔滨极地公园内(东侧),松北区,126.58734,45.78509,126.58734,45.78509,identity,0.0,False,,,太阳大道277号哈尔滨极地公园内(东侧),10
丁香公园,景点,amap,exact,B01C31AYXG,丁香公园,风景名胜;公园广场;公园,110101,群力大道与景江东路交汇处,道里区,126.566514,45.743329,126.566514,45.743329,identity,0.0,False,,,群力大道与景江东路交汇处,10
枫叶小镇温泉度假村,景点,amap,exact,B0FFIKLIKW,枫叶小镇温泉度假村,体育休闲服务;度假疗养场所;度假村|风景名胜;风景名胜相关;旅游景点,080401|110000,智谷三街5555号,松北区,126.467971,45.825901,126.467971,45.825901,identity,0.0,False,,,智谷三街5555号,10
人民广场,景点,amap,exact,B01C317V8R,人民广场,风景名胜;公园广场;城市广场,110105,经纬街与友谊路交口102号,道里区,126.602915,45.77365,126.602915,45.77365,identity,0.0,False,,,经纬街与友谊路交口102号,10
金上京历史博物馆,景点,amap,exact,B01C302CB2,金上京历史博物馆,科教文化服务;博物馆;博物馆,140100,金源路49号,阿城区,126.96856,45.497405,126.96856,45.497405,identity,0.0,False,,,金源路49号,10
Skymaker天空制造家庭中心,景点,amap,exact,B0KRH5TLU9,Skymaker天空制造家庭中心,体育休闲服务;休闲场所;游乐场,080501,清华大街235号孔雀时代广场F3层,南岗区,126.596595,45.717173,126.596595,45.717173,identity,0.0,False,,,清华大街235号孔雀时代广场F3层,1
星际乐园(哈尔滨王府井购物中心),景点,amap,exact,B0FFK59IQF,星际乐园(哈尔滨王府井购物中心),体育休闲服务;娱乐场所;娱乐场所,080300,群力第五大道王府井一层6号门中庭(冰城岩舞空间对面),道里区,126.566815,45.734012,126.566815,45.734012,identity,0.0,False,,,群力第五大道王府井一层6号门中庭(冰城岩舞空间对面),2
雨非普拉提健身工作室,景点,baidu,exact,B0JARH36WA,雨非普拉提健身工作室,体育休闲服务;运动场馆;健身中心,080111,朗江路1040-13号2楼,道里区,126.5232228,45.7305295,126.529301,45.732565,wgs84_to_gcj02,0.4,False,,,朗江路1040-13号2楼,1
新奇羽毛球篮球馆(哈工程店),景点,baidu,exact,B0G2TH6065,新奇羽毛球篮球馆(哈工程分店),体育休闲服务;体育休闲服务场所;体育休闲服务场所,080000,一曼街3号49所电子大厦,南岗区,126.6590326,45.7728312,126.665048,45.774808,wgs84_to_gcj02,0.1,False,,,黑龙江省哈尔滨市南岗区北宣桥街5号,1
和泽乔氏台球俱乐部,景点,baidu,exact,B0J1LZNXKA,和泽乔氏台球俱乐部,购物服务;购物相关场所;购物相关场所,060000,军场路20号,香坊区,126.6496314,45.7245448,126.655533,45.726543,wgs84_to_gcj02,6.9,False,,,军场路20号,1
天喜棋牌台球会所,景点,baidu,exact,B0J2ALAADD,天喜棋牌台球会所,体育休闲服务;运动场馆;台球厅,080113,顾乡大街3号,道里区,126.5871077,45.7389909,126.592881,45.740745,wgs84_to_gcj02,21.2,False,,,顾乡大街与康安路辅路交叉口南行30米路西（顾乡加油站斜对面）,1
名将香坊冰上运动中心,景点,baidu,exact,B0H3CRBTPT,名将香坊冰上运动中心,体育休闲服务;体育休闲服务场所;体育休闲服务场所,080000,三合路,香坊区,126.6501236,45.6976088,126.656113,45.699592,wgs84_to_gcj02,0.9,False,,,黑龙江省哈尔滨市香坊区三合路188-1号,2
哈尔滨市新起点羽毛球俱乐部(道里店),景点,baidu,exact,B0FFL9CT7T,哈尔滨市新起点羽毛球俱乐部(道里店),体育休闲服务;运动场馆;羽毛球场,080118,天合路15号乡政社区6楼,道里区,126.5881858,45.7312788,126.594098,45.733198,wgs84_to_gcj02,0.2,False,,,天合路15号乡政社区6楼,2
人和国际健身俱乐部(长江路店),景点,baidu,exact,B01C30HZPB,人和国际健身俱乐部(长江路店),体育休闲服务;运动场馆;健身中心,080111,长江路99-1号,南岗区,126.6749933,45.7478852,126.680907,45.74988,wgs84_to_gcj02,11.3,False,,,长江路99-1号(龙塔正对面),2
锐动健身,景点,baidu,exact,B0LGJAR80R,锐动健身,体育休闲服务;运动场馆;健身中心,080111,群力第二大道1898小区A5栋04号商服,道里区,126.5168356,45.7348878,126.522939,45.73694,wgs84_to_gcj02,0.3,False,,,外滩1898A5栋04号门市,1
极塑健身工作室,景点,baidu,exact,B0HGOCVUG8,极塑健身工作室,体育休闲服务;运动场馆;健身中心,080111,衡山路1号银丰机动车检测站院内二楼,香坊区,126.6721963,45.735811,126.678247,45.737822,wgs84_to_gcj02,0.3,False,,,衡山路1号（省医院地铁站2号出口银丰机动车检测站院内二楼）,1
首席台球俱乐部,景点,baidu,exact,B0J1JMRVAM,首席台球俱乐部,体育休闲服务;运动场馆;台球厅,080113,恒源街46号二楼(融创茂2号门对面),松北区,126.4929548,45.7991625,126.499374,45.801291,wgs84_to_gcj02,16.0,False,,,恒源街46号二楼(融创茂2号门对面),2
阿文羽毛球俱乐部,景点,baidu,exact,B0KK1HUDGR,阿文羽毛球俱乐部,体育休闲服务;运动场馆;羽毛球场,080118,繁荣街51号,南岗区,126.6350037,45.744087,126.640955,45.746032,wgs84_to_gcj02,0.2,False,,,繁荣街51号,2
一维乒乓球(哈尔滨银泰城购物中心店),景点,baidu,exact,B0KU19SJF6,一维乒乓球(银泰城店),体育休闲服务;运动场馆;乒乓球馆,080112,群力大道2399号银泰城购物中心4楼4025(旋转木马旁),道里区,126.5335514,45.7349602,126.539606,45.736894,wgs84_to_gcj02,8.0,False,,,群力大道2399号银泰城购物中心4楼4025（旋转木马旁）,1
影耀24h自助健身(学院路店),景点,baidu,exact,B0KRVCH9JO,影耀24h自助健身(学院路店),体育休闲服务;运动场馆;健身中心,080111,学院路翰林辰霞博雅园C栋,呼兰区,126.5257091,45.8719338,126.531689,45.873971,wgs84_to_gcj02,10.2,False,,,哈尔滨市翰林辰霞C栋,2
大宝台球俱乐部,景点,baidu,exact,B0IU3HI0WN,大宝台球俱乐部,体育休闲服务;运动场馆;台球厅,080113,东直路340号(交通学院地铁站2号口步行310米),道外区,126.6855854,45.7867452,126.6918,45.788838,wgs84_to_gcj02,12.2,False,,,东直路340号（大宝弹弓台球俱乐部),1
爱麻仕棋牌·台球(道里店),景点,baidu,exact,B0J6CSM96Q,爱麻仕棋牌·台球(道里店),体育休闲服务;体育休闲服务场所;体育休闲服务场所,080000,安阳路8号(河山街地铁站1号口步行380米),道里区,126.5829308,45.7401715,126.588764,45.742216,wgs84_to_gcj02,15.2,False,,,安阳路8号1层,1
威虎山国际滑雪俱乐部(暂停营业),景点,amap,exact,B0FFHC0HKV,威虎山国际滑雪俱乐部,体育休闲服务;运动场馆;运动场所,080100,玉泉镇301国道旁玉泉威虎山森林公园内(北侧),阿城区,127.141794,45.415373,127.141794,45.415373,identity,0.0,False,,,玉泉威虎山森林公园停车点附近,10
MELAND(哈尔滨万象汇店),景点,amap,exact,B0FFKSIZLG,MELAND(哈尔滨万象汇店),体育休闲服务;休闲场所;游乐场,080501,世茂大道555号万象汇世茂大道店F255,松北区,126.538768,45.810576,126.538768,45.810576,identity,0.0,False,,,世茂大道555号万象汇世茂大道店F255,1
哈尔滨市家畜防治动物门诊,景点,amap,exact,B0FFF5U2X5,哈尔滨市家畜防治动物门诊,医疗保健服务;动物医疗场所;兽医站|医疗保健服务;动物医疗场所;宠物诊所,090702|090701,北棵小区16号楼16门,道外区,126.707634,45.792485,126.707634,45.792485,identity,0.0,False,,,北棵小区16号楼16门,1
嘟咪乐园(里道斯国际大厦店),景点,amap,exact,B0IDVCFAGJ,嘟咪乐园(里道斯国际大厦店),体育休闲服务;休闲场所;游乐场,080501,东大直街320号里道斯国际大厦F3层,南岗区,126.646611,45.760068,126.646611,45.760068,identity,0.0,False,,,东大直街320号里道斯国际大厦F3层,1
猛犸象MAMMUT(西城红场店),景点,amap,exact,B0L2TR4IFG,猛犸象MAMMUT(西城红场店),体育休闲服务;休闲场所;游乐场,080501,中兴大道253号西城红场艺术长廊1楼,南岗区,126.593075,45.702806,126.592875,45.703125,identity,38.7,False,,,中兴大道253号西城红场艺术长廊1楼,1
哈尔滨万达假日酒店(中央大街地铁站店),景点,amap,exact,B0IGJ5QN9O,哈尔滨万达假日酒店(中央大街地铁站店),住宿服务;宾馆酒店;四星级宾馆|住宿服务;宾馆酒店;五星级宾馆|餐饮服务;餐饮相关场所;餐饮相关,100103|100102|050000,经纬街90号(中央大街地铁站1号口步行390米),道里区,126.619968,45.76729,126.619968,45.76729,identity,0.0,False,,,经纬街90号(中央大街地铁站1号口步行390米),3
火车主题广场-中东铁路印象馆,景点,amap,exact,B0FFK638I0,火车主题广场-中东铁路印象馆,风景名胜;风景名胜相关;旅游景点,110000,斯大林街2-1号火车主题广场(西南角),道外区,126.627015,45.782395,126.627015,45.782395,identity,0.0,False,,,斯大林街2-1号火车主题广场(西南角),1
摩洛哥蓝色小镇,景点,amap,exact,B0LU29WXS8,摩洛哥蓝色小镇,风景名胜;风景名胜;风景名胜,110200,太阳大道277号哈尔滨极地公园内(南侧),松北区,126.5867,45.78434,126.5867,45.78434,identity,0.0,False,,,哈尔滨地铁2号线太阳岛站1号口(哈尔滨极地公园),1
天恒山,景点,amap,exact,B0FFH95Z50,天恒山,风景名胜;风景名胜;风景名胜,110200,东巨路附近,道外区,126.792879,45.790891,126.792879,45.790891,identity,0.0,False,,,东巨路附近,10
呼兰河口湿地公园,景点,amap,exact,B01C31CVZ7,呼兰河口湿地公园,风景名胜;风景名胜;风景名胜,110200,东岗村香蒲大堤,呼兰区,126.733494,45.947771,126.733494,45.947771,identity,0.0,False,,,东岗村香蒲大堤,10
疯狂的毛哩(金爵万象商业广场店),景点,amap,exact,B0L3XKZQP8,疯狂的毛哩(金爵万象商业广场店),体育休闲服务;休闲场所;游乐场,080501,金爵万象商业广场,南岗区,126.582925,45.699075,126.582925,45.699075,identity,0.0,False,,,金爵万象商业广场,1
健康乐园,景点,amap,exact,B01C317CMP,健康乐园,商务住宅;住宅区;住宅小区,120302,乡里街与天合街交叉口西北120米,道里区,126.591614,45.732737,126.591614,45.732737,identity,0.0,False,,,乡里街与天合街交叉口西北120米,10
亚布力九号别墅(亚布力滑雪旅游度假区店),景点,amap,exact,B0LKZZESNZ,亚布力九号别墅(亚布力滑雪旅游度假区店),住宿服务;住宿服务相关;住宿服务相关,100000,亚布力青云小镇沁雪木屋饺子馆东北200米,尚志市,128.508355,44.754277,128.508355,44.754277,identity,0.0,False,,,亚布力青云小镇沁雪木屋饺子馆东北200米,5
太阳岛风景区俄罗斯风情小镇,景点,amap,exact,B01C30IUWR,太阳岛风景区俄罗斯风情小镇,风景名胜;风景名胜相关;旅游景点,110000,平原街20号,松北区,126.602722,45.787604,126.602722,45.787604,identity,0.0,False,,,平原街20号,10
哈尔滨伯爵大酒店(中央大街店),景点,amap,exact,B0FFGNJBII,哈尔滨伯爵大酒店(中央大街店),住宿服务;宾馆酒店;四星级宾馆,100103,买卖街11号,道里区,126.633118,45.766902,126.633118,45.766902,identity,0.0,False,,,买卖街11号,6
哈尔滨振宁酒店(中央大街地铁站索菲亚教堂店),景点,amap,exact,B0FFGILRL5,哈尔滨振宁酒店(中央大街地铁站索菲亚教堂店),住宿服务;宾馆酒店;宾馆酒店,100100,红霞街100号,道里区,126.61205,45.772465,126.61205,45.772465,identity,0.0,False,,,红霞街100号,2
奕海客情民宿(亚布力滑雪旅游度假区店),景点,amap,exact,B0MBDSFU39,奕海客情民宿(亚布力滑雪旅游度假区店),住宿服务;住宿服务相关;住宿服务相关,100000,亚布力镇锅盔山景区综合服务中心西南方400米,尚志市,128.502609,44.752717,128.502609,44.752717,identity,0.0,False,,,亚布力镇锅盔山景区综合服务中心西南方400米,1
亚布力温泉滑雪度假酒店,景点,amap,exact,B0FFIR7PEC,亚布力温泉滑雪度假酒店,住宿服务;住宿服务相关;住宿服务相关,100000,青山村165号,尚志市,128.491921,44.795526,128.491921,44.795526,identity,0.0,False,,,青山村165号,10
LORI雅致民宿(哈尔滨西站店),景点,amap,exact,B0J6Z4FHP6,LORI雅致民宿(哈尔滨西站店),住宿服务;住宿服务相关;住宿服务相关,100000,哈西大街万达华宅F1栋2单元3002室,南岗区,126.587484,45.69882,126.587484,45.69882,identity,0.0,False,,,哈西大街万达华宅f1栋2单元3002,2
英杰温泉小镇清风民宿(十五号别墅),景点,amap,exact,B0FFJNATTU,英杰温泉小镇清风民宿(十五号别墅),住宿服务;旅馆招待所;旅馆招待所,100200,九天池酒店(英杰风景区店)东侧110米,宾县,127.353625,45.657475,127.353625,45.657475,identity,0.0,False,,,九天池酒店(英杰风景区店)东侧110米,1
玉泉国际狩猎场鹿鸣谷滑雪场(暂停开放),景点,amap,exact,B0M6Y5RV5D,玉泉国际狩猎场鹿鸣谷滑雪场(暂停开放),体育休闲服务;运动场馆;滑雪场|风景名胜;风景名胜;风景名胜,080106|110200,玉泉镇北部山区,阿城区,127.217808,45.422588,127.217808,45.422588,identity,0.0,False,,,玉泉镇北部山区,1
澜悦汇·养生沐浴,景点,amap,exact,B0L05ZSZXY,澜悦汇·养生沐浴,生活服务;洗浴推拿场所;洗浴推拿场所,071400,先锋路328号,南岗区,126.677659,45.765108,126.677659,45.765108,identity,0.0,False,,,先锋路328号,2
亚布力森林温泉酒店,景点,amap,exact,B0FFHI942E,亚布力森林温泉酒店,住宿服务;宾馆酒店;五星级宾馆,100102,金牌大道亚布力南站旁,尚志市,128.485175,44.793452,128.485175,44.793452,identity,0.0,False,,,金牌大道亚布力南站旁,10
亚布力青山雪上乐园,景点,amap,exact,B0L037DLK4,亚布力青山雪上乐园,体育休闲服务;休闲场所;水上活动中心,080505,望山度假酒店西南侧,尚志市,128.499725,44.792525,128.499725,44.792525,identity,0.0,False,,,望山度假酒店西南侧,1
香水足浴馆(南岗花园街店),景点,amap,exact,B01C318HZS,香水足浴馆(南岗花园街店),生活服务;洗浴推拿场所;洗浴推拿场所,071400,花园街209号,南岗区,126.655687,45.765105,126.655687,45.765105,identity,0.0,False,,,辽阳街45号宜园小区,1
亚布力美居滑雪温泉度假别墅,景点,amap,exact,B0FFHNYVB0,亚布力美居滑雪温泉度假别墅,住宿服务;住宿服务相关;住宿服务相关,100000,西四街与沿河路交叉路口往东南约50米,尚志市,128.504358,44.75596,128.504358,44.75596,identity,0.0,False,,,西四街与沿河路交叉路口往东南约50米,1
老街烧烤海鲜烤猪手,景点,amap,exact,B0KRMSS7P5,老街烧烤海鲜烤猪手,餐饮服务;中餐厅;特色/地方风味餐厅,050118,安升街121号,道里区,126.609822,45.762289,126.609822,45.762289,identity,0.0,False,,,安升街121号,2
冰雪大世界梦幻冰雪馆,景点,amap,exact,B0JG07DCYW,冰雪大世界梦幻冰雪馆,体育休闲服务;休闲场所;游乐场,080501,雪景街1666号B栋,松北区,126.5663,45.775841,126.5663,45.775841,identity,0.0,False,,,雪景街1666号B栋,10
麗枫酒店(哈尔滨火车站站前广场店),景点,amap,exact,B0FFJ9RX12,麗枫酒店(哈尔滨火车站站前广场店),住宿服务;宾馆酒店;宾馆酒店,100100,春申街14号(哈尔滨站地铁站3号口步行240米),南岗区,126.634387,45.759676,126.634387,45.759676,identity,0.0,False,,,春申街14号(哈尔滨站地铁站3号口步行240米),1
亚布力瑞枫山舍冰雪乐园,景点,amap,exact,B0K2OCWIO2,亚布力瑞枫山舍冰雪乐园,体育休闲服务;休闲场所;休闲场所,080500,亚布力镇五里地村旁,尚志市,128.520545,44.955911,128.519225,44.955775,identity,105.0,False,,,亚布力镇五里地村旁,1
喆啡酒店(哈尔滨火车站南广场博物馆地铁站店),景点,amap,exact,B0FFKGQE8U,喆啡酒店(哈尔滨火车站南广场博物馆地铁站店),住宿服务;宾馆酒店;宾馆酒店,100100,建设街131号(博物馆地铁站4号口步行260米),南岗区,126.641871,45.761025,126.641871,45.761025,identity,0.0,False,,,建设街131号(博物馆地铁站4号口步行260米),1
亚布力熊猫馆,景点,amap,exact,B0FFGU7XM2,亚布力熊猫馆,风景名胜;风景名胜相关;旅游景点,110000,金牌大道84号,尚志市,128.477181,44.794427,128.477181,44.794427,identity,0.0,False,,,金牌大道84号,8
动物园早市,景点,amap,exact,B0MD9SOCQE,动物园早市,购物服务;综合市场;综合市场,060700,新苗圃街与航天路交叉口西20米,南岗区,126.631125,45.737221,126.631125,45.737221,identity,0.0,False,,,新苗圃街与航天路交叉口西南20米,3
哈尔滨西站万达广场亚朵X酒店,景点,amap,exact,B0H2P7S7O5,哈尔滨西站万达广场亚朵X酒店,住宿服务;宾馆酒店;宾馆酒店,100100,哈尔滨大街541-2号,南岗区,126.581453,45.69815,126.581453,45.69815,identity,0.0,False,,,哈尔滨大街541-2号,2
乙太东方儿童成长中心(红博中央公园店),景点,amap,exact,B0LUDS8VZ9,乙太东方儿童成长中心(红博中央公园店),生活服务;婴儿服务场所;婴儿服务场所,072000,红旗大街339号红博中央公园F1层,南岗区,126.699767,45.758163,126.699767,45.758163,identity,0.0,False,,,红旗大街339号红博中央公园F1层,1
汉庭酒店(哈尔滨中央大街火车站北广场店),景点,amap,exact,B0JGMR6200,汉庭酒店(哈尔滨中央大街火车站北广场店),住宿服务;宾馆酒店;宾馆酒店,100100,工厂街26号,道里区,126.630913,45.766558,126.630913,45.766558,identity,0.0,False,,,工厂街26号,2
天龙湖冰雪乐园(暂停营业),景点,amap,exact,B0K0TUOS6I,天龙湖冰雪乐园(暂停营业),体育休闲服务;运动场馆;滑雪场,080106,,平房区,126.70134,45.570513,126.70134,45.570513,identity,0.0,False,,,[],1
职工冰雪乐园(暂停营业),景点,amap,exact,B0M6LC6LZ7,职工冰雪乐园(暂停营业),体育休闲服务;体育休闲服务场所;体育休闲服务场所,080000,九站公园与九站街交叉口西220米,道里区,126.603329,45.776115,126.603329,45.776115,identity,0.0,False,,,九站公园与九站街交叉口西220米,1
哈尔滨富力广场,景点,amap,exact,B0FFF4VXYQ,哈尔滨富力广场,购物服务;商场;普通商场|商务住宅;住宅区;住宅小区,060102|120302,友谊西路600号,道里区,126.587991,45.757761,126.587991,45.757761,identity,0.0,False,,,乡湾街与河鼓街辅路交叉口西南200米,2
ZARA(哈尔滨哈西万达广场店),景点,amap,exact,B0FFFFCTCC,ZARA(哈尔滨万达广场店),购物服务;服装鞋帽皮具店;品牌服装店,061101,哈西街道中兴大道168号万达广场(哈尔滨哈西店)1F层,南岗区,126.587999,45.700489,126.587999,45.700489,identity,0.0,False,,,中兴大道168号哈西万达广场,2
长岭湖旅游区,景点,amap,exact,B01C31DKTK,长岭湖旅游区,风景名胜;风景名胜;风景名胜,110200,环湖北路,道里区,126.440266,45.691515,126.440266,45.691515,identity,0.0,False,,,环湖北路,10
亚布力新体委滑雪场(暂停营业),景点,amap,exact,B0FFHN5KGM,亚布力新体委滑雪场(暂停营业),体育休闲服务;运动场馆;滑雪场,080106,金牌大道84号,尚志市,128.459762,44.772608,128.459762,44.772608,identity,0.0,False,,,金牌大道84号,3
亚布力阳光度假村滑雪场(暂停营业),景点,amap,exact,B01C302E4C,亚布力阳光度假村滑雪场(暂停营业),体育休闲服务;运动场馆;滑雪场,080106,金牌大道84号亚布力滑雪旅游度假区,尚志市,128.452384,44.781808,128.452384,44.781808,identity,0.0,False,,,金牌大道84号亚布力滑雪旅游度假区,5
帽儿山高山滑雪场(暂停营业),景点,amap,exact,B0FFK1Q8RM,帽儿山高山滑雪场(暂停营业),体育休闲服务;运动场馆;滑雪场,080106,尚志哈体院帽儿山高山滑雪场酒店1层,尚志市,127.452381,45.250935,127.452381,45.250935,identity,0.0,False,,,尚志哈体院帽儿山高山滑雪场酒店1层,3
汉搏私人健身工作室,景点,baidu,exact,B0FFFAM43H,汉搏私人健身工作室,体育休闲服务;运动场馆;健身中心,080111,民强街道红旗大街红河小区一街区2号楼3单元303室,道外区,126.6775716,45.7828106,126.683648,45.784776,wgs84_to_gcj02,4.8,False,,,红旗大街红河小区一街区2号楼3单元303(商委红肠过街天桥院内),2
陈金羽毛球俱乐部(红博会展购物广场店),景点,baidu,exact,B0FFI1CJUH,陈金羽毛球俱乐部,体育休闲服务;运动场馆;羽毛球场,080118,哈尔滨国际会议展览体育中心院内黄河路200号会展中心9门或长江路会展3进入,南岗区,126.6971429,45.75376,126.703265,45.754249,wgs84_to_gcj02,173.8,False,,,红旗大街301号红博会展购物广场内,10
超吉星台球棋牌,景点,baidu,exact,B0JR65OWOA,超吉星台球棋牌,体育休闲服务;运动场馆;台球厅,080113,珠江路0303号(南直路地铁站2号口步行220米),香坊区,126.7023193,45.7323713,126.708019,45.734817,wgs84_to_gcj02,53.8,False,,,珠江路0303号,2
松北凤栖湖,景点,baidu,exact,B0H0R66FBR,松北凤栖湖,风景名胜;公园广场;公园,110101,学院路与梧桐街交叉口东120米,呼兰区,126.5042437,45.8731351,126.510358,45.875169,wgs84_to_gcj02,5.2,False,,,黑龙江省哈尔滨市呼兰区学院路838号,3
谈小娱24h自助台球(乐松店),景点,baidu,exact,B0K2YZOVOL,谈小娱24h自助台球(乐松店),体育休闲服务;运动场馆;台球厅,080113,幸福路148号地下6号口4-2,香坊区,126.6436809,45.7152253,126.64965,45.717186,wgs84_to_gcj02,0.4,False,,,幸福路148号地下商城6号口,1
晟点台球休闲会馆,景点,baidu,exact,B0FFJ8LWF4,晟点台球休闲会馆,体育休闲服务;运动场馆;台球厅,080113,民安街212号二楼,道里区,126.6046939,45.7433245,126.610534,45.745226,wgs84_to_gcj02,5.7,False,,,民安街212号2楼,1
司氏台球会馆,景点,baidu,exact,B0KALKB20E,司氏台球会馆,体育休闲服务;运动场馆;台球厅,080113,祥安南大街1758号,松北区,126.5093709,45.8093791,126.515469,45.81139,wgs84_to_gcj02,5.8,False,,,黑龙江省哈尔滨市松北区松祥街道祥安南大街1758号世纪花园C区46栋,10
力得健身(翠湖店),景点,baidu,exact,B0H1UMUU1J,力得健身(翠湖店),体育休闲服务;运动场馆;健身中心,080111,融江路2921号,道里区,126.5317351,45.730091,126.537774,45.732101,wgs84_to_gcj02,0.1,False,,,群力大道与融江路交叉口翠湖天地营销中心旁,1
奈斯台球俱乐部(志华商城店),景点,baidu,exact,B0J1ZSIFYY,奈斯台球俱乐部(志华商城店),体育休闲服务;运动场馆;台球厅,080113,学院路四道街85号,呼兰区,126.5457923,45.8696538,126.551781,45.871581,wgs84_to_gcj02,2.2,False,,,学院路志华商城4号楼4门商服4层,1
玉峰台球(经纬街店),景点,baidu,exact,B01C305NWN,玉峰台球(经纬街店),体育休闲服务;运动场馆;台球厅,080113,经纬街102号(中央大街地铁站2号口步行280米),道里区,126.6132987,45.7658136,126.619254,45.767661,wgs84_to_gcj02,7.9,False,,,经纬街102号（中央大街地铁站2号口步行280米）,1
大正莅江游泳馆,景点,baidu,exact,B0FFIA0LWX,大正莅江游泳馆(暂停营业),体育休闲服务;运动场馆;游泳馆,080110,聚源街167号,松北区,126.5365222,45.8083388,126.542552,45.810328,wgs84_to_gcj02,1.5,False,,,哈尔滨市松北街道聚源街77号,6
迈力私教瘦身工作室(九中店),景点,baidu,exact,B0FFKRGBOJ,迈力私教瘦身工作室,生活服务;生活服务场所;生活服务场所,070000,星华街6号(省政府地铁站2号口步行450米),香坊区,126.6588037,45.7374389,126.664866,45.739421,wgs84_to_gcj02,4.1,False,,,星华街6号,1
上亿台球棋牌会所,景点,baidu,exact,B0J2CO9GKK,上亿台球棋牌会所,体育休闲服务;运动场馆;台球厅,080113,建新街39号1栋(建新街副26号院东北门旁),南岗区,126.6549701,45.7581838,126.660893,45.760141,wgs84_to_gcj02,6.4,False,,,建新街与人和街交叉口西20米,1
DSC卡丁车俱乐部,景点,baidu,exact,B0MA9Z942E,DSC卡丁车俱乐部,体育休闲服务;体育休闲服务场所;体育休闲服务场所,080000,机场路198号海宁皮革城西1门,道里区,126.5314473,45.6890865,126.537402,45.690985,wgs84_to_gcj02,15.0,False,,,机厂路198号海宁皮革城西壹门DSC卡丁车俱乐部,1
杰太极健身俱乐部,景点,baidu,exact,B0FFLPD2SG,杰太极健身俱乐部,体育休闲服务;运动场馆;健身中心,080111,哈西大街516号1楼,南岗区,126.5906509,45.697166,126.596551,45.69913,wgs84_to_gcj02,4.0,False,,,哈西大街516号1楼,1
华冠·道里区冰上运动中心,景点,baidu,exact,B0IA7A70GJ,华冠·道里区冰上运动中心,公司企业;公司;公司,170200,乡政街50-2号,道里区,126.5917017,45.7258863,126.597598,45.727835,wgs84_to_gcj02,3.2,False,,,黑龙江省哈尔滨市道里区城乡路街道乡政街50-2号,2
哈尔滨之心雪人王国冰雪乐园,景点,amap,exact,B0LKBXUZYZ,哈尔滨之心雪人王国冰雪乐园(暂停营业),体育休闲服务;休闲场所;休闲场所,080500,剧院二路与滨水大道交叉口东北300米,松北区,126.57409,45.809198,126.572975,45.807525,identity,205.1,False,,,LTDUCK小黄鸭主题乐园东北侧180米,1
老街坊饺子熏酱酒馆(四安小区店)(装修中),景点,amap,exact,B0KG75R7RU,老街坊饺子熏酱酒馆(四安小区店),餐饮服务;中餐厅;中餐厅,050100,安升街107号,道里区,126.610743,45.76188,126.610743,45.76188,identity,0.0,False,,,安升街与安定街交叉口东60米,1
水沐城市温泉,景点,amap,exact,B0IAL16C2M,水沐城市温泉,生活服务;洗浴推拿场所;洗浴推拿场所,071400,金澜路与长安路交叉口西北180米,阿城区,126.965705,45.529592,126.965705,45.529592,identity,0.0,False,,,金澜路与长安路交叉口西北180米,5
亚布力滑雪场雪鼎山庄,景点,amap,exact,B0FFHUR6EU,亚布力滑雪场雪鼎山庄(暂停营业),住宿服务;住宿服务相关;住宿服务相关,100000,亚布力滑雪场旅游度假区金牌大道85号,尚志市,128.517282,44.826773,128.517282,44.826773,identity,0.0,False,,,亚布力滑雪场旅游度假区金牌大道85号,4
英杰温泉小镇清风民宿,景点,amap,exact,B0L2NLIHPM,英杰温泉小镇清风民宿,住宿服务;旅馆招待所;旅馆招待所,100200,英杰温泉小镇十七号别墅清风民宿,宾县,127.353525,45.657375,127.353525,45.657375,identity,0.0,False,,,英杰温泉小镇十七号别墅清风民宿,2
39号洗浴搓澡馆,景点,amap,exact,B0LUX5JSH4,39号洗浴搓澡馆,生活服务;洗浴推拿场所;洗浴推拿场所,071400,松浦大道3299号华美太古广场s39号,松北区,126.641712,45.846276,126.641712,45.846276,identity,0.0,False,,,松浦大道3299号华美太古广场s39号,6
哈尔滨如景航运江景酒店(松花江中华巴洛克街区地铁站店),景点,amap,exact,B0FFGYCE0L,哈尔滨如景航运江景酒店(松花江中华巴洛克街区地铁站店),住宿服务;宾馆酒店;宾馆酒店,100100,江畔路19号(满汉楼江畔店旁),道外区,126.640079,45.790436,126.640079,45.790436,identity,0.0,False,,,江畔路19号(满汉楼江畔店旁),1
酥寒漫境民宿(亚布力滑雪场度假区店),景点,amap,exact,B0L0BCVCO2,酥寒漫境民宿(亚布力滑雪场度假区店),住宿服务;住宿服务相关;住宿服务相关,100000,亚布力镇雪乡路晶一晶雪服店东北100米,尚志市,128.504575,44.794675,128.504575,44.794675,identity,0.0,False,,,亚布力镇雪乡路晶一晶雪服店东北100米,1
哈尔滨市群众艺术馆,景点,amap,exact,B01C300597,哈尔滨市群众艺术馆,科教文化服务;展览馆;展览馆,140200,一曼街247号哈尔滨艺术博物馆,南岗区,126.641476,45.76572,126.641476,45.76572,identity,0.0,False,,,一曼街247号哈尔滨艺术博物馆,4
丽呈東谷酒店(哈尔滨火车站博物馆地铁站店),景点,amap,exact,B0FFJGN4XZ,丽呈東谷酒店(哈尔滨火车站博物馆地铁站店),住宿服务;宾馆酒店;经济型连锁酒店,100105,马家街188号,南岗区,126.648992,45.757007,126.648992,45.757007,identity,0.0,False,,,马家街188号,1
亚布力亚布洛尼酒店,景点,amap,exact,B01C317EN3,亚布力亚布洛尼酒店,住宿服务;宾馆酒店;宾馆酒店,100100,亚布力滑雪旅游度假区阳光度假村阳光大街8号,尚志市,128.44949,44.781646,128.44949,44.781646,identity,0.0,False,,,亚布力滑雪旅游度假区阳光度假村阳光大街8号,6
森工总局平山旅游区-皇家鹿苑,景点,amap,exact,B0FFG8YYRA,森工总局平山旅游区-皇家鹿苑,风景名胜;公园广场;动物园,110102,平山镇林场建成区,阿城区,127.361024,45.304368,127.361024,45.304368,identity,0.0,False,,,平山镇林场建成区,10
毛主席宝像传奇,景点,amap,exact,B0FFMBRJM2,毛主席宝像传奇,风景名胜;风景名胜相关;旅游景点,110000,上海街与爱建路交叉口,道里区,126.601982,45.761885,126.601982,45.761885,identity,0.0,False,,,上海街与爱建路交叉口,1
松松小镇(乐松购物广场店),景点,amap,exact,B0FFFTSFOM,松松小镇(乐松购物广场店),体育休闲服务;休闲场所;游乐场,080501,三大动力路8号乐松广场3层,香坊区,126.648224,45.719727,126.648224,45.719727,identity,0.0,False,,,三大动力路8号乐松广场3层,4
黑龙江省地质博物馆(暂停开放),景点,amap,exact,B01C30HWIP,黑龙江省地质博物馆(暂停开放),科教文化服务;博物馆;博物馆,140100,红旗大街263号,香坊区,126.696151,45.744661,126.696151,45.744661,identity,0.0,False,,,红旗大街263号,1
哈尔滨市南岗博物馆,景点,amap,exact,B0FFG7QZH2,哈尔滨市南岗博物馆,科教文化服务;博物馆;博物馆,140100,花园街道联发街1号,南岗区,126.640936,45.75273,126.640936,45.75273,identity,0.0,False,,,花园街道联发街1号,10
刘少奇革命活动旧址,景点,amap,exact,B0FFF69B22,刘少奇革命活动旧址,风景名胜;风景名胜相关;旅游景点,110000,河广街15号,道里区,126.605241,45.755287,126.605241,45.755287,identity,0.0,False,,,河广街15号,1
海豚堡水乐园,景点,amap,exact,B0HRYZFHC8,海豚堡水乐园,体育休闲服务;体育休闲服务场所;体育休闲服务场所,080000,先锋路2号,道外区,126.758141,45.773263,126.758141,45.773263,identity,0.0,False,,,先锋路2号,5
黑龙江哈尔滨阿勒锦岛国家湿地公园,景点,amap,exact,B0FFGLQWEL,黑龙江哈尔滨阿勒锦岛国家湿地公园,风景名胜;公园广场;公园,110101,松浦大桥附近,松北区,126.656215,45.806681,126.656215,45.806681,identity,0.0,False,,,松浦大桥附近,3
雪境滑雪场(哈尔滨体育学院教学训练基地),景点,amap,exact,B0L0HUQCGA,雪境滑雪场(哈尔滨体育学院教学训练基地),体育休闲服务;运动场馆;运动场所,080100,帽儿山镇(哈尔滨体育学院二校区),尚志市,127.512259,45.269991,127.512259,45.269991,identity,0.0,False,,,帽儿山镇(哈尔滨体育学院二校区),1
太阳岛绿色运动公园,景点,amap,exact,B0K0OUNM7X,太阳岛绿色运动公园,风景名胜;公园广场;公园,110101,雪乡街与冰峰路交叉口南260米,松北区,126.573242,45.772225,126.573242,45.772225,identity,0.0,False,,,雪乡街与冰峰路交叉口南260米,1
江畔公园,景点,amap,exact,B01C30IACX,江畔公园,风景名胜;公园广场;公园,110101,江畔路沿线,道外区,126.634534,45.786488,126.634534,45.786488,identity,0.0,False,,,江畔路沿线,10
尚志公园,景点,amap,exact,B01C30HQ1R,尚志公园,风景名胜;公园广场;公园,110101,公滨路478号,香坊区,126.683051,45.726699,126.683051,45.726699,identity,0.0,False,,,公滨路478号,10
音乐主题广场,景点,amap,exact,B0FFFWE6KX,音乐主题广场,风景名胜;公园广场;城市广场,110105,哈尔滨音乐公园,道里区,126.548512,45.749015,126.548512,45.749015,identity,0.0,False,,,哈尔滨音乐公园,8
iTA家庭育乐成长中心(银泰城店),景点,amap,exact,B0JGGNLPT5,iTA家庭育乐成长中心(银泰城店),体育休闲服务;休闲场所;游乐场,080501,群力大道2399号银泰城购物中心F1层,道里区,126.539258,45.735485,126.539258,45.735485,identity,0.0,False,,,群力大道2399号银泰城购物中心F1层,1
萧红故居,景点,amap,exact,B0FFH0560U,萧红故居,风景名胜;风景名胜;纪念馆,110204,萧红大道226号,呼兰区,126.607396,45.975832,126.607396,45.975832,identity,0.0,False,,,萧红大道226号,10
7天连锁酒店(哈尔滨承德广场巴洛克景区店),景点,amap,exact,B01C30J4Q1,7天连锁酒店(哈尔滨承德广场巴洛克景区店),住宿服务;宾馆酒店;经济型连锁酒店,100105,景阳街248号,道外区,126.639869,45.776984,126.639869,45.776984,identity,0.0,False,,,景阳街248号,1
凯旋广场,景点,amap,exact,B0FFG7QZRZ,凯旋广场,商务住宅;住宅区;住宅小区,120302,动源街5号,香坊区,126.645401,45.720495,126.645401,45.720495,identity,0.0,False,,,动源街5号,10
五常市建设大街步行街(五常一百店),景点,amap,exact,B01C317D9P,五常市建设大街步行街(五常一百店),购物服务;特色商业街;步行街,061001,建设街,五常市,127.163656,44.917252,127.163656,44.917252,identity,0.0,False,,,建设街,10
2026香坊冰雪嘉年华,景点,amap,exact,B0M6LH4PQS,2026香坊冰雪嘉年华,体育休闲服务;体育休闲服务场所;体育休闲服务场所,080000,公滨路与香福路交叉口向西北260米,香坊区,126.758197,45.721853,126.758197,45.721853,identity,0.0,False,,,公滨路与香福路交叉口向西北260米,1
中国-上海合作组织冰雪体育示范区群众冰雪体育运动基地(暂停营业),景点,amap,exact,B0LB5S28SB,中国-上海合作组织冰雪体育示范区群众冰雪体育运动基地(暂停营业),体育休闲服务;运动场馆;运动场所,080100,剧院一路与滨水大道交叉口大剧院西侧,松北区,126.579725,45.806525,126.579725,45.806525,identity,0.0,False,,,剧院一路与滨水大道交叉口大剧院西侧,1
哈尔滨世纪汽车历史博物馆,景点,amap,exact,B0FFF043W4,哈尔滨世纪汽车历史博物馆,科教文化服务;博物馆;博物馆,140100,堡旭大道,双城区,126.34727,45.389267,126.34727,45.389267,identity,0.0,False,,,堡旭大道,1
时代广场,景点,amap,exact,B01C30JKJI,时代广场,商务住宅;住宅区;住宅小区,120302,哈尔滨市经济开发区南岗集中区(香山路与浦江路交汇处),南岗区,126.693049,45.752462,126.693049,45.752462,identity,0.0,False,,,哈尔滨市经济开发区南岗集中区(香山路与浦江路交汇处),10
哈尔滨印象城A座,景点,amap,exact,B0L1DUU3UI,哈尔滨印象城A座,购物服务;商场;购物中心|购物服务;商场;普通商场,060101|060102,哈尔滨印象城,道里区,126.616249,45.779588,126.616249,45.779588,identity,0.0,False,,,哈尔滨印象城,10
哈尔滨冰雪文化博物馆,景点,amap,exact,B0J24SWEJB,哈尔滨冰雪文化博物馆,科教文化服务;博物馆;博物馆,140100,松花路9号中国云谷园区内A2号楼,香坊区,126.636679,45.627163,126.636679,45.627163,identity,0.0,False,,,松花路9号中国云谷园区内A2号楼,4
哈尔滨中央大街卓澜酒店,景点,amap,exact,B0G0DZ7M7N,哈尔滨中央大街卓澜酒店,住宿服务;宾馆酒店;宾馆酒店,100100,安德街61号,道里区,126.611953,45.759728,126.611953,45.759728,identity,0.0,False,,,安德街61号,3
亚布力雲枫酒店,景点,amap,exact,B0K07ZKKW9,亚布力雲枫酒店,住宿服务;宾馆酒店;宾馆酒店,100100,金牌大道108号,尚志市,128.483902,44.788935,128.483902,44.788935,identity,0.0,False,,,金牌大道108号,1
枫叶小镇温泉酒店·宴会厅,景点,amap,exact,B0G3PZRYV8,枫叶小镇温泉酒店·宴会厅,餐饮服务;餐饮相关场所;餐饮相关,050000,智谷三街5555号,松北区,126.467084,45.825019,126.467084,45.825019,identity,0.0,False,,,智谷三街5555号,1
地下购物广场(哈尔滨中央大街店),景点,amap,exact,B0H6XPVAYT,地下购物广场(哈尔滨中央大街店),购物服务;超级市场;超市,060400,中央大街1号哈尔滨中央大街,道里区,126.622932,45.770822,126.622932,45.770822,identity,0.0,False,,,中央大街1号哈尔滨中央大街,4
侵华日军第七三一部队罪证陈列馆,景点,amap,exact,B0FFG2DWSV,侵华日军第七三一部队罪证陈列馆,风景名胜;风景名胜;红色景区|科教文化服务;展览馆;展览馆,110210|140200,新疆大街23号(地铁1号线新疆大街站2号口出站),平房区,126.639431,45.608868,126.639431,45.608868,identity,0.0,False,,,新疆大街23号(地铁1号线新疆大街站2号口出站),7
群力国家城市湿地公园,景点,amap,exact,B01C31883F,群力国家城市湿地公园,风景名胜;公园广场;公园,110101,群力第六大道与丽江路交汇附近,道里区,126.552371,45.728646,126.552371,45.728646,identity,0.0,False,,,群力第六大道与丽江路交汇附近,10
激情广场-哈尔滨天主教堂,景点,amap,exact,B0FFGERXES,激情广场-哈尔滨天主教堂,风景名胜;风景名胜;教堂,110206,士课街47号,南岗区,126.659418,45.751174,126.659418,45.751174,identity,0.0,False,,,士课街47号,6
九站公园,景点,amap,exact,B01C3059DJ,九站公园,风景名胜;公园广场;公园,110101,九站街1号,道里区,126.598557,45.770097,126.598557,45.770097,identity,0.0,False,,,九站街1号,10
乐滑雪具(群力店),景点,amap,exact,B0LGYS1EN9,乐滑雪具(群力店),购物服务;专卖店;专营店,061200,群力第五大道恒祥空间4号楼4-2门市,道里区,126.531891,45.72619,126.531891,45.72619,identity,0.0,False,,,群力第五大道恒祥空间4号楼4-2门市,1
圣·伊维尔教堂,景点,amap,exact,B0FFFYU3D7,圣·伊维尔教堂,风景名胜;风景名胜;教堂,110206,哈尔滨站北广场(东北角),南岗区,126.629956,45.763385,126.629956,45.763385,identity,0.0,False,,,哈尔滨站北广场(东北角),1
靖宇公园,景点,amap,exact,B01C302891,靖宇公园,风景名胜;公园广场;公园,110101,北二十道街136号(近礼化街),道外区,126.663404,45.791831,126.663404,45.791831,identity,0.0,False,,,北二十道街136号(近礼化街),10
大雪人奇遇乐园(暂停营业),景点,amap,exact,B0KK27671X,大雪人奇遇乐园(暂停营业),体育休闲服务;体育休闲服务场所;体育休闲服务场所,080000,友谊西路2950号,道里区,126.55885,45.750214,126.55885,45.750214,identity,0.0,False,,,友谊西路2950号,1
侵华日军第731部队遗址第二保护区,景点,amap,exact,B01C317C67,侵华日军第731部队遗址第二保护区,风景名胜;风景名胜;风景名胜,110200,新疆街派出所东侧,平房区,126.63385,45.610616,126.63385,45.610616,identity,0.0,False,,,新疆街派出所东侧,3
革新教堂大舞台,景点,amap,exact,B0FFH2TVQA,革新教堂大舞台,体育休闲服务;影剧院;剧场,080603,士课街47号激情广场-哈尔滨天主教堂(东北角),南岗区,126.659547,45.751264,126.659547,45.751264,identity,0.0,False,,,士课街47号激情广场-哈尔滨天主教堂(东北角),1
群力外滩生态湿地,景点,amap,exact,B0FFJRWT8N,群力外滩生态湿地,风景名胜;公园广场;公园,110101,工农街道星光耀广场,道里区,126.540273,45.755922,126.540273,45.755922,identity,0.0,False,,,工农街道星光耀广场,10
哈尔滨融创文旅城,景点,amap,exact,B0FFKLBXOY,哈尔滨融创文旅城,风景名胜;风景名胜相关;旅游景点,110000,丰源街与世茂大道交汇处,松北区,126.499179,45.807403,126.499179,45.807403,identity,0.0,False,,,丰源街与世茂大道交汇处,10
卓立游泳健身,景点,baidu,exact,B0I1054NGM,卓立游泳健身(暂停营业),体育休闲服务;运动场馆;健身中心,080111,中山路254号地下一层,南岗区,126.644743,45.7498627,126.650908,45.751715,wgs84_to_gcj02,18.8,False,,,中山路254号毛线市场负一层,1
有机狗26小时共享健身(国润家饰城店),景点,baidu,exact,B0KDJY9NEH,有机狗26小时共享健身(国润家饰城店),体育休闲服务;运动场馆;健身中心,080111,国润家饰城8号门五楼,南岗区,126.6058497,45.7028474,126.611696,45.704699,wgs84_to_gcj02,9.5,False,,,国润家饰城5楼,1
素水少儿游泳中心(花园街店),景点,baidu,exact,B0IU7SGWG1,素水少儿游泳中心(花园街店),体育休闲服务;运动场馆;游泳馆,080110,美禾大厦西北门旁,南岗区,126.643815,45.7574286,126.649936,45.759305,wgs84_to_gcj02,14.3,False,,,阿什河街10号花园街交叉口,1
哈南市民健身广场,景点,baidu,exact,B0FFFZJRHP,哈南市民健身广场,体育休闲服务;运动场馆;户外健身场所,080108,新疆头道街与新友街交叉口西100米,平房区,126.6193112,45.6034148,126.625301,45.605336,wgs84_to_gcj02,7.8,False,,,新疆头道街与新友街交叉口西100米,1
宇天台球会馆,景点,baidu,exact,B0G37H79O5,宇天台球会馆,体育休闲服务;运动场馆;台球厅,080113,哈尔滨大街649号二楼,南岗区,126.5814662,45.6918099,126.587378,45.693717,wgs84_to_gcj02,3.0,False,,,哈尔滨大街649号二楼,10
峻申乔氏台球俱乐部,景点,baidu,exact,B0G2V7KAQ0,峻申乔氏台球俱乐部,体育休闲服务;运动场馆;台球厅,080113,安国街241-1号,道里区,126.6027153,45.7548611,126.608671,45.756893,wgs84_to_gcj02,13.7,False,,,安国街241-1号,1
丧尸主题公园(世界欢乐城店),景点,baidu,exact,B0FFLF918M,丧尸主题公园(世界欢乐城店),体育休闲服务;娱乐场所;娱乐场所,080300,利民开发区学院路美术家大街林达外语城4-102,呼兰区,126.5317051,45.8782325,126.541244,45.882777,wgs84_to_gcj02,393.0,False,,,宜春路哈尔滨林达外语城,1
KKT拳击格斗俱乐部(群力星光耀店),景点,baidu,exact,B0FFIJ4ANQ,KKT拳击格斗俱乐部,体育休闲服务;体育休闲服务场所;体育休闲服务场所,080000,香坊大街街道香顺街39-5邮电小区院内,香坊区,126.5238793,45.7301103,126.678821,45.728026,wgs84_to_gcj02,11564.1,True,,,群力大道3509号星光耀广场二期B座门市二楼,10
岔林湖公园,景点,baidu,exact,B0MU3ANWU7,岔林湖公园,风景名胜;公园广场;公园,110101,通河镇,通河县,128.7458489,45.9802769,128.752194,45.981499,wgs84_to_gcj02,102.4,False,,,哈尔滨市通河县云燕街与榆树街交口处,2
常见乔氏台球俱乐部,景点,baidu,exact,B0J2VHJAQ2,常见乔氏台球俱乐部,体育休闲服务;运动场馆;台球厅,080113,果戈里大街100号,南岗区,126.6532667,45.7501675,126.659348,45.75221,wgs84_to_gcj02,10.3,False,,,果戈里大街100号,1
乔氏台球(阳光印象店),景点,baidu,exact,B0I3Z5WDUM,乔氏台球(阳光印象店),体育休闲服务;体育休闲服务场所;体育休闲服务场所,080000,工农大街136号阳光印象小区,道里区,126.561219,45.7213145,126.567167,45.723264,wgs84_to_gcj02,0.1,False,,,工农大街136号二楼（阳光印象小区）,1
辉煌台球俱乐部(黄河路店),景点,baidu,exact,B0J2PM5EBF,辉煌台球俱乐部(黄河路店),体育休闲服务;运动场馆;台球厅,080113,黄河路与红旗大街交叉口西南80米,南岗区,126.6887309,45.7530478,126.694999,45.755133,wgs84_to_gcj02,14.3,False,,,黄河路188-25号,1
火烈鸟平衡车俱乐部(群力店),景点,baidu,exact,B0HUL555TZ,火烈鸟平衡车俱乐部(群力银泰城店),购物服务;体育用品店;体育用品店,060900,银泰城购物中心四楼(博纳影城入口),道里区,126.5333535,45.7344061,126.539375,45.736425,wgs84_to_gcj02,1.9,False,,,工农街道丽江路银泰城购物中心4楼4064号,2
卡卡拳击格斗俱乐部(新阳路店),景点,baidu,exact,B0KRPUWYTA,卡卡拳击格斗俱乐部,体育休闲服务;运动场馆;运动场所,080100,建议街8号,道里区,126.5992036,45.7468679,126.605091,45.748803,wgs84_to_gcj02,2.9,False,,,黑龙江省哈尔滨市道里区建议街8号,1
松武馆,景点,baidu,exact,B0JGMZ7JWZ,松武馆,体育休闲服务;运动场馆;运动场所,080100,恒大珺庭2号楼,南岗区,126.569431,45.69322,126.575391,45.695167,wgs84_to_gcj02,2.6,False,,,王岗镇中兴左街117-2号恒大珺庭2栋7门2层,5
素水游泳中心(新阳路店),景点,baidu,exact,B0JAXR4EVC,素水游泳中心(新阳路店),体育休闲服务;体育休闲服务场所;体育休闲服务场所,080000,新阳路504号负一层,道里区,126.5959658,45.7413277,126.601995,45.743359,wgs84_to_gcj02,15.9,False,,,新阳路504号负一层,2
维也纳台球会所,景点,baidu,exact,B0H1OHQX8D,维也纳台球会所,体育休闲服务;运动场馆;台球厅,080113,同江街20号(哈工大地铁站3号口步行370米),南岗区,126.6224489,45.7395472,126.628312,45.741519,wgs84_to_gcj02,6.9,False,,,同江街20号（哈工大地铁站3号口步行370米）,1
力龙体育(大庆副路店),景点,baidu,exact,B01C30KCSI,力龙体育(电塔家园店)(装修中),科教文化服务;学校;学校|购物服务;专卖店;专营店,141200|061200,三合路151号电塔家园,香坊区,126.6615961,45.7112147,126.66767,45.713151,wgs84_to_gcj02,8.2,False,,,黑龙江省哈尔滨市香坊区大庆副路38-4号,1
乐渔台球俱乐部,景点,baidu,exact,B0HRT77XQ2,乐渔台球俱乐部,体育休闲服务;运动场馆;台球厅,080113,世林路915号,松北区,126.4905334,45.8052819,126.496921,45.80742,wgs84_to_gcj02,12.8,False,,,世林路915号,2
成悦瑜伽,景点,baidu,exact,B0I1RD3VBY,成悦瑜伽,体育休闲服务;运动场馆;健身中心,080111,乐山路与赤水路交叉口南120米,香坊区,126.6918177,45.7414737,126.697924,45.743521,wgs84_to_gcj02,0.3,False,,,红旗大街汉水路交口科技公寓405,1
理工游泳馆,景点,baidu,exact,B0FFKTVP3N,理工游泳馆,体育休闲服务;运动场馆;游泳馆,080110,学府三道街33号,南岗区,126.6147606,45.7112747,126.62076,45.713303,wgs84_to_gcj02,12.8,False,,,学府三道街33号,2
中国人民解放军第四野战军纪念馆,景点,amap,exact,B01C30IED8,中国人民解放军第四野战军纪念馆,风景名胜;风景名胜;红色景区,110210,花园大街273号,双城区,126.314432,45.375025,126.314432,45.375025,identity,0.0,False,,,花园大街273号,4
赵一曼纪念园,景点,amap,exact,B01C3178IP,赵一曼纪念园,风景名胜;风景名胜;纪念馆,110204,长寿乡赵一曼,尚志市,127.8078,45.307422,127.8078,45.307422,identity,0.0,False,,,长寿乡赵一曼,10
净土寺,景点,amap,exact,B0FFGA8RUA,净土寺,风景名胜;风景名胜;寺庙道观,110205,平房镇松花路69号,平房区,126.588228,45.579009,126.588228,45.579009,identity,0.0,False,,,平房镇松花路69号,4
海澜之家(哈尔滨哈西万达广场店),景点,amap,exact,B0FFHLPYQU,海澜之家(哈尔滨哈西万达广场店),购物服务;服装鞋帽皮具店;品牌服装店,061101,"中兴大道168号万达广场(哈尔滨哈西店)2F层2102/2103(3号门进入直行40m,扶梯上到2F可见)",南岗区,126.587952,45.700274,126.587952,45.700274,identity,0.0,False,,,中兴大道168号万达广场(哈尔滨哈西店)2F层2102/2103,1
凯乐石KAILAS(杉杉奥特莱斯广场·哈尔滨店),景点,amap,exact,B0I2K5H2KY,凯乐石KAILAS(杉杉奥特莱斯广场·哈尔滨店),购物服务;体育用品店;户外用品,060907,学院路555号杉杉奥特莱斯二层B2100-B20300,呼兰区,126.557676,45.876498,126.557676,45.876498,identity,0.0,False,,,学院路555号杉杉奥特莱斯二层B24000,1
霜雪滑雪场(暂停营业),景点,amap,exact,B01C317FFG,霜雪滑雪场(暂停营业),体育休闲服务;运动场馆;滑雪场,080106,西山屯高速公路玉泉出口左拐3公里,阿城区,127.139248,45.418119,127.139248,45.418119,identity,0.0,False,,,西山屯高速公路玉泉出口左拐3公里,1
老街称盘麻辣烫(润达国际店),景点,amap,exact,B0JU41D6BB,老街称盘麻辣烫(润达国际店),餐饮服务;中餐厅;火锅店,050117,东直路118号百盛购物中心道外区太平桥店B1层,道外区,126.676962,45.784121,126.676962,45.784121,identity,0.0,False,,,东直路118号百盛购物中心道外区太平桥店B1层,1
亚布力滑雪(微澜美宿店),景点,amap,exact,B0L2JZ5RQR,亚布力滑雪(微澜美宿店),体育休闲服务;运动场馆;运动场所,080100,亚布力镇大青山村青顶子屯,尚志市,128.50467,44.79471,128.50467,44.79471,identity,0.0,False,,,亚布力镇大青山村青顶子屯,3
亚布力滑雪场,景点,amap,exact,B0LKO7HECP,亚布力滑雪场,住宿服务;住宿服务相关;住宿服务相关,100000,亚布力镇青山村青顶子屯1号,尚志市,128.517304,44.826862,128.517304,44.826862,identity,0.0,False,,,亚布力镇青山村青顶子屯1号,10
哈尔滨冰雪乐园(暂停营业),景点,amap,exact,B01C31B60U,哈尔滨冰雪乐园(暂停营业),体育休闲服务;运动场馆;滑雪场,080106,九站公园内江上体育活动指导中心,道里区,126.601907,45.774771,126.601907,45.774771,identity,0.0,False,,,九站公园内江上体育活动指导中心,10
哈尔滨啤酒博物馆,景点,amap,exact,B0FFFHY5MJ,哈尔滨啤酒博物馆,科教文化服务;博物馆;博物馆,140100,哈啤路9号,平房区,126.720769,45.594979,126.720769,45.594979,identity,0.0,False,,,哈啤路9号,2
亚布力雪都滑雪度假中心(暂停营业),景点,amap,exact,B0GKGH7ZZN,亚布力雪都滑雪度假中心(暂停营业),体育休闲服务;运动场馆;滑雪场,080106,亚布力镇大青山村,尚志市,128.50489,44.803241,128.50489,44.803241,identity,0.0,False,,,亚布力镇大青山村,1
建设街步行街,景点,amap,exact,B0FFJKUFIO,建设街步行街,购物服务;特色商业街;步行街|地名地址信息;交通地名;道路名,061001|190301,建设街67号(博物馆地铁站4号口步行230米),南岗区,126.642005,45.760853,126.642005,45.760853,identity,0.0,False,,,建设街67号(博物馆地铁站4号口步行230米),10
常林湾温泉水汇,景点,amap,exact,B0L1S1RD65,常林湾温泉水汇,生活服务;洗浴推拿场所;洗浴推拿场所,071400,拉林镇西黄村西门外屯常林湾温泉酒店,五常市,126.860125,45.233575,126.860125,45.233575,identity,0.0,False,,,拉林镇西黄村西门外屯常林湾温泉酒店,2
哈尔滨高丽一条街,景点,amap,exact,B01C30HTYB,哈尔滨高丽一条街,购物服务;特色商业街;特色商业街,061000,延福街与苏顺胡同交叉口,香坊区,126.698184,45.727315,126.698184,45.727315,identity,0.0,False,,,延福街与苏顺胡同交叉口,10
亚布力雪龙度假山庄,景点,amap,exact,B0FFHIF10A,亚布力雪龙度假山庄,体育休闲服务;度假疗养场所;度假疗养场所,080400,亚布力滑雪旅游度假区大青山村98号,尚志市,128.499153,44.795768,128.499153,44.795768,identity,0.0,False,,,亚布力滑雪旅游度假区大青山村98号,1
犹太商人索斯金故居,景点,amap,exact,B01C31APBG,犹太商人索斯金故居,风景名胜;风景名胜;纪念馆,110204,经纬四道街30号,道里区,126.617409,45.766396,126.617409,45.766396,identity,0.0,False,,,经纬四道街30号,1
呼兰河口湿地冰雪乐园,景点,amap,exact,B0JK15IPF9,呼兰河口湿地冰雪乐园,体育休闲服务;运动场馆;运动场所,080100,呼兰河口湿地公园,呼兰区,126.737158,45.939154,126.736201,45.937597,identity,188.3,False,,,呼兰河口湿地公园,1
雪韵假日精选酒店(亚布力新体委滑雪场店)(暂停营业),景点,amap,exact,B0FFJ5B0WC,雪韵假日精选酒店(亚布力新体委滑雪场店)(暂停营业),住宿服务;宾馆酒店;宾馆酒店,100100,金牌大道84号,尚志市,128.458213,44.775757,128.458213,44.775757,identity,0.0,False,,,金牌大道84号,1
云鼎宾馆,景点,amap,exact,B01C317EMR,云鼎宾馆,住宿服务;宾馆酒店;三星级宾馆,100104,金牌大道亚布力滑雪场内(国家森林公园医院南500米),尚志市,128.483939,44.788817,128.483939,44.788817,identity,0.0,False,,,金牌大道亚布力滑雪场内(国家森林公园医院南500米),10
雪韵假日精选酒店(亚布力滑雪旅游度假区店),景点,amap,exact,B0K0RAOGZM,雪韵假日精选酒店(亚布力滑雪旅游度假区店),住宿服务;宾馆酒店;宾馆酒店,100100,亚布力镇金牌大道84号,尚志市,128.482775,44.789575,128.482775,44.789575,identity,0.0,False,,,亚布力镇金牌大道84号,3
省委广场,景点,amap,exact,B01C30KE89,省委广场,风景名胜;公园广场;城市广场,110105,吉林街与花园街交叉口南50米,南岗区,126.650515,45.760803,126.650515,45.760803,identity,0.0,False,,,吉林街与花园街交叉口南50米,10
外滩雪人码头大雪人(暂停开放),景点,amap,exact,B0JK3CAGFM,外滩雪人码头大雪人(暂停开放),风景名胜;风景名胜相关;旅游景点,110000,友谊西路与上江街交口外滩雪人码头,道里区,126.572328,45.753162,126.572328,45.753162,identity,0.0,False,,,友谊西路与上江街交叉口北100米,1
世纪广场,景点,amap,exact,B01C3012C4,世纪广场,商务住宅;住宅区;住宅小区,120302,顺益街21-25号,南岗区,126.6842,45.751366,126.6842,45.751366,identity,0.0,False,,,顺益街21-25号,10
大顶子山温泉度假村,景点,amap,exact,B0FFHDPKBJ,大顶子山温泉度假村,体育休闲服务;度假疗养场所;度假村|体育休闲服务;娱乐场所;娱乐场所|风景名胜;风景名胜相关;旅游景点,080401|080300|110000,田堡村杭电枢纽杭电路1号,呼兰区,127.240596,46.012568,127.240596,46.012568,identity,0.0,False,,,田堡村杭电枢纽杭电路1号,8
哈尔滨水沐城市温泉度假酒店,景点,amap,exact,B0FFK400MY,哈尔滨水沐城市温泉度假酒店,住宿服务;住宿服务相关;住宿服务相关,100000,金澜路,阿城区,126.966067,45.529661,126.966067,45.529661,identity,0.0,False,,,金澜路,5
亚布力温泉国际度假中心,景点,amap,exact,B0FFFQ94AN,亚布力温泉国际度假中心,住宿服务;住宿服务相关;住宿服务相关|体育休闲服务;度假疗养场所;度假村,100000|080401,青云小镇内,尚志市,128.508196,44.757385,128.508196,44.757385,identity,0.0,False,,,青云小镇内,4
英杰温泉,景点,amap,exact,B0FFF0FDHD,英杰温泉,生活服务;洗浴推拿场所;洗浴推拿场所,071400,英杰村英杰风景区英杰温泉酒店1层,宾县,127.353929,45.661265,127.353929,45.661265,identity,0.0,False,,,英杰村英杰风景区英杰温泉酒店1层,10
哈利路亚教堂,景点,amap,exact,B01C30HPXL,哈利路亚教堂,风景名胜;风景名胜;教堂,110206,升永街2号,香坊区,126.695222,45.72429,126.695222,45.72429,identity,0.0,False,,,升永街2号,4
亚布力付家大院酒店,景点,amap,exact,B0FFHICIIN,亚布力付家大院酒店,住宿服务;住宿服务相关;住宿服务相关,100000,亚布力镇大青山村91号,尚志市,128.494808,44.796269,128.494808,44.796269,identity,0.0,False,,,亚布力镇大青山村91号,1
凤山水沐温泉洗浴(新华嘉园店),景点,amap,exact,B0JAMR8ADQ,凤山水沐温泉洗浴(新华嘉园店),生活服务;洗浴推拿场所;洗浴推拿场所,071400,雅臣路与建设大街交叉口东南120米,五常市,127.164992,44.916289,127.164992,44.916289,identity,0.0,False,,,雅臣路与建设大街交叉口东南120米,1
会宁公园,景点,amap,exact,B01C317FII,会宁公园,风景名胜;公园广场;公园,110101,通城街道会宁路258号,阿城区,126.985681,45.542876,126.985681,45.542876,identity,0.0,False,,,通城街道会宁路258号,10
亚布力缘雪阁滑雪温泉度假别墅,景点,amap,exact,B0JB6SEWYQ,亚布力缘雪阁滑雪温泉度假别墅,住宿服务;住宿服务相关;住宿服务相关,100000,亚布力旅游度假区青云小镇西二道街119号,尚志市,128.503123,44.760482,128.503123,44.760482,identity,0.0,False,,,亚布力旅游度假区青云小镇西二道街119号,1
兆麟公园冰灯艺术游园会(暂停开放),景点,amap,exact,B01C30K267,兆麟公园冰灯艺术游园会(暂停开放),风景名胜;风景名胜相关;旅游景点,110000,斯大林街道斯大林街道斯大林街道森林街377号兆麟公园,道里区,126.622785,45.776757,126.622785,45.776757,identity,0.0,False,,,斯大林街道斯大林街道斯大林街道森林街377号兆麟公园,1
松花江沙滩嘉年华,景点,amap,exact,B0JD2Z9UB0,松花江沙滩嘉年华,体育休闲服务;休闲场所;游乐场,080501,九站街1-3号,道里区,126.606093,45.77766,126.606093,45.77766,identity,0.0,False,,,九站街1-3号,1
美丽岛水世界,景点,amap,exact,B0FFHD3ATR,美丽岛水世界,体育休闲服务;度假疗养场所;度假村,080401,,阿城区,126.933836,45.678654,126.933836,45.678654,identity,0.0,False,,,[],2
波塞冬沙滩水世界,景点,amap,exact,B0FFI0XHJ6,波塞冬沙滩水世界,体育休闲服务;休闲场所;水上活动中心,080505,汇江路153号,呼兰区,126.686476,45.881947,126.686476,45.881947,identity,0.0,False,,,汇江路153号,5
上坞沙滩戏雪乐园(暂停营业),景点,amap,exact,B0JK7US3DN,上坞沙滩戏雪乐园(暂停营业),体育休闲服务;运动场馆;滑雪场,080106,松北大道东100米,松北区,126.582104,45.770889,126.582104,45.770889,identity,0.0,False,,,松北大道东100米,1
清滨公园,景点,amap,exact,B01C30JZW5,清滨公园,风景名胜;公园广场;公园,110101,西大直街与和兴三道街交口,南岗区,126.614992,45.729599,126.614992,45.729599,identity,0.0,False,,,西大直街与和兴三道街交口,10
沙滩部落(暂停营业),景点,amap,exact,B0J6YU3EX8,沙滩部落(暂停营业),体育休闲服务;体育休闲服务场所;体育休闲服务场所,080000,公路大桥辅路1号,松北区,126.579296,45.769128,126.579296,45.769128,identity,0.0,False,,,公路大桥辅路1号,1
母亲广场,景点,amap,exact,B01C302994,母亲广场,风景名胜;公园广场;城市广场,110105,进乡街23号,香坊区,126.676921,45.710585,126.676921,45.710585,identity,0.0,False,,,进乡街23号,5
哈尔滨党史纪念馆,景点,amap,exact,B01C31ANO9,哈尔滨党史纪念馆,风景名胜;风景名胜;纪念馆,110204,西十五道街33号,道里区,126.621947,45.768253,126.621947,45.768253,identity,0.0,False,,,西十五道街33号,2
五常市企小鹅亲子游乐场,景点,amap,exact,B0M6PUMQUM,五常市企小鹅亲子游乐场,体育休闲服务;休闲场所;游乐场,080501,安家镇铁西村月牙泡屯,五常市,127.100759,44.943818,127.100759,44.943818,identity,0.0,False,,,安家镇铁西村月牙泡屯,2
开心季·潮范儿童乐园,景点,amap,exact,B0LR51C8OH,开心季·潮范儿童乐园,体育休闲服务;休闲场所;游乐场,080501,学院路二道街98号家得乐商城F1层,呼兰区,126.551475,45.869575,126.551475,45.869575,identity,0.0,False,,,学院路二道街98号家得乐商城F1层,1
承德广场,景点,amap,exact,B0FFJIPYN6,承德广场,风景名胜;公园广场;城市广场,110105,承德街与太古街交叉口东100米,道外区,126.642213,45.778085,126.642213,45.778085,identity,0.0,False,,,承德街与太古街交叉口东100米,10
汤姆熊(哈尔滨红博店),景点,amap,exact,B0G296LLJA,汤姆熊(哈尔滨红博店),体育休闲服务;休闲场所;游乐场,080501,红旗大街339号红博中央公园上区B1层,南岗区,126.699575,45.758125,126.699575,45.758125,identity,0.0,False,,,红旗大街339号红博中央公园上区B1层,2
安重根义士纪念馆,景点,amap,exact,B0FFL05BH4,安重根义士纪念馆,风景名胜;风景名胜;纪念馆,110204,哈尔滨火车站南广场,南岗区,126.632638,45.761168,126.632638,45.761168,identity,0.0,False,,,哈尔滨火车站南广场,3
野核桃儿童乐园,景点,amap,exact,B0LA5UUNJJ,野核桃儿童乐园,体育休闲服务;体育休闲服务场所;体育休闲服务场所,080000,南京路街道利民东四大街555号(家得乐超市入口上二楼左手边),呼兰区,126.598802,45.885538,126.598802,45.885538,identity,0.0,False,,,南京路街道利民东四大街555号(家得乐超市入口上二楼左手边),1
道外巴洛克博物馆,景点,amap,exact,B0JBPC9B3Q,道外巴洛克博物馆,科教文化服务;博物馆;博物馆,140100,靖宇南二道街中华巴洛克五号院,道外区,126.64231,45.782283,126.64231,45.782283,identity,0.0,False,,,靖宇南二道街中华巴洛克五号院,3
雨阳公园,景点,amap,exact,B0FFFFLK9X,雨阳公园,风景名胜;公园广场;公园,110101,群力第六大道与丽江路交口,道里区,126.550058,45.722301,126.550058,45.722301,identity,0.0,False,,,群力第六大道与丽江路交口,7
黑龙江省博物馆新馆(暂停开放),景点,amap,exact,B0IUMC58XY,黑龙江省博物馆新馆(暂停开放),科教文化服务;博物馆;博物馆,140100,天马街(冰雪大世界地铁站2A口旁),松北区,126.572412,45.77946,126.572412,45.77946,identity,0.0,False,,,天马街(冰雪大世界地铁站2A口旁),1
新区中心公园,景点,amap,exact,B0FFIFGCY6,新区中心公园,风景名胜;公园广场;公园,110101,中源大道与江安街交汇处,松北区,126.523721,45.817554,126.523721,45.817554,identity,0.0,False,,,中源大道与江安街交汇处,10
悠悠宝贝儿童乐园(西城红场店),景点,amap,exact,B0FFLDNCHC,悠悠宝贝儿童乐园(西城红场店),体育休闲服务;休闲场所;游乐场,080501,王岗镇哈西大街299号西城红场3层,南岗区,126.594213,45.702877,126.594213,45.702877,identity,0.0,False,,,王岗镇哈西大街299号西城红场3层,1
滨江湿地,景点,baidu,exact,BV11602100,滨江湿地(公交站),交通设施服务;公交车站;公交车站相关,150700,375路,道外区,126.7809979,45.887109,126.790099,45.884176,wgs84_to_gcj02,597.0,True,,,黑龙江省哈尔滨市道外区小七队屯,10
一机公园,景点,baidu,exact,B01C3189RO,一机公园,风景名胜;公园广场;公园,110101,道口头道街38号,道外区,126.7097872,45.7799655,126.715913,45.782094,wgs84_to_gcj02,7.5,False,,,黑龙江省哈尔滨市道外区道口头道街38号,10
晨美瑜伽,景点,baidu,exact,B0JU3NNX3C,晨美瑜伽,体育休闲服务;运动场馆;健身中心,080111,旭升街与联旭街交叉口西40米,香坊区,126.6584698,45.7039975,126.664447,45.705867,wgs84_to_gcj02,13.8,False,,,旭升街明光翡翠湾六号楼门市,6
东安运动场,景点,baidu,exact,B01C317C4Q,东安运动场,体育休闲服务;运动场馆;综合体育馆,080101,南厂街21号,平房区,126.6621009,45.591025,126.668082,45.593047,wgs84_to_gcj02,1.1,False,,,黑龙江省哈尔滨市平房区南厂街21号,1
勤扬田径体能俱乐部(爱建店),景点,baidu,exact,B0J23CB7RD,勤扬田径体能俱乐部(爱建馆),体育休闲服务;运动场馆;运动场所,080100,爱建路12号,道里区,126.5979054,45.7609708,126.603814,45.762882,wgs84_to_gcj02,0.3,False,,,爱建路12号,1
中国方正稻作博物馆,景点,baidu,exact,B0FFFSDCB8,中国方正稻作博物馆,科教文化服务;博物馆;博物馆,140100,哈同高速公路,方正县,128.789775,45.807685,128.796558,45.809772,wgs84_to_gcj02,3.1,False,,,黑龙江省哈尔滨市方正县哈同高速公路,1
马家沟河丽水公园,景点,baidu,exact,B0FFH95CK1,马家沟河丽水公园,风景名胜;公园广场;公园,110101,繁荣街74号,南岗区,126.6591097,45.7677737,126.642574,45.747388,wgs84_to_gcj02,3040.4,True,,,哈尔滨市南岗区鼎新头道街与宽桥街交叉路口往北约150米,5
哈尔滨广厦学院-体育运动球场,景点,baidu,exact,B0FFG0Q5PX,哈尔滨广厦学院-体育运动球场,体育休闲服务;运动场馆;运动场所,080100,利民开发区学院路1号哈尔滨广厦学院,呼兰区,126.540764,45.8733238,126.546794,45.875251,wgs84_to_gcj02,2.1,False,,,哈尔滨市呼兰区校园春天商业街哈尔滨广厦学院,1
西辕门,景点,baidu,exact,B0HGTB8F0I,西辕门,风景名胜;风景名胜相关;旅游景点,110000,北新街65号哈尔滨市关道遗址文化公园(不对外开放)内(南侧),道外区,126.6511145,45.7911047,126.65703,45.793103,wgs84_to_gcj02,7.9,False,,,哈尔滨市道外区北新街65号,1
凯先森台球棋牌俱乐部,景点,baidu,exact,B0K3XS5SSE,凯先森台球棋牌俱乐部,体育休闲服务;运动场馆;台球厅,080113,和兴三道街220号,南岗区,126.603622,45.7284002,126.609532,45.730323,wgs84_to_gcj02,0.3,False,,,黑龙江省哈尔滨市南岗区和兴三道街218号,1
吾空台球(乐松店),景点,baidu,exact,B0HG5AAS2X,吾空台球(乐松店),体育休闲服务;运动场馆;台球厅,080113,哈平路街道和平路15-2号巴黎广场2楼,香坊区,126.6449969,45.7202374,126.651125,45.722225,wgs84_to_gcj02,12.5,False,,,巴黎广场2楼,1
7玺24H自助健身(群力店),景点,baidu,exact,B0K1PDIPAF,7玺24H自助健身(群力店),体育休闲服务;运动场馆;健身中心,080111,民生尚都福园商服B44-2耀阳车浴后边一排第二家,道里区,126.5005065,45.7182291,126.506381,45.720396,wgs84_to_gcj02,24.0,False,,,群力西区民生尚都福园B44-2号商服,1
力得健身(卓展购物中心店),景点,baidu,exact,B0JUKZ447Y,力得健身(卓展购物中心安红街),体育休闲服务;运动场馆;健身中心,080111,安隆街106号卓展购物中心(安红街)B1层,道里区,126.5998402,45.7556208,126.606282,45.75686,wgs84_to_gcj02,85.4,False,,,安隆街106号,1
凌川台球俱乐部,景点,baidu,exact,B0H2UZP24U,凌川台球俱乐部,体育休闲服务;运动场馆;台球厅,080113,世阳路酒吧街S4-栋三楼,松北区,126.4901922,45.8011468,126.49642,45.803262,wgs84_to_gcj02,0.6,False,,,世阳路万达文化旅游城酒店群一期S4-4栋三楼,1
亚布力滑雪(暂停营业),景点,amap,exact,B0L05HTGZZ,亚布力滑雪(暂停营业),体育休闲服务;运动场馆;运动场所,080100,南兴街108号,南岗区,126.584305,45.694314,126.584305,45.694314,identity,0.0,False,,,南兴街108号,10
亚布力滑雪场(青顶子屯店)(暂停营业),景点,amap,exact,B0K3OAOSOU,亚布力滑雪场(青顶子屯店)(暂停营业),体育休闲服务;运动场馆;运动场所,080100,亚布力镇一心三队,尚志市,128.517258,44.826745,128.517258,44.826745,identity,0.0,False,,,亚布力镇一心三队,1
海宁龙龙奇幻世界,景点,amap,exact,B0FFI11GJ5,海宁龙龙奇幻世界,风景名胜;风景名胜相关;旅游景点,110000,机场路198号海宁皮革城3层,道里区,126.538598,45.691844,126.538598,45.691844,identity,0.0,False,,,机场路198号海宁皮革城3层,1
哈尔滨市政府广场,景点,amap,exact,B0FFIXFANY,哈尔滨市政府广场,风景名胜;公园广场;城市广场,110105,松北街道世纪大道与泰山街交叉口西南340米,松北区,126.53645,45.800794,126.53645,45.800794,identity,0.0,False,,,松北街道世纪大道与泰山街交叉口西南340米,10
恒酷帝国飞越中国(王府井店),景点,amap,exact,B0L22SZC7O,恒酷帝国飞越中国(王府井店),体育休闲服务;娱乐场所;娱乐场所,080300,景江东路王府井购物中心三楼,道里区,126.565775,45.733225,126.566325,45.733425,identity,48.1,False,,,景江东路王府井购物中心三楼,1
哈尔滨巴彦大顶山温泉,景点,amap,exact,B0FFIPKWLK,哈尔滨巴彦大顶山温泉,生活服务;洗浴推拿场所;洗浴推拿场所,071400,大顶子山北方三亚湾温泉水世界东侧100米,呼兰区,127.242,46.013497,127.242,46.013497,identity,0.0,False,,,大顶子山北方三亚湾温泉水世界东侧100米,3
万寿山,景点,amap,exact,B0KRMR430R,万寿山,风景名胜;风景名胜;风景名胜,110200,哈平路105号黑龙江省森林植物园(东南角),香坊区,126.653577,45.696045,126.653577,45.696045,identity,0.0,False,,,哈平路105号黑龙江省森林植物园(东南角),3
哈尔滨冰雪大世界-大滑梯上站,景点,amap,exact,B0L0DHMPCT,哈尔滨冰雪大世界-大滑梯上站,风景名胜;风景名胜相关;旅游景点,110000,太阳大道1458号哈尔滨冰雪大世界内(北侧),松北区,126.56241,45.780011,126.56241,45.780011,identity,0.0,False,,,太阳大道1458号哈尔滨冰雪大世界内(北侧),1
野鸭湾,景点,amap,exact,B0LGZRWN1O,野鸭湾,风景名胜;风景名胜;风景名胜,110200,滨水大道东40米,松北区,126.694586,45.840765,126.694586,45.840765,identity,0.0,False,,,滨水大道东40米,2
金河湾湿地植物园,景点,amap,exact,B01C30LJJN,金河湾湿地植物园(暂停开放),风景名胜;公园广场;植物园,110103,江湾路5000号,松北区,126.498681,45.783001,126.498681,45.783001,identity,0.0,False,,,江湾路5000号,10
淘学企鹅馆,景点,amap,exact,B0JRY7C671,淘学企鹅馆,风景名胜;公园广场;水族馆,110104,太阳大道3号(近太阳岛公园斜对面)哈尔滨极地馆内,松北区,126.58571,45.7855,126.585502,45.785432,identity,17.8,False,,,太阳大道277号(太阳岛地铁站1号口步行190米),2
亚布力森林温泉,景点,amap,exact,B0IUPRBXOQ,亚布力森林温泉,生活服务;生活服务场所;生活服务场所,070000,驴充充汽车充电站(亚布力森林温泉酒店)西侧80米,尚志市,128.485658,44.792929,128.485658,44.792929,identity,0.0,False,,,驴充充汽车充电站(亚布力森林温泉酒店)西侧80米,10
普照寺,景点,amap,exact,B01C3028A7,普照寺,风景名胜;风景名胜;寺庙道观,110205,东大直街3号(工程大学地铁站2号口步行490米),南岗区,126.666578,45.779128,126.666578,45.779128,identity,0.0,False,,,东大直街3号(工程大学地铁站2号口步行490米),10
西岗公园,景点,amap,exact,B01C30281A,西岗公园,风景名胜;公园广场;公园,110101,公园路1号,呼兰区,126.592893,45.984449,126.592893,45.984449,identity,0.0,False,,,公园路1号,10
李兆麟将军纪念馆(麦凯乐)(暂停开放),景点,amap,exact,B0FFI55WZR,李兆麟将军纪念馆(麦凯乐),风景名胜;风景名胜;纪念馆,110204,尚志大街73号麦凯乐(哈尔滨总店)3F层,道里区,126.624557,45.772411,126.624557,45.772411,identity,0.0,False,,,尚志大街73号麦凯乐(哈尔滨总店)3F层,10
云湖公园,景点,amap,exact,B0IGNL8IJ0,云湖公园,风景名胜;公园广场;公园,110101,,道外区,126.827659,45.754137,126.827659,45.754137,identity,0.0,False,,,[],3
激情广场,景点,amap,exact,B01C30KD44,激情广场,风景名胜;公园广场;城市广场,110105,果戈里大街与革新街交叉口南100米,南岗区,126.659576,45.751499,126.659576,45.751499,identity,0.0,False,,,果戈里大街与革新街交叉口南100米,10
鞑靼清真寺,景点,amap,exact,B0FFK46QUK,鞑靼清真寺,风景名胜;风景名胜;风景名胜,110200,通江街106号NICE融合菜近通江街108号,道里区,126.614043,45.773014,126.614043,45.773014,identity,0.0,False,,,通江街106号NICE融合菜近通江街108号,2
浴来浴好洗浴汗蒸馆,景点,amap,exact,B0J0TAX9K9,浴来浴好洗浴汗蒸馆,生活服务;洗浴推拿场所;洗浴推拿场所,071400,龙珅花园闽江小区(南区)闽江路192号-2号,南岗区,126.697737,45.747433,126.697737,45.747433,identity,0.0,False,,,龙珅花园闽江小区(南区)闽江路192号-2号,1
哈尔滨冰雪大世界雪花摩天轮,景点,amap,exact,B0LRRAKL5K,哈尔滨冰雪大世界雪花摩天轮,风景名胜;风景名胜;风景名胜,110200,太阳岛街道冰雪大世界(西南角),松北区,126.557978,45.775851,126.557978,45.775851,identity,0.0,False,,,太阳岛街道冰雪大世界(西南角),2
长青寺,景点,amap,exact,B0KK9MS4VL,长青寺,风景名胜;风景名胜;寺庙道观,110205,大街街道太平后道太平大街168号,道外区,126.684665,45.789614,126.684665,45.789614,identity,0.0,False,,,大街街道太平后道太平大街168号,3
君沐禧momo汤水汇·宾馆,景点,amap,exact,B0FFFWLKBH,君沐禧momo汤水汇·宾馆,住宿服务;宾馆酒店;宾馆酒店,100100,浦源路黑龙江科技大学旁,松北区,126.648688,45.822653,126.648688,45.822653,identity,0.0,False,,,浦源路黑龙江科技大学旁,1
北国温泉小镇,景点,amap,exact,B0FFFS8ZQT,北国温泉小镇,商务住宅;住宅区;住宅区,120300,G1211吉黑高速东50米,五常市,127.177299,44.949417,127.177299,44.949417,identity,0.0,False,,,G1211吉黑高速东50米,10
哈尔滨红利滑雪场有限公司(暂停营业),景点,amap,exact,B0K3OCLFCS,哈尔滨红利滑雪场有限公司(暂停营业),体育休闲服务;运动场馆;滑雪场,080106,团结镇红利村,道外区,126.87148,45.757593,126.87148,45.757593,identity,0.0,False,,,团结镇红利村,1
圣清观,景点,amap,exact,B0FFI5RK75,圣清观,风景名胜;风景名胜;寺庙道观,110205,太阳大道3号太阳岛风景区,松北区,126.613665,45.790881,126.613665,45.790881,identity,0.0,False,,,太阳大道3号太阳岛风景区,2
神鹿雪场(暂停营业),景点,amap,exact,B01C30II71,神鹿雪场(暂停营业),体育休闲服务;运动场馆;滑雪场,080106,平山镇平山旅游度假区内,阿城区,127.368385,45.304834,127.368385,45.304834,identity,0.0,False,,,平山镇平山旅游度假区内,1
亚布力(哈尔滨)国际滑雪场(暂停营业),景点,amap,exact,B0JK5R7OS9,亚布力(哈尔滨)国际滑雪场(暂停营业),体育休闲服务;运动场馆;滑雪场,080106,亚布力滑雪场南走200米,尚志市,128.456698,44.777348,128.456698,44.777348,identity,0.0,False,,,亚布力滑雪场南走200米,10
索菲亚教堂景区-综合办公楼,景点,amap,exact,B0FFG26UMG,索菲亚教堂景区-综合办公楼,风景名胜;风景名胜相关;旅游景点,110000,透笼街88号,道里区,126.626958,45.771205,126.626958,45.771205,identity,0.0,False,,,透笼街88号,1
尼埃拉依教堂,景点,amap,exact,B01C30K8QU,尼埃拉依教堂,风景名胜;风景名胜;教堂|政府机构及社会团体;社会团体;教会,110206|130409,东大直街252号,南岗区,126.651589,45.764369,126.651589,45.764369,identity,0.0,False,,,东大直街252号,1
秋林格瓦斯博物馆,景点,amap,exact,B0FFJ10O8F,秋林格瓦斯博物馆,科教文化服务;博物馆;博物馆,140100,平房经济技术开发区东兴路151号,香坊区,126.692632,45.626942,126.692632,45.626942,identity,0.0,False,,,平房经济技术开发区东兴路151号,1
兴旺滑雪场,景点,amap,exact,B01C317ED8,兴旺滑雪场(暂停营业),体育休闲服务;运动场馆;滑雪场,080106,玉泉镇(哈阿高速亚沟出口下),阿城区,127.132878,45.421552,127.132878,45.421552,identity,0.0,False,,,玉泉镇(哈阿高速亚沟出口下),2
鹿苑,景点,amap,exact,B0L2P5QHRP,鹿苑,风景名胜;风景名胜相关;旅游景点,110000,G10绥满高速46号,阿城区,126.590199,45.792281,127.104932,45.391705,identity,59900.6,True,,,太阳岛街道警备路3号太阳岛风景区内(西侧),10
哈尔滨革命烈士纪念馆,景点,amap,exact,B0FFF6YF8Y,哈尔滨革命烈士纪念馆,风景名胜;风景名胜;纪念馆,110204,体育街1号,香坊区,126.654734,45.723832,126.654734,45.723832,identity,0.0,False,,,体育街1号,10
金泽寒地温泉小镇,景点,amap,exact,B0K0HCJTT5,金泽寒地温泉小镇,住宿服务;宾馆酒店;宾馆酒店,100100,雪谷长青景区西北方800米,五常市,128.05645,44.449795,128.05645,44.449795,identity,0.0,False,,,雪谷长青景区西北方800米,1
名仕桑拿泳池温泉设备,景点,amap,exact,B0FFH8JBA6,名仕桑拿泳池温泉设备,购物服务;专卖店;专营店,061200,太古街与大水晶街交叉口东北60米,道外区,126.644125,45.780225,126.644125,45.780225,identity,0.0,False,,,太古街637号,1
迪乐尼儿童乐园(泓霖观天下店),景点,amap,exact,B0J16AP2O7,迪乐尼儿童乐园(泓霖观天下店),体育休闲服务;休闲场所;游乐场,080501,泓霖观天下A栋商服,五常市,127.15643,44.928551,127.15643,44.928551,identity,0.0,False,,,泓霖观天下A栋商服,1
伯特利教堂,景点,amap,exact,B01C304YZL,伯特利教堂,风景名胜;风景名胜;教堂,110206,建国街210号,道里区,126.599611,45.746735,126.599611,45.746735,identity,0.0,False,,,建国街210号,10
开心哈乐儿童主题乐园(哈南时代广场店),景点,amap,exact,B0KD9LUZKP,开心哈乐儿童主题乐园(哈南时代广场店),体育休闲服务;休闲场所;游乐场,080501,保国大街1号哈南时代广场,平房区,126.673406,45.586891,126.673406,45.586891,identity,0.0,False,,,保国大街1号哈南时代广场,1
香坊清真寺,景点,amap,exact,B01C304VZU,香坊清真寺,风景名胜;风景名胜;回教寺,110207,嵩山路附4(珠江路地铁站2号口步行420米),香坊区,126.686977,45.738835,126.686977,45.738835,identity,0.0,False,,,嵩山路附4(珠江路地铁站2号口步行420米),2
华严寺,景点,amap,exact,B01C30286B,华严寺,风景名胜;风景名胜;寺庙道观,110205,奋斗路街道比乐街65号(近芦家街),南岗区,126.660666,45.757393,126.660666,45.757393,identity,0.0,False,,,奋斗路街道比乐街65号(近芦家街),1
青年广场,景点,amap,exact,B0FFFAKW0Y,青年广场,风景名胜;公园广场;城市广场,110105,果戈里大街452号,南岗区,126.640283,45.762486,126.640283,45.762486,identity,0.0,False,,,果戈里大街452号,5
碧海云天商务会馆(太平路),景点,amap,exact,B01C3174IC,碧海云天商务会馆(太平路),住宿服务;宾馆酒店;宾馆酒店,100100,碧海云天广场前,巴彦县,127.403426,46.08326,127.403426,46.08326,identity,0.0,False,,,碧海云天广场前,4
新亚布力滑雪场(暂停营业),景点,amap,exact,B0FFGTKWFZ,新亚布力滑雪场(暂停营业),体育休闲服务;运动场馆;滑雪场,080106,金牌大道84号,尚志市,128.44934,44.774191,128.44934,44.774191,identity,0.0,False,,,金牌大道84号,10
呼兰天主教堂,景点,amap,exact,B0FFF5V87W,呼兰天主教堂,风景名胜;风景名胜;教堂,110206,亿兴路与东府路交叉口处,呼兰区,126.610136,45.987749,126.610136,45.987749,identity,0.0,False,,,亿兴路与东府路交叉口处,1
阿城区冰雪嘉年华冰上乐园(暂停营业),景点,amap,exact,B0FFIQUMAE,阿城区冰雪嘉年华冰上乐园(暂停营业),体育休闲服务;体育休闲服务场所;体育休闲服务场所,080000,解放大街甲406号阿什河公园,阿城区,126.997925,45.535525,126.997925,45.535525,identity,0.0,False,,,解放大街甲406号阿什河公园,1
哈尔滨圣母守护教堂,景点,amap,exact,B01C30IXZC,哈尔滨圣母守护教堂,风景名胜;风景名胜;教堂,110206,东大直街268号,南岗区,126.650731,45.763799,126.650731,45.763799,identity,0.0,False,,,东大直街268号,1
冰雪奇园嘉年华,景点,amap,exact,B0LK9ZAY8C,冰雪奇园嘉年华,体育休闲服务;休闲场所;游乐场,080501,金山大街9号,五常市,127.178514,44.928521,127.178514,44.928521,identity,0.0,False,,,金山大街9号,1
百特佰购物广场(哈尔滨果园店),景点,amap,exact,B0HBMALOA7,百特佰购物广场(哈尔滨果园店),购物服务;超级市场;超市,060400,果园街与延福街交叉口(原果园农贸市场),香坊区,126.70399,45.7282,126.70399,45.7282,identity,0.0,False,,,果园街与延福街交叉口(原果园农贸市场),3
萧红纪念馆,景点,amap,exact,B01C302AA1,萧红纪念馆,风景名胜;风景名胜;纪念馆,110204,二道街204号,呼兰区,126.607276,45.975647,126.607276,45.975647,identity,0.0,False,,,二道街204号,10
隐居别院民宿(亚布力滑雪旅游度假区店),景点,amap,exact,B0KKM15JSU,隐居别院民宿(亚布力滑雪旅游度假区店),住宿服务;旅馆招待所;旅馆招待所,100200,亚布力南站东北方700米,尚志市,128.495825,44.796425,128.495875,44.796425,identity,3.9,False,,,亚布力南站东北方700米,1
北大荒博物馆,景点,amap,exact,B01C302AEB,北大荒博物馆,科教文化服务;博物馆;博物馆,140100,红旗大街175号,香坊区,126.693393,45.734815,126.693393,45.734815,identity,0.0,False,,,红旗大街175号,4
玉泉国际滑雪场(暂停营业),景点,amap,exact,B0FFFEP2ZG,玉泉国际滑雪场(暂停营业),体育休闲服务;运动场馆;滑雪场,080106,玉泉镇(近新民屯),阿城区,127.210629,45.404106,127.210629,45.404106,identity,0.0,False,,,玉泉镇(近新民屯),5
新豪威台球会所,景点,baidu,exact,B0KAA58X30,新豪威台球会所,体育休闲服务;体育休闲服务场所;体育休闲服务场所,080000,松木街56号(进乡街地铁站1号口步行270米),香坊区,126.6779552,45.7017191,126.684073,45.703749,wgs84_to_gcj02,4.6,False,,,松木街103号(进乡街地铁站1号口步行250米),2
张艺舞蹈(金爵万象商业广场店),景点,baidu,exact,B0JUS6BCMD,张艺舞蹈(金爵万象商业广场店),科教文化服务;培训机构;培训机构,141400,中兴左街2号金爵万象商场4层404号,南岗区,126.5770255,45.6970741,126.582875,45.698925,wgs84_to_gcj02,10.7,False,,,黑龙江省哈尔滨市南岗区中兴左街2号(哈尔滨大街与中兴左街交叉口处)金爵万象商业广场F4,1
会展中心体育场商服,景点,baidu,exact,B0FFIZNOSH,会展中心体育场商服,商务住宅;楼宇;商务写字楼,120201,红旗大街301号哈尔滨国际会议展览体育中心,南岗区,126.7027429,45.7522551,126.708932,45.754306,wgs84_to_gcj02,4.4,False,,,黄河路哈尔滨国际会议展览体育中心体育馆,2
壹号台球,景点,baidu,exact,B0LDL1TBVT,壹号台球,体育休闲服务;娱乐场所;娱乐场所,080300,恒鑫路与恒德路交叉口北100米,香坊区,126.9462869,45.5383425,126.754036,45.722046,wgs84_to_gcj02,25415.5,True,,,金涤路1号,10
威士球房,景点,baidu,exact,B0GKMZPXHL,威士球房,体育休闲服务;运动场馆;台球厅,080113,西大直街536一2号,南岗区,126.6047103,45.7230072,126.610666,45.725019,wgs84_to_gcj02,10.7,False,,,华恩大厦西北门西南50米,1
艾恩·瑜伽(融创锦园二期店),景点,baidu,exact,B0KKOAYIY8,艾恩·瑜伽,体育休闲服务;运动场馆;健身中心,080111,融创锦园二期B15栋6号门市,松北区,126.4932504,45.8108253,126.499353,45.812852,wgs84_to_gcj02,11.9,False,,,融创锦园二期B15栋6号门市,1
力得健身(西城红场店),景点,baidu,exact,B0H1UMUU1J,力得健身(翠湖店),体育休闲服务;运动场馆;健身中心,080111,融江路2921号,道里区,126.5874152,45.7011537,126.537774,45.732101,wgs84_to_gcj02,5386.0,True,,,哈西大街西城红场生活港6F,9
哈尔滨华奥之星田径球类运动中心,景点,baidu,exact,B0KRL62MD8,哈尔滨华奥之星田径球类运动中心(暂停营业),体育休闲服务;运动场馆;运动场所,080100,洪湖路与天平路交叉口东北140米,道里区,126.510817,45.7026178,126.516952,45.704704,wgs84_to_gcj02,1.6,False,,,黑龙江省哈尔滨市道里区洪湖路11-1号,1
独牙台球俱乐部(红创城市广场店),景点,baidu,exact,B0KRLY56XG,独牙台球俱乐部(红创城市广场店),体育休闲服务;运动场馆;台球厅,080113,红创城市广场2楼,阿城区,126.9587375,45.5287218,126.964976,45.530778,wgs84_to_gcj02,11.5,False,,,红创城市广场二楼,1
顾乡公园,景点,amap,exact,B01C30K39Q,顾乡公园,风景名胜;公园广场;公园,110101,河松街243号,道里区,126.581667,45.75268,126.581667,45.75268,identity,0.0,False,,,河松街243号,6
金河公园,景点,amap,exact,B0FFHYGHUK,金河公园,风景名胜;公园广场;公园,110101,景江东路66号,道里区,126.562119,45.738878,126.562119,45.738878,identity,0.0,False,,,景江东路66号,10
百慕大冒险(哈西金爵万象店),景点,amap,exact,B0M69HAVIT,百慕大冒险(哈西金爵万象店),体育休闲服务;休闲场所;游乐场,080501,哈西街道中兴左街2号金爵万象商业广场负2层,南岗区,126.582975,45.698925,126.582975,45.698925,identity,0.0,False,,,金爵万象商业广场,1
淘鸭逃呀儿童探案馆(红博中央公园店),景点,amap,exact,B0KDSDYXRH,淘鸭逃呀儿童探案馆(红博中央公园店),体育休闲服务;体育休闲服务场所;体育休闲服务场所,080000,红博中央公园商场娱乐B1-11号,南岗区,126.699685,45.758227,126.699685,45.758227,identity,0.0,False,,,红博中央公园商场娱乐B1-11号,1
游乐迪·淘气堡,景点,amap,exact,B0JDCAV7OL,游乐迪·淘气堡,体育休闲服务;休闲场所;游乐场,080501,香福路52号万达广场哈尔滨哈东店F2层,香坊区,126.760939,45.717606,126.759625,45.717375,identity,105.2,False,,,香福路52号万达广场哈尔滨哈东店F2层,2
世界欢乐城30公主城堡乐园,景点,amap,exact,B0KA4RI8XL,世界欢乐城30公主城堡乐园,体育休闲服务;休闲场所;游乐场,080501,美术家大街666号世界欢乐城(西北角),呼兰区,126.536642,45.88223,126.536642,45.88223,identity,0.0,False,,,美术家大街666号世界欢乐城(西北角),1
淘气堡(家得乐商城店),景点,amap,exact,B0HR9Y60W6,淘气堡(家得乐商城店),体育休闲服务;休闲场所;游乐场|餐饮服务;快餐厅;快餐厅,080501|050300,学院路二道街98号家得乐商城F1层,呼兰区,126.551615,45.869546,126.551615,45.869546,identity,0.0,False,,,学院路二道街98号家得乐商城F1层,1
哈药六卢浮宫古堡乐园,景点,amap,exact,B0KKG7TQ6F,哈药六卢浮宫古堡乐园,体育休闲服务;体育休闲服务场所;体育休闲服务场所,080000,南直路318-1,道外区,126.70563,45.764818,126.704524,45.764539,identity,91.2,False,,,南直路318-1,1
哈尔滨新区航天公园,景点,amap,exact,B0FFL3CRBD,哈尔滨新区航天公园,风景名胜;公园广场;公园,110101,黄灿路与智谷大街交口,松北区,126.468959,45.803334,126.468959,45.803334,identity,0.0,False,,,黄灿路与智谷大街交口,8
哆来咪儿童主题乐园(民生路店),景点,amap,exact,B0J2YXT0PQ,哆来咪儿童主题乐园(民生路店),体育休闲服务;休闲场所;游乐场,080501,民生路120-3-19(ES-15喜爱生活超市二楼),香坊区,126.66269,45.734128,126.66269,45.734128,identity,0.0,False,,,民生路120-3-19(ES-15喜爱生活超市二楼),1
逃离星球儿童益智探索乐园(凯德店),景点,amap,exact,B0L1PL7ZDM,逃离星球儿童益智探索乐园(凯德店),体育休闲服务;休闲场所;游乐场,080501,和兴路街道学府路1-1号凯德广场·学府三楼37A,南岗区,126.60893,45.720777,126.60893,45.720777,identity,0.0,False,,,凯德广场03-37A,1
ITA赶海乐园(银泰城购物中心店),景点,amap,exact,B0J219CXN9,ITA赶海乐园(银泰城购物中心店),体育休闲服务;休闲场所;游乐场,080501,群力大道2399号银泰城购物中心F3层,道里区,126.54035,45.736771,126.54035,45.736771,identity,0.0,False,,,群力大道2399号银泰城购物中心F3层,1
东北虎林园-虎园,景点,amap,exact,B0L1FDWS2N,东北虎林园-虎园,风景名胜;风景名胜相关;旅游景点,110000,松北街道学子街东北虎林园内(西侧),松北区,126.59217,45.82018,126.59217,45.82018,identity,0.0,False,,,松北街道松北街88号东北虎林园内(西侧),3
欢乐堡儿童乐园,景点,amap,exact,B0FFHBACQ1,欢乐堡儿童乐园,体育休闲服务;休闲场所;游乐场,080501,通河镇金港湾大酒店对面百佳得斜对面,通河县,128.77095,45.98666,128.77095,45.98666,identity,0.0,False,,,通河镇金港湾大酒店对面百佳得斜对面,3
大麦动物王国,景点,amap,exact,B0FFKX3YUH,大麦动物王国,风景名胜;风景名胜相关;旅游景点,110000,金爵万象商业广场B1层,南岗区,126.583011,45.698954,126.583011,45.698954,identity,0.0,False,,,金爵万象商业广场B1层,4
捞多鱼(万达广场哈尔滨哈西店),景点,amap,exact,B0LGCLU2AH,捞多鱼(万达广场哈尔滨哈西店),餐饮服务;中餐厅;中餐厅,050100,哈西街道中兴大道168号万达广场哈尔滨哈西店4F层,南岗区,126.586475,45.700375,126.586475,45.700375,identity,0.0,False,,,万达广场哈尔滨哈西店万达公寓B号楼,1
哈尔滨青年运动史纪念馆,景点,amap,exact,B0FFL27RUP,哈尔滨青年运动史纪念馆,风景名胜;风景名胜;纪念馆,110204,斯大林街4号哈尔滨市青年宫,道里区,126.623588,45.782533,126.623588,45.782533,identity,0.0,False,,,斯大林街4号哈尔滨市青年宫,1
戏水乐园温泉水汇,景点,amap,exact,B0LALCGJYS,戏水乐园温泉水汇,体育休闲服务;休闲场所;休闲场所|生活服务;生活服务场所;生活服务场所,080500|070000,世茂大道与丰源街交叉口东北100米,松北区,126.496934,45.800153,126.496825,45.800175,identity,8.8,False,,,世茂大道与丰源街交叉口东北100米,1
北秀公园,景点,amap,exact,B0FFFAKVJL,北秀公园,风景名胜;公园广场;公园广场,110100,上夹树街与公司街交口,南岗区,126.631886,45.753958,126.631886,45.753958,identity,0.0,False,,,上夹树街与公司街交口,3
新阳广场,景点,amap,exact,B0FFKHP55R,新阳广场,风景名胜;风景名胜;风景名胜,110200,经纬街新阳路转盘道绿地,道里区,126.621094,45.766967,126.621094,45.766967,identity,0.0,False,,,经纬街新阳路转盘道绿地,5
太平公园,景点,amap,exact,B01C30IACI,太平公园,风景名胜;公园广场;公园,110101,东直路366号(地铁1号线桦树街地铁站4号口步行260米与宏伟路交口),道外区,126.693117,45.788124,126.693117,45.788124,identity,0.0,False,,,东直路366号(地铁1号线桦树街地铁站4号口步行260米与宏伟路交口),10
哈尔滨工程大学船舶博物馆,景点,amap,exact,B0FFF4VYF4,哈尔滨工程大学船舶博物馆,科教文化服务;博物馆;博物馆,140100,燎原街道南通大街145号启航活动中心一楼,南岗区,126.684362,45.774102,126.684362,45.774102,identity,0.0,False,,,燎原街道南通大街145号启航活动中心一楼,1
亚布力元茂屯民俗温泉民宿(亚布力滑雪旅游度假区店),景点,amap,exact,B0FFIEEFWJ,亚布力元茂屯民俗温泉民宿(亚布力滑雪旅游度假区店),体育休闲服务;度假疗养场所;度假村|住宿服务;住宿服务相关;住宿服务相关,080401|100000,亚布力林业局金牌大道84号,尚志市,128.48338,44.790059,128.48338,44.790059,identity,0.0,False,,,亚布力林业局金牌大道84号,1
北国春温泉旅游度假山庄,景点,amap,exact,B0I6AKWY5U,北国春温泉旅游度假山庄,住宿服务;宾馆酒店;宾馆酒店,100100,亚布力镇雪山路青山村卫生所斜对面(距离亚布力滑雪场300米),尚志市,128.500503,44.79646,128.500503,44.79646,identity,0.0,False,,,亚布力镇雪山路青山村卫生所斜对面(距离亚布力滑雪场300米),2
亚布力程悠悠滑雪度假别墅,景点,amap,exact,B0FFK3MGPI,亚布力程悠悠滑雪度假别墅,住宿服务;住宿服务相关;住宿服务相关,100000,亚布力滑雪旅游度假区青云小镇1区9号别墅,尚志市,128.504818,44.754584,128.504818,44.754584,identity,0.0,False,,,亚布力滑雪旅游度假区青云小镇1区9号别墅,1
哈尔滨国际会展体育中心广场(红博会展购物广场店),景点,amap,exact,B0FFGB44AG,哈尔滨国际会展体育中心广场(红博会展购物广场店),体育休闲服务;体育休闲服务场所;体育休闲服务场所,080000,黄河路202号(近红博世纪广场),南岗区,126.698205,45.755072,126.698205,45.755072,identity,0.0,False,,,黄河路202号(近红博世纪广场),3
XZATQQP云栖民宿(哈尔滨西站店),景点,amap,exact,B0JB9B0NJB,XZATQQP云栖民宿(哈尔滨西站店),住宿服务;住宿服务相关;住宿服务相关,100000,哈尔滨万达公寓(中兴大道219号),南岗区,126.594286,45.701299,126.594286,45.701299,identity,0.0,False,,,哈尔滨万达公寓(中兴大道219号),1
秋果温泉旅游度假别墅(亚布力滑雪场店),景点,amap,exact,B0M6XCSL4R,秋果温泉旅游度假别墅(亚布力滑雪场店),住宿服务;宾馆酒店;宾馆酒店,100100,西四街与青云路交叉口西120米,尚志市,128.504775,44.756275,128.504775,44.756275,identity,0.0,False,,,西四街与青云路交叉口西120米,5
常林湾温泉酒店,景点,amap,exact,B0KKTXKVZA,常林湾温泉酒店,住宿服务;宾馆酒店;宾馆酒店,100100,拉林镇西黄村西门外屯,五常市,126.859961,45.233631,126.859961,45.233631,identity,0.0,False,,,拉林镇西黄村西门外屯,2
万达宝贝王(哈尔滨哈西万达广场店),景点,amap,exact,B0FFM9CDNB,万达宝贝王(哈尔滨哈西万达广场店),体育休闲服务;休闲场所;游乐场|体育休闲服务;娱乐场所;娱乐场所,080501|080300,"中兴大道168号万达广场(哈尔滨哈西店)2F层(5号通道进入直行30m,扶梯上到2F可见)",南岗区,126.587456,45.700546,126.587456,45.700546,identity,0.0,False,,,中兴大道168号万达广场(哈尔滨哈西店)2F层,4
哈尔滨音乐博物馆,景点,amap,exact,B0HGZZ27EP,哈尔滨音乐博物馆,科教文化服务;博物馆;博物馆,140100,滨水大道哈尔滨大剧院,松北区,126.5885,45.808683,126.5885,45.808683,identity,0.0,False,,,滨水大道哈尔滨大剧院,2
乐雪王国儿童亲子乐园(恒大商业广场店),景点,amap,exact,B0KBN1L8NL,乐雪王国儿童亲子乐园(恒大商业广场店),体育休闲服务;休闲场所;游乐场|风景名胜;风景名胜相关;旅游景点,080501|110000,松浦街道中源大道3955号恒大商业广场F3层,松北区,126.621083,45.832552,126.621083,45.832552,identity,0.0,False,,,松浦街道中源大道3955号恒大商业广场F3层,1
雪迹滑雪俱乐部,景点,amap,exact,B0GKSAI9T8,雪迹滑雪俱乐部,体育休闲服务;运动场馆;滑雪场,080106,帽儿山高山体院滑雪场,尚志市,127.454089,45.256774,127.454089,45.256774,identity,0.0,False,,,帽儿山高山体院滑雪场,2
亚布力滑雪场接待中心,景点,amap,exact,B0K0RCLQ4F,亚布力滑雪场接待中心,公司企业;公司企业;公司企业,170000,亚布力镇,尚志市,128.507681,44.795422,128.507681,44.795422,identity,0.0,False,,,亚布力镇,4
江上城堡观光索道-江上城堡站,景点,amap,exact,B0L33Y94HK,江上城堡观光索道-江上城堡站,风景名胜;风景名胜相关;旅游景点,110000,通江街218号江上城堡观光索道,道里区,126.610714,45.778016,126.610714,45.778016,identity,0.0,False,,,通江街218号江上城堡观光索道,3
亚布力.雅舍360度全视野雪景Valley滑雪温泉美宿(青云小镇店),景点,amap,exact,B0L0OCJBQB,亚布力.雅舍360度全视野雪景Valley滑雪温泉美宿(青云小镇店),住宿服务;旅馆招待所;旅馆招待所,100200,青云路84号,尚志市,128.50485,44.753613,128.504931,44.753399,identity,24.6,False,,,青云路与东四街交叉口西北20米,1
亚布力特色农家院,景点,amap,exact,B0FFHQOTDU,亚布力特色农家院,住宿服务;住宿服务相关;住宿服务相关,100000,亚雪公路与雪青公路交叉口西北60米,尚志市,128.507562,44.795444,128.507562,44.795444,identity,0.0,False,,,亚雪公路与雪青公路交叉口西北60米,10
晟塘温泉酒店(装修中),景点,amap,exact,B0L6GHFL97,晟塘温泉酒店(装修中),住宿服务;宾馆酒店;宾馆酒店,100100,万宝大道189号,松北区,126.528788,45.841298,126.528788,45.841298,identity,0.0,False,,,万宝大道189号,1
草市街,景点,amap,exact,BZFAS600NN,草市街,地名地址信息;交通地名;道路名,190301,道外区,道外区,126.646469,45.777646,126.646469,45.777646,identity,0.0,False,,,道外区,10
通江广场,景点,amap,exact,B0FFKPMFI9,通江广场,风景名胜;公园广场;城市广场,110105,斯大林街3号斯大林公园内(西侧),道里区,126.61131,45.778972,126.61131,45.778972,identity,0.0,False,,,斯大林街3号斯大林公园内(西侧),10
太古街,景点,amap,exact,B01C30KLVO,太古街,地名地址信息;交通地名;道路名,190301,道外区,道外区,126.64829,45.781085,126.64829,45.781085,identity,0.0,False,,,道外区,10
道口街,景点,amap,exact,BZFAS600S8,道口街,地名地址信息;交通地名;道路名,190301,道外区,道外区,126.719851,45.776315,126.719851,45.776315,identity,0.0,False,,,道外区,10
红河新区七街区,景点,amap,exact,B0FFGMKP72,红河新区七街区,商务住宅;住宅区;住宅小区,120302,大有坊街道宏伟路宏图街,道外区,126.694561,45.782108,126.694561,45.782108,identity,0.0,False,,,大有坊街道宏伟路宏图街,10
上海街,景点,amap,exact,BZFAS500GB,上海街,地名地址信息;交通地名;道路名,190301,道里区,道里区,126.601712,45.76296,126.601712,45.76296,identity,0.0,False,,,道里区,10
军民街,景点,amap,exact,B0FFGQSFJQ,军民街,地名地址信息;交通地名;道路名,190301,香坊区,香坊区,126.693439,45.685263,126.693439,45.685263,identity,0.0,False,,,香坊区,10
北方森林动物园西门售票处,景点,amap,exact,B0FFI9TXKC,北方森林动物园西门售票处,生活服务;售票处;公园景点售票处,070306,哈牡高速46公里处北方森林动物园内,阿城区,127.094479,45.400051,127.094479,45.400051,identity,0.0,False,,,哈牡高速46公里处北方森林动物园内,1
北方森林动物园-售货亭,景点,amap,exact,B0FFIMYV9X,北方森林动物园-售货亭,风景名胜;风景名胜相关;旅游景点,110000,交界街道交界街道哈牡高速46公里处哈尔滨北方森林动物园,阿城区,127.109468,45.39299,127.109468,45.39299,identity,0.0,False,,,交界街道交界街道哈牡高速46公里处哈尔滨北方森林动物园,1
哈尔滨金河湾湿地植物园-码头,景点,amap,exact,B0FFICCOF7,哈尔滨金河湾湿地植物园-码头,交通设施服务;港口码头;港口码头,150300,江湾路西段金河湾湿地植物园内(西侧),松北区,126.488956,45.782836,126.488956,45.782836,identity,0.0,False,,,江湾路西段金河湾湿地植物园内(西侧),5
黑龙江省森林植物园售票处(哈平路街道办事处南),景点,amap,exact,B0FFH73LL1,黑龙江省森林植物园售票处(哈平路街道办事处南),生活服务;售票处;公园景点售票处,070306,哈平路辅路与林园路交叉口东320米,香坊区,126.648036,45.710695,126.648036,45.710695,identity,0.0,False,,,哈平路辅路与林园路交叉口东320米,1
冰花雪月游乐园有限公司,景点,amap,exact,B0JKGDV7NE,冰花雪月游乐园有限公司,体育休闲服务;休闲场所;游乐场,080501,尚志镇红旗村,尚志市,128.023059,45.205588,128.023059,45.205588,identity,0.0,False,,,尚志镇红旗村,1
中东铁路公园(江南段),景点,amap,exact,B0FFH89K3B,中东铁路公园(江南段),风景名胜;公园广场;公园,110101,江桥胡同东侧,道外区,126.62664,45.782525,126.627837,45.781334,identity,161.7,False,,,江桥胡同东侧,7
珍稀濒危植物园,景点,amap,exact,B0KUPD0QNE,珍稀濒危植物园,风景名胜;公园广场;植物园,110103,哈平路街道哈平路105号黑龙江省森林植物园,香坊区,126.650471,45.704951,126.650471,45.704951,identity,0.0,False,,,哈平路街道哈平路105号黑龙江省森林植物园,1
铁道兵启航纪念塔,景点,amap,exact,B0FFJE8VLG,铁道兵启航纪念塔,风景名胜;风景名胜;纪念馆,110204,中东铁路桥附近,松北区,126.618978,45.795614,126.618978,45.795614,identity,0.0,False,,,中东铁路桥附近,3
东北抗日联军博物馆(暂停开放),景点,amap,exact,B01C31APBQ,东北抗日联军博物馆(暂停开放),科教文化服务;博物馆;博物馆,140100,一曼街241号,南岗区,126.643006,45.766318,126.643006,45.766318,identity,0.0,False,,,一曼街241号,1
香林园,景点,amap,exact,B0G3N9OTSE,香林园,风景名胜;公园广场;城市广场,110105,前卫大街辅路与哈平路交叉口东北160米,香坊区,126.650915,45.669793,126.650915,45.669793,identity,0.0,False,,,前卫大街辅路与哈平路交叉口东北160米,10
滨江湿地旅游风景区,景点,amap,exact,B01C31B4O9,滨江湿地旅游风景区,风景名胜;风景名胜相关;旅游景点,110000,小七队屯,道外区,126.786348,45.885044,126.786348,45.885044,identity,0.0,False,,,小七队屯,9
大顶子山温泉度假村售票处,景点,amap,exact,B0I2LUD08K,大顶子山温泉度假村售票处,生活服务;售票处;公园景点售票处,070306,田堡村杭电枢纽杭电路1号大顶子山温泉度假村,呼兰区,127.240596,46.012568,127.240596,46.012568,identity,0.0,False,,,田堡村杭电枢纽杭电路1号大顶子山温泉度假村,1
哈尔滨北方森林动物园治安派出所,景点,amap,exact,B01C317F1H,哈尔滨北方森林动物园治安派出所,政府机构及社会团体;公检法机构;公安警察,130501,北方森林动物园培训中心,阿城区,127.126606,45.387676,127.126606,45.387676,identity,0.0,False,,,北方森林动物园培训中心,2
动物园出口(G10绥满高速东南向),景点,amap,exact,BZF5S9001P,动物园出口(G10绥满高速东南向),地名地址信息;交通地名;高速路出口,190304,阿城区,阿城区,127.126141,45.392958,127.126141,45.392958,identity,0.0,False,,,阿城区,9
哈尼动物园售票处,景点,amap,exact,B0H1NC9X3L,哈尼动物园售票处,生活服务;售票处;公园景点售票处,070306,大安街与中央大街交叉口西40米,道里区,126.618988,45.771547,126.618988,45.771547,identity,0.0,False,,,大安街与中央大街交叉口西40米,1
北方森林动物园正门游客中心,景点,amap,exact,B0H2OCDUJ7,北方森林动物园正门游客中心,生活服务;信息咨询中心;服务中心,070201,G10绥满高速出口与G10绥满高速入口交叉口西南340米,阿城区,127.126376,45.388931,127.126376,45.388931,identity,0.0,False,,,G10绥满高速出口与G10绥满高速入口交叉口西南340米,1
北方森林动物园正门售票处,景点,amap,exact,B01C317F1M,北方森林动物园正门售票处,生活服务;售票处;公园景点售票处,070306,哈牡高速46号公里处北方森林动物园内(东侧),阿城区,127.125351,45.388538,127.125351,45.388538,identity,0.0,False,,,哈牡高速46号公里处北方森林动物园内(东侧),1
张甲洲烈士纪念碑,景点,amap,exact,B0L1X7SAX1,张甲洲烈士纪念碑,风景名胜;风景名胜;纪念馆,110204,甲洲路与人民大街交叉口西220米,巴彦县,127.384411,46.081885,127.384411,46.081885,identity,0.0,False,,,甲洲路与人民大街交叉口西220米,1
哈尔滨北方森林动物园出口(G10绥满高速西向),景点,amap,exact,BZF5S9001N,哈尔滨北方森林动物园出口(G10绥满高速西向),地名地址信息;交通地名;高速路出口,190304,阿城区,阿城区,127.126349,45.393633,127.126349,45.393633,identity,0.0,False,,,阿城区,1
端街博物馆,景点,amap,exact,B0IDRDC528,端街博物馆,科教文化服务;博物馆;博物馆,140100,锦秀商厦东南门旁,道里区,126.619656,45.769428,126.619656,45.769428,identity,0.0,False,,,锦秀商厦东南门旁,3
天主堂(江畔路),景点,amap,exact,B01C30JIS1,天主堂(江畔路),风景名胜;风景名胜;教堂,110206,江畔路98号,道外区,126.659019,45.797562,126.659019,45.797562,identity,0.0,False,,,江畔路98号,1
火车主题广场,景点,amap,exact,B0FFHKL3IM,火车主题广场,风景名胜;公园广场;城市广场,110105,斯大林街2-1号,道外区,126.627199,45.782819,126.627169,45.782854,identity,4.5,False,,,斯大林街2-1号,9
哈尔滨防洪纪念塔广场停车点,景点,amap,exact,B0I6BUQMHY,哈尔滨防洪纪念塔广场停车点,交通设施服务;停车场;公共停车场,150904,防洪纪念塔广场,道里区,126.618647,45.780836,126.618647,45.780836,identity,0.0,False,,,防洪纪念塔广场,10
哈尔滨音乐公园停车点,景点,amap,exact,B01C31AXW6,哈尔滨音乐公园停车点,交通设施服务;停车场;公共停车场,150904,友谊西路音乐主题广场(东侧),道里区,126.555909,45.749686,126.555909,45.749686,identity,0.0,False,,,友谊西路音乐主题广场(东侧),5
哈尔滨音乐公园东停车点,景点,amap,exact,B01C318AIM,哈尔滨音乐公园东停车点,交通设施服务;停车场;公共停车场,150904,友谊西路音乐主题广场(东侧),道里区,126.5661,45.750991,126.5661,45.750991,identity,0.0,False,,,友谊西路音乐主题广场(东侧),7
亚冬滑雪场(暂停营业),景点,amap,exact,B0L0VDIJ7Y,亚冬滑雪场(暂停营业),体育休闲服务;运动场馆;运动场所,080100,东娱传媒北侧70米,香坊区,126.593475,45.652325,126.593475,45.652325,identity,0.0,False,,,东娱传媒北侧70米,1
亚布力滑雪,景点,amap,exact,B0L0AHCG80,亚布力滑雪,风景名胜;风景名胜;风景名胜,110200,亚布力镇青山村单红元民宿,尚志市,128.49062,44.808155,128.49062,44.808155,identity,0.0,False,,,亚布力镇青山村单红元民宿,10
哈尔滨银行(新阳广场支行),景点,amap,exact,B01C30IUUZ,哈尔滨银行(哈尔滨新阳广场支行),金融保险服务;银行;银行,160100,经纬街道经纬街92号,道里区,126.61964,45.767521,126.61964,45.767521,identity,0.0,False,,,经纬街92号(中央大街地铁站1号口步行410米),1
哈尔滨东站站前广场,景点,amap,exact,B0FFGD6V1X,哈尔滨东站站前广场,风景名胜;公园广场;城市广场,110105,桦树街与南棵街交汇处,道外区,126.70963,45.788971,126.70963,45.788971,identity,0.0,False,,,桦树街与南棵街交汇处,3
哈尔滨站北广场,景点,amap,exact,B0FFIAN47E,哈尔滨站北广场,风景名胜;公园广场;城市广场,110105,,南岗区,126.629529,45.762777,126.629529,45.762777,identity,0.0,False,,,[],10
哈尔滨西站东广场,景点,amap,exact,B01C31ATQ6,哈尔滨西站东广场,风景名胜;公园广场;城市广场,110105,哈尔滨大街501号哈尔滨西站,南岗区,126.581045,45.705439,126.581045,45.705439,identity,0.0,False,,,哈尔滨大街501号哈尔滨西站,10
东滨广场,景点,amap,exact,B0FFF01NYU,东滨广场,商务住宅;住宅区;住宅小区,120302,新香坊街道(油坊街地铁站2号口步行430米),香坊区,126.694015,45.726196,126.694015,45.726196,identity,0.0,False,,,新香坊街道(油坊街地铁站2号口步行430米),10
黑龙江(国际)版画博物馆,景点,amap,exact,B0HUOCFLR5,黑龙江(国际)版画博物馆,科教文化服务;博物馆;博物馆,140100,耀景街30号(铁路局地铁站4号口步行180米),南岗区,126.637327,45.749889,126.637327,45.749889,identity,0.0,False,,,耀景街30号(铁路局地铁站4号口步行180米),1
头一庄滑雪场(暂停营业),景点,amap,exact,B0LKLP7AAO,头一庄滑雪场(暂停营业),体育休闲服务;运动场馆;综合体育馆,080101,,延寿县,128.389945,45.37475,128.389945,45.37475,identity,0.0,False,,,[],1
哈尔滨市雷锋纪念馆,景点,amap,exact,B0KUU7YJVK,哈尔滨市雷锋纪念馆,风景名胜;风景名胜;纪念馆,110204,丰润街142号,道外区,126.645986,45.783966,126.645986,45.783966,identity,0.0,False,,,丰润街142号,1
哈尔滨极地公园售票处,景点,amap,exact,B0H04HA5P7,哈尔滨极地公园售票处,生活服务;售票处;公园景点售票处,070306,太阳大道277号(太阳岛地铁站1号口步行180米),松北区,126.585711,45.785429,126.585711,45.785429,identity,0.0,False,,,太阳大道277号(太阳岛地铁站1号口步行180米),1
哈尔滨市公园小学校(南校区),景点,amap,exact,B01C30IXDK,哈尔滨市公园小学校(南校区),科教文化服务;学校;小学,141203,大有坊街58号(大有坊街地铁站3号口步行320米),道外区,126.693377,45.774752,126.693377,45.774752,identity,0.0,False,,,大有坊街58号(大有坊街地铁站3号口步行320米),2
哈尔滨文化公园-广播室,景点,amap,exact,B0LRT1AVBX,哈尔滨文化公园-广播室,生活服务;生活服务场所;生活服务场所,070000,南通大街208号哈尔滨文化公园,南岗区,126.668342,45.779491,126.668342,45.779491,identity,0.0,False,,,南通大街208号哈尔滨文化公园,3
宽街博物馆,景点,amap,exact,B0L3CCK5N6,宽街博物馆,科教文化服务;科教文化场所;科教文化场所,140000,尚志街道中央大街西十三道街43号东和昶1917大楼内,道里区,126.621322,45.770146,126.621322,45.770146,identity,0.0,False,,,尚志街道中央大街西十三道街43号东和昶1917大楼内,2
圣·尼古拉教堂,景点,amap,exact,B0FFK7EEX3,圣·尼古拉教堂,风景名胜;风景名胜;教堂,110206,成高子镇伏尔加庄园,香坊区,126.902764,45.673103,126.902764,45.673103,identity,0.0,False,,,成高子镇伏尔加庄园,2
南岗区天主堂,景点,amap,exact,B01C30JIX5,南岗区天主堂,风景名胜;风景名胜;教堂,110206,东大直街211号(医大一院地铁站1号口旁),南岗区,126.64979,45.763895,126.64979,45.763895,identity,0.0,False,,,东大直街211号(医大一院地铁站1号口旁),9
呼兰河口湿地垂钓公园,景点,amap,exact,B0HDG7OQTK,呼兰河口湿地垂钓公园,体育休闲服务;休闲场所;休闲场所,080500,呼兰河口湿地公园,呼兰区,126.747029,45.942225,126.747029,45.942225,identity,0.0,False,,,呼兰河口湿地公园5号门,2
哈尔滨西站西广场,景点,amap,exact,B0FFFENTZP,哈尔滨西站西广场,风景名胜;公园广场;城市广场,110105,丽江路,南岗区,126.574147,45.708548,126.574147,45.708548,identity,0.0,False,,,丽江路,10
哈尔滨市,景点,amap,exact,B01C317WPU,哈尔滨市,地名地址信息;普通地名;地市级地名,190104,松北区,松北区,126.53505,45.802981,126.53505,45.802981,identity,0.0,False,,,松北区,10
哈尔滨站北广场候车室售票厅,景点,amap,exact,B0FFIBHXFE,哈尔滨站北广场候车室售票厅,生活服务;生活服务场所;生活服务场所,070000,地工街哈尔滨站,南岗区,126.629765,45.762076,126.629765,45.762076,identity,0.0,False,,,地工街哈尔滨站,1
哈尔滨铁路博物馆(暂停开放),景点,amap,exact,B0FFI6HYDB,哈尔滨铁路博物馆(暂停开放),科教文化服务;博物馆;博物馆,140100,花园街道西大直街86号,南岗区,126.635634,45.750407,126.635634,45.750407,identity,0.0,False,,,花园街道西大直街86号,1
阳光滑雪场,景点,amap,exact,B0LKXCO6TP,阳光滑雪场,体育休闲服务;运动场馆;运动场所,080100,麓城国际公寓东南侧260米,尚志市,128.451625,44.779825,128.451625,44.779825,identity,0.0,False,,,麓城国际公寓东南侧260米,7
跩姐滑雪俱乐部(暂停营业),景点,amap,exact,B0FFK82WRT,跩姐滑雪俱乐部(暂停营业),体育休闲服务;运动场馆;运动场所,080100,帽儿山镇高山滑雪场综合楼跩姐滑雪俱乐部,尚志市,127.454625,45.256525,127.454625,45.256525,identity,0.0,False,,,帽儿山镇高山滑雪场综合楼跩姐滑雪俱乐部,1
白渔泡湿地公园,景点,amap,exact,B01C317XQD,白渔泡湿地公园,风景名胜;风景名胜;风景名胜,110200,巨源镇白鱼泡,道外区,126.900756,45.899197,126.900756,45.899197,identity,0.0,False,,,巨源镇白鱼泡,10
革命领袖视察黑龙江纪念馆,景点,amap,exact,B01C30J5NN,革命领袖视察黑龙江纪念馆,风景名胜;风景名胜;纪念馆,110204,荣市街道建设街67号建设街步行街,南岗区,126.642501,45.759556,126.642501,45.759556,identity,0.0,False,,,荣市街道建设街67号建设街步行街,4
冰雪文化方舟,景点,amap,exact,B0J6V7AQYV,冰雪文化方舟,购物服务;购物相关场所;购物相关场所,060000,太阳大道1458号哈尔滨冰雪大世界四季游乐馆2楼,松北区,126.563999,45.777716,126.563999,45.777716,identity,0.0,False,,,太阳大道1458号哈尔滨冰雪大世界四季游乐馆2楼,1
黑龙江省民族博物馆,景点,amap,exact,B01C3171EM,黑龙江省民族博物馆,科教文化服务;博物馆;博物馆,140100,文庙街25号,南岗区,126.674897,45.775844,126.674897,45.775844,identity,0.0,False,,,文庙街25号,7
延寿县烈士纪念馆,景点,amap,exact,B0H2VSVN3P,延寿县烈士纪念馆,风景名胜;风景名胜;纪念馆,110204,延寿镇北吉盛路98号,延寿县,128.323667,45.461696,128.323667,45.461696,identity,0.0,False,,,延寿镇北吉盛路98号,2
御泉谷熙琳温泉度假公寓,景点,amap,exact,B0LK5RTMLN,御泉谷熙琳温泉度假公寓,住宿服务;宾馆酒店;宾馆酒店,100100,御泉谷国际温泉度假区东北侧170米,阿城区,126.911475,45.668625,126.911475,45.668625,identity,0.0,False,,,御泉谷国际温泉度假区东北侧170米,1
哈尔滨澜亭悦温泉酒店有限公司,景点,amap,exact,B0L0D6M3MH,哈尔滨澜亭悦温泉酒店有限公司,住宿服务;宾馆酒店;宾馆酒店,100100,城乡路与伽倻大街交叉口东220米,道里区,126.559625,45.710375,126.559625,45.710375,identity,0.0,False,,,城乡路与伽倻大街交叉口东220米,1
雪谷金泽温泉民宿(山河屯林业局店),景点,amap,exact,B0M6FSXEJ4,雪谷金泽温泉民宿(山河屯林业局店),住宿服务;住宿服务相关;住宿服务相关,100000,雪谷洪波客栈东侧,五常市,128.062725,44.445425,128.062725,44.445425,identity,0.0,False,,,雪谷洪波客栈东侧,1
哈尔滨亚布力滑雪温泉度假别墅,景点,amap,exact,B0FFFKXHFI,哈尔滨亚布力滑雪温泉度假别墅,商务住宅;住宅区;别墅,120301,亚布力滑雪旅游度假区青云小镇98号,尚志市,128.507391,44.794041,128.507391,44.794041,identity,0.0,False,,,亚布力滑雪旅游度假区青云小镇98号,9
宣威街小区,景点,amap,exact,B0FFH02YL7,宣威街小区,商务住宅;住宅区;住宅小区,120302,宣威街与宣化街辅路交叉口东100米,南岗区,126.669144,45.754611,126.669144,45.754611,identity,0.0,False,,,宣威街与宣化街辅路交叉口东100米,10
御泉谷国际温泉度假区售票处,景点,amap,exact,B0I21RMGW7,御泉谷国际温泉度假区售票处,生活服务;售票处;公园景点售票处,070306,御泉谷国际温泉度假区,阿城区,126.909661,45.667662,126.909661,45.667662,identity,0.0,False,,,御泉谷国际温泉度假区,1
哈尔滨卷烟厂(一曼街),景点,amap,exact,B01C316ZTB,哈尔滨卷烟厂(一曼街),公司企业;工厂;工厂,170300,一曼街106号,南岗区,126.657794,45.77213,126.657794,45.77213,identity,0.0,False,,,一曼街106号,2
财富温泉假日酒店,景点,amap,exact,B0FFFZ42LB,财富温泉假日酒店,住宿服务;宾馆酒店;宾馆酒店,100100,西同庆街65号,延寿县,128.329646,45.452551,128.329646,45.452551,identity,0.0,False,,,西同庆街65号,1
尚志市老街基乡龙王庙村民委员会,景点,amap,exact,B01C319H73,尚志市老街基乡龙王庙村民委员会,政府机构及社会团体;政府机关;乡镇以下级政府及事业单位,130106,025乡道南50米,尚志市,127.770207,44.996268,127.770207,44.996268,identity,0.0,False,,,025乡道南50米,2
沙曼小区三街区,景点,amap,exact,B01C30JJ6P,沙曼小区三街区,商务住宅;住宅区;住宅小区,120302,振兴街32-12号,南岗区,126.618997,45.726327,126.618997,45.726327,identity,0.0,False,,,振兴街32-12号,10
博物馆(地铁站),景点,amap,exact,BV10114318,博物馆(地铁站),交通设施服务;地铁站;地铁站,150500,1号线;2号线,南岗区,126.643793,45.758405,126.643793,45.758405,identity,0.0,False,,,1号线;2号线,2
哈尔滨市公安局博物馆街面警务站,景点,amap,exact,B0J6SU3RSN,哈尔滨市公安局博物馆街面警务站,政府机构及社会团体;公检法机构;社会治安机构,130506,红博广场(博物馆地铁站5号口步行50米),南岗区,126.64255,45.758092,126.64255,45.758092,identity,0.0,False,,,红博广场(博物馆地铁站5号口步行50米),1
博物馆地铁站3b口,景点,amap,exact,BX09910716,博物馆地铁站3b口,交通设施服务;地铁站;出入口,150501,1号线,南岗区,126.643647,45.757992,126.643647,45.757992,identity,0.0,False,,,1号线,10
东北抗日暨爱国自卫战争烈士纪念塔,景点,amap,exact,B01C30IXRE,东北抗日暨爱国自卫战争烈士纪念塔,风景名胜;风景名胜相关;旅游景点,110000,南极街116号,道外区,126.640324,45.77062,126.640324,45.77062,identity,0.0,False,,,南极街116号,1
杨靖宇烈士纪念馆,景点,amap,exact,B0FFL0Z6LR,杨靖宇烈士纪念馆,风景名胜;风景名胜;纪念馆,110204,靖宇街哈尔滨市靖宇小学校,道外区,126.659803,45.790894,126.65975,45.790879,identity,4.4,False,,,靖宇街哈尔滨市靖宇小学校,3
革命烈士纪念馆,景点,amap,exact,B01C317DZ6,革命烈士纪念馆,风景名胜;风景名胜;纪念馆,110204,五常镇吉黑公路(革命烈士陵园),五常市,127.163279,44.890313,127.163279,44.890313,identity,0.0,False,,,五常镇吉黑公路(革命烈士陵园),10
自卫军抗战纪念馆,景点,amap,exact,B0J36HONP5,自卫军抗战纪念馆,风景名胜;风景名胜;纪念馆,110204,永茂巷10号,依兰县,129.556971,46.314,129.556971,46.314,identity,0.0,False,,,永茂巷10号,1
鼎新球迷俱乐部,景点,baidu,exact,B0K6MCIGJ3,鼎新球迷俱乐部,生活服务;彩票彩券销售点;彩票彩券销售点,071800,大成街158号(烟厂地铁站4号口步行460米),南岗区,126.6520071,45.763176,126.657902,45.765193,wgs84_to_gcj02,9.6,False,,,大成街158号(烟厂地铁站4号口步行460米),2
新奇运动羽毛球馆,景点,baidu,exact,B0FFHBKO1Q,新奇运动羽毛球馆,体育休闲服务;运动场馆;羽毛球场,080118,西大直街118号哈特大厦01号楼六层,南岗区,126.6188239,45.7392213,126.624713,45.741174,wgs84_to_gcj02,4.0,False,,,西大直街118号哈特大厦大通期货入口6F,2
哈尔滨医科大学体育馆,景点,baidu,exact,B0FFH0IGL5,哈尔滨医科大学体育馆,体育休闲服务;运动场馆;综合体育馆,080101,学府路194号哈尔滨医科大学校内(近测绘局),南岗区,126.6176321,45.70052,126.623175,45.701825,wgs84_to_gcj02,75.7,False,,,保健路157号哈尔滨医科大学,2
人和国际健身俱乐部(一曼街店),景点,baidu,exact,B0FFKFAPD5,人和国际健身俱乐部(一曼街店),体育休闲服务;运动场馆;健身中心,080111,一曼街18号(工程大学地铁站3号口步行300米),南岗区,126.6590046,45.7714225,126.665111,45.773432,wgs84_to_gcj02,8.0,False,,,一曼街18号工程大学地铁站3号口步行300米,1
悦唯瑜伽普拉提馆,景点,baidu,exact,B0J3RMWCH8,悦唯瑜伽普拉提馆,体育休闲服务;运动场馆;健身中心,080111,杉杉路汇宏时代广场B座905室,呼兰区,126.5583867,45.8743379,126.564331,45.876296,wgs84_to_gcj02,6.0,False,,,杉杉路汇宏时代广场B座9楼905,1
百美游泳健身运动中心,景点,baidu,exact,B0KR4RCPT2,百美游泳健身运动中心,体育休闲服务;运动场馆;游泳馆,080110,松海路恒大御景湾一期院内独栋别墅,香坊区,126.6715745,45.7001691,126.67767,45.702215,wgs84_to_gcj02,5.3,False,,,松海路恒大御景湾一期院内独栋别墅,1
哈港1952冰雪欢乐世界(暂停营业),景点,amap,exact,B0L6GZCH6G,哈港1952冰雪欢乐世界(暂停营业),体育休闲服务;休闲场所;游乐场,080501,海员街10号,道外区,126.681067,45.801076,126.681067,45.801076,identity,0.0,False,,,海员街10号,1
亚布力森林秘境冰雪乐园(暂停营业),景点,amap,exact,B0L09HCKY1,亚布力森林秘境冰雪乐园(暂停营业),体育休闲服务;体育休闲服务场所;体育休闲服务场所,080000,G333雪青公路,尚志市,128.510547,44.790252,128.510547,44.790252,identity,0.0,False,,,G333雪青公路,1
迎宾公园,景点,amap,exact,B0K09MTS6O,迎宾公园,风景名胜;公园广场;公园,110101,东湖路与阳明滩大道交叉口东南320米,道里区,126.535669,45.70263,126.535669,45.70263,identity,0.0,False,,,东湖路与阳明滩大道交叉口东南320米,5
呼兰文庙,景点,amap,exact,B0FFG8WTFT,呼兰文庙,风景名胜;风景名胜;寺庙道观,110205,萧红大道271号,呼兰区,126.611274,45.973036,126.611274,45.973036,identity,0.0,False,,,萧红大道271号,3
哈尔滨冰雪大世界文创旗舰店,景点,amap,exact,B0KK1ZUVQW,哈尔滨冰雪大世界文创旗舰店,风景名胜;风景名胜;风景名胜|购物服务;购物相关场所;购物相关场所,110200|060000,冰雪大世界南门外100米,松北区,126.565816,45.774613,126.565816,45.774613,identity,0.0,False,,,冰雪大世界南门外100米,3
百岛千湖湿地公园,景点,amap,exact,B0JA17T0XO,百岛千湖湿地公园,风景名胜;公园广场;公园,110101,民主西环公路032县道,道外区,126.740688,45.864214,126.740688,45.864214,identity,0.0,False,,,民主西环公路032县道,2
十里冰雪长廊(建设街大舞台),景点,amap,exact,B0KKJHM16L,十里冰雪长廊(建设街大舞台),风景名胜;风景名胜;风景名胜,110200,建设街2号,南岗区,126.651052,45.755454,126.651052,45.755454,identity,0.0,False,,,建设街2号,1
机遇时空X-META全感VR冰雪奇幻乐园(哈尔滨冰雪大世界店),景点,amap,exact,B0KKK7UGJT,机遇时空X-META全感VR冰雪奇幻乐园(哈尔滨冰雪大世界店),体育休闲服务;休闲场所;休闲场所,080500,哈尔滨冰雪大世界梦幻冰雪馆一层A1-9、A1-10、A1-11、A1-12号商铺,松北区,126.565763,45.776853,126.565763,45.776853,identity,0.0,False,,,哈尔滨冰雪大世界梦幻冰雪馆一层A1-9、A1-10、A1-11、A1-12号商铺,2
苏联红军烈士纪念塔,景点,amap,exact,B0H147TJF9,苏联红军烈士纪念塔,风景名胜;风景名胜相关;旅游景点,110000,松花江街道松花江街道西大直街与红博广场交叉口西南60米,南岗区,126.641666,45.756997,126.641666,45.756997,identity,0.0,False,,,松花江街道松花江街道西大直街与红博广场交叉口西南60米,1
松花江湿地,景点,amap,exact,B01C31D80V,松花江湿地,风景名胜;风景名胜相关;旅游景点,110000,松花江北岸,松北区,126.530629,45.796348,126.530629,45.796348,identity,0.0,False,,,松花江北岸,10
延寿蚂蜒河国家湿地公园,景点,amap,exact,B0FFFSD5C7,延寿蚂蜒河国家湿地公园,风景名胜;公园广场;公园,110101,,延寿县,128.31597,45.440686,128.31597,45.440686,identity,0.0,False,,,[],6
阿什河国家湿地公园(不对外开放),景点,amap,exact,B0FFHM781L,阿什河国家湿地公园(不对外开放),风景名胜;公园广场;公园,110101,先锋路附0号,道外区,126.788651,45.764995,126.788651,45.764995,identity,0.0,False,,,先锋路附0号,1
哈尔滨市南岗区王岗教会,景点,amap,exact,B01C31A5X6,哈尔滨市南岗区王岗教会,风景名胜;风景名胜;教堂,110206,哈双路与双红路交叉口北280米,南岗区,126.54773,45.670305,126.54773,45.670305,identity,0.0,False,,,哈双路与双红路交叉口北280米,10
哈达基督教,景点,amap,exact,B0FFH97UNL,哈达基督教,风景名胜;风景名胜;教堂,110206,王岗镇保健路街道哈达屯,南岗区,126.615177,45.681601,126.615177,45.681601,identity,0.0,False,,,学府路与健平路交叉口西南380米,2
黑龙江省艺术博物馆,景点,amap,exact,B0JK95CTH8,黑龙江省艺术博物馆,科教文化服务;博物馆;博物馆,140100,黑龙江艺术职业学院院内,香坊区,126.732121,45.725576,126.732121,45.725576,identity,0.0,False,,,黑龙江艺术职业学院院内,9
OPPO官方授权体验店(哈尔滨南岗区凯德广场学府店),景点,amap,exact,B0KU6C3TI5,OPPO官方授权体验店(哈尔滨南岗区凯德广场学府店),购物服务;家电电子卖场;手机销售,060305,和兴路街道学府路1-1号凯德广场(学府店)一层01-41店铺,南岗区,126.608925,45.721175,126.608925,45.721175,identity,0.0,False,,,和兴路街道学府路1-1号凯德广场(学府店)一层01-41店铺,1
东辕门(北十九道街),景点,baidu,exact,B0FFH89D6W,东辕门(北十九道街),风景名胜;风景名胜相关;旅游景点,110000,北新街65号哈尔滨市关道遗址文化公园(不对外开放)(东南角),道外区,126.6520635,45.7913694,126.658008,45.793402,wgs84_to_gcj02,9.4,False,,,哈尔滨市道外区北新街65号,1
中央大街冰雪大世界,景点,amap,exact,B0M6ALZRUZ,中央大街冰雪大世界,体育休闲服务;体育休闲服务场所;体育休闲服务场所,080000,哈药路与达道街交叉口南40米,道里区,126.598675,45.754825,126.597175,45.755375,identity,131.5,False,,,河江街与哈药路交叉口东60米,10
雪谷佳欣滑雪场(暂停营业),景点,amap,exact,B0FFHNZCGI,雪谷佳欣滑雪场(暂停营业),体育休闲服务;运动场馆;滑雪场,080106,龙爪沟附近,五常市,128.073986,44.444689,128.073986,44.444689,identity,0.0,False,,,龙爪沟附近,1
冰雪大世界老园(不对外开放),景点,amap,exact,B0I21ZQ703,冰雪大世界老园(不对外开放),风景名胜;风景名胜相关;旅游景点,110000,雪景街与松北大道交叉口西220米,松北区,126.573992,45.773788,126.573992,45.773788,identity,0.0,False,,,雪景街与松北大道交叉口西220米,1
松花江上冰雪运动乐园(暂停营业),景点,amap,exact,B0FFHKBOWE,松花江上冰雪运动乐园(暂停营业),体育休闲服务;体育休闲服务场所;体育休闲服务场所,080000,太阳岛沙滩浴场东北100米(风景街南),松北区,126.601503,45.785533,126.601503,45.785533,identity,0.0,False,,,太阳岛沙滩浴场东北100米(风景街南),1
可可主角·巧克力博物馆(哈尔滨中央大街店),景点,amap,exact,B0L1RRBBOX,可可主角·巧克力博物馆(哈尔滨中央大街店),科教文化服务;科教文化场所;科教文化场所,140000,中央大街与西头道街交叉口东北20米,道里区,126.618246,45.777247,126.618246,45.777247,identity,0.0,False,,,中央大街与西头道街交叉口东北20米,1
太古冰雪乐园,景点,amap,exact,B0L0J5GB3W,太古冰雪乐园,体育休闲服务;休闲场所;游乐场,080501,松北镇金星村斗沟子屯,松北区,126.547017,45.768415,126.547017,45.768415,identity,0.0,False,,,松北镇金星村斗沟子屯,1
丁香科技博览园,景点,amap,exact,B01C30LARF,丁香科技博览园,风景名胜;风景名胜;风景名胜,110200,西柞街与进乡街交汇,香坊区,126.718444,45.682031,126.718444,45.682031,identity,0.0,False,,,西柞街与进乡街交汇,5
哈尔滨三五文化博物馆,景点,amap,exact,B0FFG7TRRA,哈尔滨三五文化博物馆,科教文化服务;博物馆;博物馆,140100,马端街65号,南岗区,126.673549,45.763808,126.673549,45.763808,identity,0.0,False,,,马端街65号,2
以马内利礼拜堂,景点,amap,exact,B01C3057BD,以马内利礼拜堂,风景名胜;风景名胜;教堂,110206,宏伟路171号,道外区,126.698441,45.775314,126.698441,45.775314,identity,0.0,False,,,宏伟路171号,3
玉峰滑雪度假山庄,景点,amap,exact,B0KKRCVJPQ,玉峰滑雪度假山庄(暂停营业),体育休闲服务;度假疗养场所;度假村,080401,哈尔滨外国语学院对面,阿城区,127.213613,45.400538,127.213613,45.400538,identity,0.0,False,,,哈尔滨外国语学院对面,1
亚布力滑雪场旅游度假村,景点,amap,exact,B0FFH9B2PC,亚布力滑雪场旅游度假村,体育休闲服务;度假疗养场所;度假村,080401,高山楼南侧,尚志市,128.453825,44.760775,128.453825,44.760775,identity,0.0,False,,,高山楼南侧,10
哈尔滨站南广场,景点,amap,exact,B0FFKHUUS0,哈尔滨站南广场,风景名胜;公园广场;城市广场,110105,铁路街1号(哈尔滨站地铁站4号口步行180米),南岗区,126.633298,45.761335,126.633298,45.761335,identity,0.0,False,,,铁路街1号(哈尔滨站地铁站4号口步行180米),10
大梨滑雪服,景点,amap,exact,B0LKZ5F11Z,大梨滑雪服,体育休闲服务;体育休闲服务场所;体育休闲服务场所,080000,顾新路192号1-s14门市,道里区,126.598855,45.731229,126.598855,45.731229,identity,0.0,False,,,顾新路192号1-s14门市,1
哈尔滨市大顶子山欢乐水世界,景点,amap,exact,B0FFFYGLOR,哈尔滨市大顶子山欢乐水世界,体育休闲服务;休闲场所;水上活动中心,080505,杨林乡田堡村,呼兰区,127.242178,46.01137,127.242178,46.01137,identity,0.0,False,,,杨林乡田堡村,10
伍连德纪念馆,景点,amap,exact,B01C3170C1,伍连德纪念馆,风景名胜;风景名胜;纪念馆,110204,保障街140号,道外区,126.650804,45.775263,126.650804,45.775263,identity,0.0,False,,,保障街140号,3
碧海公园,景点,amap,exact,B0FFLA0D42,碧海公园,风景名胜;公园广场;公园,110101,智谷三街与赤诚路交口,松北区,126.457615,45.816884,126.457615,45.816884,identity,0.0,False,,,智谷三街与赤诚路交口,3
亚布力君悦度假酒店,景点,amap,exact,B0FFHI33ZB,亚布力君悦度假酒店,住宿服务;宾馆酒店;宾馆酒店,100100,青云路46号,尚志市,128.506922,44.759647,128.506922,44.759647,identity,0.0,False,,,青云路46号,1
哈尔滨市关道遗址文化公园(不对外开放),景点,amap,exact,B01C30KFSV,哈尔滨市关道遗址文化公园(不对外开放),风景名胜;公园广场;公园,110101,北新街65号,道外区,126.657357,45.793915,126.657357,45.793915,identity,0.0,False,,,北新街65号,10
亚布力雪场北国春温泉度假山庄,景点,amap,exact,B0L3F168G2,亚布力雪场北国春温泉度假山庄,住宿服务;宾馆酒店;宾馆酒店,100100,亚雪公路与雪青公路交叉口西280米,尚志市,128.502472,44.794154,128.504575,44.794525,identity,171.0,False,,,亚布力镇青山村退役军人服务站西南侧110米,3
Club Med地中海俱乐部亚布力度假村(暂停营业),景点,amap,exact,B0I6TLRKNY,Club Med地中海俱乐部亚布力度假村(暂停营业),体育休闲服务;度假疗养场所;度假村|住宿服务;住宿服务相关;住宿服务相关,080401|100000,亚布力镇地中海俱乐部前台,尚志市,128.451907,44.782086,128.451907,44.782086,identity,0.0,False,,,亚布力镇地中海俱乐部前台,1
一湖三岛,景点,amap,exact,B0FFGXZODU,一湖三岛,风景名胜;风景名胜;风景名胜,110200,太阳岛西区外滩湿地公园(东南角),松北区,126.536823,45.793768,126.536823,45.793768,identity,0.0,False,,,太阳岛西区外滩湿地公园(东南角),1
喜乐成长乐园(杉杉奥特莱斯广场哈尔滨店),景点,amap,exact,B0FFGG3JMB,喜乐成长乐园(杉杉奥特莱斯广场哈尔滨店),体育休闲服务;休闲场所;游乐场|体育休闲服务;娱乐场所;娱乐场所,080501|080300,利民大道555号杉杉奥特莱斯广场·哈尔滨2F层,呼兰区,126.558015,45.877022,126.558015,45.877022,identity,0.0,False,,,利民大道555号杉杉奥特莱斯广场·哈尔滨2F层,1
那海澜湾儿童水上乐园,景点,amap,exact,B0L2GUSPRQ,那海澜湾儿童水上乐园,体育休闲服务;休闲场所;水上活动中心,080505,融江路与群力第一大道交叉口北160米,道里区,126.535025,45.744425,126.535025,45.744425,identity,0.0,False,,,融江路与群力第一大道交叉口北160米,1
哈尔滨文化中心公园,景点,amap,exact,B0FFK92CQ8,哈尔滨文化中心公园,风景名胜;公园广场;公园,110101,"哈尔滨大剧院对面,东北虎林园西侧",松北区,126.588236,45.813034,126.588236,45.813034,identity,0.0,False,,,"哈尔滨大剧院对面,东北虎林园西侧",10
御泉谷国际温泉度假区,景点,amap,exact,B0FFIGQNHF,御泉谷国际温泉度假区,风景名胜;风景名胜相关;旅游景点|商务住宅;商务住宅相关;商务住宅相关,110000|120000,新利街道伏尔加支路888号距离伏尔加庄园300米,阿城区,126.909661,45.667662,126.909661,45.667662,identity,0.0,False,,,新利街道伏尔加支路888号距离伏尔加庄园300米,7
宾县英杰风景区,景点,amap,exact,B0FFF0DRNG,宾县英杰风景区,风景名胜;风景名胜;国家级景点,110202,英杰村,宾县,127.355495,45.657064,127.355495,45.657064,identity,0.0,False,,,英杰村,10
太阳岛寒地野生动物园,景点,amap,exact,B0IUA72TD9,太阳岛寒地野生动物园,风景名胜;公园广场;动物园,110102,太阳岛风景区松鼠岛,松北区,126.58846,45.795989,126.58846,45.795989,identity,0.0,False,,,太阳岛风景区松鼠岛,2
爱尔沃德亲子益智乐园,景点,amap,exact,B0KRZ19461,爱尔沃德亲子益智乐园,体育休闲服务;休闲场所;游乐场,080501,福汇街与银河路交叉口北460米,五常市,127.160639,44.936206,127.160639,44.936206,identity,0.0,False,,,福汇街与银河路交叉口北460米,1
哈尔滨犹太历史文化纪念馆,景点,baidu,exact,B0FFI6CUVL,哈尔滨犹太历史文化纪念馆(装修中),风景名胜;风景名胜;纪念馆,110204,经纬街162号犹太新会堂旧址内(北侧),道里区,126.6109348,45.7666071,126.616823,45.768531,wgs84_to_gcj02,2.7,False,,,黑龙江省哈尔滨市道里区经纬街162号犹太新会堂旧址,1
太阳岛风景区-松鼠岛,景点,amap,exact,B01C30KFOI,太阳岛风景区-松鼠岛,风景名胜;风景名胜相关;旅游景点,110000,警备路3号太阳岛风景区内(西侧),松北区,126.586991,45.793991,126.586991,45.793991,identity,0.0,False,,,警备路3号太阳岛风景区内(西侧),6
黑龙江哈尔滨太阳岛国家湿地公园,景点,amap,exact,B01C319H1G,黑龙江哈尔滨太阳岛国家湿地公园,风景名胜;公园广场;公园,110101,政府大厦对面,松北区,126.536666,45.798161,126.536666,45.798161,identity,0.0,False,,,政府大厦对面,3
心动娃娃屋,景点,amap,exact,B0L3Z70YXS,心动娃娃屋,体育休闲服务;娱乐场所;娱乐场所,080300,奥运新城4栋1号门市,双城区,126.317406,45.373834,126.317406,45.373834,identity,0.0,False,,,奥运新城4栋1号门市,1
阳光冰雪游乐园(暂停开放),景点,amap,exact,B0J0MSWFBH,阳光冰雪游乐园(暂停开放),风景名胜;风景名胜相关;旅游景点,110000,亚布力滑雪旅游度假区阳光度假村,尚志市,128.460406,44.781509,128.460406,44.781509,identity,0.0,False,,,亚布力滑雪旅游度假区阳光度假村,1
建筑艺术广场,景点,amap,exact,B0HRM7HR0P,建筑艺术广场,风景名胜;公园广场;城市广场,110105,透笼街88号,道里区,126.626984,45.770608,126.626984,45.770608,identity,0.0,False,,,透笼街88号,3
雪花广场,景点,amap,exact,B0FFM93LGE,雪花广场,风景名胜;公园广场;城市广场,110105,雪花南三路与创新二路交叉口东120米,松北区,126.507149,45.796314,126.507149,45.796314,identity,0.0,False,,,雪花南三路与创新二路交叉口东120米,10
滨江湿地金沙滩风景区,景点,amap,exact,B01C31DB23,滨江湿地金沙滩风景区,风景名胜;风景名胜相关;旅游景点,110000,民主镇民富村,道外区,126.711331,45.873606,126.711331,45.873606,identity,0.0,False,,,民主镇民富村,1
泽园广场,景点,amap,exact,B0KUPHCVTR,泽园广场,风景名胜;公园广场;城市广场,110105,阳明滩大道与友谊西路交叉口东北角哈尔滨外滩湿地,道里区,126.52742,45.747321,126.52742,45.747321,identity,0.0,False,,,阳明滩大道与友谊西路交叉口东北角哈尔滨外滩湿地,10
亚布力滑雪场温泉滑雪度假山庄,景点,amap,exact,B0J0GN7KZX,亚布力滑雪场温泉滑雪度假山庄,体育休闲服务;度假疗养场所;度假村,080401,亚雪酒店(亚布力滑雪旅游度假区店)西北侧130米,尚志市,128.488261,44.790686,128.488261,44.790686,identity,0.0,False,,,亚雪酒店(亚布力滑雪旅游度假区店)西北侧130米,10
太阳岛上坞公园,景点,amap,exact,B0JK4USB5A,太阳岛上坞公园,风景名胜;公园广场;公园,110101,太阳大道1458号,松北区,126.580862,45.771955,126.580862,45.771955,identity,0.0,False,,,太阳大道1458号,10
道外区沿江公园,景点,amap,exact,B0H23AQP86,道外区沿江公园,风景名胜;公园广场;公园,110101,江畔路,道外区,126.644966,45.793312,126.644966,45.793312,identity,0.0,False,,,江畔路,9
哈尔滨国防教育广场,景点,amap,exact,B0FFLANFDH,哈尔滨国防教育广场,风景名胜;公园广场;城市广场,110105,九站街1号九站公园(西南角),道里区,126.592251,45.762811,126.592251,45.762811,identity,0.0,False,,,九站街1号九站公园(西南角),1
河边儿半亩田,景点,amap,exact,B01C317408,河边儿半亩田,风景名胜;风景名胜;风景名胜,110200,松浦街道松浦街道中环线西庙台子站对面河边儿半亩田北门,松北区,126.581505,45.846138,126.581505,45.846138,identity,0.0,False,,,松浦街道松浦街道中环线西庙台子站对面,5
中东铁路公园(江北段),景点,amap,exact,B0JK4SQBFX,中东铁路公园(江北段),风景名胜;公园广场;公园,110101,滨水大道与剧院二路交叉口东160米,松北区,126.607838,45.807967,126.607838,45.807967,identity,0.0,False,,,滨水大道与剧院二路交叉口东160米,7
太阳石广场,景点,amap,exact,B0HA5HLU59,太阳石广场,风景名胜;风景名胜相关;旅游景点,110000,太阳岛街道太阳岛街道太阳大道3号太阳岛风景区(西南角),松北区,126.590769,45.785725,126.590769,45.785725,identity,0.0,False,,,太阳岛街道太阳岛街道太阳大道3号太阳岛风景区(西南角),6
迷你星球万象汇店,景点,amap,exact,B0K2KDPVFQ,迷你星球万象汇店,体育休闲服务;娱乐场所;娱乐场所,080300,世茂大道555号哈尔滨松北万象汇L2层,松北区,126.538635,45.810498,126.538635,45.810498,identity,0.0,False,,,世茂大道555号哈尔滨松北万象汇L2层,1
风筝广场,景点,amap,exact,B0JKPHTQJB,风筝广场,风景名胜;公园广场;公园广场,110100,江畔路13号,道外区,126.670083,45.800561,126.670083,45.800561,identity,0.0,False,,,江畔路13号,1
龙兴寺,景点,amap,exact,B0FFGCRZ2Y,龙兴寺(暂停开放),风景名胜;风景名胜;寺庙道观,110205,,道外区,126.791142,45.796369,126.791142,45.796369,identity,0.0,False,,,[],1
焕妍社,景点,amap,exact,B0L3DC5HLB,焕妍社,生活服务;美容美发店;美容美发店,071100,工懋街39号,道里区,126.606959,45.768972,126.606959,45.768972,identity,0.0,False,,,工懋街39号,3
五常凤山水沐温泉酒店,景点,amap,exact,B0JGA9B103,五常凤山水沐温泉酒店,住宿服务;宾馆酒店;宾馆酒店,100100,新华家园3号楼(新华书店西胡同),五常市,127.164997,44.915998,127.164997,44.915998,identity,0.0,False,,,新华家园3号楼(新华书店西胡同),2
乂爻射艺(里道斯国际大厦店),景点,baidu,exact,B0G3NSOXAN,乂爻射艺,体育休闲服务;运动场馆;运动场所|科教文化服务;培训机构;培训机构,080100|141400,安和街9号,道里区,126.6405934,45.7582961,126.615835,45.753935,wgs84_to_gcj02,2484.7,True,,,东大直街320号商厦四层07/07-1号商铺（里道斯国际大厦4楼）,10
自由者台球俱乐部,景点,baidu,exact,B0FFHTKLB8,自由者台球俱乐部,体育休闲服务;运动场馆;台球厅,080113,教化街42号,南岗区,126.6215644,45.7463993,126.627492,45.748329,wgs84_to_gcj02,0.3,False,,,教化街42号,1
YONA优娜女性健身(哈西店),景点,baidu,exact,B0KDDRD3HY,YONA优娜女性健身(哈西店),体育休闲服务;运动场馆;健身中心,080111,金爵万象3期(凯盛源广场地铁站3号口步行490米),南岗区,126.5782562,45.6957033,126.584169,45.697639,wgs84_to_gcj02,0.1,False,,,金爵万象三期一号楼1802,1
博月健身(乐松店),景点,baidu,exact,B0KRRAWLKD,博月健身(乐松店),体育休闲服务;体育休闲服务场所;体育休闲服务场所,080000,和平路19号,香坊区,126.6445584,45.7210204,126.650224,45.722945,wgs84_to_gcj02,24.0,False,,,和平路巴黎广场西区三楼平台,1
慕士塔格台球棋牌会馆,景点,baidu,exact,B0HUMSUPL8,慕士塔格台球棋牌会馆,体育休闲服务;运动场馆;台球厅,080113,黄河路85号二楼,南岗区,126.6864666,45.7533162,126.692681,45.75536,wgs84_to_gcj02,9.7,False,,,黄河路85号,1
东北林业大学体育部,景点,baidu,exact,B0FFFAL5EY,东北林业大学体育部,科教文化服务;科教文化场所;科教文化场所,140000,和兴路26号东北林业大学,香坊区,126.631863,45.7187924,126.637801,45.720737,wgs84_to_gcj02,0.3,False,,,黑龙江哈尔滨市香坊区和兴路26号,10
她他健身工作室(国际会展中心),景点,baidu,exact,B0J29ATYHI,她他健身工作室,体育休闲服务;运动场馆;健身中心,080111,渭水路26号,南岗区,126.7015463,45.7475469,126.707754,45.74966,wgs84_to_gcj02,8.4,False,,,渭水路24号,10
云龙格斗,景点,baidu,exact,B0FFIC1TVD,云龙格斗(达仁·印象城购物中心店),科教文化服务;培训机构;培训机构,141400,解放大街与会宁路交口东南交(312-1号)达仁·印象城购物中心2F层,阿城区,126.9753348,45.5349838,126.9815,45.537063,wgs84_to_gcj02,0.3,False,,,解放大街印象城风情街二楼,1
KM24小时自助健身(凯旋新生活MALL店),景点,baidu,exact,B0K371MG5W,KM24小时自助健身,体育休闲服务;运动场馆;健身中心,080111,凯旋广场2楼,香坊区,126.6406875,45.7183286,126.646723,45.720286,wgs84_to_gcj02,5.9,False,,,黑龙江省哈尔滨市香坊区哈平路2号凯旋购物广场F2-0032号商铺,10
金海儿童游泳馆,景点,baidu,exact,B0JUYCOAUV,金海儿童游泳馆,体育休闲服务;运动场馆;游泳馆,080110,世纪花园C区63号,松北区,126.5070954,45.808348,126.513247,45.810405,wgs84_to_gcj02,0.3,False,,,黑龙江省哈尔滨市松北区世纪花园C区63号楼一层A-01号,4
炜祺台球俱乐部,景点,baidu,exact,B0J2CSWCYA,炜祺台球俱乐部,体育休闲服务;运动场馆;台球厅,080113,南河胡同9号,阿城区,126.9892788,45.5396948,126.995598,45.541786,wgs84_to_gcj02,7.4,False,,,黑龙江省哈尔滨市阿城区南河胡同9号,1
回龙山生态田园旅游区,景点,baidu,exact,B0FFKNEDQB,回龙山生态田园旅游区,风景名胜;风景名胜相关;旅游景点,110000,二河乡新庄村茶棚村,五常市,127.1632153,45.1071451,127.169674,45.109371,wgs84_to_gcj02,0.1,False,,,黑龙江省哈尔滨市五常市新庄村,2
光猪圈健身(电塔街店),景点,baidu,exact,B0FFKPHMWL,光猪圈健身(电塔街店),体育休闲服务;运动场馆;健身中心,080111,电塔街17-5,香坊区,126.6576698,45.7055883,126.663709,45.707582,wgs84_to_gcj02,3.0,False,,,电塔街17-5号,1
郝龙羽毛球馆,景点,baidu,exact,B0I3DA13X8,郝龙羽毛球馆,体育休闲服务;运动场馆;羽毛球场,080118,黄河路200号,南岗区,126.6976202,45.7524562,126.703713,45.754533,wgs84_to_gcj02,3.4,False,,,黑龙江省哈尔滨市南岗区红旗大街301号红博会展购物广场F1,2
易美瑜伽普拉提维密塑形,景点,baidu,exact,B0J355XG2Z,易美瑜伽普拉提维密塑形(华鸿店),体育休闲服务;运动场馆;健身中心,080111,闽江路75号华鸿国际写字中心3号楼2203室,南岗区,126.701898,45.7447053,126.708157,45.746724,wgs84_to_gcj02,11.1,False,,,华鸿国际中心写字楼2203室,1
宾县体育场,景点,baidu,exact,B0FFHCKWIF,宾县体育场,体育休闲服务;运动场馆;综合体育馆,080101,党校路15号,宾县,127.4704746,45.7427537,127.47705,45.744874,wgs84_to_gcj02,11.8,False,,,黑龙江省哈尔滨市宾县党校路西50米宾县体育运动学校附近,10
大魏健身工作室,景点,baidu,exact,B0FFLHQ6GO,大魏健身工作室,体育休闲服务;运动场馆;健身中心,080111,新疆二道街316楼2单元2层4号,平房区,126.6108236,45.6024075,126.616714,45.604358,wgs84_to_gcj02,0.2,False,,,新疆二道街316楼1单元2层4号,1
旸旸淘气堡,景点,amap,exact,B0FFI52WNY,旸旸淘气堡,体育休闲服务;休闲场所;游乐场,080501,飞龙街与隆达山大街交叉口西南40米,通河县,128.751161,45.977595,128.751161,45.977595,identity,0.0,False,,,飞龙街与隆达山大街交叉口西南40米,1
植物公园,景点,amap,exact,B01C31A5XA,植物公园,风景名胜;公园广场;植物园,110103,学院路77号,呼兰区,126.503563,45.875675,126.503563,45.875675,identity,0.0,False,,,学院路77号,7
药用植物园,景点,amap,exact,B0KUB7TIKS,药用植物园,风景名胜;公园广场;植物园,110103,哈平路街道哈平路105号黑龙江省森林植物园内(北侧),香坊区,126.649084,45.709317,126.649084,45.709317,identity,0.0,False,,,哈平路街道哈平路105号黑龙江省森林植物园内(北侧),2
meland sport(银泰城购物中心店),景点,amap,exact,B0FFLIRYCX,meland sport(银泰城购物中心店),体育休闲服务;休闲场所;游乐场,080501,群力大道2399号银泰城购物中心F3层,道里区,126.540651,45.736603,126.540651,45.736603,identity,0.0,False,,,群力大道2399号银泰城购物中心F3层,1
亚布力滑雪场木屋森林温泉别墅,景点,amap,exact,B0HKUKPKY7,亚布力滑雪场木屋森林温泉别墅,住宿服务;宾馆酒店;宾馆酒店,100100,亚布力滑雪场78号,尚志市,128.49178,44.790849,128.49178,44.790849,identity,0.0,False,,,亚布力滑雪场78号,2
北极滑雪场,景点,amap,exact,B01C30IHPG,北极滑雪场,体育休闲服务;运动场馆;滑雪场,080106,玉泉铁北委,阿城区,127.173733,45.416648,127.173733,45.416648,identity,0.0,False,,,玉泉铁北委,1
亚布力滑雪场冬至夏至度假屋(暂停营业),景点,amap,exact,B0KK3UORHS,亚布力滑雪场冬至夏至度假屋(暂停营业),住宿服务;住宿服务相关;住宿服务相关,100000,亚布力林业局青云新区第五区青云小镇东五街,尚志市,128.505122,44.752267,128.505122,44.752267,identity,0.0,False,,,亚布力林业局青云新区第五区青云小镇东五街,1
太阳岛西区外滩湿地公园,景点,amap,exact,B0FFFS4QZX,太阳岛西区外滩湿地公园,风景名胜;公园广场;公园,110101,江湾路哈尔滨市政府大厦对面,松北区,126.534958,45.797702,126.534958,45.797702,identity,0.0,False,,,江湾路哈尔滨市政府大厦对面,3
依兰博物馆,景点,amap,exact,B01C30IT1L,依兰博物馆,科教文化服务;博物馆;博物馆,140100,依兰镇花园东巷,依兰县,129.554828,46.324533,129.554828,46.324533,identity,0.0,False,,,依兰镇花园东巷,1
苏联驻哈尔滨总领事馆旧址,景点,amap,exact,B01C30KBZ8,苏联驻哈尔滨总领事馆旧址,风景名胜;风景名胜;纪念馆,110204,耀景街22号(铁路局地铁站4号口步行230米),南岗区,126.637983,45.749567,126.637983,45.749567,identity,0.0,False,,,耀景街22号(铁路局地铁站4号口步行230米),1
黑龙江北方民俗博物馆,景点,amap,exact,B0FFHE23YM,黑龙江北方民俗博物馆,科教文化服务;博物馆;博物馆,140100,巴彦镇永发屯,巴彦县,127.368027,46.123871,127.368027,46.123871,identity,0.0,False,,,巴彦镇永发屯,2
迪士尼儿童乐园(金街店),景点,amap,exact,B0FFHBBRSK,迪士尼儿童乐园(金街店),体育休闲服务;休闲场所;游乐场,080501,建设小区西北门东140米,木兰县,128.047715,45.946392,128.047715,45.946392,identity,0.0,False,,,建设小区西北门东140米,1
魔法星球,景点,amap,exact,B0KR91KMWT,魔法星球,体育休闲服务;休闲场所;游乐场,080501,哈西街道中兴左街2号金爵万象商业广场F3层,南岗区,126.583249,45.699069,126.583249,45.699069,identity,0.0,False,,,金爵万象商业广场,1
捞鱼乐,景点,amap,exact,B0LU2DWM1W,捞鱼乐,体育休闲服务;娱乐场所;娱乐场所,080300,群力大道2399号银泰城购物中心F3层,道里区,126.540775,45.736098,126.540775,45.736098,identity,0.0,False,,,群力大道2399号银泰城购物中心F3层,1
热带雨林动物园,景点,amap,exact,B0G04B677L,热带雨林动物园,风景名胜;公园广场;动物园,110102,美术家大街333号,呼兰区,126.53601,45.882057,126.535298,45.882793,identity,98.7,False,,,利业镇美术家大街666号林达世界欢乐城29号楼,1
欢欢嘉年华,景点,amap,exact,B0M6PCM0E1,欢欢嘉年华,体育休闲服务;休闲场所;游乐场,080501,二楼sl201,松北区,126.538747,45.809432,126.538747,45.809432,identity,0.0,False,,,二楼sl201,1
爱贝岛游乐园,景点,amap,exact,B0JAYHHZ87,爱贝岛游乐园,体育休闲服务;休闲场所;游乐场,080501,西集镇西集杀猪菜斜对面,巴彦县,127.151303,46.139292,127.151303,46.139292,identity,0.0,False,,,西集镇西集杀猪菜斜对面,1
哈尔滨市香坊区乐迪城堡儿童室内游乐场(万达广场店),景点,amap,exact,B0I1A5FVAT,哈尔滨市香坊区乐迪城堡儿童室内游乐场(万达广场店),体育休闲服务;休闲场所;休闲场所,080500,香福路55号哈东万达广场2F-B商铺,香坊区,126.760075,45.717325,126.760075,45.717325,identity,0.0,False,,,香福路55号哈东万达广场2F-B商铺,1
依兰人民抗洪纪念塔,景点,amap,exact,B0GRN582VN,依兰人民抗洪纪念塔,风景名胜;风景名胜;纪念馆,110204,依兰渡口支线与东环城路交叉口西北100米,依兰县,129.560943,46.336429,129.560943,46.336429,identity,0.0,False,,,依兰渡口支线与东环城路交叉口西北100米,2
尚岛酒店(哈尔滨机场路店),景点,amap,exact,B0IGAKG1FH,尚岛酒店(哈尔滨机场路店),住宿服务;住宿服务相关;住宿服务相关,100000,机场路855号,道里区,126.461011,45.656724,126.461011,45.656724,identity,0.0,False,,,机场路855号,1
中共满洲省委机关旧址纪念馆(暂停开放),景点,amap,exact,B01C305P10,中共满洲省委机关旧址纪念馆(暂停开放),风景名胜;风景名胜;红色景区,110210,革新街道光芒街40号(光芒街和巴山街交叉口),南岗区,126.658583,45.749831,126.658583,45.749831,identity,0.0,False,,,革新街道光芒街40号(光芒街和巴山街交叉口),1
京东超级淘气堡,景点,amap,exact,B0K6PLWFA8,京东超级淘气堡,体育休闲服务;休闲场所;游乐场,080501,会展城上城23期东门东80米,香坊区,126.774044,45.750167,126.774044,45.750167,identity,0.0,False,,,会展城上城2期东门东北110米,3
哈尔滨柏悦假日酒店(国际会展中心五十九中店),景点,amap,exact,B0FFH89JU8,哈尔滨柏悦假日酒店(国际会展中心五十九中店),住宿服务;宾馆酒店;宾馆酒店,100100,果园街40-3号,香坊区,126.704692,45.726133,126.704666,45.726252,identity,13.4,False,,,果园街40-3号,1
龙宝乐园,景点,amap,exact,B0L3M9PJIA,龙宝乐园,体育休闲服务;休闲场所;游乐场,080501,优途公考东北侧50米,呼兰区,126.538722,45.881194,126.538722,45.881194,identity,0.0,False,,,优途公考东北侧50米,2
小米朵儿童乐园,景点,amap,exact,B0L17XAAW1,小米朵儿童乐园,体育休闲服务;休闲场所;游乐场,080501,香福路与金香路交叉口东南140米,香坊区,126.763225,45.744525,126.763225,45.744525,identity,0.0,False,,,香福路与金香路交叉口东南140米,1
超级玛丽乐园(红旗Mall购物中心店),景点,amap,exact,B0H257MP5E,超级玛丽乐园(红旗Mall购物中心店),体育休闲服务;休闲场所;游乐场,080501,新疆大街117号红旗·Mall购物中心哈尔滨店F2层,平房区,126.628625,45.605375,126.628625,45.605375,identity,0.0,False,,,新疆大街117号红旗·Mall购物中心哈尔滨店F2层,1
途远铧子山森林公园滑雪场(暂停营业),景点,amap,exact,B0K6CAX9G8,途远铧子山森林公园滑雪场(暂停营业),体育休闲服务;运动场馆;滑雪场,080106,富林镇铧子山林场,通河县,128.659107,46.088209,128.659107,46.088209,identity,0.0,False,,,富林镇铧子山林场,1
亚布力滑雪(北国春店),景点,amap,exact,B0LKMO7K1D,亚布力滑雪(北国春店),体育休闲服务;运动场馆;运动场所,080100,亚布力雪都滑雪度假中心西北侧380米,尚志市,128.503088,44.806502,128.503088,44.806502,identity,0.0,False,,,亚布力雪都滑雪度假中心西北侧380米,2
悬羊岭滑雪场(暂停营业),景点,amap,exact,B0LKLP7PBD,悬羊岭滑雪场(暂停营业),体育休闲服务;运动场馆;运动场所,080100,,通河县,129.15039,46.294857,129.15039,46.294857,identity,0.0,False,,,[],1
哈尔滨市日月星少数民族博物馆,景点,amap,exact,B0FFKTZ68S,哈尔滨市日月星少数民族博物馆,科教文化服务;博物馆;博物馆,140100,兴山路与001乡道交叉口东北160米,松北区,126.37024,45.914624,126.37024,45.914624,identity,0.0,False,,,兴山路与001乡道交叉口东北160米,1
关东冰雪游乐场,景点,amap,exact,B0L3F17APH,关东冰雪游乐场,体育休闲服务;休闲场所;游乐场,080501,凤凰山国家森林公园(东北角),五常市,128.123341,44.399109,128.123341,44.399109,identity,0.0,False,,,雪谷冰雪奇缘客栈东侧130米,1
基督教礼拜堂,景点,amap,exact,B01C3057BC,基督教礼拜堂,风景名胜;风景名胜;教堂,110206,新阳路158-160号,道里区,126.614492,45.75738,126.614492,45.75738,identity,0.0,False,,,新阳路158-160号,10
安阳河园,景点,amap,exact,B01C319AF5,安阳河园,风景名胜;公园广场;公园,110101,康安街道安阳路,道里区,126.577313,45.738903,126.577313,45.738903,identity,0.0,False,,,康安街道安阳路,4
太阳岛外滩湿地景区,景点,amap,exact,B0FFMBPAV7,太阳岛外滩湿地景区,风景名胜;风景名胜;风景名胜,110200,太阳大道3号太阳岛风景区,松北区,126.582604,45.797845,126.582604,45.797845,identity,0.0,False,,,太阳大道3号太阳岛风景区,6
滨水公园,景点,amap,exact,B0FFKS96ID,滨水公园,风景名胜;公园广场;公园|科教文化服务;科教文化场所;科教文化场所,110101|140000,学海街近江路交口,松北区,126.565059,45.803814,126.565059,45.803814,identity,0.0,False,,,学海街近江路交口,10
太阳岛风景区-太阳石,景点,amap,exact,B01C31A5Y8,太阳岛风景区-太阳石,风景名胜;风景名胜;风景名胜,110200,警备路3号太阳岛风景区内(西南角),松北区,126.590718,45.785716,126.590718,45.785716,identity,0.0,False,,,警备路3号太阳岛风景区内(西南角),4
水阁云天,景点,amap,exact,B01C30K062,水阁云天,风景名胜;风景名胜相关;旅游景点,110000,江北临江路24号太阳岛风景区内,松北区,126.595469,45.791488,126.595469,45.791488,identity,0.0,False,,,江北临江路24号太阳岛风景区内,4
依兰冰雪嘉年华,景点,amap,exact,B0LKBSSHSP,依兰冰雪嘉年华(暂停营业),体育休闲服务;体育休闲服务场所;体育休闲服务场所,080000,北江边防洪纪念塔,依兰县,129.560946,46.336427,129.560946,46.336427,identity,0.0,False,,,北江边防洪纪念塔,1
哈尔滨市南岗区康宁家园基督教堂,景点,amap,exact,B0FFFAIK8M,哈尔滨市南岗区康宁家园基督教堂,风景名胜;风景名胜;教堂,110206,康宁头道街3-7号附近,南岗区,126.604418,45.727928,126.60452,45.728081,identity,18.8,False,,,康宁头道街3-7号附近,1
上坞沙滩冰雪部落,景点,amap,exact,B0K62M8MD4,上坞沙滩冰雪部落,体育休闲服务;体育休闲服务场所;体育休闲服务场所,080000,太阳大道1458号,松北区,126.580432,45.771782,126.580432,45.771782,identity,0.0,False,,,太阳大道1458号,1
哈尔滨新区花之语养息谷,景点,amap,exact,B0FFG9204F,哈尔滨新区花之语养息谷,风景名胜;风景名胜;风景名胜,110200,对青山镇工农大街1号,松北区,126.349361,45.907659,126.349361,45.907659,identity,0.0,False,,,对青山镇工农大街1号,4
水一方梦幻水世界,景点,amap,exact,B0HRCLNG5F,水一方梦幻水世界,风景名胜;风景名胜相关;旅游景点,110000,民主镇民富村江南中环路1.3公里处,道外区,126.745904,45.858732,126.745904,45.858732,identity,0.0,False,,,民主镇民富村江南中环路1.3公里处,1
哈尔滨冰雪大世界乐园接待处,景点,amap,exact,B0LK65KGU9,哈尔滨冰雪大世界乐园接待处,生活服务;生活服务场所;生活服务场所,070000,松北街道,松北区,126.551103,45.829791,126.551103,45.829791,identity,0.0,False,,,松北街道,1
火车头广场,景点,amap,exact,B01C31C270,火车头广场,风景名胜;公园广场;城市广场,110105,河润街哈尔滨冰雪艺术中心(居然之家东),道里区,126.601471,45.762077,126.601471,45.762077,identity,0.0,False,,,河润街哈尔滨冰雪艺术中心(居然之家东),1
哈尔滨文化公园-圣母安息教堂,景点,amap,exact,B0FFFYGZEJ,哈尔滨文化公园-圣母安息教堂,风景名胜;风景名胜;教堂,110206,南通大街208号哈尔滨游乐园内,南岗区,126.668362,45.779501,126.668362,45.779501,identity,0.0,False,,,南通大街208号哈尔滨游乐园内,1
温泉洗浴(平安大街店),景点,amap,exact,B0FFF4LO4Y,温泉洗浴(平安大街店),生活服务;洗浴推拿场所;洗浴推拿场所,071400,平安大街与中心大街交叉口西120米,巴彦县,127.485086,46.357402,127.485086,46.357402,identity,0.0,False,,,平安大街与中心大街交叉口西120米,1
黑龙江省长寿山滑雪场(暂停营业),景点,amap,exact,B01C30LDXR,黑龙江省长寿山滑雪场(暂停营业),体育休闲服务;运动场馆;滑雪场,080106,宾西国家森林公园内,宾县,127.255222,45.62268,127.255222,45.62268,identity,0.0,False,,,宾西国家森林公园内,1
鸿博汤泉洗浴,景点,amap,exact,B0LK3S02D5,鸿博汤泉洗浴,生活服务;洗浴推拿场所;洗浴推拿场所,071400,凤凰城西北门南180米,五常市,127.226475,44.712675,127.226475,44.712675,identity,0.0,False,,,凤凰大道与山河大街交叉口西北40米,2
太阳岛风景区-太阳瀑,景点,amap,exact,B01C31A5ZB,太阳岛风景区-太阳瀑,风景名胜;风景名胜相关;旅游景点,110000,警备路3号太阳岛风景区内(西北角),松北区,126.592113,45.796255,126.592113,45.796255,identity,0.0,False,,,警备路3号太阳岛风景区内(西北角),1
汇丰影像博物馆,景点,amap,exact,B0JKFU31YN,汇丰影像博物馆,科教文化服务;博物馆;博物馆,140100,红军街116号二楼,南岗区,126.63666,45.759783,126.63666,45.759783,identity,0.0,False,,,红军街116号二楼,1
哈尔滨人民音乐家郑律成纪念馆,景点,amap,exact,B0JG978I57,哈尔滨人民音乐家郑律成纪念馆,风景名胜;风景名胜;纪念馆,110204,安升街85号哈尔滨朝鲜民族艺术馆2层,道里区,126.612646,45.761346,126.612646,45.761346,identity,0.0,False,,,安升街85号哈尔滨市朝鲜民族艺术馆内,2
哈尔滨犹太历史文化纪念馆(装修中),景点,amap,exact,B0FFI6CUVL,哈尔滨犹太历史文化纪念馆(装修中),风景名胜;风景名胜;纪念馆,110204,经纬街162号犹太新会堂旧址内(北侧),道里区,126.616823,45.768531,126.616823,45.768531,identity,0.0,False,,,经纬街162号犹太新会堂旧址内(北侧),1
黑龙江邮政博物馆,景点,amap,exact,B01C31727B,黑龙江邮政博物馆(暂停开放),科教文化服务;博物馆;博物馆,140100,民益街100号,南岗区,126.639396,45.760115,126.639396,45.760115,identity,0.0,False,,,民益街100号,5
第六次全国劳动大会旧址,景点,amap,exact,B0KUPS3HIK,第六次全国劳动大会旧址,风景名胜;风景名胜相关;旅游景点,110000,工厂街128号(近经纬街),道里区,126.6252,45.765388,126.625292,45.765387,identity,7.1,False,,,工厂街与尚志大街交叉口东南20米,1
哈尔滨松北国家湿地公园(不对外开放),景点,amap,exact,B0IRZ76OLR,哈尔滨松北国家湿地公园(不对外开放),风景名胜;公园广场;公园,110101,林院街1号,松北区,126.474933,45.872282,126.474933,45.872282,identity,0.0,False,,,林院街1号,1
黑龙江大学-博物馆(暂停开放),景点,amap,exact,B0FFF5UR0G,黑龙江大学-博物馆(暂停开放),科教文化服务;博物馆;博物馆,140100,学院路74号,南岗区,126.617833,45.7062,126.617833,45.7062,identity,0.0,False,,,学院路74号,1
生活汇电玩城·儿童游乐园·淘气堡(生活汇·购物公园店),景点,amap,exact,B0JDJXTT64,生活汇电玩城·儿童游乐园·淘气堡(生活汇·购物公园店),体育休闲服务;娱乐场所;娱乐场所|餐饮服务;快餐厅;快餐厅,080300|050300,武源街与武源头道街交叉口南40米,道外区,126.701107,45.779444,126.701107,45.779444,identity,0.0,False,,,武源街与武源头道街交叉口南40米,1
逃离星球儿童益智探索乐园(乐松店),景点,amap,exact,B0LDLBMQ1H,逃离星球儿童益智探索乐园(乐松店),体育休闲服务;休闲场所;游乐场,080501,乐松广场3楼松松小镇逃离星球探索乐园,香坊区,126.649975,45.719025,126.649975,45.719025,identity,0.0,False,,,乐松广场3楼松松小镇逃离星球探索乐园,1
酷乐迪儿童乐园,景点,amap,exact,B0L3HD77E2,酷乐迪儿童乐园,体育休闲服务;休闲场所;游乐场,080501,太古街188号大润发一层酷乐迪儿童乐园,道外区,126.660277,45.783048,126.660277,45.783048,identity,0.0,False,,,太古街188号大润发一层酷乐迪儿童乐园,1
北大荒闫家岗国际温泉度假区,景点,amap,exact,B0FFG25E65,北大荒闫家岗国际温泉度假区,风景名胜;风景名胜相关;旅游景点,110000,闫家岗,道里区,126.315555,45.629897,126.315555,45.629897,identity,0.0,False,,,闫家岗,5
哈尔滨科技创新城创新创业广场,景点,amap,exact,B01C3189ZN,哈尔滨科技创新城创新创业广场,风景名胜;公园广场;城市广场,110105,科技一街,松北区,126.511442,45.798603,126.511442,45.798603,identity,0.0,False,,,科技一街,10
哈尔滨市关道遗址文化公园-道台府,景点,amap,exact,B0FFJUS0MO,哈尔滨市关道遗址文化公园-道台府,风景名胜;风景名胜;风景名胜,110200,北新街65号哈尔滨市关道遗址文化公园(不对外开放),道外区,126.65731,45.794061,126.65731,45.794061,identity,0.0,False,,,北新街65号哈尔滨市关道遗址文化公园(不对外开放),10
河畔公园,景点,amap,exact,B0JKNCCYA6,河畔公园,风景名胜;公园广场;公园广场,110100,林园路15号,香坊区,126.64147,45.712972,126.64147,45.712972,identity,0.0,False,,,林园路15号,10
俄罗斯琥珀博物馆,景点,amap,exact,B0IU9HSO7E,俄罗斯琥珀博物馆,科教文化服务;博物馆;博物馆,140100,太阳岛街道太阳岛街3号,松北区,126.600501,45.789155,126.600501,45.789155,identity,0.0,False,,,太阳岛街道太阳岛街3号,2
悠悠宝贝海盗主题乐园(红博中央公园店),景点,amap,exact,B0FFK2W07J,悠悠宝贝海盗主题乐园(红博中央公园店),体育休闲服务;休闲场所;游乐场,080501,会展红博中央公园负一层,南岗区,126.699473,45.758097,126.699473,45.758097,identity,0.0,False,,,会展红博中央公园负一层,1
滨河湿地公园,景点,amap,exact,B0FFLK7RJA,滨河湿地公园,风景名胜;公园广场;公园,110101,哈萝公路与萧红大道交叉口南150米,呼兰区,126.59107,45.969092,126.59107,45.969092,identity,0.0,False,,,哈萝公路与萧红大道交叉口南150米,1
亚布力狗熊部落,景点,baidu,exact,B0M6PZLOA3,亚布力狗熊部落,体育休闲服务;体育休闲服务场所;体育休闲服务场所,080000,,尚志市,128.4806931,44.6913454,128.487194,44.693369,wgs84_to_gcj02,13.4,False,,,黑龙江省哈尔滨市尚志市G333,2
方正县公共体育场,景点,baidu,exact,B0FFIB0G55,方正县公共体育场,体育休闲服务;运动场馆;综合体育馆,080101,方正镇S203滨水观邸附近,方正县,128.8157974,45.8601204,128.822514,45.862099,wgs84_to_gcj02,9.0,False,,,S203滨水观邸附近,1
至善瑜伽普拉提(和祥路店),景点,baidu,exact,B0FFF9Z29M,至善瑜伽普拉提(和祥路店),体育休闲服务;运动场馆;健身中心,080111,和平路街道香滨路4号中北春城三期45号楼2单元202室,香坊区,126.654723,45.7274573,126.660724,45.729417,wgs84_to_gcj02,2.3,False,,,香滨路4号中北春城小区三期45号楼2单元202室,1
汉搏私人健身工作室(爱建涛园店),景点,baidu,exact,B0FFIY273K,汉搏私人健身工作室(爱建涛园店),体育休闲服务;运动场馆;健身中心,080111,翠园路7号爱建涛园F3栋1楼4号(珍粥道后身),道里区,126.5928684,45.7623175,126.598777,45.764227,wgs84_to_gcj02,0.3,False,,,翠园路7号爱建涛园F3栋1层4号（珍粥道后身）,1
辛8乔氏台球会馆,景点,baidu,exact,B0L21HSXEI,辛8乔氏台球会馆,体育休闲服务;运动场馆;台球厅,080113,解放大街77号供销商城楼一层A区,阿城区,126.9699748,45.536311,126.976181,45.538438,wgs84_to_gcj02,8.9,False,,,解放大街77号,2
好望角台球棋牌会馆,景点,baidu,exact,B0H1B5XGSZ,好望角台球棋牌会馆,体育休闲服务;运动场馆;台球厅,080113,永和街38号小区西南门西南60米,南岗区,126.6485949,45.7532813,126.654447,45.755319,wgs84_to_gcj02,13.3,False,,,果戈里大街219号,1
雷动轮滑(悦然臻城店),景点,baidu,exact,B0JDDCVOTB,雷动轮滑(悦然臻城店),体育休闲服务;体育休闲服务场所;体育休闲服务场所,080000,进乡街道悦然臻城家得乐三楼,香坊区,126.67877,45.6973655,126.685012,45.699247,wgs84_to_gcj02,22.0,False,,,悦然臻城家得乐三楼,1
亚布力滑雪场雪景火炕房,景点,amap,exact,B0JB1B5HT3,亚布力滑雪场雪景火炕房,体育休闲服务;体育休闲服务场所;体育休闲服务场所,080000,亚雪公路与G10绥满高速出口交叉口东北40米,尚志市,128.576129,44.915786,128.576129,44.915786,identity,0.0,False,,,亚雪公路与G10绥满高速出口交叉口东北40米,1
木兰松花江湿地公园,景点,amap,exact,B01C3177CE,木兰松花江湿地公园,风景名胜;公园广场;公园,110101,抗洪胜利纪念塔-松花江湿地公园,木兰县,128.045703,45.941704,128.045703,45.941704,identity,0.0,False,,,木兰镇,4
延寿欣悦山庄滑雪场,景点,amap,exact,B01C30JH63,延寿欣悦山庄滑雪场,体育休闲服务;运动场馆;滑雪场,080106,青川乡欣悦山庄,延寿县,128.153028,45.441856,128.153028,45.441856,identity,0.0,False,,,青川乡欣悦山庄,1
亚布力滑雪场-健身区(暂停营业),景点,amap,exact,B0K01S39DR,亚布力滑雪场-健身区(暂停营业),体育休闲服务;运动场馆;运动场所,080100,通信山庄南侧100米,尚志市,128.463647,44.775048,128.463647,44.775048,identity,0.0,False,,,通信山庄南侧100米,3
平乐古城(不对外开放),景点,amap,exact,B0HUSHK6EO,平乐古城(不对外开放),风景名胜;风景名胜相关;旅游景点,110000,哈南第八大道与松花路交叉口西380米,平房区,126.586981,45.580382,126.586981,45.580382,identity,0.0,False,,,哈南第八大道与松花路交叉口西380米,1
百强水上乐园温泉水汇,景点,amap,exact,B0GKS7M9JL,百强水上乐园温泉水汇,体育休闲服务;休闲场所;游乐场,080501,先锋路与板材路交叉口西120米,道外区,126.757025,45.775091,126.757025,45.775091,identity,0.0,False,,,先锋路与板材路交叉口西120米,1
哈尔滨太平国际机场银轩温泉酒店,景点,amap,exact,B0KBXCHXE2,哈尔滨太平国际机场银轩温泉酒店,住宿服务;宾馆酒店;宾馆酒店,100100,飞达路与环湖北路交汇处西南300米,道里区,126.307077,45.63922,126.307077,45.63922,identity,0.0,False,,,飞达路与环湖北路交汇处西南300米,2
哈尔滨太平湖温泉旅游度假酒店,景点,amap,exact,B0FFICW85L,哈尔滨太平湖温泉旅游度假酒店,住宿服务;宾馆酒店;宾馆酒店,100100,飞达路与环湖北路交汇处西南300米,道里区,126.306293,45.637966,126.306293,45.637966,identity,0.0,False,,,飞达路与环湖北路交汇处西南300米,7
龙珠二龙山滑雪场,景点,amap,exact,B01C30J7F9,龙珠二龙山滑雪场,体育休闲服务;运动场馆;滑雪场,080106,二龙山风景区,宾县,127.410487,45.725112,127.410487,45.725112,identity,0.0,False,,,二龙山风景区,1
清肤泉水疗会馆,景点,amap,exact,B0IR1SVU6Z,清肤泉水疗会馆(顺南花园店),生活服务;生活服务场所;生活服务场所,070000,顺南花园小区东区B栋、C栋西门北210米,呼兰区,126.598742,45.987638,126.598742,45.987638,identity,0.0,False,,,顺南花园小区东区B栋、C栋西门北210米,1
亚布力滑雪场-观景台,景点,amap,exact,B0FFG2C2OH,亚布力滑雪场-观景台,风景名胜;风景名胜;观景点,110209,亚布力镇亚雪公路亚布力滑雪旅游度假区亚布力滑雪场内,尚志市,128.434515,44.743956,128.434515,44.743956,identity,0.0,False,,,亚布力镇亚雪公路亚布力滑雪旅游度假区亚布力滑雪场内,10
亚布力(亚雪)滑雪度假乐园,景点,amap,exact,B0K0LUTO4I,亚布力(亚雪)滑雪度假乐园,体育休闲服务;运动场馆;运动场所,080100,林政路152号,尚志市,128.611289,44.936361,128.611289,44.936361,identity,0.0,False,,,林政路152号,10
凤山滑雪场,景点,amap,exact,B01C30K2DM,凤山滑雪场,体育休闲服务;运动场馆;滑雪场,080106,哈阿高速公路玉泉口出处收费站右侧林场对过距玉泉火车站2公里,阿城区,127.172981,45.397992,127.172981,45.397992,identity,0.0,False,,,哈阿高速公路玉泉口出处收费站右侧林场对过距玉泉火车站2公里,3
抗洪纪念碑,景点,amap,exact,B0FFIP8K1H,抗洪纪念碑,风景名胜;风景名胜;纪念馆,110204,通江大街23号,通河县,128.750937,45.969773,128.750937,45.969773,identity,0.0,False,,,通江大街23号,3
知青文化博物馆,景点,amap,exact,B0FFGAFSJ0,知青文化博物馆,科教文化服务;博物馆;博物馆,140100,香坊大街街道朝阳镇平安村,香坊区,126.590835,45.62337,126.590835,45.62337,identity,0.0,False,,,香坊大街街道朝阳镇平安村,9
哈尔滨失恋博物馆(西城红场店)(暂停营业),景点,amap,exact,B0FFKWF4GR,哈尔滨失恋博物馆(西城红场店)(暂停营业),体育休闲服务;体育休闲服务场所;体育休闲服务场所,080000,哈西大街299号西城红场7层,南岗区,126.593326,45.703157,126.593326,45.703157,identity,0.0,False,,,哈西大街299号西城红场7层,1
哈尔滨艺术博物馆,景点,amap,exact,B01C30JW31,哈尔滨艺术博物馆,科教文化服务;博物馆;博物馆,140100,一曼街253号,南岗区,126.640729,45.765791,126.640729,45.765791,identity,0.0,False,,,一曼街253号,10
基督教香坊教会幸福镇礼拜堂,景点,amap,exact,B0FFKV3D8J,基督教香坊教会幸福镇礼拜堂,风景名胜;风景名胜;教堂,110206,香发街12-1号,香坊区,126.766306,45.726685,126.766306,45.726685,identity,0.0,False,,,香发街12-1号,4
哈尔滨市基督教,景点,amap,exact,B0FFJTNKY9,哈尔滨市基督教,风景名胜;风景名胜;教堂,110206,谷丰东街与哈南九路交叉口东320米,平房区,126.635215,45.593199,126.635215,45.593199,identity,0.0,False,,,谷丰东街与哈南九路交叉口东320米,10
人民音乐家郑律成生平事迹展馆,景点,amap,exact,B0J0BHNMTW,人民音乐家郑律成生平事迹展馆,风景名胜;风景名胜;纪念馆,110204,友谊路233号靠通江街一侧(友谊宫地铁站2号口旁),道里区,126.612796,45.761224,126.612243,45.777666,identity,1828.8,True,,,安升街85号哈尔滨朝鲜民族艺术馆2层,2
德国驻哈尔滨领事馆原址,景点,amap,exact,B01C3184AN,德国驻哈尔滨领事馆原址,风景名胜;风景名胜;纪念馆,110204,西二道街与尚志大街交叉口西南侧,道里区,126.620863,45.776617,126.620863,45.776617,identity,0.0,False,,,中央大街1号哈尔滨中央大街,1
细菌试验室及特设监狱遗址,景点,amap,exact,B0FFIZJZYZ,细菌试验室及特设监狱遗址,风景名胜;风景名胜相关;旅游景点,110000,新疆大街与青年街交叉口西北280米,平房区,126.636146,45.60965,126.636146,45.60965,identity,0.0,False,,,新疆大街与青年街交叉口西北280米,1
中国工人首次纪念五一国际劳动节纪念地,景点,amap,exact,B0FFKHQJA1,中国工人首次纪念五一国际劳动节纪念地,风景名胜;风景名胜;纪念馆,110204,冰峰路哈尔滨太阳岛花园酒店,松北区,126.567055,45.772857,126.567055,45.772857,identity,0.0,False,,,冰峰路哈尔滨太阳岛花园酒店,1
中共黑龙江历史纪念馆,景点,amap,exact,B0FFJG35VJ,中共黑龙江历史纪念馆,风景名胜;风景名胜;纪念馆,110204,荣市街道荣市街道荣市街道一曼街241号东北抗联博物馆,南岗区,126.642877,45.766199,126.642877,45.766199,identity,0.0,False,,,荣市街道荣市街道荣市街道一曼街241号东北抗联博物馆,1
考拉大冒险儿童主题乐园(宾县店),景点,amap,exact,B0K129IOHR,考拉大冒险儿童主题乐园(宾县店),体育休闲服务;体育休闲服务场所;体育休闲服务场所,080000,小全优选超市内,宾县,127.465246,45.745529,127.465246,45.745529,identity,0.0,False,,,小全优选超市内,1
乐智贝贝(达仁·印象城购物中心),景点,amap,exact,B0JBZAG1SK,乐智贝贝(达仁·印象城购物中心),体育休闲服务;休闲场所;游乐场,080501,解放大街与会宁路交口东南交(312-1号)达仁·印象城购物中心3F层3F-J-03,阿城区,126.980693,45.537221,126.980693,45.537221,identity,0.0,False,,,解放大街与会宁路交口东南交(312-1号)达仁·印象城购物中心3F层3F-J-03,1
双城区可爱熊亲子乐园,景点,amap,exact,B0KRZRGB2E,双城区可爱熊亲子乐园,体育休闲服务;休闲场所;游乐场,080501,双城腾达夜市院内(北门入口),双城区,126.293525,45.381475,126.293525,45.381475,identity,0.0,False,,,双城腾达夜市院内(北门入口),1
马卡龙儿童乐园(畅想国际购物中心店),景点,amap,exact,B0JAZU7R25,马卡龙儿童乐园(畅想国际购物中心店),体育休闲服务;休闲场所;游乐场,080501,南二道街35号畅想国际购物中心F3层,呼兰区,126.606579,45.97761,126.606579,45.97761,identity,0.0,False,,,南二道街35号畅想国际购物中心F3层,1
嘟嘟淘气堡,景点,amap,exact,B0LBLHM8IQ,嘟嘟淘气堡,体育休闲服务;休闲场所;游乐场,080501,格兰云天B区14栋,香坊区,126.688407,45.696981,126.688407,45.696981,identity,0.0,False,,,格兰云天B区14栋,1
波塞冬融创乐园,景点,amap,exact,B0L29BQJX4,波塞冬融创乐园,体育休闲服务;休闲场所;游乐场,080501,学海西街与文锦路交叉口南280米,松北区,126.557225,45.810425,126.557225,45.810425,identity,0.0,False,,,学海西街与文锦路交叉口南280米,1
弹珠乐园,景点,amap,exact,B0LK3L12Q1,弹珠乐园,体育休闲服务;休闲场所;游乐场,080501,哈西街道中兴大道168号万达广场(哈尔滨哈西店)3F层,南岗区,126.587325,45.700175,126.587325,45.700175,identity,0.0,False,,,中兴大道168号万达广场(哈尔滨哈西店),3
幻想兔,景点,amap,exact,B0L3BREPG2,幻想兔,体育休闲服务;休闲场所;游乐场,080501,西大直街40号国展正大购物广场一层A100号幻想兔弹珠堂,南岗区,126.641502,45.754106,126.641502,45.754106,identity,0.0,False,,,西大直街40号国展正大购物广场一层A100号幻想兔弹珠堂,1
童年阳光(黑龙江哈尔滨道外店),景点,amap,exact,B0FFJKZFQH,童年阳光(黑龙江哈尔滨道外店),购物服务;专卖店;儿童用品店,061207,南市街道太古街188号大润发超市1F,道外区,126.661034,45.782944,126.661034,45.782944,identity,0.0,False,,,南市街道太古街188号大润发超市1F,1
大雪人奇遇乐园,景点,amap,exact,B0LD39O8J4,大雪人奇遇乐园,体育休闲服务;休闲场所;游乐场,080501,友谊西路与上江街交叉口北80米,道里区,126.572225,45.752975,126.572225,45.752975,identity,0.0,False,,,友谊西路与上江街交叉口北80米,3
萨蒙滑雪场,景点,amap,exact,B0M6NHF26O,萨蒙滑雪场,体育休闲服务;运动场馆;综合体育馆,080101,南四道街与南五道街交叉口西80米,道外区,126.643233,45.78319,126.643233,45.78319,identity,0.0,False,,,南四道街与南五道街交叉口西80米,1
心悦来滑雪场(暂停营业),景点,amap,exact,B0FFKNY1AN,心悦来滑雪场(暂停营业),体育休闲服务;运动场馆;滑雪场,080106,山河屯林业局大河身森林经营所,五常市,128.138339,44.387666,128.138339,44.387666,identity,0.0,False,,,山河屯林业局大河身森林经营所,1
南岗区王岗镇靠山村西城玉龙滑雪场(暂停营业),景点,amap,exact,B0KK6SJKN5,南岗区王岗镇靠山村西城玉龙滑雪场(暂停营业),体育休闲服务;运动场馆;滑雪场,080106,电缆街188号,南岗区,126.587661,45.657125,126.587661,45.657125,identity,0.0,False,,,电缆街188号,1
松松小镇儿童体验馆(乐松购物广场店),景点,amap,exact,B0LKBUTN1C,松松小镇儿童体验馆(乐松购物广场店),体育休闲服务;休闲场所;游乐场,080501,三大动力路8号乐松广场4F层,香坊区,126.649175,45.719375,126.649175,45.719375,identity,0.0,False,,,三大动力路8号乐松广场4F层,2
拾光岛儿童乐园(新阳路店),景点,amap,exact,B0FFKT5WK2,拾光岛儿童乐园(新阳路店),体育休闲服务;休闲场所;游乐场,080501,新阳路365号凯旋城休闲购物广场F2层,道里区,126.60617,45.748996,126.60617,45.748996,identity,0.0,False,,,新阳路365号凯旋城休闲购物广场F2层,1
开心哈乐儿童主题乐园(财富天地店),景点,amap,exact,B0JUA9XKMP,开心哈乐儿童主题乐园(财富天地店),体育休闲服务;休闲场所;游乐场,080501,学院路756号财富天地F3层,呼兰区,126.524082,45.876118,126.524082,45.876118,identity,0.0,False,,,学院路756号财富天地F3层,1
松北欢乐岛,景点,amap,exact,B0LDLNICPB,松北欢乐岛,体育休闲服务;休闲场所;游乐场|风景名胜;风景名胜相关;旅游景点,080501|110000,滨水大道与剧院二路交叉口西南140米,松北区,126.569517,45.804223,126.569517,45.804223,identity,0.0,False,,,滨水大道与剧院二路交叉口西南140米,3
彩虹大滑梯,景点,amap,exact,B0K2YCTF64,彩虹大滑梯,体育休闲服务;休闲场所;游乐场|风景名胜;风景名胜相关;旅游景点,080501|110000,群力外滩生态湿地内(东侧),道里区,126.57249,45.753455,126.57249,45.753455,identity,0.0,False,,,友谊西路与上江街交叉口北140米,3
博瑞斯游乐场,景点,amap,exact,B0K21NR36H,博瑞斯游乐场,体育休闲服务;休闲场所;游乐场,080501,美术家大街666号32号楼,呼兰区,126.536323,45.881449,126.536323,45.881449,identity,0.0,False,,,美术家大街666号32号楼,1
蹦跳猩球,景点,amap,exact,B0L64R4OYV,蹦跳猩球,体育休闲服务;休闲场所;游乐场,080501,群力银泰城三层3064左侧-1,道里区,126.539378,45.736796,126.539378,45.736796,identity,0.0,False,,,群力银泰城三层3064左侧-1,1
章鱼岛游乐园,景点,amap,exact,B0JR669DL5,章鱼岛游乐园,体育休闲服务;休闲场所;游乐场,080501,化工街道化工街道化工街道化工街道化工街道先锋路2号,道外区,126.758768,45.773431,126.758768,45.773431,identity,0.0,False,,,化工街道化工街道化工街道化工街道化工街道先锋路2号,1
萤火虫萌宠乐园(金爵万象商业广场店),景点,amap,exact,B0J3YHCRMH,萤火虫萌宠乐园(金爵万象商业广场店),购物服务;专卖店;宠物用品店,061211,哈西街道金爵万象商业广场B1,南岗区,126.583025,45.698875,126.583025,45.698875,identity,0.0,False,,,哈西街道金爵万象商业广场B1,1
环游世界(笨熊乐园店)(暂停营业),景点,amap,exact,B0LA6HAZ35,环游世界(笨熊乐园店)(暂停营业),体育休闲服务;休闲场所;游乐场,080501,太阳大道3号太阳岛风景区,松北区,126.597884,45.790413,126.598125,45.790175,identity,32.4,False,,,2号太阳岛公园绿道与警备街交叉口北140米,1
尚志市革命烈士陵园,景点,amap,exact,B01C30JLWA,尚志市革命烈士陵园,风景名胜;风景名胜;红色景区|生活服务;丧葬设施;陵园,110210|071901,北环路178号革命烈士陵园,尚志市,127.958691,45.217938,127.958691,45.217938,identity,0.0,False,,,花园街2号尚志烈士陵园南侧,7
哈尔滨市平房区零散烈士纪念设施,景点,amap,exact,B0L2C5INE9,哈尔滨市平房区零散烈士纪念设施,风景名胜;风景名胜;风景名胜,110200,陵园内300米,平房区,126.698746,45.577182,126.698746,45.577182,identity,0.0,False,,,陵园内300米,1
兆麟公园-青草塘,景点,amap,exact,B01C31DJ1Z,兆麟公园-青草塘,风景名胜;风景名胜相关;旅游景点,110000,森林街41号哈尔滨市兆麟公园内(南侧),道里区,126.622827,45.77591,126.622827,45.77591,identity,0.0,False,,,森林街41号哈尔滨市兆麟公园内(南侧),1
逐梦冰雪滑冰俱乐部,景点,amap,exact,B0M6DM5DNL,逐梦冰雪滑冰俱乐部,体育休闲服务;运动场馆;运动场所,080100,八区三巷与开原街交叉口北40米,道外区,126.638838,45.768152,126.638838,45.768152,identity,0.0,False,,,八区三巷与开原街交叉口北40米,1
冰雪小世界游客中心,景点,amap,exact,B0KK0DED62,冰雪小世界游客中心,体育休闲服务;体育休闲服务场所;体育休闲服务场所,080000,鱼菜共生生态农业产业园东侧,呼兰区,126.501809,45.920757,126.501809,45.920757,identity,0.0,False,,,鱼菜共生生态农业产业园东侧,1
润福公园,景点,amap,exact,B0FFHAACZS,润福公园,风景名胜;公园广场;公园,110101,中源大道辅路与松北大道辅路交叉口东北180米,松北区,126.547445,45.81598,126.547445,45.81598,identity,0.0,False,,,中源大道辅路与松北大道辅路交叉口东北180米,3
滨水大道花海,景点,amap,exact,B0LBC5TAG9,滨水大道花海,购物服务;专卖店;专营店,061200,近江路与学海街交叉口东南160米,松北区,126.563028,45.802492,126.563028,45.802492,identity,0.0,False,,,近江路与学海街交叉口东南160米,1
哈尔滨金河湾湿地植物园-管理区,景点,amap,exact,B0FFIAEJRF,哈尔滨金河湾湿地植物园-管理区,风景名胜;公园广场;植物园,110103,江湾路5000号金河湾湿地植物园(西北角),松北区,126.49412,45.785443,126.49412,45.785443,identity,0.0,False,,,江湾路5000号金河湾湿地植物园(西北角),1
鼎双滑雪俱乐部(暂停开放),景点,amap,exact,B0K6BHCBZT,鼎双滑雪俱乐部(暂停开放),风景名胜;风景名胜相关;旅游景点,110000,黑龙江省哈尔滨市阿城区横头山庄园内,阿城区,127.368855,45.513515,127.368855,45.513515,identity,0.0,False,,,黑龙江省哈尔滨市阿城区横头山庄园内,1
亚布洛尼滑雪(黑龙江店)(暂停营业),景点,amap,exact,B0L0JAFXTE,亚布洛尼滑雪(黑龙江店)(暂停营业),体育休闲服务;运动场馆;滑雪场,080106,亚布力镇大青山村大青山屯130号,尚志市,128.508525,44.796475,128.508525,44.796475,identity,0.0,False,,,亚布力镇大青山村大青山屯130号,1
尚志市石咀山冬际滑雪场(暂停营业),景点,amap,exact,B0FFKBBIYI,尚志市石咀山冬际滑雪场(暂停营业),体育休闲服务;体育休闲服务场所;体育休闲服务场所,080000,,尚志市,128.028171,45.208083,128.028171,45.208083,identity,0.0,False,,,[],1
乒搏乒乓球俱乐部,景点,baidu,exact,B0IUUMJ9NR,乒搏乒乓球俱乐部,体育休闲服务;运动场馆;乒乓球馆,080112,祥安南大街1758号世纪花园C区46栋3商服乒搏乒乓球俱乐部,松北区,126.5093619,45.8094103,126.515516,45.811387,wgs84_to_gcj02,8.3,False,,,祥安南大街1758号世纪花园C区46栋3号,2
云鼎台球俱乐部,景点,baidu,exact,B0JRAAOS0A,云鼎台球俱乐部,体育休闲服务;运动场馆;台球厅,080113,金城路与民权大街交叉口南80米,阿城区,126.9666649,45.5379667,126.972712,45.540055,wgs84_to_gcj02,7.4,False,,,金城路与民权大街交叉口南80米,10
毅翔篮球俱乐部,景点,baidu,exact,B0FFLBD3TU,毅翔篮球俱乐部,体育休闲服务;运动场馆;篮球场馆,080104,征仪花园B区军安街57号,南岗区,126.6349253,45.6853777,126.640676,45.687339,wgs84_to_gcj02,14.9,False,,,黑龙江省哈尔滨市南岗区军安街57号征仪花园B区,1
璟点台球俱乐部(印象店),景点,baidu,exact,B0J3VU8D4J,璟点台球俱乐部(民安大街店),体育休闲服务;运动场馆;台球厅,080113,景观大道东鸿源商住A栋12、13号幸运咖2层,双城区,126.626221,45.7515323,126.31726,45.370871,wgs84_to_gcj02,49100.2,True,,,黑龙江省哈尔滨市南岗区上夹树街12-4号,10
星耀乒乓球俱乐部,景点,baidu,exact,B0H2G5V5XK,星耀乒乓球俱乐部,体育休闲服务;运动场馆;乒乓球馆,080112,新阳路510号香榭丽舍A座-3,道里区,126.5952662,45.7402386,126.601297,45.742173,wgs84_to_gcj02,9.7,False,,,新阳路510号香榭丽舍A座-3,1
星火轮滑运动中心,景点,baidu,exact,B0I2LD5KYN,星火轮滑运动中心,体育休闲服务;运动场馆;综合体育馆,080101,金爵万象商业广场负一层,南岗区,126.5772064,45.6969393,126.582928,45.698544,wgs84_to_gcj02,39.8,False,,,哈尔滨大街金爵万象商业广场4楼,2
通河县迈动游泳健身俱乐部,景点,baidu,exact,B0K6FCOV84,通河县迈动游泳健身俱乐部,体育休闲服务;运动场馆;健身中心,080111,人和大街与兴隆路交叉口南140米,通河县,128.7616895,45.980349,128.767909,45.982254,wgs84_to_gcj02,50.2,False,,,兴隆路财富东城11号楼1层1号（前进派出所对面）,1
金海泉儿童游泳馆,景点,baidu,exact,B0I2YRY7GZ,金海泉儿童游泳馆,体育休闲服务;运动场馆;综合体育馆,080101,哈西大街与万隆路交叉口东南100米,南岗区,126.5901643,45.6980805,126.5961,45.700032,wgs84_to_gcj02,3.7,False,,,哈西大街498号西城品华,1
三缘丝绸,景点,baidu,exact,B0G33O1QJN,三缘丝绸(汇龙外滩首府店),购物服务;购物相关场所;购物相关场所,060000,群力第一大道外滩首府门市1690号,道里区,126.5448548,45.7424174,126.550831,45.744364,wgs84_to_gcj02,3.6,False,,,黑龙江省哈尔滨市道里区群力第一大道1690号,3
黑龙江大学体育馆,景点,baidu,exact,B01C30J60B,黑龙江大学体育馆,体育休闲服务;运动场馆;综合体育馆,080101,学府路74号(黑龙江大学地铁站3B口步行380米),南岗区,126.608321,45.7075404,126.614244,45.709505,wgs84_to_gcj02,4.4,False,,,黑龙江省哈尔滨市南岗区学府路74号,10
抗洪胜利纪念塔,景点,amap,exact,B01C300023,抗洪胜利纪念塔,风景名胜;风景名胜;纪念馆,110204,木兰镇通江路108号,木兰县,128.038602,45.943224,128.038602,45.943224,identity,0.0,False,,,木兰镇通江路108号,3
疯狂大摆锤,景点,amap,exact,B0FFI9XYNK,疯狂大摆锤,风景名胜;风景名胜相关;旅游景点,110000,太阳大道1号哈尔滨太阳岛风景区内,松北区,126.599175,45.79245,126.599175,45.79245,identity,0.0,False,,,太阳大道1号哈尔滨太阳岛风景区内,1
玉泉金都滑雪场(暂停营业),景点,amap,exact,B0FFFTRZI2,玉泉金都滑雪场(暂停营业),体育休闲服务;运动场馆;滑雪场,080106,玉泉镇王岗村,阿城区,127.121254,45.41936,127.121254,45.41936,identity,0.0,False,,,玉泉镇王岗村,1
大黄蜂乐园(乐松购物广场店),景点,amap,exact,B0FFL4CG52,大黄蜂乐园(乐松购物广场店),体育休闲服务;休闲场所;游乐场,080501,"三大动力路8号乐松广场3F层(东南门进入向左前方走40m,扶梯上到3F可见)",香坊区,126.649729,45.719158,126.649729,45.719158,identity,0.0,False,,,三大动力路8号乐松广场3F层,2
蛋蛋宝·恐龙主题乐园(远大购物中心群力店),景点,amap,exact,B0HKMCBKO9,蛋蛋宝·恐龙主题乐园(远大购物中心群力店),体育休闲服务;休闲场所;游乐场,080501,群力大道1176号远大购物中心群力店F3层,道里区,126.558654,45.738495,126.558654,45.738495,identity,0.0,False,,,群力大道1176号远大购物中心群力店F3层,1
霁虹广场,景点,amap,exact,B01C318HZG,霁虹广场,风景名胜;公园广场;公园,110101,一曼街(哈尔滨站地铁站2号口步行360米),南岗区,126.638033,45.764879,126.638033,45.764879,identity,0.0,False,,,一曼街(哈尔滨站地铁站2号口步行360米),10
哈尔滨市平房区体育公园(建设中),景点,amap,exact,B0KDAAIPRW,哈尔滨市平房区体育公园(建设中),风景名胜;公园广场;公园,110101,哈南十一路与哈南第八大道交叉口东北240米,平房区,126.625422,45.575161,126.625422,45.575161,identity,0.0,False,,,哈南十一路与哈南第八大道交叉口东北240米,1
梦幻城堡儿童乐园,景点,amap,exact,B0K26RQP8B,梦幻城堡儿童乐园,体育休闲服务;休闲场所;游乐场,080501,拥政路与吉东路交叉口西40米,巴彦县,127.39878,46.085568,127.39878,46.085568,identity,0.0,False,,,拥政路与吉东路交叉口西40米,1
会宁公园摩天轮,景点,amap,exact,B0LDKDQ5ZF,会宁公园摩天轮,体育休闲服务;休闲场所;游乐场,080501,会宁公园遇见摩天轮,阿城区,126.988347,45.5437,126.988347,45.5437,identity,0.0,False,,,会宁公园遇见摩天轮,2
依兰富都温泉酒店,景点,amap,exact,B01C30IT1G,依兰富都温泉酒店,住宿服务;宾馆酒店;宾馆酒店,100100,四街七委农发行北侧约100米,依兰县,129.561473,46.31409,129.561473,46.31409,identity,0.0,False,,,四街七委农发行北侧约100米,1
亚布力滑雪漫途,景点,amap,exact,B0L357EQYE,亚布力滑雪漫途,体育休闲服务;体育休闲服务场所;体育休闲服务场所,080000,好汉泊水库西50米,尚志市,128.480991,44.772395,128.480991,44.772395,identity,0.0,False,,,好汉泊水库西50米,2
英杰温泉酒店,景点,amap,exact,B0FFFA141A,英杰温泉酒店,住宿服务;宾馆酒店;四星级宾馆,100103,英杰乡友联村杨家屯,宾县,127.349173,45.661834,127.349173,45.661834,identity,0.0,False,,,英杰乡友联村杨家屯,10
圣·索菲亚教堂四季沐歌温暖驿站,景点,amap,exact,B0KKUHIG6I,圣·索菲亚教堂四季沐歌温暖驿站(哈尔滨索菲亚广场店),生活服务;生活服务场所;生活服务场所|风景名胜;风景名胜相关;旅游景点,070000|110000,石头道街与地段街交叉口西南80米,道里区,126.627271,45.771016,126.627271,45.771016,identity,0.0,False,,,石头道街与地段街交叉口西南80米,1
道外礼拜堂,景点,amap,exact,B0KUBRSG9W,道外礼拜堂,风景名胜;风景名胜;教堂,110206,北大六道街14号,道外区,126.644047,45.785665,126.644047,45.785665,identity,0.0,False,,,北大六道街14号,9
冰雪巴洛克乐园,景点,amap,exact,B0JKBSNMQV,冰雪巴洛克乐园,体育休闲服务;休闲场所;游乐场,080501,哈尔滨大街666号B17栋1单元21层2号,南岗区,126.588973,45.693779,126.588973,45.693779,identity,0.0,False,,,哈尔滨大街666号B17栋1单元21层2号,3
哈尔滨冰雪大世界-雪花冰迷宫,景点,amap,exact,B0L0DHNB1S,哈尔滨冰雪大世界-雪花冰迷宫,风景名胜;风景名胜相关;旅游景点,110000,太阳大道1458号哈尔滨冰雪大世界,松北区,126.55857,45.775652,126.55857,45.775652,identity,0.0,False,,,太阳大道1458号哈尔滨冰雪大世界内(西侧),1
中国受控核聚变研究发源地纪念馆(不对外开放),景点,amap,exact,B0LAOSGY9B,中国受控核聚变研究发源地纪念馆(不对外开放),风景名胜;风景名胜;纪念馆,110204,科研街26号,南岗区,126.633479,45.69019,126.633479,45.69019,identity,0.0,False,,,科研街26号,1
滨州铁路水上公园,景点,amap,exact,B0LAB73WBM,滨州铁路水上公园,风景名胜;公园广场;公园,110101,警备街与1号东区环岛绿道交叉口东360米,松北区,126.613904,45.793466,126.613904,45.793466,identity,0.0,False,,,警备街与1号东区环岛绿道交叉口东360米,2
哈尔滨极地公园大雪人,景点,amap,exact,B0JK3CFA2X,哈尔滨极地公园大雪人,风景名胜;风景名胜相关;旅游景点,110000,太阳大道277号哈尔滨极地公园,松北区,126.586069,45.785486,126.586069,45.785486,identity,0.0,False,,,太阳大道277号哈尔滨极地公园,10
呼兰区基督教会中心堂,景点,amap,exact,B01C318HMI,呼兰区基督教会中心堂,风景名胜;风景名胜;教堂,110206,萧红大道与师专路交叉口东140米,呼兰区,126.616649,45.975375,126.616649,45.975375,identity,0.0,False,,,萧红大道与师专路交叉口东140米,1
百年航运冰雪欢乐世界(主园区),景点,amap,exact,B0L6GS6A5M,百年航运冰雪欢乐世界(主园区),体育休闲服务;休闲场所;游乐场,080501,江畔路沿线江畔公园,道外区,126.634565,45.786462,126.634475,45.786425,identity,8.1,False,,,景阳街与江畔路交叉口西北40米,1
五家基督教堂,景点,amap,exact,B01C317EBA,五家基督教堂,风景名胜;风景名胜;教堂,110206,五家街道,双城区,126.400366,45.556084,126.400366,45.556084,identity,0.0,False,,,五家街道,1
香坊区基督教义发源礼拜堂,景点,amap,exact,B0FFL54YUB,香坊区基督教义发源礼拜堂,风景名胜;风景名胜;教堂,110206,金振街与金发街交叉口西南180米,香坊区,126.671317,45.633084,126.671317,45.633084,identity,0.0,False,,,金振街与金发街交叉口西南180米,2
泡泡星球(红博中央公园店),景点,amap,exact,B0LD6XA6LA,泡泡星球(红博中央公园店),体育休闲服务;休闲场所;游乐场,080501,红旗大街339号红博中央公园B1层,南岗区,126.696903,45.759035,126.696903,45.759035,identity,0.0,False,,,红旗大街339号红博中央公园B1层,1
哈喽Baby玩具共享乐园,景点,amap,exact,B0KKLHBFZL,哈喽Baby玩具共享乐园,体育休闲服务;休闲场所;游乐场,080501,印象城风情街(印象城后门右手边100米),阿城区,126.981089,45.536834,126.981089,45.536834,identity,0.0,False,,,印象城风情街(印象城后门右手边100米),1
大嘴船长儿童乐园(红博会展购物广场店),景点,amap,exact,B0FFIB2IPO,大嘴船长儿童乐园(红博会展购物广场店),体育休闲服务;休闲场所;游乐场,080501,红旗大街301号红博会展购物广场B1层,南岗区,126.699648,45.754926,126.699648,45.754926,identity,0.0,False,,,红旗大街301号红博会展购物广场B1层,1
好汉泊滑雪场(暂停营业),景点,amap,exact,B0J3DHG5JE,好汉泊滑雪场(暂停营业),体育休闲服务;运动场馆;滑雪场,080106,金牌大道82号,尚志市,128.48038,44.782393,128.48038,44.782393,identity,0.0,False,,,金牌大道82号,1
亚布力滑雪门票(暂停营业),景点,amap,exact,B0K0T7OLKV,亚布力滑雪门票(暂停营业),体育休闲服务;运动场馆;运动场所,080100,青山村雪山路99号,尚志市,128.499322,44.796102,128.499322,44.796102,identity,0.0,False,,,青山村雪山路99号,3
哈尔滨工程大学杏花长廊,景点,amap,exact,B0LA27ONZ2,哈尔滨工程大学杏花长廊,风景名胜;风景名胜;风景名胜,110200,郑和路与世昌路交叉口西60米,南岗区,126.682972,45.773176,126.682972,45.773176,identity,0.0,False,,,郑和路与世昌路交叉口西60米,1
亚布力漫途滑雪(暂停营业),景点,amap,exact,B0L0LU9OSP,亚布力漫途滑雪(暂停营业),体育休闲服务;体育休闲服务场所;体育休闲服务场所,080000,望山度假酒店对面100米处,尚志市,128.499889,44.791689,128.499889,44.791689,identity,0.0,False,,,望山度假酒店对面100米处,2
太阳岛风景区-天鹅湖,景点,amap,exact,B01C319H1M,太阳岛风景区-天鹅湖,风景名胜;风景名胜相关;旅游景点,110000,太阳大道1号太阳岛风景区(西北角),松北区,126.590231,45.797157,126.590231,45.797157,identity,0.0,False,,,太阳大道1号太阳岛风景区(西北角),7
亚布力滑雪纯玩旅途,景点,amap,exact,B0M6BSGU7F,亚布力滑雪纯玩旅途,体育休闲服务;体育休闲服务场所;体育休闲服务场所,080000,山河镇山河大街54号,五常市,127.220776,44.710776,127.220776,44.710776,identity,0.0,False,,,山河镇山河大街54号,1
古城子古城遗址,景点,amap,exact,B0L3JHEGXO,古城子古城遗址,风景名胜;风景名胜;风景名胜,110200,古城北路,道外区,126.871822,45.877253,126.871822,45.877253,identity,0.0,False,,,古城北路,7
新濠阳光滑雪场,景点,amap,exact,B0FFF351XF,新濠阳光滑雪场,体育休闲服务;运动场馆;滑雪场,080106,金牌大道附近,尚志市,128.427927,44.776749,128.427927,44.776749,identity,0.0,False,,,金牌大道附近,1
石人城子古城遗址,景点,amap,exact,B0L0NDRFC8,石人城子古城遗址,风景名胜;风景名胜;风景名胜,110200,803乡道,呼兰区,126.82759,46.284285,126.82759,46.284285,identity,0.0,False,,,803乡道,1
悠游小镇(金街百悦城店),景点,amap,exact,B0IG0S71JB,悠游小镇,体育休闲服务;休闲场所;休闲场所,080500,民安大东侧街百悦城购物中心三层026-027-028号商铺,双城区,126.316625,45.374775,126.316525,45.374375,identity,45.2,False,,,民安大东侧街百悦城购物中心三层026-027-028号商铺,1
大嘴船长儿童乐园(达仁印象城购物中心店),景点,amap,exact,B0FFHT6F1A,大嘴船长儿童乐园(达仁印象城购物中心店),体育休闲服务;休闲场所;游乐场,080501,解放大街与会宁路交口东南交(312-1号)达仁·印象城购物中心3F层3F-15-17,阿城区,126.980331,45.536897,126.980331,45.536897,identity,0.0,False,,,解放大街与会宁路交口东南交(312-1号)达仁·印象城购物中心3F层3F-15-17,1
五龙源,景点,amap,exact,B0FFFSBVHO,五龙源,风景名胜;公园广场;公园,110101,新兴街道昆仑路五龙源,双城区,126.495095,45.512168,126.495095,45.512168,identity,0.0,False,,,新兴街道昆仑路五龙源,2
哈尔滨市东宝地球矿物化石博物馆,景点,amap,exact,B0GKNA8MEP,哈尔滨市东宝地球矿物化石博物馆,科教文化服务;博物馆;博物馆,140100,中都大道g10号,阿城区,127.033176,45.470786,127.033176,45.470786,identity,0.0,False,,,中都大道g10号,1
中国书法文化博物馆,景点,amap,exact,B01C31CEQ7,中国书法文化博物馆,科教文化服务;博物馆;博物馆,140100,北环路92号,尚志市,127.957778,45.217348,127.957778,45.217348,identity,0.0,False,,,北环路92号,10
腰堡古城遗址,景点,amap,exact,B0FFGO0Z8C,腰堡古城遗址,风景名胜;风景名胜相关;旅游景点,110000,腰堡中学北侧190米,呼兰区,126.768508,45.972959,126.768508,45.972959,identity,0.0,False,,,腰堡中学北侧190米,1
莫莉幻想(哈尔滨王府井店),景点,amap,exact,B0FFI9ITUZ,莫莉幻想(哈尔滨王府井店),体育休闲服务;休闲场所;游乐场,080501,景江东路899号王府井购物中心3层-001号商铺,道里区,126.564598,45.734575,126.564598,45.734575,identity,0.0,False,,,景江东路899号王府井购物中心3层-001号商铺,1
索菲亚欢乐世界,景点,amap,exact,B0M6CHV3B1,索菲亚欢乐世界,体育休闲服务;休闲场所;游乐场,080501,兆麟街与石头道街交叉口东南80米,道里区,126.626325,45.770675,126.626325,45.770675,identity,0.0,False,,,兆麟街与石头道街交叉口东南80米,5
乐动儿童乐园,景点,amap,exact,B0LU24V3Z2,乐动儿童乐园,体育休闲服务;休闲场所;游乐场,080501,大成街道宣化街402号大润发(南岗店)一楼,南岗区,126.667725,45.766375,126.667725,45.766375,identity,0.0,False,,,宣化街402号大润发(南岗店),3
亚布力企业家博物馆,景点,amap,exact,B0G0RACGX9,亚布力企业家博物馆,科教文化服务;博物馆;博物馆,140100,亚布力林业局亚布力小镇,尚志市,128.454641,44.781714,128.454641,44.781714,identity,0.0,False,,,亚布力林业局亚布力小镇,1
道里区建国礼拜堂,景点,amap,exact,B01C30IYZM,道里区建国礼拜堂,风景名胜;风景名胜;教堂,110206,哈双北路,道里区,126.495276,45.708451,126.495276,45.708451,identity,0.0,False,,,哈双北路,1
苏宁纪念园,景点,amap,exact,B0IA1DWTMA,苏宁纪念园,风景名胜;风景名胜相关;旅游景点,110000,红星路414号,香坊区,126.747085,45.679597,126.747085,45.679597,identity,0.0,False,,,红星路414号,1
哈尔滨市知青纪念馆,景点,amap,exact,B0FFH95YON,哈尔滨市知青纪念馆,风景名胜;风景名胜;纪念馆,110204,东巨路天恒山知青公园内(东侧),道外区,126.792588,45.8002,126.792588,45.8002,identity,0.0,False,,,东巨路天恒山知青公园内(东侧),2
哈尔滨市基督教红旗大街礼拜堂,景点,amap,exact,B0FFJ8M3BO,哈尔滨市基督教红旗大街礼拜堂,风景名胜;风景名胜;教堂,110206,安埠街与永吉街交叉口北80米,香坊区,126.693049,45.728629,126.693049,45.728629,identity,0.0,False,,,安埠街与永吉街交叉口北80米,1
北极熊体验馆,景点,amap,exact,B0H04HBMYB,北极熊体验馆,风景名胜;风景名胜相关;旅游景点,110000,太阳大道277号哈尔滨极地公园(西南角),松北区,126.585547,45.784159,126.585547,45.784159,identity,0.0,False,,,太阳大道277号哈尔滨极地公园(西南角),1
上京国际滑雪场,景点,amap,exact,B01C30IDOB,上京国际滑雪场(暂停营业),体育休闲服务;运动场馆;滑雪场,080106,鸽子洞(301国道亚沟出口),阿城区,127.083455,45.42365,127.083455,45.42365,identity,0.0,False,,,鸽子洞(301国道亚沟出口),1
征仪园,景点,baidu,exact,B01C318CKI,征仪园,风景名胜;公园广场;公园,110101,征仪南路与前宏路交叉口西南400米,香坊区,126.6356512,45.6588348,126.641591,45.660808,wgs84_to_gcj02,1.0,False,,,哈尔滨市香坊区征仪南路,10
人民体育场,景点,baidu,exact,B0FFHAHBO4,人民体育场,体育休闲服务;运动场馆;综合体育馆,080101,兴旺路与团结胡同交叉口西80米,双城区,126.3127541,45.3708246,126.318956,45.373067,wgs84_to_gcj02,7.0,False,,,哈尔滨市双城区团结胡同与兴旺路交叉路口往西南约80米,4
尊皇TOP国际台球会馆(哈尔滨大街店),景点,baidu,exact,B0FFH9MD4Y,尊皇TOP国际台球会馆(哈尔滨大街店),体育休闲服务;运动场馆;台球厅,080113,哈尔滨大街555号,南岗区,126.5793693,45.6934788,126.585259,45.695367,wgs84_to_gcj02,5.4,False,,,哈尔滨大街555号,3
太阳岛沙滩浴场,景点,baidu,exact,B0I3F1ZD4W,太阳岛沙滩浴场,体育休闲服务;运动场馆;海滨浴场,080109,风景街18号,松北区,126.5965403,45.7837342,126.601503,45.785533,wgs84_to_gcj02,74.8,False,,,游园路与风景街交叉口东80米路南,3
革命烈士纪念碑,景点,amap,exact,B0FFKXA75D,革命烈士纪念碑,风景名胜;风景名胜;纪念馆,110204,哈富公路与依愚公路交叉口西北220米,依兰县,129.598761,46.338682,129.598761,46.338682,identity,0.0,False,,,哈富公路与依愚公路交叉口西北220米,10
中华人民共和国黑龙江省日本国北海道缔结友好纪念碑,景点,amap,exact,B0KUBRVKT8,中华人民共和国黑龙江省日本国北海道缔结友好纪念碑,风景名胜;风景名胜;纪念馆,110204,果戈里大街295号(近花园街)哈尔滨市儿童公园(东北角),南岗区,126.659176,45.763994,126.659176,45.763994,identity,0.0,False,,,果戈里大街295号(近花园街)哈尔滨市儿童公园(东北角),1
哈尔滨新潟友谊园-中日友好纪念碑,景点,amap,exact,B0FFG1RD7S,哈尔滨新潟友谊园-中日友好纪念碑,风景名胜;风景名胜;纪念馆,110204,太阳大道3号太阳岛风景区内(西侧),松北区,126.592386,45.79357,126.592386,45.79357,identity,0.0,False,,,太阳大道3号太阳岛风景区内(西侧),1
泓霖湾湿地公园,景点,amap,exact,B0G3UX4J0Q,泓霖湾湿地公园,风景名胜;公园广场;公园,110101,政法大街(铂金府邸北侧约250米),五常市,127.176687,44.943656,127.176687,44.943656,identity,0.0,False,,,政法大街(铂金府邸北侧约250米),1
雅集阁,景点,amap,exact,B0KRKLFNO4,雅集阁,风景名胜;风景名胜相关;旅游景点,110000,群力外滩生态湿地(西南角),道里区,126.532462,45.749246,126.532462,45.749246,identity,0.0,False,,,友谊西路与融江路交叉口西北320米,1
南土城子古城遗址,景点,amap,exact,B0L05STTR4,南土城子古城遗址,风景名胜;风景名胜;风景名胜,110200,506乡道,五常市,126.818464,45.18709,126.818464,45.18709,identity,0.0,False,,,506乡道,1
亚布力好汉泊滑雪场,景点,amap,exact,B0L3DL5KAZ,亚布力好汉泊滑雪场,体育休闲服务;运动场馆;运动场所,080100,亚布力滑雪场民宿西南侧,尚志市,128.449707,44.774815,128.449707,44.774815,identity,0.0,False,,,亚布力滑雪场民宿西南侧,4
亚布力滑雪场缆车起点,景点,amap,exact,B0JDTX6JH1,亚布力滑雪场缆车起点,体育休闲服务;运动场馆;运动场所,080100,亚布力阳光度假村沐云楼山顶酒店东南侧,尚志市,128.45161,44.781404,128.45161,44.781404,identity,0.0,False,,,亚布力阳光度假村沐云楼山顶酒店东南侧,6
三十六棚纪念馆,景点,amap,exact,B0KRKL78S3,三十六棚纪念馆,风景名胜;风景名胜;纪念馆,110204,先锋路与装饰材料路交叉口西南200米,道外区,126.748781,45.773106,126.748781,45.773106,identity,0.0,False,,,先锋路与装饰材料路交叉口西南200米,1
哈尔滨新潟友谊园,景点,amap,exact,B01C31BNPN,哈尔滨新潟友谊园,风景名胜;风景名胜相关;旅游景点,110000,太阳大道3号太阳岛风景区内(西侧),松北区,126.591569,45.793376,126.591569,45.793376,identity,0.0,False,,,太阳大道3号太阳岛风景区内(西侧),7
北方森林动物园-猛禽园,景点,amap,exact,B0FFI9M06N,北方森林动物园-猛禽园,风景名胜;风景名胜相关;旅游景点,110000,哈牡高速46号公里处北方森林动物园内(东侧),阿城区,127.116913,45.391528,127.116913,45.391528,identity,0.0,False,,,哈牡高速46号公里处北方森林动物园内(东侧),1
CS镭射联盟俱乐部,景点,amap,exact,B0LDHCJUAB,CS镭射联盟俱乐部,体育休闲服务;体育休闲服务场所;体育休闲服务场所,080000,红旗大街339号中央公园负二层(卡丁车傍边),南岗区,126.505065,45.802802,126.699425,45.758175,identity,15868.2,True,,,融创茂二楼2030(冰场上方),1
哈尔滨太阳岛花卉园,景点,amap,exact,B0I2ASMIEL,哈尔滨太阳岛花卉园,风景名胜;风景名胜;风景名胜,110200,西林街13号,松北区,126.593432,45.788665,126.593432,45.788665,identity,0.0,False,,,西林街13号,2
小象乐园(哈尔滨松北万象汇店),景点,amap,exact,B0LAUU32EJ,小象乐园(哈尔滨松北万象汇店),体育休闲服务;休闲场所;游乐场,080501,世茂大道555号哈尔滨松北万象汇L1层,松北区,126.537367,45.809855,126.537367,45.809855,identity,0.0,False,,,世茂大道555号哈尔滨松北万象汇L1层,1
世界欢乐城欢乐森林儿童乐园,景点,amap,exact,B0L3A5V7YN,世界欢乐城欢乐森林儿童乐园,体育休闲服务;休闲场所;游乐场,080501,美术家大街666号,呼兰区,126.53626,45.880648,126.53626,45.880648,identity,0.0,False,,,美术家大街666号,1
半里城子古城遗址,景点,amap,exact,B0L0LH8JYU,半里城子古城遗址,风景名胜;风景名胜;风景名胜,110200,站前路49号,五常市,127.128104,44.939625,127.128104,44.939625,identity,0.0,False,,,站前路49号,1
穆昆城古城遗址,景点,amap,exact,B0K0AUYZ5K,穆昆城古城遗址,风景名胜;风景名胜;风景名胜,110200,808乡道,呼兰区,126.891137,46.075446,126.891137,46.075446,identity,0.0,False,,,808乡道,1
玩吖淘气堡,景点,amap,exact,B0LD5XA3L0,玩吖淘气堡,体育休闲服务;休闲场所;游乐场,080501,天恒大街与黄家崴子路交叉口西220米,道外区,126.773275,45.788675,126.773275,45.788675,identity,0.0,False,,,天恒大街与黄家崴子路交叉口西220米,1
团山子古城遗址,景点,amap,exact,B0L0DZMGR8,团山子古城遗址,风景名胜;风景名胜;风景名胜,110200,,呼兰区,126.462825,46.079919,126.462825,46.079919,identity,0.0,False,,,[],1
庆华古山寨遗址,景点,amap,exact,B01C31A5WS,庆华古山寨遗址,风景名胜;风景名胜相关;旅游景点,110000,,宾县,127.53318,45.718257,127.53318,45.718257,identity,0.0,False,,,[],1
金代曲江古城遗址,景点,amap,exact,B01C31DKTI,金代曲江古城遗址,风景名胜;风景名胜相关;旅游景点,110000,古城屯西北角,宾县,127.794254,45.752528,127.794254,45.752528,identity,0.0,False,,,古城屯西北角,2
墨帕家庭游乐中心,景点,amap,exact,B0M64HJBSE,墨帕家庭游乐中心,体育休闲服务;休闲场所;游乐场,080501,达人印象城中心3层,阿城区,126.981644,45.537817,126.981644,45.537817,identity,0.0,False,,,达人印象城中心3层,1
Baby Go儿童乐园,景点,amap,exact,B0KKX6KA9K,Baby Go儿童乐园,体育休闲服务;休闲场所;游乐场,080501,南跃街与学府路交叉口东南160米,南岗区,126.623575,45.667925,126.623575,45.667925,identity,0.0,False,,,南跃街与学府路交叉口东南160米,1
萌芽社儿童乐园,景点,amap,exact,B0M6HUAVJW,萌芽社儿童乐园,体育休闲服务;休闲场所;游乐场,080501,会展城上城二期8号楼2层商业205,香坊区,126.774946,45.74841,126.774946,45.74841,identity,0.0,False,,,会展城上城二期8号楼2层商业205,1
童话雪谷,景点,amap,exact,B0K0GA39NY,童话雪谷,风景名胜;风景名胜;风景名胜,110200,山河屯林业局东升委1组238号,五常市,128.132468,44.391435,128.132468,44.391435,identity,0.0,False,,,山河屯林业局东升委1组238号,3
嘻洋洋造物坊,景点,amap,exact,B0MBN6RQDV,嘻洋洋造物坊,体育休闲服务;休闲场所;游乐场,080501,城隍西路与大千路交叉口西220米,宾县,127.476075,45.756875,127.476075,45.756875,identity,0.0,False,,,城隍西路与大千路交叉口西220米,1
米果儿童乐园,景点,amap,exact,B0JDBZCRX1,米果儿童乐园,体育休闲服务;休闲场所;游乐场,080501,亚布力林业局田丰家园二期综合楼一楼,尚志市,128.617775,44.931125,128.617775,44.931125,identity,0.0,False,,,亚布力林业局田丰家园二期综合楼一楼,1
中国雪谷双雁滑雪场,景点,amap,exact,B0FFK1905N,中国雪谷双雁滑雪场,体育休闲服务;休闲场所;游乐场,080501,山河屯林业局长青林场,五常市,128.055658,44.449946,128.055658,44.449946,identity,0.0,False,,,山河屯林业局长青林场,2
我爱滑雪之亚布力站,景点,amap,exact,B0LK55TSLB,我爱滑雪之亚布力站,体育休闲服务;运动场馆;运动场所,080100,龙祥路1817号保利9号小区商铺3栋C8号商服,松北区,126.515868,45.829399,126.515868,45.829399,identity,0.0,False,,,龙祥路1817号保利9号小区商铺3栋C8号商服,1
哈尔滨市雪精灵越野滑雪轮滑少儿俱乐部,景点,amap,exact,B0J3OYIYBP,哈尔滨市雪精灵越野滑雪轮滑少儿俱乐部,体育休闲服务;体育休闲服务场所;体育休闲服务场所,080000,工程东段社区东南门旁,道里区,126.610431,45.773018,126.610431,45.773018,identity,0.0,False,,,工程东段社区东南门旁,1
浩瀚欢乐温泉小镇,景点,amap,exact,B0IAGZ5SOR,浩瀚欢乐温泉小镇,风景名胜;风景名胜相关;旅游景点,110000,世界欢乐城内,呼兰区,126.537905,45.881399,126.537905,45.881399,identity,0.0,False,,,世界欢乐城内,1
迪乐尼儿童智慧乐园淘气堡(中央财富广场店),景点,amap,exact,B0FFIBRX2N,迪乐尼儿童智慧乐园淘气堡(中央财富广场店),体育休闲服务;休闲场所;游乐场,080501,尚志镇双桥广场1号楼17门市,尚志市,127.970635,45.215482,127.970635,45.215482,identity,0.0,False,,,尚志镇双桥广场1号楼17门市,1
东北抗联纪念园,景点,amap,exact,B0L1L7EQDA,东北抗联纪念园,风景名胜;风景名胜;红色景区,110210,新兴工业园区将军路1号国防文化园内,双城区,126.505249,45.55068,126.505249,45.55068,identity,0.0,False,,,新兴工业园区将军路1号国防文化园内,4
七三一旧址考古基点,景点,amap,exact,B0KUBRZ16E,七三一旧址考古基点,风景名胜;风景名胜;风景名胜,110200,新疆大街23号侵华日军第七三一部队遗址(西南角),平房区,126.634518,45.608651,126.634518,45.608651,identity,0.0,False,,,新疆大街23号侵华日军第七三一部队遗址(西南角),1
元宝山公园-暴风骤雨纪念馆,景点,amap,exact,B0FFFYEVCB,元宝山公园-暴风骤雨纪念馆,风景名胜;风景名胜;纪念馆,110204,通达路东100米元宝山公园(东北角),尚志市,128.28147,45.268183,128.28147,45.268183,identity,0.0,False,,,通达路东100米元宝山公园(东北角),1
小镇相机博物馆(枫叶小镇奥特莱斯店),景点,amap,exact,B0FFL9MRMI,小镇相机博物馆(枫叶小镇奥特莱斯店),科教文化服务;博物馆;博物馆,140100,中源大道16999号枫叶小镇奥特莱斯南区2F层,松北区,126.46377,45.820587,126.46377,45.820587,identity,0.0,False,,,中源大道16999号枫叶小镇奥特莱斯南区2F层,1
华夏鞋文化博物馆,景点,amap,exact,B0FFJP7J7Z,华夏鞋文化博物馆,科教文化服务;博物馆;博物馆,140100,红旗大街855号,道外区,126.689651,45.779661,126.689651,45.779661,identity,0.0,False,,,红旗大街855号,1
哈尔滨市平房区天主教堂,景点,amap,exact,B0FFH9VWEX,哈尔滨市平房区天主教堂,风景名胜;风景名胜;教堂,110206,建安街与哈南十五路交叉口北260米,平房区,126.648057,45.590818,126.648057,45.590818,identity,0.0,False,,,建安街与哈南十五路交叉口北260米,1
毒气实验室旧址,景点,amap,exact,B0FFIAEY9P,毒气实验室旧址,风景名胜;风景名胜;风景名胜,110200,新疆大街23号侵华日军第七三一部队遗址内(东侧),平房区,126.638743,45.609698,126.638743,45.609698,identity,0.0,False,,,新疆大街23号侵华日军第七三一部队遗址内(东侧),1
马迭尔啤酒博物馆,景点,amap,exact,B0L25ODFBD,马迭尔啤酒博物馆,科教文化服务;博物馆;博物馆,140100,临江街与游览街交叉口西南20米,松北区,126.60801,45.78904,126.60801,45.78904,identity,0.0,False,,,临江街与游览街交叉口西南20米,1
哈尔滨市廉洁文化主题公园,景点,amap,exact,B0FFHQ127W,哈尔滨市廉洁文化主题公园,风景名胜;公园广场;公园,110101,电教街1-9号,香坊区,126.662156,45.709648,126.662156,45.709648,identity,0.0,False,,,电教街1-9号,2
极乐寺-塔院,景点,amap,exact,B0GRLUMLUP,极乐寺-塔院,风景名胜;风景名胜;风景名胜,110200,黑龙汇东大直街9号,南岗区,126.666107,45.778121,126.666107,45.778121,identity,0.0,False,,,黑龙汇东大直街9号,2
黄金礼拜教堂,景点,amap,exact,B0JB1SB24X,黄金礼拜教堂,风景名胜;风景名胜;风景名胜,110200,新兴路15号,双城区,126.300679,45.378273,126.300679,45.378273,identity,0.0,False,,,新兴路15号,1
永源基督教堂,景点,amap,exact,B0FFG73M7S,永源基督教堂,风景名胜;风景名胜;教堂,110206,同哈公路北50米,道外区,126.97906,45.776855,126.97906,45.776855,identity,0.0,False,,,同哈公路北50米,2
福山公园,景点,amap,exact,B01C31782G,福山公园,风景名胜;公园广场;公园,110101,延寿镇东红星街,延寿县,128.338205,45.462009,128.338205,45.462009,identity,0.0,False,,,延寿镇东红星街,3
可达冰雪大世界,景点,amap,exact,B0L0DXO6SI,可达冰雪大世界,体育休闲服务;体育休闲服务场所;体育休闲服务场所,080000,北五道街与长春街交叉口东南60米,道外区,126.640725,45.787525,126.640725,45.787525,identity,0.0,False,,,北五道街与长春街交叉口东南60米,1
慈府冰雪乐园,景点,amap,exact,B0KBZLDM52,慈府冰雪乐园,体育休闲服务;体育休闲服务场所;体育休闲服务场所,080000,杜家镇开发村,五常市,127.298096,44.771732,127.298096,44.771732,identity,0.0,False,,,杜家镇开发村,1
哈尔滨极地公园·异宠馆,景点,amap,exact,B0H1SSJI8G,哈尔滨极地公园·异宠馆,风景名胜;风景名胜相关;旅游景点|体育休闲服务;体育休闲服务场所;体育休闲服务场所,110000|080000,太阳大道277号哈尔滨极地公园内(东侧),松北区,126.587195,45.785115,126.587452,45.785038,identity,21.7,False,,,地区太阳大道277号,6
悦动健身工厂(五常店),景点,baidu,exact,B0FFIQRZ0H,悦动健身工厂(五常店),体育休闲服务;运动场馆;健身中心,080111,致富路,五常市,127.1481837,44.913945,127.154668,44.916259,wgs84_to_gcj02,11.7,False,,,致富路爱心医院旁边,1
奥利台球(达仁·印象城购物中心店),景点,baidu,exact,B0FFL4LN27,奥利台球(达仁·印象城购物中心店),体育休闲服务;运动场馆;台球厅,080113,达仁·印象城购物中心西2门北150米,阿城区,126.9734865,45.5351773,126.980034,45.537529,wgs84_to_gcj02,43.6,False,,,会宁路达仁印象城购物中心西侧印象潮街内,1
德坤武术馆,景点,baidu,exact,B01C3174P4,德坤武术馆(哈尔滨中央大街店),体育休闲服务;运动场馆;运动场所,080100,中央大街1号哈尔滨中央大街,道里区,126.6167232,45.7670671,126.622604,45.768991,wgs84_to_gcj02,3.5,False,,,黑龙江省哈尔滨市道里区西十四道街16号（中央大街1号）,1
易毒EXDO(南岗店),景点,baidu,exact,B0FFK9KYHK,易毒EXDO(中植方洲苑店),购物服务;购物相关场所;购物相关场所,060000,中植方洲苑南区东南4门旁,南岗区,126.675923,45.7587612,126.681843,45.760725,wgs84_to_gcj02,12.2,False,,,淮河路401号,1
金冠台球器材,景点,baidu,exact,B0FFFAKJLW,金冠台球器材,购物服务;体育用品店;体育用品店,060900,民益街178-2号,南岗区,126.6285451,45.7541103,126.634435,45.756014,wgs84_to_gcj02,5.0,False,,,民益街178-2号,1
财智台球俱乐部,景点,baidu,exact,B0FFIVW049,财智台球俱乐部,体育休闲服务;体育休闲服务场所;体育休闲服务场所,080000,河山街26-1,道里区,126.5771809,45.7483261,126.58313,45.750241,wgs84_to_gcj02,2.2,False,,,黑龙江省哈尔滨市道里区河山街26-1号,2
平乐古城遗址,景点,amap,exact,B0I31U4TGH,平乐古城遗址,风景名胜;风景名胜;风景名胜,110200,松花路69号,平房区,126.587015,45.580401,126.587015,45.580401,identity,0.0,False,,,松花路69号,2
新农古城遗址,景点,amap,exact,B0L0NSRL82,新农古城遗址,风景名胜;风景名胜;风景名胜,110200,804乡道,呼兰区,126.921639,46.213293,126.921639,46.213293,identity,0.0,False,,,804乡道,1
下甸子古城遗址,景点,amap,exact,B0L0NHRSUV,下甸子古城遗址,风景名胜;风景名胜;风景名胜,110200,站前北亮丽大街010乡,呼兰区,126.916305,46.284291,126.916305,46.284291,identity,0.0,False,,,站前北亮丽大街010乡,1
二龙潭国家湿地公园,景点,amap,exact,B0FFJH75AV,二龙潭国家湿地公园,风景名胜;风景名胜相关;旅游景点,110000,707乡道南50米,通河县,129.016915,46.001795,129.016915,46.001795,identity,0.0,False,,,707乡道南50米,1
萌神游乐场,景点,amap,exact,B0K3MCQ02F,萌神游乐场,体育休闲服务;休闲场所;游乐场,080501,美术家大街666号15号楼,呼兰区,126.540864,45.881961,126.540864,45.881961,identity,0.0,False,,,美术家大街666号15号楼,2
枫叶小镇冰雪新世界(暂停营业),景点,amap,exact,B0IKDA85BQ,枫叶小镇冰雪新世界(暂停营业),体育休闲服务;体育休闲服务场所;体育休闲服务场所,080000,中源大道16999号枫叶小镇奥特莱斯东侧河岸,松北区,126.467215,45.821177,126.467215,45.821177,identity,0.0,False,,,中源大道16999号枫叶小镇奥特莱斯东侧河岸,1
宏伟基督教堂(暂停开放),景点,amap,exact,B01C318C12,宏伟基督教堂(暂停开放),风景名胜;风景名胜;教堂,110206,黑大公路西50米,呼兰区,126.562881,45.927178,126.562881,45.927178,identity,0.0,False,,,黑大公路西50米,1
平房区中心礼拜堂,景点,amap,exact,B0L19ZFKDO,平房区中心礼拜堂,风景名胜;风景名胜;教堂,110206,龙滨路七道街,平房区,126.63513,45.593197,126.63513,45.593197,identity,0.0,False,,,谷丰东街与哈南九路交叉口东320米,1
娄富屯古城,景点,amap,exact,B0L0LH975C,娄富屯古城,风景名胜;风景名胜;风景名胜,110200,延中公路,延寿县,128.407799,45.468743,128.407799,45.468743,identity,0.0,False,,,延中公路,1
DUDU萌车小镇(哈尔滨融创茂店),景点,amap,exact,B0JDS1TH5G,DUDU萌车小镇(哈尔滨融创茂店),体育休闲服务;休闲场所;游乐场,080501,世茂大道99号哈尔滨融创茂F2层,松北区,126.501482,45.802649,126.501482,45.802649,identity,0.0,False,,,世茂大道99号哈尔滨融创茂F2层,1
捞鱼侠游乐店,景点,amap,exact,B0LDFPQMNB,捞鱼侠游乐店,体育休闲服务;休闲场所;游乐场,080501,世博路与聚源街交叉口西80米,松北区,126.538482,45.81135,126.538482,45.81135,identity,0.0,False,,,世博路与聚源街交叉口西80米,1
福尔阳光温泉会馆,景点,amap,exact,B0FFJMA79X,福尔阳光温泉会馆,生活服务;洗浴推拿场所;洗浴推拿场所,071400,平安小区小区6号楼5门市,阿城区,126.963604,45.546088,126.963604,45.546088,identity,0.0,False,,,平安小区小区6号楼5门市,1
小青蛙儿童乐园(腾飞商厦店),景点,amap,exact,B0KKMHIGXU,小青蛙儿童乐园(腾飞商厦店),体育休闲服务;休闲场所;游乐场,080501,尚志镇腾飞大街162号腾飞商厦2楼,尚志市,127.985215,45.212811,127.985215,45.212811,identity,0.0,False,,,腾飞大街162号腾飞商厦,1
托马斯乐园,景点,amap,exact,B0G1R943D1,托马斯乐园,风景名胜;风景名胜相关;旅游景点,110000,红旗·MALL3楼,平房区,126.627655,45.604832,126.627655,45.604832,identity,0.0,False,,,红旗·MALL3楼,1
尚志市亚布力滑雪场旅游度假俱乐部,景点,amap,exact,B0FFHPZETO,尚志市亚布力滑雪场旅游度假俱乐部,体育休闲服务;度假疗养场所;度假村,080401,乌吉密乡青山村,尚志市,127.698539,45.045805,127.698539,45.045805,identity,0.0,False,,,乌吉密乡青山村,10
亚布力滑雪场旅游接待处(暂停开放),景点,amap,exact,B0FFFMSV4A,亚布力滑雪场旅游接待处(暂停开放),风景名胜;风景名胜相关;旅游景点,110000,亚布力镇青山村,尚志市,128.500835,44.796489,128.500835,44.796489,identity,0.0,False,,,亚布力镇青山村,1
亚布力滑雪票务,景点,amap,exact,B0M6OULFI7,亚布力滑雪票务,生活服务;售票处;售票处,070300,亚布力镇亚布力阳光小区A9二单元601室,尚志市,128.621456,44.93221,128.621456,44.93221,identity,0.0,False,,,亚布力阳光小区A9二单元601,10
亚布力滑雪(和平路店),景点,amap,exact,B0FFICX3SH,亚布力滑雪(暂停营业),体育休闲服务;度假疗养场所;度假村|体育休闲服务;运动场馆;运动场所,080401|080100,亚布力镇和平路97号,尚志市,128.609771,44.930936,128.610575,44.930875,identity,63.7,False,,,和平路与大直街交叉口东80米,10
超级星球潮玩店(王府井购物中心哈尔滨店),景点,amap,exact,B0K09R2LMF,超级星球潮玩店(王府井购物中心哈尔滨店),体育休闲服务;休闲场所;游乐场,080501,景江东路899号王府井购物中心关东古巷店2F层,道里区,126.56715,45.73355,126.56715,45.73355,identity,0.0,False,,,景江东路899号王府井购物中心关东古巷店2F层,1
小勇士(曼哈顿新世界购物广场店),景点,amap,exact,B0IATUTDEJ,小勇士(曼哈顿新世界购物广场店),体育休闲服务;休闲场所;游乐场,080501,承恩街道团结大街曼哈顿新世界购物广场三楼,双城区,126.311722,45.367017,126.311722,45.367017,identity,0.0,False,,,承恩街道团结大街曼哈顿新世界购物广场三楼,1
萌虎爱心园,景点,amap,exact,B0FFIBCN3L,萌虎爱心园,风景名胜;风景名胜相关;旅游景点,110000,松北街88号东北虎林园内(西南角),松北区,126.599666,45.816695,126.599666,45.816695,identity,0.0,False,,,松北街88号东北虎林园内(西南角),1
黑龙江同镇艺术博物馆,景点,amap,exact,B01C317YQR,黑龙江同镇艺术博物馆,科教文化服务;博物馆;博物馆,140100,十字街和红领巾街交汇处海富金棕榈6栋2层,南岗区,126.67151,45.762153,126.67151,45.762153,identity,0.0,False,,,十字街和红领巾街交汇处海富金棕榈6栋2层,2
赵一曼被捕地,景点,amap,exact,B0HAJR54XC,赵一曼被捕地,风景名胜;风景名胜;红色景区,110210,长寿乡一曼村,尚志市,127.811435,45.306836,127.811435,45.306836,identity,0.0,False,,,长寿乡一曼村,1
哈尔滨中苏友好协会旧址纪念馆,景点,amap,exact,B0G0S510HQ,哈尔滨中苏友好协会旧址纪念馆,风景名胜;风景名胜;纪念馆,110204,老市委大院1号楼,道里区,126.625388,45.774286,126.625388,45.774286,identity,0.0,False,,,老市委大院1号楼,1
赵一曼烈士生平事迹陈列馆,景点,amap,exact,B0G1ZY2X7H,赵一曼烈士生平事迹陈列馆,风景名胜;风景名胜相关;旅游景点,110000,长寿乡赵一曼赵一曼纪念园内(东侧),尚志市,127.811613,45.307196,127.811613,45.307196,identity,0.0,False,,,长寿乡赵一曼赵一曼纪念园内(东侧),1
抗洪胜利纪念塔-松花江湿地公园,景点,amap,exact,B0GKPZX3AD,抗洪胜利纪念塔-松花江湿地公园,风景名胜;公园广场;公园,110101,西环路金兰公园,木兰县,128.039051,45.94325,128.039051,45.94325,identity,0.0,False,,,西环路金兰公园,4
东北民主联军纪念馆,景点,amap,exact,B0FFLAO9QX,东北民主联军纪念馆,风景名胜;风景名胜;纪念馆,110204,新兴工业园区将军路1号国防文化园内,双城区,126.505794,45.550418,126.505794,45.550418,identity,0.0,False,,,新兴工业园区将军路1号国防文化园内,3
东北抗联英雄馆,景点,amap,exact,B0FFLBNYBP,东北抗联英雄馆,风景名胜;风景名胜;纪念馆,110204,将军路1号国防文化园内,南岗区,126.506646,45.551294,126.506646,45.551294,identity,0.0,False,,,将军路1号国防文化园内,1
萧红纪念陈列室,景点,amap,exact,B01C3185Z9,萧红纪念陈列室,风景名胜;风景名胜相关;旅游景点,110000,南十六道街玛克威商厦(西侧),道外区,126.655749,45.789134,126.655749,45.789134,identity,0.0,False,,,南十六道街玛克威商厦(西侧),1
二龙山动物园,景点,amap,exact,B0JG3C1QOX,二龙山动物园,风景名胜;公园广场;动物园,110102,二龙山风景区小马家屯南600米,宾县,127.396998,45.729195,127.396998,45.729195,identity,0.0,False,,,二龙山风景区小马家屯南600米,1
哈尔滨极地公园·海洋馆-小熊猫馆,景点,amap,exact,B0LR9ZPFWK,哈尔滨极地公园·海洋馆-小熊猫馆,风景名胜;公园广场;动物园,110102,哈尔滨极地公园海洋馆,松北区,126.587331,45.785067,126.587331,45.785067,identity,0.0,False,,,哈尔滨极地公园海洋馆,1
哈尔滨天池丁香公园,景点,baidu,contains,B01C317L8I,天池丁香公园,风景名胜;公园广场;公园,110101,平房经济技术开发区大连北路与天池路交口,香坊区,126.6330546,45.6227034,126.638658,45.625011,wgs84_to_gcj02,45.5,False,,,松花路与大连北路交汇处,4
哈尔滨逐鲨体育(欧洲新城店),景点,baidu,none,,,,,,,126.5960655,45.741397,,,wgs84_to_gcj02,,,,,新阳路506号,1
方正湖国家湿地公园,景点,baidu,none,,,,,,,128.8062667,45.8504857,,,wgs84_to_gcj02,,,,,黑龙江省哈尔滨市方正县同安路西50米,2
松光电影院旧址,景点,baidu,none,,,,,,,126.6341475,45.7833778,,,wgs84_to_gcj02,,,,,黑龙江省哈尔滨市道外区北四道街58号,0
哈体院帽儿山滑雪场,景点,baidu,none,,,,,,,127.4438315,45.2485707,,,wgs84_to_gcj02,,,,,黑龙江省哈尔滨市尚志市帽儿山镇大房子村4队,8
皇家鹿苑,景点,baidu,contains,B0H334PV9J,皇家鹿苑-羊驼,风景名胜;风景名胜相关;旅游景点,110000,森工平山旅游区(032村道西)皇家鹿苑,阿城区,127.347916,45.3082975,127.356632,45.304315,wgs84_to_gcj02,716.2,True,,,哈尔滨市阿城区平山镇032村道西森工平山旅游区,10
南体育场,景点,baidu,contains,B0FFH7MCX1,哈尔滨工程大学南体育场,体育休闲服务;运动场馆;运动场所,080100,南通大街145号哈尔滨工程大学,南岗区,126.6765069,45.7706942,126.682572,45.772709,wgs84_to_gcj02,0.6,False,,,黑龙江省哈尔滨市南岗区郑和路与陈赓路交叉口东100米,10
黑龙江省(国际)版画博物馆,景点,baidu,none,,,,,,,126.631377,45.7479651,,,wgs84_to_gcj02,,,,,黑龙江省哈尔滨市南岗区耀景街30号,1
中东铁路印象馆,景点,baidu,contains,B0FFK638I0,火车主题广场-中东铁路印象馆,风景名胜;风景名胜相关;旅游景点,110000,斯大林街2-1号火车主题广场(西南角),道外区,126.621117,45.7804498,126.627015,45.782395,wgs84_to_gcj02,4.1,False,,,黑龙江省哈尔滨市道里区友谊路1号,1
太阳湖,景点,baidu,none,,,,,,,126.5892722,45.7905083,,,wgs84_to_gcj02,,,,,警备路3号太阳岛风景区内,3
哈尔滨市劳动公园,景点,baidu,contains,B0FFIJJRAU,哈尔滨市劳动公园-公共厕所,公共设施;公共厕所;公共厕所,200300,松乐街哈尔滨市劳动公园(西南角),香坊区,126.6619671,45.6980458,126.662957,45.695972,wgs84_to_gcj02,597.8,True,,,黑龙江省哈尔滨市香坊区松海路与松江路交叉口西南角,10
尚志市林区驯鹿部落,景点,baidu,none,,,,,,,128.5013171,44.7769098,,,wgs84_to_gcj02,,,,,黑龙江省哈尔滨市尚志市亚布力滑雪旅游度假区,0
玉泉霜雪滑雪场,景点,baidu,contains,B01C317FFG,霜雪滑雪场(暂停营业),体育休闲服务;运动场馆;滑雪场,080106,西山屯高速公路玉泉出口左拐3公里,阿城区,127.1329598,45.4155901,127.139248,45.418119,wgs84_to_gcj02,31.9,False,,,哈尔滨市阿城区西山屯高速公路玉泉出口左拐3公里,2
哈药集团美术馆,景点,baidu,none,,,,,,,126.5531246,45.7388977,,,wgs84_to_gcj02,,,,,黑龙江省哈尔滨市道里区群力大道7号,1
哈尔滨枫叶小镇温泉度假村,景点,baidu,contains,B0FFIKLIKW,枫叶小镇温泉度假村,体育休闲服务;度假疗养场所;度假村|风景名胜;风景名胜相关;旅游景点,080401|110000,智谷三街5555号,松北区,126.4614194,45.8237258,126.467971,45.825901,wgs84_to_gcj02,15.5,False,,,黑龙江省哈尔滨市松北区智谷三街5555号,10
南岗博物馆,景点,baidu,contains,B0FFG7QZH2,哈尔滨市南岗博物馆,科教文化服务;博物馆;博物馆,140100,花园街道联发街1号,南岗区,126.6350647,45.7507869,126.640936,45.75273,wgs84_to_gcj02,6.3,False,,,黑龙江省哈尔滨市南岗区联发街1号,10
儿童公园,景点,baidu,contains,B0FFHFFRF8,儿童公园-瓢虫乐园,风景名胜;风景名胜相关;旅游景点,110000,河渠街儿童公园(西南角),南岗区,126.6499377,45.7586257,126.653792,45.759049,wgs84_to_gcj02,238.2,False,,,黑龙江省哈尔滨市南岗区果戈里大街295号,4
新区冰上运动中心,景点,baidu,contains,B0FFMBTFBU,百全体育·新区冰上运动中心,体育休闲服务;体育休闲服务场所;体育休闲服务场所,080000,龙川路与左岸大街交叉口西南100米,松北区,126.5005071,45.8175774,126.506871,45.819705,wgs84_to_gcj02,15.0,False,,,哈尔滨市松北区龙川路和左岸大街交汇处西南侧,2
集酷梦想王国,景点,baidu,none,,,,,,,126.5359976,45.8795926,,,wgs84_to_gcj02,,,,,黑龙江省哈尔滨市呼兰区美术家大街666号世界欢乐城10栋东南侧,10
妈妈顶原始森林公园,景点,baidu,none,,,,,,,128.8947407,46.2771917,,,wgs84_to_gcj02,,,,,黑龙江省哈尔滨市通河县清河林业局妈妈顶原始森林景区,2
松峰山风景区,景点,baidu,none,,,,,,,127.4589811,45.3927106,,,wgs84_to_gcj02,,,,,哈尔滨市阿城区松峰山镇,10
哈尔滨文化中心湿地公园,景点,baidu,none,,,,,,,126.5823778,45.8111899,,,wgs84_to_gcj02,,,,,哈尔滨市松北区哈尔滨大剧院对面,3
哈尔滨逐鲨体育(珠江路店),景点,baidu,contains,B0K6NA6UXC,逐鲨体育(珠江路店),科教文化服务;培训机构;培训机构,141400,顺水街26号(珠江路地铁站1号口步行320米),香坊区,126.682442,45.7328286,126.688559,45.735115,wgs84_to_gcj02,28.6,False,,,顺水街26号,2
禅熙·普拉提·维密·产后塑型馆(会展店),景点,baidu,contains,B0JUUMPREP,禅熙·普拉提(哈西店),体育休闲服务;运动场馆;健身中心,080111,金爵万象3期1号楼,南岗区,126.6933034,45.7484454,126.584478,45.69761,wgs84_to_gcj02,10685.4,True,,,长江路388号会展中心金融大厦会展银座A座715室,10
雪乡十里冰雪画廊,景点,baidu,none,,,,,,,128.2192597,44.4423548,,,wgs84_to_gcj02,,,,,延边朝鲜族自治州敦化市G333,2
五常奥林匹克公园,景点,baidu,contains,B0FFL9HX3C,五常奥林匹克公园-公共厕所,公共设施;公共厕所;公共厕所,200300,五常·奥林匹克公园停车场旁边,五常市,127.1622519,44.9347944,127.170888,44.93627,wgs84_to_gcj02,190.9,False,,,黑龙江省哈尔滨市五常市五常镇雅臣路,8
AmoFitness本末健身(富力广场店),景点,baidu,contains,B0J2CLAAWI,本末健身(富力广场店),体育休闲服务;运动场馆;健身中心,080111,友谊西路600号富力广场5层L501L504L505-507号商铺,道里区,126.5814927,45.755447,126.587155,45.757316,wgs84_to_gcj02,20.6,False,,,友谊西路600号富力广场5层L501、L504、L505-507号商铺,10
斯博特游泳健身中心(施柏阁酒店店),景点,baidu,contains,B0JRUXRU2E,皇冠假日酒店·斯博特游泳健身中心(哈尔滨冰雪大世界融创文旅城店),体育休闲服务;运动场馆;运动场所,080100,松北街道丰源街199号施柏阁酒店五楼,松北区,126.4892225,45.7992882,126.495135,45.801838,wgs84_to_gcj02,54.5,False,,,丰源街199号施柏阁酒店五楼,1
精武泓胜泰拳散打搏击(群力店),景点,baidu,contains,B0I2KAIYX9,精武泓胜泰拳散打搏击俱乐部(群力店),体育休闲服务;运动场馆;运动场所,080100,景江东路1369-15号-1层1号,道里区,126.5585485,45.7350302,126.564434,45.736968,wgs84_to_gcj02,5.7,False,,,景江东路1261-3号(金中环广场C座6楼),1
兴源佳和射箭娱乐俱乐部,景点,baidu,none,,,,,,,126.6640932,45.7641148,,,wgs84_to_gcj02,,,,,先锋路591号院内10栋A1,10
亚布力锅盔山休闲景区,景点,baidu,contains,B0FFFSBXAE,锅盔山休闲景区,风景名胜;风景名胜;风景名胜,110200,金牌大道南40米,尚志市,128.4578899,44.7698031,128.467842,44.778758,wgs84_to_gcj02,796.9,True,,,黑龙江省哈尔滨市尚志市亚布力滑雪旅游度假区,5
逸弓阁射箭馆(巴黎广场店),景点,baidu,none,,,,,,,126.6451308,45.720295,,,wgs84_to_gcj02,,,,,和平路11号巴黎广场2楼c区,3
迪赫台球俱乐部旗舰店,景点,baidu,contains,B0FFIC6I3U,迪赫台球俱乐部,体育休闲服务;运动场馆;台球厅,080113,自兴街福顺尚都1号商服二楼,南岗区,126.6021916,45.7185242,126.608094,45.720447,wgs84_to_gcj02,0.3,False,,,学府路1号2层14号-18号,1
圣索菲亚教堂,景点,baidu,contains,B0J3ZUYZU4,圣索菲亚教堂民宿(中央大街步行街松花江畔一店),住宿服务;旅馆招待所;旅馆招待所,100200,兆麟街道田地街68号1栋2单元1103,道里区,126.6212676,45.7682138,126.631625,45.768325,wgs84_to_gcj02,397.9,False,,,黑龙江省哈尔滨市道里区透笼街88号,10
太阳门,景点,baidu,none,,,,,,,126.5851491,45.7839839,,,wgs84_to_gcj02,,,,,警备路3号太阳岛风景区内,1
三五将军文化博物馆,景点,baidu,none,,,,,,,126.5004458,45.5481761,,,wgs84_to_gcj02,,,,,哈尔滨市双城区将军路与铭亮路交叉口东150米,10
秋林洋行道里分行旧址,景点,baidu,contains,B0FFG7R0G7,哈尔滨犹太人活动旧址群秋林洋行道里分行旧址,风景名胜;风景名胜相关;旅游景点,110000,中央大街107号,道里区,126.613196,45.7718186,126.619088,45.773791,wgs84_to_gcj02,7.0,False,,,哈尔滨市道里区中央大街107号,2
亚布力虎峰岭风景区,景点,baidu,contains,B0FFGZGBQR,虎峰岭风景区,风景名胜;风景名胜;风景名胜,110200,亚布力林业局虎峰林场,尚志市,128.9874535,44.9380539,128.972917,44.933757,wgs84_to_gcj02,1824.7,True,,,哈尔滨市尚志市G301(绥满公路),3
哈尔滨国际会展中心-体育场,景点,baidu,none,,,,,,,126.700853,45.7520539,,,wgs84_to_gcj02,,,,,黑龙江省哈尔滨市南岗区长江路217号,10
独牙派台球俱乐部,景点,baidu,none,,,,,,,126.6052425,45.7018339,,,wgs84_to_gcj02,,,,,哈西服装城中兴大道百汇商城负一层1号9号口直达,10
精武泓胜泰拳散打搏击(巴黎广场店),景点,baidu,contains,B0KRXUSOYO,精武泓胜泰拳散打搏击俱乐部(香坊店),体育休闲服务;运动场馆;运动场所,080100,和平路11号巴黎广场2楼,香坊区,126.6452648,45.7203211,126.65124,45.722286,wgs84_to_gcj02,0.3,False,,,黑龙江省哈尔滨市香坊区和平路11号巴黎广场2楼,1
恒动·普拉提,景点,baidu,none,,,,,,,126.6886718,45.7383052,,,wgs84_to_gcj02,,,,,红旗大街227号四通中心1001,1
精武泓胜泰拳散打搏击(博物馆店),景点,baidu,contains,B0JANZN93Y,精武泓胜泰拳散打搏击俱乐部(博物馆店),体育休闲服务;运动场馆;运动场所,080100,红军街西大直街交叉口567漫天地广场6楼,南岗区,126.6371772,45.7547806,126.643344,45.756765,wgs84_to_gcj02,16.8,False,,,东大直街与红军街交叉口漫天地商场6楼,1
木兰县松花江国家湿地公园,景点,baidu,none,,,,,,,128.0373908,45.9396343,,,wgs84_to_gcj02,,,,,黑龙江省哈尔滨市木兰县通江路,10
簸箕崴子景区,景点,baidu,contains,B0FFG71FFD,虎峰岭簸箕崴子景区,风景名胜;风景名胜相关;旅游景点,110000,绥满公路东150米,尚志市,129.000937,44.9158765,129.007812,44.918013,wgs84_to_gcj02,1.3,False,,,哈尔滨市尚志市301国道亚布力虎峰林场内,4
伊雅·普拉提塑形馆(观江店),景点,baidu,none,,,,,,,126.5477871,45.7427787,,,wgs84_to_gcj02,,,,,群力第一大道 1542号门市,1
TD钛镀健身工作室(远大购物中心店),景点,baidu,contains,B0IDUYHS6G,钛镀健身工作室(远大购物中心店),体育休闲服务;运动场馆;健身中心,080111,群力远大步行街B1-16,道里区,126.550227,45.7363022,126.555883,45.738194,wgs84_to_gcj02,26.4,False,,,群力大道群力远大步行街B1-16号,1
听雨廊,景点,baidu,none,,,,,,,126.5907132,45.7917221,,,wgs84_to_gcj02,,,,,警备路3号太阳岛风景区内,3
太阳山,景点,baidu,none,,,,,,,126.5889307,45.7916039,,,wgs84_to_gcj02,,,,,警备路3号太阳岛风景区内,2
璟言台球,景点,baidu,contains,B0KK5HI8W6,璟言台球俱乐部,体育休闲服务;运动场馆;台球厅,080113,宏伟路45号,道外区,126.6915938,45.7761674,126.697709,45.778221,wgs84_to_gcj02,2.0,False,,,宏伟路137-4,1
长青公园,景点,baidu,contains,B01C319I39,哈尔滨市长青公园,风景名胜;公园广场;公园广场,110100,南极街116号,道外区,126.6341443,45.7679694,126.640335,45.769836,wgs84_to_gcj02,19.9,False,,,哈尔滨市南极街116号,3
伊维尔教堂附属孤儿院旧址,景点,baidu,none,,,,,,,126.623125,45.7616824,,,wgs84_to_gcj02,,,,,黑龙江省哈尔滨市道里区工厂胡同9号,3
哈尔滨索菲亚广场,景点,baidu,contains,B01C30J89Z,索菲亚广场,风景名胜;公园广场;城市广场,110105,透笼街88号,道里区,126.6211789,45.7686775,126.627081,45.770624,wgs84_to_gcj02,3.7,False,,,哈尔滨市道里区透笼街88号,10
会展中心游泳馆,景点,baidu,none,,,,,,,126.6995926,45.7513994,,,wgs84_to_gcj02,,,,,会展中心院内,4
哈尔滨名都滑雪场,景点,baidu,contains,B0FFFU1QZI,名都滑雪场(暂停营业),体育休闲服务;运动场馆;滑雪场,080106,三合路名都滑雪场,香坊区,126.6523187,45.6627498,126.657416,45.664157,wgs84_to_gcj02,94.4,False,,,哈尔滨市香坊区哈平路215号,3
呼兰区美术馆,景点,baidu,none,,,,,,,126.5307221,45.8727226,,,wgs84_to_gcj02,,,,,黑龙江省哈尔滨市呼兰区学院路336号美术馆,1
四季健身工作室,景点,baidu,contains,B0HDYZQV7E,四季健身,体育休闲服务;运动场馆;健身中心,080111,文景街49-2号四季印象A区后门旁,香坊区,126.6434024,45.7337365,126.649382,45.735363,wgs84_to_gcj02,37.0,False,,,黑龙江省哈尔滨市香坊区文景街49-2号a区,1
英杰风景区,景点,baidu,contains,B0MBMY67P7,英杰风景区-蒙古风情园,风景名胜;风景名胜相关;旅游景点,110000,英杰村宾县英杰风景区,宾县,127.3431855,45.6569035,127.350315,45.658802,wgs84_to_gcj02,54.9,False,,,哈尔滨市宾县英杰村,10
太阳岛国家湿地公园,景点,baidu,contains,B01C319H1G,黑龙江哈尔滨太阳岛国家湿地公园,风景名胜;公园广场;公园,110101,政府大厦对面,松北区,126.5334089,45.796953,126.536666,45.798161,wgs84_to_gcj02,232.9,False,,,哈尔滨市政府大厦对面,2
巴彦港公园,景点,baidu,none,,,,,,,127.5421617,46.0413471,,,wgs84_to_gcj02,,,,,哈尔滨市巴彦县巴彦港客运站旁,2
9號台球棋牌会所,景点,baidu,none,,,,,,,126.7631695,45.74392,,,wgs84_to_gcj02,,,,,金香路82号2楼,10
逐鲨体育飞人篮球培训机构(会展中心店),景点,baidu,contains,B0K2Z7X05T,逐鲨体育飞人篮球(会展店),科教文化服务;培训机构;培训机构,141400,红旗大街301号中龙奥馆运动城,南岗区,126.691572,45.7515993,126.7025,45.754688,wgs84_to_gcj02,391.9,False,,,红旗大街301号,1
哈尔滨市八区体育场,景点,baidu,none,,,,,,,126.631979,45.7668644,,,wgs84_to_gcj02,,,,,八区三巷与八区街交叉口东北角,10
鲸鱼悦府公园,景点,baidu,none,,,,,,,126.6796936,45.6882364,,,wgs84_to_gcj02,,,,,哈尔滨市香坊区拥军路立汇美罗湾-2期西侧约140米,10
哈尔滨极乐寺,景点,baidu,contains,B0G0D63R6T,哈尔滨极乐寺-佛像,风景名胜;风景名胜相关;旅游景点,110000,东大直街9号极乐寺(东北角),南岗区,126.6586756,45.7753432,126.665425,45.777975,wgs84_to_gcj02,92.7,False,,,哈尔滨市南岗区东大直街9号,10
哈尔滨吉华长寿山滑雪场,景点,baidu,none,,,,,,,127.2501199,45.6178376,,,wgs84_to_gcj02,,,,,哈尔滨市宾县长寿山国家森林公园内,2
名仕台球CLUB(文林街店),景点,baidu,none,,,,,,,126.6404964,45.7421043,,,wgs84_to_gcj02,,,,,文林街63号北大青鸟培训中心隔壁,3
一周速瘦健身连锁机构工作室(秋林店),景点,baidu,contains,B0FFIJKSTP,一周速瘦健身(秋林店),体育休闲服务;运动场馆;健身中心,080111,东大直街323号大世界写字楼12层11号,南岗区,126.6389343,45.757968,126.644901,45.759913,wgs84_to_gcj02,0.4,False,,,黑龙江省哈尔滨市南岗区东大直街323号大世界写字楼12楼11号,1
伊索台球会所(翠湖天地店),景点,baidu,none,,,,,,,126.5312758,45.7299126,,,wgs84_to_gcj02,,,,,群力翠湖新天地7号楼1层09号商铺,10
哈尔滨·新潟友谊园,景点,baidu,none,,,,,,,126.5871111,45.7920736,,,wgs84_to_gcj02,,,,,曲桥太阳岛内,10
程可瑜伽普拉提(哈西万达店),景点,baidu,contains,B0I13AQU52,程可瑜伽(哈西店),体育休闲服务;运动场馆;健身中心,080111,哈西街道中兴大道160号哈西万达写字楼B1栋2113室,南岗区,126.5871284,45.6990534,126.594826,45.702009,wgs84_to_gcj02,180.0,False,,,中兴大道160号万达写字楼21层13号,1
乔氏台球(群力第六大道店),景点,baidu,contains,B0IKGH65WM,君蒂乔氏台球俱乐部(群力店),体育休闲服务;运动场馆;台球厅,080113,群力第六大道3579号(甜啦啦二层),道里区,126.5168697,45.7190866,126.522075,45.721793,wgs84_to_gcj02,100.4,False,,,群力第六大道3534号2楼,2
北方森林动物园,景点,baidu,contains,B0FFIA9IBZ,北方森林动物园-两爬行动物馆,风景名胜;风景名胜相关;旅游景点,110000,哈牡高速46号公里处北方森林动物园内,阿城区,127.105732,45.3906271,127.108813,45.392484,wgs84_to_gcj02,278.2,False,,,哈尔滨市阿城区哈牡高速(46公里处),10
昕孕瑜伽(哈尔滨店),景点,baidu,contains,B0J2SSQLC3,昕孕瑜伽·普拉提,体育休闲服务;运动场馆;健身中心,080111,万达写字楼B1栋2302,南岗区,126.5872456,45.6990337,126.593152,45.700962,wgs84_to_gcj02,0.1,False,,,中兴大道160号万达b1写字楼2302,10
来力台球(中山路店),景点,baidu,contains,B0JRPANGI8,兴鹏来力台球俱乐部,体育休闲服务;运动场馆;台球厅,080113,中山路126-8号,香坊区,126.6647648,45.7312849,126.670643,45.733246,wgs84_to_gcj02,12.1,False,,,中山路126-8号1-2层,1
球先生台球会馆(松北店),景点,baidu,contains,B0FFMB8XET,乔氏球先生台球会馆,体育休闲服务;运动场馆;台球厅,080113,祥安北大街1339号,松北区,126.5107592,45.8251446,126.516859,45.827162,wgs84_to_gcj02,4.3,False,,,祥安北大街1339号,10
天恒山公园,景点,baidu,none,,,,,,,126.787162,45.8047867,,,wgs84_to_gcj02,,,,,黑龙江省哈尔滨市道外区团结镇东巨路,5
中国哈尔滨森林博物馆,景点,baidu,none,,,,,,,126.6268707,45.715821,,,wgs84_to_gcj02,,,,,黑龙江省哈尔滨市南岗区哈平路街道东北林业大学,1
聚鼎台球棋牌会馆,景点,baidu,contains,B0JG078PZA,台球棋牌,体育休闲服务;娱乐场所;棋牌室,080306,友谊东路天邑澜湾(北马路地铁站3号口步行200米),道外区,126.6105163,45.7681105,126.633504,45.781481,wgs84_to_gcj02,1837.3,True,,,通江街27号2层,10
平房翠柳公园,景点,baidu,contains,B01C319H6M,翠柳公园,风景名胜;公园广场;公园,110101,友协大街58-13号对面,平房区,126.6444945,45.5874576,126.650688,45.590229,wgs84_to_gcj02,89.0,False,,,平新镇政府东侧,3
保国游园,景点,baidu,contains,B0FFKCL2WR,保国游园-公共厕所,公共设施;公共设施;公共设施,200000,联盟大街保国游园(东北角),平房区,126.666541,45.5831645,126.672278,45.585151,wgs84_to_gcj02,21.5,False,,,哈尔滨市平房区联盟大街14号,2
哈尔滨松北区桃雅马术俱乐部,景点,baidu,none,,,,,,,126.3930036,45.8204762,,,wgs84_to_gcj02,,,,,003乡道赵木铺,10
重塑健身工作室,景点,baidu,contains,B0K2CDXISO,重塑健身(私教工作室红旗大街店),体育休闲服务;运动场馆;健身中心,080111,红旗大街168号(湘江路地铁站3号口步行200米),南岗区,126.6876338,45.7392833,126.693725,45.741262,wgs84_to_gcj02,6.7,False,,,红旗大街168号302,2
禅熙瑜伽普拉提女子塑型(哈西店),景点,baidu,none,,,,,,,126.5785636,45.6956739,,,wgs84_to_gcj02,,,,,哈尔滨大街金爵万象三期1号楼18层1806室,10
船舶博物馆,景点,baidu,contains,B0FFF4VYF4,哈尔滨工程大学船舶博物馆,科教文化服务;博物馆;博物馆,140100,燎原街道南通大街145号启航活动中心一楼,南岗区,126.6782935,45.7720851,126.684362,45.774102,wgs84_to_gcj02,0.5,False,,,哈尔滨市南岗区南通大街145号启航活动中心一楼,3
悦享运动康复健体中心,景点,baidu,none,,,,,,,126.593055,45.6922009,,,wgs84_to_gcj02,,,,,爱家胡同26号爱达壹号A14-3号门市,1
精武泓胜泰拳散打搏击旗舰店(旗舰店),景点,baidu,none,,,,,,,126.6047227,45.7029802,,,wgs84_to_gcj02,,,,,中兴大道99号哈西商厦6楼（嘉兴影城旁）,1
巴彦生态园,景点,baidu,none,,,,,,,127.4221183,46.0780383,,,wgs84_to_gcj02,,,,,哈尔滨市巴彦县集市路,0
乔氏蓝冠台球(信恒店),景点,baidu,none,,,,,,,126.7033468,45.7578458,,,wgs84_to_gcj02,,,,,南直路257号茶马古道市场管理有限公司古玩城负一层70号,1
东北农业大学-体育馆,景点,baidu,none,,,,,,,126.7226747,45.7379448,,,wgs84_to_gcj02,,,,,黑龙江省哈尔滨市香坊区木材街59号,10
黑8台球会所(学院路志华店),景点,baidu,none,,,,,,,126.5444169,45.8714046,,,wgs84_to_gcj02,,,,,学院路泓林金色地标3期12栋3楼17号（棒棒糖KTV后身）,1
哈尔滨逐鲨体育(青年宫店),景点,baidu,none,,,,,,,126.6174464,45.7801304,,,wgs84_to_gcj02,,,,,黑龙江省哈尔滨市道里区斯大林街4号青年宫院内,1
壹台山风景区-龙泉驼峰旅游区,景点,baidu,none,,,,,,,127.5548867,46.1921944,,,wgs84_to_gcj02,,,,,黑龙江省哈尔滨市巴彦县福乡村壹台山风景区,1
Superman健身瘦身工作室(松北世茂大道店),景点,baidu,none,,,,,,,126.5230426,45.8071613,,,wgs84_to_gcj02,,,,,世贸大道251-12号（荷兰城商服步行街）,1
初柒健身工作室·FITNESS(哈西店),景点,baidu,contains,B0HDN5EQQI,初柒健身工作室,体育休闲服务;运动场馆;健身中心,080111,纳帕英郡西南3门旁,南岗区,126.5831198,45.6868996,126.589025,45.688811,wgs84_to_gcj02,2.5,False,,,纳帕英郡门市,1
羊草山,景点,baidu,none,,,,,,,128.1758376,44.355273,,,wgs84_to_gcj02,,,,,黑龙江省哈尔滨市五常市长汀镇双峰林场中国雪乡风景区内,0
哈尔滨冰雪大世界-雪花摩天轮,景点,baidu,none,,,,,,,126.5521618,45.7740476,,,wgs84_to_gcj02,,,,,黑龙江省哈尔滨市松北区雪乡路游乐园内西南,2
青蛙泰德搏击·体适能(铜锣湾广场关东古巷店),景点,baidu,none,,,,,,,126.5612709,45.7325606,,,wgs84_to_gcj02,,,,,群力铜锣湾广场一楼,10
彼利健身学院&工作室(华鸿国际店),景点,baidu,none,,,,,,,126.7021679,45.7447206,,,wgs84_to_gcj02,,,,,闽江路75号（华鸿国际中心3号写字楼1303）,1
新兴旺滑雪场,景点,baidu,contains,B01C317ED8,兴旺滑雪场(暂停营业),体育休闲服务;运动场馆;滑雪场,080106,玉泉镇(哈阿高速亚沟出口下),阿城区,127.1262358,45.4192202,127.132878,45.421552,wgs84_to_gcj02,5.5,False,,,黑龙江省哈尔滨市阿城区玉泉镇(哈阿高速亚沟出口下),1
亿源台球会馆,景点,baidu,contains,B0H33PQ47K,台球会馆(城乡路店),体育休闲服务;运动场馆;台球厅,080113,城乡路257号,道里区,126.5690866,45.7313811,126.579908,45.725869,wgs84_to_gcj02,911.0,True,,,群力第七大道204号,10
细菌实验室及特设监狱遗址,景点,baidu,none,,,,,,,126.6301179,45.6077332,,,wgs84_to_gcj02,,,,,新海街侵华日军第七三一部队遗址,1
墨林乔氏台球,景点,baidu,contains,B0FFI5T4OP,乔氏台球,体育休闲服务;运动场馆;台球厅,080113,安升街与安静街交叉口西北40米,道里区,126.575378,45.8894809,126.613567,45.760827,wgs84_to_gcj02,14728.4,True,,,博莱雅小区4号楼博莱雅综合超市二楼,10
哈尔滨逐鲨体育(八区店),景点,baidu,none,,,,,,,126.6342142,45.7659011,,,wgs84_to_gcj02,,,,,八区街24号,1
太阳瀑,景点,baidu,none,,,,,,,126.5866618,45.7947863,,,wgs84_to_gcj02,,,,,警备路3号太阳岛风景区内,1
二龙山旅游风景区,景点,baidu,contains,B0MGKZJFU5,二龙山旅游风景区-海盗船,风景名胜;风景名胜相关;旅游景点,110000,G221公路299号二龙山旅游度假区,宾县,127.4247683,45.7286645,127.410225,45.725925,wgs84_to_gcj02,1746.5,True,,,黑龙江省哈尔滨市宾县宾州镇同哈公路,10
中国亚布力熊猫馆,景点,baidu,contains,B0FFGU7XM2,亚布力熊猫馆,风景名胜;风景名胜相关;旅游景点,110000,金牌大道84号,尚志市,128.4705857,44.7918483,128.477181,44.794427,wgs84_to_gcj02,45.1,False,,,黑龙江省哈尔滨市尚志市金牌大道84号,3
金源文化旅游开发区,景点,baidu,none,,,,,,,126.9597937,45.4908544,,,wgs84_to_gcj02,,,,,金源路49号,1
大树台球,景点,baidu,none,,,,,,,126.6670264,45.737846,,,wgs84_to_gcj02,,,,,黑龙江省哈尔滨市香坊区民航路17号,10
联兴健身馆(联兴大厦店),景点,baidu,none,,,,,,,126.6918069,45.7312904,,,wgs84_to_gcj02,,,,,香电街16号联兴大厦3层,1
黑龙江中医药大学-药用植物园,景点,baidu,none,,,,,,,126.6440467,45.7233376,,,wgs84_to_gcj02,,,,,黑龙江省哈尔滨市香坊区和平路24号黑龙江中医药大学,1
军宇体育馆,景点,baidu,none,,,,,,,126.6350411,45.6854991,,,wgs84_to_gcj02,,,,,黑龙江省哈尔滨市南岗区征仪路征仪花园小区b区57号,1
靓丽挥杆时代台球俱乐部,景点,baidu,contains,B0G1MMV47F,挥杆时代,体育休闲服务;运动场馆;台球厅,080113,牛家满族镇金峰小区东一号,五常市,126.7358924,45.3478677,126.742002,45.350001,wgs84_to_gcj02,1.5,False,,,黑龙江省哈尔滨市五常市牛家满族镇金峰小区东一号,1
望江楼,景点,baidu,none,,,,,,,129.5787939,46.335222,,,wgs84_to_gcj02,,,,,黑龙江省哈尔滨市依兰县依兰镇35号,2
鑫楠台球会馆,景点,baidu,contains,B0H33PQ47K,台球会馆(城乡路店),体育休闲服务;运动场馆;台球厅,080113,城乡路257号,道里区,126.5849225,45.7473861,126.579908,45.725869,wgs84_to_gcj02,2740.4,True,,,黑龙江省哈尔滨市道里区河松街13-2号,10
健笙台球会馆(新疆大街店),景点,baidu,none,,,,,,,126.621128,45.603764,,,wgs84_to_gcj02,,,,,新月街116号,1
爱氏瑜伽培训,景点,baidu,none,,,,,,,126.6570854,45.7319895,,,wgs84_to_gcj02,,,,,民生路120号万象上东ES-20号,1
比励篮球训练营,景点,baidu,none,,,,,,,126.6607515,45.7021736,,,wgs84_to_gcj02,,,,,黑龙江省哈尔滨市香坊区旭东街18-1号,2
挑战者实弹射击俱乐部,景点,baidu,none,,,,,,,126.5024255,45.8749765,,,wgs84_to_gcj02,,,,,黑龙江省哈尔滨市呼兰区利民西六大街学院路950号哈尔滨信息工程学院东侧,1
莲花湖旅游景区,景点,baidu,none,,,,,,,128.7490971,45.8133642,,,wgs84_to_gcj02,,,,,黑龙江省哈尔滨市方正县同哈公路寿西康公寓旁,3
乔氏台球(哈尔滨银泰城购物中心店),景点,baidu,contains,B0KBPYXCIA,星辰乔氏台球俱乐部(银泰城购物中心店),体育休闲服务;运动场馆;台球厅,080113,群力第二大道752号,道里区,126.5336858,45.7360488,126.53978,45.738031,wgs84_to_gcj02,5.2,False,,,群力第二大道752号,1
熊猫球社24h智慧球房(南极店),景点,baidu,contains,B0L1ZLONWC,熊猫球社(国展购物广场店),体育休闲服务;运动场馆;台球厅,080113,西大直街40号三层307,南岗区,126.6441006,45.772684,126.640875,45.754475,wgs84_to_gcj02,2352.4,True,,,承德街81-2号2层,10
乒之翼乒乓球俱乐部(哈西一校),景点,baidu,none,,,,,,,126.5908701,45.6899005,,,wgs84_to_gcj02,,,,,哈西大街117号辰能溪树庭院南区S6-7三楼,1
砖廊,景点,baidu,none,,,,,,,126.6205463,45.7684203,,,wgs84_to_gcj02,,,,,黑龙江省哈尔滨市道里区透笼街88号建筑艺术广场内,1
石公祠,景点,baidu,none,,,,,,,126.6053563,45.96779,,,wgs84_to_gcj02,,,,,黑龙江省哈尔滨市呼兰区长寿胡同,2
松花江南岸风景区,景点,baidu,none,,,,,,,126.6007215,45.7756341,,,wgs84_to_gcj02,,,,,哈尔滨市道里区九站街斯大林公园西门东北侧约70米,10
黑龙江电视塔,景点,baidu,none,,,,,,,126.6742906,45.746037,,,wgs84_to_gcj02,,,,,长江路178号,10
氢气科技健身工作室,景点,baidu,contains,B0FFLE3Z85,氢气科技健身,体育休闲服务;体育休闲服务场所;体育休闲服务场所,080000,王岗镇和谐大道398号辰能溪树庭院小区C13栋12层1215室,南岗区,126.5854984,45.696359,126.591371,45.698258,wgs84_to_gcj02,4.3,False,,,和谐大道辰能溪树庭院c13栋12楼13.14.15室,1
新8客台球棋牌俱乐部,景点,baidu,none,,,,,,,126.5801922,45.7448826,,,wgs84_to_gcj02,,,,,哈尔滨市道里区河柏街185-2号,1
铧子山地质公园,景点,baidu,none,,,,,,,128.6250391,46.0931145,,,wgs84_to_gcj02,,,,,黑龙江省哈尔滨市通河县铧子山国家森林公园风景旅游区,4
俄罗斯风情小镇,景点,baidu,contains,B0FFIABR0J,俄罗斯风情小镇售票处,生活服务;售票处;售票处,070300,游园街1号俄罗斯风情小镇内,松北区,126.5970082,45.7853829,126.600823,45.786206,wgs84_to_gcj02,202.4,False,,,黑龙江哈尔滨松北区平原路太阳岛风景街10号,10
金上京会宁府遗址,景点,baidu,contains,B0LGV1YY3G,金上京会宁府遗址-郊祭坛遗址,风景名胜;风景名胜相关;旅游景点,110000,,阿城区,126.9650115,45.4914039,126.989319,45.454886,wgs84_to_gcj02,4517.3,True,,,哈尔滨市阿城区X005金源文化旅游开发区,9
哈尔滨冰雪大世界梦幻冰雪馆,景点,baidu,contains,B01C317HZ0,哈尔滨冰雪大世界,风景名胜;风景名胜;风景名胜,110200,太阳大道1458号,松北区,126.5603936,45.7740903,126.562459,45.777005,wgs84_to_gcj02,320.8,False,,,黑龙江省哈尔滨市松北区西区二路冰雪大世界,10
哈尔滨世界欢乐城,景点,baidu,contains,B0MGFR6GNS,哈尔滨世界欢乐城游客中心,生活服务;信息咨询中心;服务中心,070201,自然博物馆东南侧90米,呼兰区,126.5316334,45.8793495,126.536975,45.880225,wgs84_to_gcj02,133.6,False,,,黑龙江省哈尔滨市呼兰区美术家大街666号,10
哈尔滨市人民体育场,景点,baidu,contains,B0FFHAHBO4,人民体育场,体育休闲服务;运动场馆;综合体育馆,080101,兴旺路与团结胡同交叉口西80米,双城区,126.6318454,45.766925,126.318956,45.373067,wgs84_to_gcj02,50525.3,True,,,黑龙江省哈尔滨市道外区南极街与八区街交叉口,10
上海伽悠途瑜伽普拉提婵柔(爱建店),景点,baidu,none,,,,,,,126.5909788,45.7608551,,,wgs84_to_gcj02,,,,,爱园路上实盛世江南5号楼底商（小明妈妈洗衣店隔壁）,1
瑜悦YUYUE普拉提·蹦极塑形(群力店),景点,baidu,none,,,,,,,126.5512234,45.7184748,,,wgs84_to_gcj02,,,,,黑龙江省哈尔滨市道里区丽江路1323号,10
京旗文化博物馆,景点,baidu,none,,,,,,,126.8590923,45.2353601,,,wgs84_to_gcj02,,,,,黑龙江省哈尔滨市五常市拉林镇镇医院对面,10
汇龙·外滩首府健身会所(群力店),景点,baidu,none,,,,,,,126.5458775,45.7419365,,,wgs84_to_gcj02,,,,,兴江路汇龙外滩首府,1
中医药博物馆,景点,baidu,none,,,,,,,126.6450722,45.7247799,,,wgs84_to_gcj02,,,,,黑龙江省哈尔滨市香坊区文政街道和平路24号,10
哈尔滨理工大学训练馆,景点,baidu,contains,B01C30JH4O,哈尔滨理工大学,科教文化服务;学校;高等院校,141201,哈西街道学府路52号,南岗区,126.6131377,45.7110402,126.614659,45.715629,wgs84_to_gcj02,451.3,False,,,黑龙江哈尔滨市南岗区学府三道街33号,10
乔氏台球(星光耀广场朗江路店),景点,baidu,none,,,,,,,126.5249842,45.7309037,,,wgs84_to_gcj02,,,,,朗江路1032号,1
顶圣台球棋牌,景点,baidu,contains,B0JG078PZA,台球棋牌,体育休闲服务;娱乐场所;棋牌室,080306,友谊东路天邑澜湾(北马路地铁站3号口步行200米),道外区,126.6535625,45.5781918,126.633504,45.781481,wgs84_to_gcj02,22472.7,True,,,建安头道街副27号中杨超市旁边,10
黑龙江省游泳馆,景点,baidu,none,,,,,,,126.6676309,45.7797782,,,wgs84_to_gcj02,,,,,黑龙江省哈尔滨市南岗区南通大街128号,10
Liking Fit智能健身(龙轩路店),景点,baidu,none,,,,,,,126.5358982,45.8259963,,,wgs84_to_gcj02,,,,,黑龙江省哈尔滨市松北区龙轩路1554号,1
圣母守护教堂祈祷亭,景点,baidu,none,,,,,,,126.6448437,45.7618336,,,wgs84_to_gcj02,,,,,黑龙江省哈尔滨市南岗区东大直街270-4号,8
铁人体育滑雪俱乐部(大成小区店),景点,baidu,none,,,,,,,126.6684717,45.7578706,,,wgs84_to_gcj02,,,,,黑龙江省哈尔滨市南岗区大成街9-2号,0
哈尔滨剑桥学院体育馆,景点,baidu,none,,,,,,,126.6540417,45.6557906,,,wgs84_to_gcj02,,,,,哈平路239号,10
松鼠岛,景点,baidu,none,,,,,,,126.5816079,45.792935,,,wgs84_to_gcj02,,,,,太阳岛街道太阳岛松鼠岛,5
中东铁路督办公署旧址,景点,baidu,none,,,,,,,126.6311185,45.7510428,,,wgs84_to_gcj02,,,,,哈尔滨市南岗区西大直街43号,1
阿城区宝胜寺,景点,baidu,none,,,,,,,126.9589459,45.5036606,,,wgs84_to_gcj02,,,,,黑龙江省哈尔滨市阿城区阿什河街道延川大街宝胜寺,4
中唯台球会馆,景点,baidu,contains,B0J1YHN6S2,台球会馆,体育休闲服务;运动场馆;台球厅,080113,黄河路188-6号,南岗区,126.689923,45.743286,126.693749,45.755056,wgs84_to_gcj02,1096.0,True,,,红旗大街277号,10
不晚瑜伽,景点,baidu,contains,B0K6ZSVM1G,不晚瑜伽普拉提,体育休闲服务;运动场馆;健身中心,080111,文锦路292号华润中海江城小区三栋一单元701室,松北区,126.5512908,45.8103907,126.557275,45.812333,wgs84_to_gcj02,0.3,False,,,华润中海江城小区三栋一单元701,3
海豚堡温泉水乐园,景点,baidu,none,,,,,,,126.7526488,45.7712452,,,wgs84_to_gcj02,,,,,黑龙江省哈尔滨市道外区先锋路2号,3
爱可丝瑜伽肚皮舞,景点,baidu,none,,,,,,,126.6241171,45.7680037,,,wgs84_to_gcj02,,,,,地段街93号盛达公寓13H,1
大秃顶子山,景点,baidu,contains,B0FFJOYDNS,大秃顶子山驿站(老站),住宿服务;住宿服务相关;住宿服务相关,100000,333国道西侧,五常市,129.1348011,45.6162582,128.23909,44.460459,wgs84_to_gcj02,147033.3,True,,,黑龙江省五常市山河镇,3
琳娜台球·生活馆(平准街店),景点,baidu,none,,,,,,,126.6636765,45.7563011,,,wgs84_to_gcj02,,,,,黑龙江省哈尔滨市南岗区平准街38-8号,10
春水大典雕塑,景点,baidu,none,,,,,,,126.5582083,45.730048,,,wgs84_to_gcj02,,,,,黑龙江省哈尔滨市道里区景江东路66号金河公园内(南侧),4
台球部落,景点,baidu,contains,B0G3ALHWOX,乔式台球部落,体育休闲服务;运动场馆;台球厅,080113,大庆副路88-3号,香坊区,126.6530447,45.7139914,126.659068,45.715951,wgs84_to_gcj02,3.5,False,,,大庆副路附88-3,4
聚点台球吧,景点,baidu,contains,B0K2XC4E2T,聚点台球,体育休闲服务;运动场馆;台球厅,080113,学海西街714号,松北区,129.2450355,46.0065263,126.557894,45.809986,wgs84_to_gcj02,209625.4,True,,,黑龙江省哈尔滨市方正县工程路商业街3号楼120号,4
依兰县防洪纪念塔,景点,baidu,none,,,,,,,129.5535149,46.3345589,,,wgs84_to_gcj02,,,,,哈尔滨市依兰县通江路向日葵幼儿园西北侧约130米,3
阎家岗旧石器时代遗址,景点,baidu,none,,,,,,,126.3018977,45.6401103,,,wgs84_to_gcj02,,,,,黑龙江省哈尔滨市道里区西南25公里处、松花江一级阶地上,7
黑龙江农垦职业学院-体育场,景点,baidu,contains,B01C30IHVA,黑龙江农垦职业学院(江北校区),科教文化服务;学校;职业技术学校,141206,学院路660号,呼兰区,126.5253587,45.8746541,126.529022,45.875993,wgs84_to_gcj02,201.0,False,,,黑龙江省哈尔滨市呼兰区学院路660号,10
激情碰撞台球剧本杀,景点,baidu,contains,B0GKYPG6LX,碰撞台球,体育休闲服务;运动场馆;台球厅,080113,城乡路253号,道里区,126.5102963,45.5121807,126.580141,45.726021,wgs84_to_gcj02,24060.1,True,,,福祥家园东50米,10
169长寿台阶,景点,baidu,none,,,,,,,127.5316822,45.57417,,,wgs84_to_gcj02,,,,,哈尔滨市宾县平坊镇益阳村香炉山国家森林公园,3
双城观音寺,景点,baidu,none,,,,,,,126.347448,45.3692153,,,wgs84_to_gcj02,,,,,黑龙江省哈尔滨市双城区双城镇国道南路观音寺,2
爵尚台球,景点,baidu,none,,,,,,,126.5874654,45.7055775,,,wgs84_to_gcj02,,,,,哈西大街247号,10
圣阿列克谢耶夫教堂,景点,baidu,none,,,,,,,126.6535444,45.7492928,,,wgs84_to_gcj02,,,,,士课街47号,1
八角亭,景点,baidu,none,,,,,,,126.6206439,45.7677743,,,wgs84_to_gcj02,,,,,哈尔滨市道里区透笼街88号圣索菲亚教堂内,1
龙凤山风景名胜区,景点,baidu,contains,B0KRX7Y4T0,龙凤山风景名胜区-龙凤湖,风景名胜;风景名胜;风景名胜,110200,景区路龙凤山国家森林公园,五常市,127.6410024,44.6870867,127.628414,44.704458,wgs84_to_gcj02,2270.1,True,,,黑龙江省哈尔滨市五常市景区路,10
零号台球棋牌俱乐部,景点,baidu,contains,B0JAS5ASKN,零号台球,体育休闲服务;运动场馆;台球厅,080113,通达街164-6号,道里区,126.6032714,45.7429273,126.607149,45.745134,wgs84_to_gcj02,161.0,False,,,通达街164-6号,1
阿米利亚庄园·露营基地,景点,baidu,contains,B0FFGXJS4G,阿米利亚庄园,体育休闲服务;休闲场所;休闲场所,080500,团结镇民主乡庆丰村东巨路99号,道外区,126.799753,45.8124427,126.806001,45.814276,wgs84_to_gcj02,24.1,False,,,庆丰村东巨路99号,1
5%纯铁健身馆,景点,baidu,none,,,,,,,126.6823529,45.7551161,,,wgs84_to_gcj02,,,,,嵩山路101-1号,10
魔瘦健身工作室,景点,baidu,none,,,,,,,126.5868838,45.7103699,,,wgs84_to_gcj02,,,,,哈西大街39-34号,10
月牙湖公园,景点,baidu,none,,,,,,,129.3224041,46.1819082,,,wgs84_to_gcj02,,,,,哈尔滨市通河县临湖北路与中直路交叉路口往东约120米,3
风铃园,景点,baidu,none,,,,,,,126.6578521,45.765807,,,wgs84_to_gcj02,,,,,哈尔滨市南岗区鼎新头道街马家沟河丽水公园(宣化街),5
木兰县博物馆,景点,baidu,none,,,,,,,128.0337894,45.9460712,,,wgs84_to_gcj02,,,,,哈尔滨市木兰县中心路国税小区(木兰大街)西北侧,0
3号电竞电竞·台球(南极源源店),景点,baidu,none,,,,,,,126.6356703,45.7713139,,,wgs84_to_gcj02,,,,,南极三道街4号,1
腹愁者私人健身工作室(群力店),景点,baidu,none,,,,,,,126.5353233,45.7217097,,,wgs84_to_gcj02,,,,,融江路中海寰宇天下1-15号商服,10
赛音健身,景点,baidu,none,,,,,,,126.5646419,45.7253916,,,wgs84_to_gcj02,,,,,景江东路89号-1-1层,10
久久健身(征仪路店),景点,baidu,contains,B0FFIUD2B5,久久健身俱乐部(征仪路店),体育休闲服务;运动场馆;健身中心,080111,征仪路283号中辉超市旁,南岗区,126.627873,45.7020338,126.633811,45.70417,wgs84_to_gcj02,21.3,False,,,征仪路283号中辉超市旁,2
金都古城,景点,baidu,none,,,,,,,126.923005,45.6863535,,,wgs84_to_gcj02,,,,,哈尔滨市阿城区哈阿公路,2
健特嘉私人健身会所(保利店),景点,baidu,none,,,,,,,126.5327006,45.8216942,,,wgs84_to_gcj02,,,,,江都街1116号,10
熊猫球社24h自助台球棋牌(哈尔滨服装城店),景点,baidu,none,,,,,,,126.6071711,45.7045871,,,wgs84_to_gcj02,,,,,学府路哈尔滨服装城五层三厅3室,1
亚布力森林动物园,景点,baidu,none,,,,,,,128.469906,44.7914285,,,wgs84_to_gcj02,,,,,黑龙江省哈尔滨市尚志市亚布力镇亚布力滑雪旅游度假区,2
呼兰区清真寺(兰河大街),景点,baidu,none,,,,,,,126.5908423,45.9807042,,,wgs84_to_gcj02,,,,,哈尔滨市呼兰区兰河大街212号,5
领越康熙盛世台球俱乐部,景点,baidu,contains,B0H12M8SWY,康熙盛世台球俱乐部,体育休闲服务;运动场馆;台球厅,080113,解放大街与会宁路交口东南交(312-1号)达仁·印象城购物中心1F层,阿城区,126.6049913,45.7027187,126.981483,45.537033,wgs84_to_gcj02,34321.8,True,,,中兴大道99号,10
侵华日军第七三一部队遗址第二保护区,景点,baidu,none,,,,,,,126.6295999,45.6091737,,,wgs84_to_gcj02,,,,,哈尔滨市平房区新海街,2
拳力一击格斗馆,景点,baidu,none,,,,,,,126.5954906,45.74022,,,wgs84_to_gcj02,,,,,新阳路欧洲新城,1
派纳健身工作室,景点,baidu,none,,,,,,,126.5762665,45.6953543,,,wgs84_to_gcj02,,,,,爱达九溪s6栋2号商服派纳健身,10
黑龙江工程学院东区-工程文化博物馆,景点,baidu,none,,,,,,,126.6802522,45.7850557,,,wgs84_to_gcj02,,,,,哈尔滨市道外区红旗大街999号黑龙江工程学院内,1
爱健身俱乐部,景点,baidu,none,,,,,,,126.5995566,45.7634567,,,wgs84_to_gcj02,,,,,紫园路10号滨江沙龙L栋401室,10
黑龙江职业学院-体育馆,景点,baidu,none,,,,,,,126.2906626,45.3826882,,,wgs84_to_gcj02,,,,,黑龙江省哈尔滨市双城区黑龙江职业学院内,10
休闲会馆,景点,baidu,none,,,,,,,126.6595991,45.7307592,,,wgs84_to_gcj02,,,,,民生东七道街2号1层-1号,10
香窑,景点,baidu,none,,,,,,,127.5270438,45.5741887,,,wgs84_to_gcj02,,,,,哈尔滨市宾县平坊镇益阳村香炉山国家森林公园,0
何氏台球棋牌室,景点,baidu,none,,,,,,,126.5153801,45.7196374,,,wgs84_to_gcj02,,,,,民生尚都祥园3637号,1
玖九体育,景点,baidu,contains,B0G257TZHK,玖九体育篮球馆,体育休闲服务;运动场馆;篮球场馆,080104,南通大街文化家园体育馆,南岗区,126.6621958,45.7754073,126.66822,45.777392,wgs84_to_gcj02,0.4,False,,,宣普街文化家园小区博士后公寓旁,1
象鼻冲天,景点,baidu,contains,B0FFJ0FQLY,金龙山国家森林公园-象鼻冲天,风景名胜;风景名胜相关;旅游景点,110000,吉兴林场施业区金龙山国际旅游度假区内,阿城区,127.3776737,45.4950449,127.384401,45.497336,wgs84_to_gcj02,5.1,False,,,哈尔滨市阿城区吉兴林场施业区金龙山国际旅游度假区内,1
吐纳亭,景点,baidu,none,,,,,,,127.3782482,45.4956541,,,wgs84_to_gcj02,,,,,哈尔滨市阿城区吉兴林场施业区金龙山国际旅游度假区内,1
煌爵台球,景点,baidu,contains,B0HDKMDBZV,煌爵台球俱乐部,体育休闲服务;运动场馆;台球厅,080113,李明城中医诊所西北侧,双城区,126.2966271,45.382559,126.302848,45.384711,wgs84_to_gcj02,2.4,False,,,哈尔滨市双城区迎宾路财富名苑,1
燕喜亭,景点,baidu,none,,,,,,,126.7118714,45.7144445,,,wgs84_to_gcj02,,,,,哈尔滨市香坊区油坊街0~1号中国亭园,0
酷球吧台球,景点,baidu,none,,,,,,,126.5925482,45.7346668,,,wgs84_to_gcj02,,,,,通顺街副4-3号负一层,10
野行露营地,景点,baidu,none,,,,,,,127.2711073,45.5920017,,,wgs84_to_gcj02,,,,,黑龙江省哈尔滨市阿城区红星镇北兴屯,1
伪满警察厅,景点,baidu,none,,,,,,,126.6367081,45.7637939,,,wgs84_to_gcj02,,,,,黑龙江省哈尔滨市南岗区一曼街241号,1
球神乔氏用品,景点,baidu,none,,,,,,,126.6445861,45.7882272,,,wgs84_to_gcj02,,,,,北十四道街80-1号（大同小学斜对面）,10
飞人篮球(哈尔滨学院场馆店),景点,baidu,contains,B0JKOAI67V,逐鲨体育飞人篮球(哈尔滨学院店),体育休闲服务;运动场馆;篮球场馆,080104,哈尔滨学院继续教育学院,南岗区,126.6001103,45.7045731,126.599696,45.702477,wgs84_to_gcj02,663.8,True,,,哈尔滨市南岗区中兴大道109号哈尔滨学院第九教学楼内,10
湿地观光区,景点,baidu,none,,,,,,,126.899534,45.8996543,,,wgs84_to_gcj02,,,,,黑龙江省哈尔滨市道外区巨源镇白渔泡湿地公园内,4
战极格斗,景点,baidu,none,,,,,,,126.6614936,45.7589978,,,wgs84_to_gcj02,,,,,哈尔滨市南岗区宣化街288号新吉购物中心F2,10
中型猛兽馆,景点,baidu,contains,B0FFGRN1S7,北方森林动物园-中型猛兽馆,风景名胜;风景名胜相关;旅游景点,110000,哈牡高速46号公里处北方森林动物园内(南侧),阿城区,127.1071772,45.3878905,127.113628,45.390262,wgs84_to_gcj02,10.5,False,,,哈尔滨市阿城区哈牡高速46号公里处北方森林动物园内,2
教堂钟,景点,baidu,none,,,,,,,126.5523415,45.7485957,,,wgs84_to_gcj02,,,,,友谊西路盛和天下东北侧约170米哈尔滨音乐公园,1
启悦乒乓球,景点,baidu,none,,,,,,,126.6717023,45.6977876,,,wgs84_to_gcj02,,,,,黑龙江省哈尔滨市香坊区松海路置信澜悦东方6号楼102门市,10
狮子王,景点,baidu,none,,,,,,,126.5802186,45.7825895,,,wgs84_to_gcj02,,,,,哈尔滨极地公园·极地馆F2,6
1983台球俱乐部,景点,baidu,none,,,,,,,126.6355227,45.7761356,,,wgs84_to_gcj02,,,,,承德街287号地下一层,10
鱼神,景点,baidu,none,,,,,,,127.5340069,45.5669744,,,wgs84_to_gcj02,,,,,哈尔滨市宾县平坊镇益阳村香炉山国家森林公园,2
香格里拉亲水广场-小品建筑,景点,baidu,none,,,,,,,126.5882786,45.7621626,,,wgs84_to_gcj02,,,,,正阳河街道友谊路西防汛路555号,1
尊皇top国际台球会馆(哈西店),景点,baidu,none,,,,,,,126.5892513,45.7029684,,,wgs84_to_gcj02,,,,,哈西大街406号院内,2
国际会展体育中心-体育馆,景点,baidu,none,,,,,,,126.6987192,45.7532623,,,wgs84_to_gcj02,,,,,黑龙江省哈尔滨市南岗区红旗大街301号,10
A·LIFE健身俱乐部,景点,baidu,none,,,,,,,126.6207311,45.7377724,,,wgs84_to_gcj02,,,,,哈工大桥南小区桥南街4-36号,3
好时光户外露营烧烤团建轰趴基地,景点,baidu,none,,,,,,,126.550631,45.5862396,,,wgs84_to_gcj02,,,,,长征村长征北一路55号,10
U+乔氏金腿台球俱乐部,景点,baidu,none,,,,,,,126.5780132,45.693346,,,wgs84_to_gcj02,,,,,南兴街60号二楼,0
捌玖健身,景点,baidu,contains,B0J0TCW8HZ,捌玖健身工作室,体育休闲服务;运动场馆;健身中心,080111,经纬8道街16号,道里区,126.6060135,45.7675616,126.611925,45.769475,wgs84_to_gcj02,0.4,False,,,经纬八道街16号,4
极客乔氏台球棋牌俱乐部,景点,baidu,none,,,,,,,126.4892672,45.8100537,,,wgs84_to_gcj02,,,,,融创中园2期北门,1
呼兰河口国家湿地公园,景点,baidu,none,,,,,,,126.7249087,45.9384102,,,wgs84_to_gcj02,,,,,黑龙江省哈尔滨市呼兰区双井镇东岗村呼口大桥东侧,1
HK·Club幻酷健身,景点,baidu,contains,B0HA3R2YJJ,HK·Club幻酷健身馆,体育休闲服务;运动场馆;健身中心,080111,华山路184号,南岗区,126.6761381,45.749416,126.682123,45.751514,wgs84_to_gcj02,11.0,False,,,华山路184号,1
金太祖陵址公园,景点,baidu,contains,B0H3TLNT0V,金太祖陵址公园售票处,生活服务;售票处;售票处,070300,金太祖陵内(南侧),阿城区,126.9592835,45.4921665,126.965436,45.493154,wgs84_to_gcj02,116.8,False,,,哈尔滨市阿城区南郊2公里处(金源文化旅游区内),7
一周速瘦健身工作室连锁机构(军工店),景点,baidu,contains,B0FFIJKSTP,一周速瘦健身(秋林店),体育休闲服务;运动场馆;健身中心,080111,东大直街323号大世界写字楼12层11号,南岗区,126.6622991,45.7695632,126.644901,45.759913,wgs84_to_gcj02,2230.3,True,,,宣化街547号二楼,10
生态公园-萧红公园,景点,baidu,none,,,,,,,126.503817,45.8830676,,,wgs84_to_gcj02,,,,,黑龙江省哈尔滨市呼兰区利民西六道街,4
将军山原始森林景区,景点,baidu,none,,,,,,,127.2045255,45.516251,,,wgs84_to_gcj02,,,,,哈尔滨市阿城区金龙山镇响水屯,6
乐瑜伽私人会馆(群力店),景点,baidu,none,,,,,,,126.5624534,45.7285639,,,wgs84_to_gcj02,,,,,城乡路街道群力第七大道669号,1
奇迹·轻健身工作室,景点,baidu,none,,,,,,,126.6704683,45.6977651,,,wgs84_to_gcj02,,,,,松海路90号澜悦东方亮写字楼四楼420室,10
QINXINYOGA(哈尔滨爱建店),景点,baidu,none,,,,,,,126.5977332,45.7561771,,,wgs84_to_gcj02,,,,,上海街90-2号非常男女B座一层101室,10
ACTION健身工作室(会展银座店),景点,baidu,none,,,,,,,126.6934747,45.7484861,,,wgs84_to_gcj02,,,,,长江路388号会展银座A座501-505室,1
阿城区郡王山露营基地,景点,baidu,none,,,,,,,127.3272789,45.5278855,,,wgs84_to_gcj02,,,,,黑龙江省哈尔滨市阿城区金龙山镇郡王山,4
博月健身工作室,景点,baidu,contains,B0IKAAJ2N1,博月健身,体育休闲服务;运动场馆;健身中心,080111,红旗大街副114-16号,香坊区,126.6860859,45.7339196,126.692108,45.735975,wgs84_to_gcj02,5.4,False,,,红旗大街114-20号,4
嗨8中式台球棋牌俱乐部,景点,baidu,none,,,,,,,126.7693088,45.7456744,,,wgs84_to_gcj02,,,,,长江路会展城上城2期9号楼101门市,10
爱氏瑜伽(私墅店),景点,baidu,contains,B0FFK6DHH1,羿刻互动·爱氏瑜伽普拉提(汉水路店),体育休闲服务;运动场馆;运动场所,080100,汉水路78-6号软件园二期E栋1-3层3号,南岗区,126.7006485,45.7408668,126.706783,45.742919,wgs84_to_gcj02,1.1,False,,,汉水路山水嘉园,1
伊维尔教堂,景点,baidu,contains,B0FFFYU3D7,圣·伊维尔教堂,风景名胜;风景名胜;教堂,110206,哈尔滨站北广场(东北角),南岗区,126.6240421,45.7615048,126.629956,45.763385,wgs84_to_gcj02,5.2,False,,,黑龙江省哈尔滨市道里区霁虹街工厂胡同7-4号(近霁虹桥),1
本瑜伽Better Yoga,景点,baidu,none,,,,,,,126.5822694,45.7556396,,,wgs84_to_gcj02,,,,,黑龙江省哈尔滨市道里区友谊西路660号富力中心T2-1810室,1
D·T精英康复健身工作室,景点,baidu,none,,,,,,,126.6503621,45.7664514,,,wgs84_to_gcj02,,,,,东大直街146号上和置地18层1815、1816号,1
0451圣菁体育CBD,景点,baidu,none,,,,,,,126.562285,45.7086433,,,wgs84_to_gcj02,,,,,黑龙江省哈尔滨市道里区城安街22号,2
盛仕台球棋牌俱乐部,景点,baidu,none,,,,,,,126.667663,45.7614558,,,wgs84_to_gcj02,,,,,马端街57号,1
博瑞综合格斗,景点,baidu,none,,,,,,,126.6962635,45.7761169,,,wgs84_to_gcj02,,,,,哈尔滨市道外区南直路394号保烽影城旁边楼梯上二楼平台,1
KISS台球会馆,景点,baidu,contains,B0J1YHN6S2,台球会馆,体育休闲服务;运动场馆;台球厅,080113,黄河路188-6号,南岗区,126.6878739,45.7530597,126.693749,45.755056,wgs84_to_gcj02,17.6,False,,,黑龙江省哈尔滨市南岗区黄河路188-6号,1
通河县体育馆,景点,baidu,none,,,,,,,128.7497216,45.989818,,,wgs84_to_gcj02,,,,,哈尔滨市通河县大通河大街与柳树街交叉路口往西北约100米,5
黄鼠饲养室旧址,景点,baidu,contains,B0FFJ0FQIX,黄鼠饲养室,风景名胜;风景名胜相关;旅游景点,110000,双拥路与渤海路交叉口西400米,平房区,126.6291009,45.6094672,126.635084,45.611427,wgs84_to_gcj02,5.1,False,,,新疆街派出所东侧侵华日军第七三一部队遗址第二保护区内,5
岚桥,景点,baidu,none,,,,,,,128.1358536,44.3857926,,,wgs84_to_gcj02,,,,,哈尔滨市五常市山河屯林业局东升林场中国雪谷,3
鑫武综合格斗培训,景点,baidu,none,,,,,,,126.9696249,45.5327449,,,wgs84_to_gcj02,,,,,哈尔滨市阿城区牌路大街哈尔滨市阿城区第二中学校西侧约50米,10
中共满洲省委机关遗址,景点,baidu,none,,,,,,,126.6525953,45.7478595,,,wgs84_to_gcj02,,,,,黑龙江省哈尔滨市南岗区光芒街40号(光芒街和巴山街交叉口),3
金海洋儿童游泳馆,景点,baidu,none,,,,,,,126.6461741,45.7601003,,,wgs84_to_gcj02,,,,,黑龙江省哈尔滨市南岗区花园街277号,10
满族部落,景点,baidu,contains,B0FFL6I9GU,徐家屯满族部落,风景名胜;风景名胜相关;旅游景点,110000,红旗满族乡徐家路与南沟路交叉口东南240米,南岗区,126.463152,45.5634656,126.469454,45.5657,wgs84_to_gcj02,0.1,False,,,哈尔滨市南岗区南沟路与徐家路交叉路口往东南约230米,2
元代斡朵怜军民万户府遗址,景点,baidu,none,,,,,,,129.5192093,46.228152,,,wgs84_to_gcj02,,,,,黑龙江省哈尔滨市依兰县,2
乔氏台球(学院路泓林金色地标店),景点,baidu,contains,B0I3H7BTK5,0810乔氏台球俱乐部(学院路店),体育休闲服务;运动场馆;台球厅,080113,德金娱乐广场二楼,呼兰区,126.5444078,45.8716369,126.542858,45.873142,wgs84_to_gcj02,587.9,True,,,黑龙江省哈尔滨市呼兰区学院路街道泓林金色地标11-18,10
哈尔滨市杨楚珊中学-体育馆,景点,baidu,none,,,,,,,126.6065972,45.7491448,,,wgs84_to_gcj02,,,,,黑龙江省哈尔滨市道里区福同街1号,1
中流砥柱,景点,baidu,none,,,,,,,128.1349029,44.3860387,,,wgs84_to_gcj02,,,,,哈尔滨市五常市山河屯林业局东升林场中国雪谷,0
东北农业大学-足球场,景点,baidu,none,,,,,,,126.7239257,45.7384333,,,wgs84_to_gcj02,,,,,黑龙江省哈尔滨市香坊区厚德路东北农业大学,7
浩瀚台球,景点,baidu,contains,B0FFK6B2UE,浩瀚台球会馆,体育休闲服务;运动场馆;台球厅,080113,林政路与和平路交叉口西南40米,尚志市,128.6086957,44.9284036,128.614927,44.930356,wgs84_to_gcj02,2.6,False,,,绥满公路友谊小区(亚布力房地产交易中心东北)东南侧约160米,3
赫哲飞舟,景点,baidu,contains,B0KUB7U5T5,赫哲飞舟观光处,风景名胜;风景名胜相关;旅游景点,110000,世林路与德源街交叉口西南220米,松北区,126.495484,45.8051971,126.501781,45.806973,wgs84_to_gcj02,36.0,False,,,哈尔滨市松北区哈尔滨融创乐园内乌苏里渔歌,1
圣道台球会馆,景点,baidu,contains,B0J1YHN6S2,台球会馆,体育休闲服务;运动场馆;台球厅,080113,黄河路188-6号,南岗区,126.9594007,45.5317425,126.693749,45.755056,wgs84_to_gcj02,32429.5,True,,,金澜路达仁悦城,10
台球娱乐会所,景点,baidu,none,,,,,,,126.7004703,45.7271256,,,wgs84_to_gcj02,,,,,黑龙江省哈尔滨市香坊区安埠街64号,10
黑龙江省星耀篮球俱乐部,景点,baidu,none,,,,,,,126.5524967,45.8052591,,,wgs84_to_gcj02,,,,,哈尔滨市松北区松北一路松北区小区西侧约70米,10
快活林竞技场,景点,baidu,none,,,,,,,127.1360521,45.4111226,,,wgs84_to_gcj02,,,,,哈尔滨市阿城区玉泉镇中心小学校西侧约210米,3
黑龙江东方学院-体育馆,景点,baidu,none,,,,,,,126.6592061,45.5711965,,,wgs84_to_gcj02,,,,,黑龙江省哈尔滨市平房区哈南19路1号,3
准度台球馆,景点,baidu,none,,,,,,,126.5881152,45.7297067,,,wgs84_to_gcj02,,,,,乡政街90-7号,3
饮绿水榭,景点,baidu,none,,,,,,,126.7099663,45.7167055,,,wgs84_to_gcj02,,,,,哈尔滨市香坊区油坊街0~1号中国亭园,2
PK搏击·大运专业散打搏击俱乐部,景点,baidu,contains,B0H2UZR0PE,大运专业散打搏击俱乐部,体育休闲服务;运动场馆;健身中心,080111,和兴路44-1号,南岗区,126.6207005,45.7228007,126.630332,45.727166,wgs84_to_gcj02,395.1,False,,,黑龙江省哈尔滨市南岗区和兴路50号1栋1单元,10
李兆麟将军墓,景点,baidu,contains,B01C30JZ1Q,兆麟公园-李兆麟将军墓,风景名胜;风景名胜;红色景区,110210,森林街41号哈尔滨市兆麟公园内(北侧),道里区,126.6165257,45.7767494,126.622398,45.778764,wgs84_to_gcj02,11.9,False,,,友谊路74号,1
哈尔滨石油学院-操场,景点,baidu,contains,B01C318YM4,哈尔滨石油学院,科教文化服务;学校;高等院校,141201,松浦路297号,松北区,126.5564874,45.8471097,126.560553,45.847444,wgs84_to_gcj02,230.5,False,,,哈尔滨市松北区哈尔滨石油学院,10
亿明台球(道外店),景点,baidu,contains,B0H259NVOK,亿明台球俱乐部(道外店),体育休闲服务;运动场馆;台球厅,080113,滨江街甲44号,道外区,126.6561688,45.7813002,126.662207,45.783484,wgs84_to_gcj02,24.1,False,,,滨江街甲44号（中国移动旁）,1
豪楠九方台球棋牌俱乐部,景点,baidu,none,,,,,,,126.6533989,45.7804778,,,wgs84_to_gcj02,,,,,南十六道街28号,10
哈铁学院-羽毛球场,景点,baidu,none,,,,,,,126.632883,45.5768476,,,wgs84_to_gcj02,,,,,黑龙江省哈尔滨市平房区长胜路哈尔滨铁道职业技术学院,10
飞特体育FITKIDS少儿跑酷,景点,baidu,none,,,,,,,126.6974762,45.7537732,,,wgs84_to_gcj02,,,,,黄河路200号沐童子教育广场1和3楼,10
思维健身工作室(远大商务大厦店),景点,baidu,none,,,,,,,126.6375168,45.7582638,,,wgs84_to_gcj02,,,,,建设街101号远大商务大厦1806室,1
J·W京维台球·棋牌俱乐部,景点,baidu,none,,,,,,,126.6164119,45.7680113,,,wgs84_to_gcj02,,,,,西十三道街20号,1
Usure Pilates,景点,baidu,none,,,,,,,126.5457304,45.7235706,,,wgs84_to_gcj02,,,,,丽江路群力湿地MOHO写字楼A座606室,1
悦瑜伽普拉提,景点,baidu,contains,B0LDOC1K9N,静悦瑜伽普拉提,体育休闲服务;运动场馆;健身中心,080111,健兴路与南昌路交叉口北160米,南岗区,126.4960722,45.7168417,126.629668,45.683389,wgs84_to_gcj02,10655.4,True,,,群力西区民生尚都福园二期B40-5号门市,10
花卉园,景点,baidu,none,,,,,,,126.5869726,45.7869001,,,wgs84_to_gcj02,,,,,警备路3号太阳岛风景区内,10
一凡瑜伽普拉提,景点,baidu,contains,B0J0LCSKTS,一凡瑜伽普拉提塑型工作室,体育休闲服务;运动场馆;健身中心,080111,华鸿金色纽约1号楼3单元902室,南岗区,126.7087117,45.7476489,126.714863,45.749722,wgs84_to_gcj02,0.4,False,,,华鸿金色纽约1号楼3单元902,1
尊皇Top台球会馆(清华大街店),景点,baidu,contains,B0H33PQ47K,台球会馆(城乡路店),体育休闲服务;运动场馆;台球厅,080113,城乡路257号,道里区,126.6033312,45.7161305,126.579908,45.725869,wgs84_to_gcj02,2437.0,True,,,清华大街61号地下,10
SK超级运动馆,景点,baidu,none,,,,,,,126.5649278,45.7295253,,,wgs84_to_gcj02,,,,,群力第七大道578号,10
小柒台球俱乐部,景点,baidu,none,,,,,,,126.5717592,45.6934313,,,wgs84_to_gcj02,,,,,王岗大街汇龙北纬45°8号楼二层商服206室（楼后院里上二楼）,10
路人王·东体篮球馆,景点,baidu,none,,,,,,,126.5088947,45.6967536,,,wgs84_to_gcj02,,,,,东湖路8号,1
友谊林,景点,baidu,none,,,,,,,126.6028382,45.7919175,,,wgs84_to_gcj02,,,,,太阳岛警备街太阳岛风景区内,2
禅熙瑜伽普拉提,景点,baidu,contains,B0I1B4O1PK,禅熙瑜伽普拉提私教工作室(闽江路店),体育休闲服务;运动场馆;健身中心,080111,闽江路248号金地大厦3单元501室,南岗区,126.5472757,45.7352425,126.690907,45.748137,wgs84_to_gcj02,10750.1,True,,,群力第四大道1705号财富中心C座7层23号,2
六月健身工作室,景点,baidu,none,,,,,,,126.5497653,45.7359873,,,wgs84_to_gcj02,,,,,群力远大步行街B3-3-9商业街3层,10
盛舟搏击,景点,baidu,contains,B0LAKGIFL2,盛舟搏击Aranha巴西柔术馆(龙武体育有限公司),体育休闲服务;运动场馆;运动场所,080100,健平路与健兴路交叉口西220米,南岗区,126.5810676,45.6944523,126.625725,45.684625,wgs84_to_gcj02,3281.5,True,,,黑龙江省哈尔滨市南岗区哈西街道金爵万象-2号楼,1
鑫享事成台球棋牌俱乐部,景点,baidu,none,,,,,,,126.7197911,45.7313469,,,wgs84_to_gcj02,,,,,团结街与木材东街交叉口西北100米,10
杏树山漂流,景点,baidu,none,,,,,,,127.1649656,45.261783,,,wgs84_to_gcj02,,,,,哈尔滨市阿城区小岭街道新平村杜家崴子,1
梵境源生活馆·普拉提·产后塑型,景点,baidu,none,,,,,,,126.6886139,45.7547738,,,wgs84_to_gcj02,,,,,红旗大街262号鑫商座3楼311室,10
圣母安息教堂旧址,景点,baidu,none,,,,,,,126.6623323,45.7775191,,,wgs84_to_gcj02,,,,,南通大街208号哈尔滨游乐园内,10
匠心健身工作室(江南国际大厦店),景点,baidu,none,,,,,,,126.6379899,45.7598804,,,wgs84_to_gcj02,,,,,邮政街105号江南国际大厦1508,1
添尊台球·棋牌,景点,baidu,contains,B0KBYCA8LY,添尊台球,体育休闲服务;运动场馆;台球厅,080113,南勋街72号(正大龙生家园西北2门西50米),道外区,126.6457602,45.7816897,126.651687,45.783735,wgs84_to_gcj02,11.5,False,,,黑龙江省哈尔滨市道外区太古街道南勋街72号,1
哈尔滨工程大学体育馆,景点,baidu,none,,,,,,,126.6718142,45.7748788,,,wgs84_to_gcj02,,,,,南通大街145号哈尔滨工程大学,10
善斯瑜伽·女性平台(平房店),景点,baidu,contains,B0J6Z4GDER,善斯瑜伽(平房店),体育休闲服务;运动场馆;健身中心,080111,友协大街与新祥里街交叉口西南100米,平房区,126.6251969,45.6046669,126.631225,45.606656,wgs84_to_gcj02,9.6,False,,,三合院里门市副97-19号,3
雅仕台球·棋牌会馆(泰山路店),景点,baidu,none,,,,,,,126.6967842,45.7422364,,,wgs84_to_gcj02,,,,,泰山路117号人和公寓4楼422室,1
巴尔久克健身工作室,景点,baidu,contains,B0JGSAJXO4,巴尔久克健身,体育休闲服务;运动场馆;健身中心,080111,西雅图水岸S7-4,道里区,126.5741378,45.7170975,126.579995,45.718989,wgs84_to_gcj02,6.9,False,,,民主大街-和谐大道-武威路合围处s7栋1-2层04号,1
清河悬羊岭景区,景点,baidu,contains,B0H3D5QVVJ,清河悬羊岭景区-杜鹃花海,风景名胜;风景名胜相关;旅游景点,110000,天佛山景区,通河县,129.1366658,46.3180672,129.142245,46.320532,wgs84_to_gcj02,151.7,False,,,哈尔滨市通河县清河林业局育林林场,3
娱咖乔氏台球俱乐部,景点,baidu,none,,,,,,,126.5867682,45.6986342,,,wgs84_to_gcj02,,,,,万隆路41号,10
军豪台球棋牌俱乐部,景点,baidu,none,,,,,,,126.6421724,45.7316994,,,wgs84_to_gcj02,,,,,文景街31-1,5
弘茂乒乓球馆(育红店),景点,baidu,contains,B0KDACEAA0,弘茂乒乓(育红店),体育休闲服务;运动场馆;乒乓球馆,080112,星源国际A座6号门市,南岗区,126.6646993,45.7697682,126.67072,45.772056,wgs84_to_gcj02,33.4,False,,,星源国际A座6号门市（育红小学对面）,1
哈尔滨超胜搏击俱乐部,景点,baidu,contains,B0KAT5P0R6,哈尔滨超胜搏击,体育休闲服务;运动场馆;运动场所,080100,学院南路裕发新城12A幢22号商服,呼兰区,126.5377028,45.8656757,126.543607,45.867603,wgs84_to_gcj02,11.0,False,,,学院南路裕发新城12A幢22号商服,1
威克达台球棋牌俱乐部,景点,baidu,contains,B0JG078PZA,台球棋牌,体育休闲服务;娱乐场所;棋牌室,080306,友谊东路天邑澜湾(北马路地铁站3号口步行200米),道外区,126.6638416,45.7031359,126.633504,45.781481,wgs84_to_gcj02,8945.4,True,,,联草街9号,10
哈尔滨格林水世界,景点,baidu,contains,B0FFJ2YGIY,哈尔滨格林水世界-旋转木马,风景名胜;风景名胜相关;旅游景点,110000,吉兴林场施业区金龙山国际旅游度假区内,阿城区,127.3688093,45.5159618,127.37557,45.519674,wgs84_to_gcj02,154.5,False,,,哈尔滨市阿城区金龙山镇吉兴村(近金龙山国家森林公园),8
中国雪谷金泽寒地温泉小镇,景点,baidu,contains,B0K0HCJTT5,金泽寒地温泉小镇,住宿服务;宾馆酒店;宾馆酒店,100100,雪谷长青景区西北方800米,五常市,128.0505012,44.4473284,128.05645,44.449795,wgs84_to_gcj02,49.4,False,,,黑龙江省哈尔滨市五常市山河屯林业局长青林场1号,1
后巷小院牧野露营,景点,baidu,none,,,,,,,126.5910767,45.783874,,,wgs84_to_gcj02,,,,,哈尔滨市松北区太阳岛街与西园街交叉路口往南约90米,10
艾驰健身,景点,baidu,contains,B0KAS7QML2,艾驰健身俱乐部,体育休闲服务;运动场馆;健身中心,080111,学府路70号,南岗区,126.6077485,45.7082126,126.613625,45.710052,wgs84_to_gcj02,10.0,False,,,学府路70号,1
哈尔滨JW万豪酒店游泳池,景点,baidu,none,,,,,,,126.5224661,45.7967771,,,wgs84_to_gcj02,,,,,创新一路199号,10
陈飞武术馆,景点,baidu,none,,,,,,,126.5460516,45.8878289,,,wgs84_to_gcj02,,,,,黑龙江省哈尔滨市呼兰区南京路大都会商服2期B1-10号,1
悦芯·瑜伽,景点,baidu,none,,,,,,,126.5406391,45.8797267,,,wgs84_to_gcj02,,,,,江北学院路顺迈欣郡c区s5-16,1
绅尚台球会馆,景点,baidu,contains,B0H33PQ47K,台球会馆(城乡路店),体育休闲服务;运动场馆;台球厅,080113,城乡路257号,道里区,126.5429245,45.871648,126.579908,45.725869,wgs84_to_gcj02,16600.2,True,,,学院路泓林金色地标11栋2层16号,10
完美状态连锁健身工作室(哈西店),景点,baidu,none,,,,,,,126.5774539,45.6893057,,,wgs84_to_gcj02,,,,,东方新天地商业街17栋208号,10
苍穹独牙台球吧,景点,baidu,contains,B0L21LTQRY,独牙台球,体育休闲服务;运动场馆;运动场所,080100,体育街与体育二道街交叉口东南40米,香坊区,126.6683092,45.7560742,126.651426,45.723713,wgs84_to_gcj02,4214.4,True,,,黑龙江省哈尔滨市南岗区平准街4-2号,10
名将冰上运动中心(南岗店),景点,baidu,none,,,,,,,126.6727785,45.7412286,,,wgs84_to_gcj02,,,,,黑龙江省哈尔滨市南岗区衡山路31号湘江公园西南角,0
夺金乔氏台球俱乐部,景点,baidu,contains,B0MAHLMM5M,乔氏台球俱乐部,体育休闲服务;运动场馆;台球厅,080113,利民大道与宜春路交叉口东南100米,呼兰区,126.6010662,45.715817,126.559225,45.882475,wgs84_to_gcj02,18687.9,True,,,清华大街117号负一层（夺金乔氏台球）,10
炬力健身工厰,景点,baidu,none,,,,,,,126.6073273,45.7093778,,,wgs84_to_gcj02,,,,,学府路74号哈尔滨市学府书店5层,2
Lifetime+普拉提运动馆(万科智慧未来城店),景点,baidu,none,,,,,,,126.7090448,45.6925832,,,wgs84_to_gcj02,,,,,万科智慧未来城A区,10
哈尔滨古尘瑜伽道里店,景点,baidu,none,,,,,,,126.5985603,45.7613824,,,wgs84_to_gcj02,,,,,爱建南路锦园小区7号楼2单元202室,10
国动体育(银泰城店),景点,baidu,contains,B0HUCUUBGI,国动体育运动中心(银泰城购物中心店),体育休闲服务;运动场馆;运动场所,080100,群力街道群力大道2399号银泰城购物中心3楼3034-3035,道里区,126.533831,45.7348289,126.541348,45.736571,wgs84_to_gcj02,118.7,False,,,银泰城3楼,10
中田健身工作室(哈尔滨群力远大店),景点,baidu,none,,,,,,,126.5512415,45.7364524,,,wgs84_to_gcj02,,,,,群力第四大道1333号c1栋3层8号,10
呼兰天主堂,景点,baidu,none,,,,,,,126.6042171,45.9859483,,,wgs84_to_gcj02,,,,,黑龙江省哈尔滨市呼兰区亿兴路与东府路交叉口处,3
初见瑜伽普拉提(会展店),景点,baidu,none,,,,,,,126.6958727,45.7556251,,,wgs84_to_gcj02,,,,,公园丽景B栋2单元一层一号,10
米斯格国际游泳俱乐部,景点,baidu,none,,,,,,,126.5342118,45.7324017,,,wgs84_to_gcj02,,,,,黑龙江省哈尔滨市道里区群力大道2306-B1号,10
聚英乔氏台球棋牌,景点,baidu,contains,B0JK4ZPKV7,聚英乔氏台球棋牌俱乐部,体育休闲服务;运动场馆;台球厅,080113,横道街68号(教工住宅小区东门东南90米),香坊区,126.6801417,45.7237195,126.686241,45.725698,wgs84_to_gcj02,6.1,False,,,横道街68号,1
七号私教健身馆,景点,baidu,contains,B0L6SS3FAX,七号私教健身(松雷远大店),体育休闲服务;运动场馆;健身中心,080111,建设街41号(博物馆地铁站3A口步行250米),南岗区,126.6045583,45.7506134,126.646829,45.758199,wgs84_to_gcj02,2890.5,True,,,黑龙江省哈尔滨市道里区新阳路290号宏光大厦A座,10
林业大学游泳馆,景点,baidu,contains,B01C30JK8J,东北林业大学游泳馆,体育休闲服务;运动场馆;游泳馆,080110,和兴路26号东北林业大学,南岗区,126.6254791,45.7180409,126.631379,45.719998,wgs84_to_gcj02,3.1,False,,,黑龙江省哈尔滨市南岗区和兴路26号（近王兆新村）,10
即刻健身(世阳路店),景点,baidu,none,,,,,,,126.4905242,45.8012533,,,wgs84_to_gcj02,,,,,世阳路148号,10
多美台球俱乐部,景点,baidu,contains,B0I2DCSMF6,哈尔滨多美台球俱乐部,体育休闲服务;体育休闲服务场所;体育休闲服务场所,080000,和谐大道353-2号2F(中交香颂3号门旁),南岗区,126.5838933,45.6951899,126.589786,45.697122,wgs84_to_gcj02,1.1,False,,,和谐大道353-2号2F,1
TRUEYOGA初瑜伽私人会所(商务公寓C座店),景点,baidu,none,,,,,,,126.5502094,45.7356609,,,wgs84_to_gcj02,,,,,群力第四大道1479号远大商务公寓C座1713,10
哈尼动物园(中央商城店),景点,baidu,contains,B0H1NC9X3L,哈尼动物园售票处,生活服务;售票处;公园景点售票处,070306,大安街与中央大街交叉口西40米,道里区,126.6130606,45.7697157,126.618988,45.771547,wgs84_to_gcj02,9.1,False,,,哈尔滨市道里区中央大街与大安街交口地下室,1
台球(民生尚都瑞园店),景点,baidu,none,,,,,,,126.5178116,45.7192671,,,wgs84_to_gcj02,,,,,哈尔滨市群力第六大道3450号,10
雪雕艺术园,景点,baidu,contains,B01C31A5Y6,太阳岛风景区-雪雕艺术园,科教文化服务;展览馆;展览馆|风景名胜;风景名胜相关;旅游景点,140200|110000,太阳大道3号太阳岛风景区,松北区,126.5895676,45.7878473,126.595493,45.789656,wgs84_to_gcj02,10.6,False,,,太阳岛风景区内,2
天艺舞蹈瑜伽,景点,baidu,none,,,,,,,126.6685797,45.7578878,,,wgs84_to_gcj02,,,,,黑龙江省哈尔滨市南岗区大成街道大成街附5-1号,10
东兴联合跆拳道拳击馆,景点,baidu,none,,,,,,,127.1494512,44.9185175,,,wgs84_to_gcj02,,,,,黑龙江省哈尔滨市五常市文苑路139号,10
来力台球(霁虹街店),景点,baidu,contains,B0FFGVEZZV,来力台球俱乐部(霁虹小区店),购物服务;体育用品店;体育用品店,060900,霁虹街附71号(尚志大街地铁站2号口步行240米),道里区,126.6198923,45.7621434,126.625796,45.764066,wgs84_to_gcj02,1.9,False,,,黑龙江省哈尔滨市道里区霁虹街71号,1
哈尔滨基督教堂,景点,baidu,none,,,,,,,126.6455854,45.7624301,,,wgs84_to_gcj02,,,,,哈尔滨市南岗区东大直街铁岭社区,10
创奇露营基地,景点,baidu,none,,,,,,,126.476024,45.8289956,,,wgs84_to_gcj02,,,,,智谷二街5333号,10
极真武道·空手道·剑道会馆(立特写字楼店),景点,baidu,none,,,,,,,126.5549314,45.7346747,,,wgs84_to_gcj02,,,,,黑龙江省哈尔滨市道里区景江西路1558号立特写字楼五楼29号,10
宇诺乔氏台球棋牌(星河路店),景点,baidu,none,,,,,,,126.6742786,45.6991244,,,wgs84_to_gcj02,,,,,星河路与松海路交口恒大御景湾一期,1
仕胜台球会所,景点,baidu,none,,,,,,,126.6948772,45.7361943,,,wgs84_to_gcj02,,,,,赣水路326-4号,1
金刚山台球(新盛隆商厦店),景点,baidu,none,,,,,,,126.6230931,45.7680597,,,wgs84_to_gcj02,,,,,透笼街22-17号,10
F&M健身普拉提,景点,baidu,none,,,,,,,126.5912966,45.7002607,,,wgs84_to_gcj02,,,,,中兴大道102号南郡·香醍雅诺一期2栋,1
唐果瑜伽,景点,baidu,contains,B0JDRMJRZ1,唐果瑜伽馆,体育休闲服务;运动场馆;健身中心,080111,和兴路74-4号,南岗区,126.6153924,45.7285546,126.621336,45.730532,wgs84_to_gcj02,6.1,False,,,黑龙江省哈尔滨市南岗区和兴路74-4号,10
跃动羽毛球馆,景点,baidu,none,,,,,,,126.5618879,45.7320652,,,wgs84_to_gcj02,,,,,群力第五大道518号,2
伊雅·瑜伽普拉提馆(中海店),景点,baidu,none,,,,,,,126.5300865,45.7218538,,,wgs84_to_gcj02,,,,,中海寰宇7号楼门市3楼,1
谈小娱24h自助台球(抚顺街店),景点,baidu,none,,,,,,,126.6150773,45.7533073,,,wgs84_to_gcj02,,,,,抚北七道街14号,1
莱可台球俱乐部,景点,baidu,contains,B0K1NSS3DT,莱可台球,体育休闲服务;运动场馆;台球厅,080113,蓝郡写字楼西门旁,南岗区,126.5910214,45.6944265,126.596927,45.696356,wgs84_to_gcj02,0.3,False,,,哈西大街608号二楼,1
哈尔滨工业大学-体育中心,景点,baidu,none,,,,,,,126.6280427,45.7367719,,,wgs84_to_gcj02,,,,,黑龙江省哈尔滨市南岗区西大直街92号,10
爱好健身工作室,景点,baidu,contains,B0I3FLW387,东方亮爱好健身工作室,体育休闲服务;运动场馆;健身中心,080111,松海路东方亮3层9门,香坊区,126.670315,45.6981076,126.676225,45.700425,wgs84_to_gcj02,34.9,False,,,哈尔滨市松海路东方亮写字楼3层9门,8
君锐FLAGSHIP GYM健身(宝宇天邑店),景点,baidu,contains,B0LBMC0TGZ,君锐FLAGSHIP GYM(宝宇天邑店),体育休闲服务;运动场馆;健身中心,080111,大新街东侧临时道路278-1号,道外区,126.6269946,45.7812214,126.63294,45.783148,wgs84_to_gcj02,0.5,False,,,大新街东侧临时街道278-1号,1
司氏台球俱乐部,景点,baidu,none,,,,,,,126.6865929,45.7528983,,,wgs84_to_gcj02,,,,,黄河路186-6号,10
鑫力汇健身(卓展店),景点,baidu,none,,,,,,,126.5990603,45.7553777,,,wgs84_to_gcj02,,,,,卓展购物中心一期A座安隆街106号四楼4903室,10
启辰乔氏台球俱乐部(乡里街店),景点,baidu,none,,,,,,,126.5805691,45.7336566,,,wgs84_to_gcj02,,,,,黑龙江省哈尔滨市道里区乡里街184号,1
欢喜棋牌台球俱乐部,景点,baidu,none,,,,,,,126.6390288,45.7795993,,,wgs84_to_gcj02,,,,,南勋街264号欢喜棋牌台球俱乐部,10
球小闲24小时自助台球(哈尔滨学府三道街店),景点,baidu,contains,B0K6YH8GTA,球小闲24小时自助台球棋牌(测绘路店),体育休闲服务;体育休闲服务场所;体育休闲服务场所,080000,学府花园10栋1层1号(测绘路66号),南岗区,126.6167569,45.711775,126.622623,45.713695,wgs84_to_gcj02,4.1,False,,,学榭花园10栋1层1号,1
简渡·瑜伽普拉提(金爵万象店),景点,baidu,none,,,,,,,126.5812935,45.6943552,,,wgs84_to_gcj02,,,,,和谐大道金爵万象1期2号楼15层1520室,10
青城排球体育馆(红博会展购物广场店),景点,baidu,none,,,,,,,126.6966383,45.7532025,,,wgs84_to_gcj02,,,,,黑龙江省哈尔滨市南岗区黄河路200号,10
哈尔滨东正教堂,景点,baidu,none,,,,,,,126.6447545,45.7619335,,,wgs84_to_gcj02,,,,,黑龙江省哈尔滨市南岗区东大直街268号,1
哈尔滨悦枫酒店(中央大街地铁站索菲亚教堂店),景点,amap,none,,,,,,,126.616778,45.769512,,,identity,,,,,通江街7号(中央大街地铁站1号口步行90米),3
寒酥庄园酒店(亚布力滑雪旅游度假区),景点,amap,none,,,,,,,128.515175,44.825075,,,identity,,,,,亚布力滑雪旅游度假区亚雪公路珍奇动物科技示范园东南方向30米,10
加瑜伽,景点,baidu,none,,,,,,,126.6606863,45.7613829,,,wgs84_to_gcj02,,,,,马端街210号,1
汇龙·半岛首府游泳健身会所(松北店),景点,baidu,none,,,,,,,126.5146454,45.8294889,,,wgs84_to_gcj02,,,,,龙盛路1606号半岛首府北大堂负1楼,1
木兰鑫温泉洗浴宾馆,景点,amap,contains,B0FFHC39RY,鑫温泉洗浴宾馆,住宿服务;旅馆招待所;旅馆招待所|生活服务;洗浴推拿场所;洗浴推拿场所,100200|071400,民主二道街教委东100米,木兰县,128.03876,45.950057,128.03876,45.950057,identity,0.0,False,,,民主二道街教委东100米,1
佰源民宿酒店(东北虎林园店),景点,amap,none,,,,,,,126.609583,45.826017,,,identity,,,,,东北亚大街1738号广信新城小区BS-4号楼1号商服2层3层,1
哈尔滨民俗博物馆民宿(松花江店),景点,amap,none,,,,,,,126.606775,45.757875,,,identity,,,,,安定街与安发街交叉口西120米,1
悠途瑜伽普拉提身材管理中心,景点,baidu,none,,,,,,,126.6456137,45.7198894,,,wgs84_to_gcj02,,,,,香坊乐松凯旋广场A座35楼19室,10
道里区中心冰场,景点,baidu,none,,,,,,,126.5409274,45.7334554,,,wgs84_to_gcj02,,,,,群力大道与丽江路交汇处体育公园,2
喀秋莎露营基地俱乐部,景点,baidu,none,,,,,,,127.2507666,45.4491297,,,wgs84_to_gcj02,,,,,合兴村,10
松武格斗·若虎蟒技巴西柔术(哈西店),景点,baidu,none,,,,,,,126.5693676,45.6932589,,,wgs84_to_gcj02,,,,,黑龙江省哈尔滨市南岗区中兴左街恒大珺庭2栋7号2楼,10
力度铁馆(服装城店),景点,baidu,none,,,,,,,126.6047584,45.703075,,,wgs84_to_gcj02,,,,,保健路街道新境街5号院内,1
君蒂乔氏台球棋牌俱乐部(群力店),景点,baidu,none,,,,,,,126.5159361,45.7197235,,,wgs84_to_gcj02,,,,,工农街道群力第六大道3579号,1
德友体育馆·篮球·足球,景点,baidu,contains,B0JKKMAIUO,德友体育馆,公司企业;公司;公司,170200,洪湖路18号,道里区,126.5057659,45.6998554,126.512117,45.702335,wgs84_to_gcj02,46.1,False,,,洪湖路18号,2
独牙台球俱乐部(哈尔滨壹号店),景点,baidu,contains,B0J369GRNT,独牙台球俱乐部哈尔滨壹号店,体育休闲服务;运动场馆;台球厅,080113,衡山路18号远东大厦C区,香坊区,126.6711582,45.738811,126.677161,45.740768,wgs84_to_gcj02,6.5,False,,,衡山路18号远东大厦C区（近万达）,1
哈尔滨体育学院-滑冰馆,景点,baidu,none,,,,,,,126.6709215,45.7594718,,,wgs84_to_gcj02,,,,,大成街1号,2
哈尔滨宜佰体育羽毛球馆(会展中心店),景点,baidu,contains,B0MDS6C5R4,宜佰体育羽毛球馆(会展中心店),体育休闲服务;运动场馆;羽毛球场,080118,泰山路与长江路辅路交叉口北260米,南岗区,126.6981337,45.7525798,126.703625,45.754025,wgs84_to_gcj02,83.5,False,,,红旗大街301号会展体育场旁,2
高星乔氏台球会所,景点,baidu,none,,,,,,,126.5989701,45.7517101,,,wgs84_to_gcj02,,,,,黑龙江省哈尔滨市道里区阳明街副3号,10
佳得乐哈尔滨东体篮球馆(太湖店),景点,baidu,none,,,,,,,126.5065769,45.690979,,,wgs84_to_gcj02,,,,,黑龙江省哈尔滨市道里区太湖南街16号厂房,1
悦唯瑜伽普拉提,景点,baidu,contains,B0J3RMWCH8,悦唯瑜伽普拉提馆,体育休闲服务;运动场馆;健身中心,080111,杉杉路汇宏时代广场B座905室,呼兰区,126.546622,45.8880681,126.564331,45.876296,wgs84_to_gcj02,1772.1,True,,,杉杉路汇宏时代广场B座9楼905,1
美仑酒店(哈尔滨中央大街火车站店),景点,amap,contains,B0L6ZRNWT3,哈尔滨中央大街火车站美仑酒店,住宿服务;宾馆酒店;宾馆酒店,100100,松花江街道铁路街29号,南岗区,126.631039,45.759233,126.631039,45.759233,identity,0.0,False,,,松花江街道铁路街29号,2
哈尔滨中央大街大公馆1903酒店(索菲亚教堂店),景点,amap,none,,,,,,,126.618097,45.77208,,,identity,,,,,东风街18号,2
雅致永悦汇养生沐浴,景点,amap,contains,B0FFLIHYMJ,雅致永悦汇养生,生活服务;洗浴推拿场所;洗浴推拿场所,071400,华山路41号1-3层,南岗区,126.683843,45.745727,126.684175,45.745964,identity,36.9,False,,,华山路19号1-3层,1
力欧台球(清华大街店),景点,baidu,contains,B0I1FMNFKI,诚阳新力欧台球会所(清华大街店),体育休闲服务;运动场馆;台球厅,080113,清华大街32号(理工大学地铁站2号口步行450米),南岗区,126.6033669,45.7162189,126.609259,45.717984,wgs84_to_gcj02,17.6,False,,,清华大街61号地下,1
瑜伽,景点,baidu,none,,,,,,,126.5078063,45.7195656,,,wgs84_to_gcj02,,,,,岷山路133号，民生尚都和园一期B20-8号,10
尚志清真寺(东一条路),景点,baidu,none,,,,,,,127.9656655,45.2115158,,,wgs84_to_gcj02,,,,,黑龙江省哈尔滨市尚志市尚志镇东一条路17号,3
卡姆乔氏台球俱乐部CALM CLUB,景点,baidu,none,,,,,,,126.5851052,45.7408114,,,wgs84_to_gcj02,,,,,康安路125-8号二楼,10
战龙散打搏击,景点,baidu,none,,,,,,,126.5418757,45.8715353,,,wgs84_to_gcj02,,,,,学院路泓林金色地标9栋1层12门市（2号线江北大学城地铁站1号口东150米）,2
JJ无烟台球俱乐部,景点,baidu,none,,,,,,,126.5859812,45.7021709,,,wgs84_to_gcj02,,,,,哈西大街299号西城红场负一层黑域内网红楼梯附近,10
Liking Fit智能健身(嗨梦店),景点,baidu,none,,,,,,,126.5213449,45.8068545,,,wgs84_to_gcj02,,,,,世茂大道247号嗨梦负一层,1
鲸禧台球俱乐部(汇励99城市公园店),景点,baidu,none,,,,,,,126.5996531,45.7592114,,,wgs84_to_gcj02,,,,,紫园路50号6层,10
商大游泳馆(通达街店),景点,baidu,none,,,,,,,126.6035405,45.741634,,,wgs84_to_gcj02,,,,,通达街138号（近经纬街）,2
花好月圆,景点,baidu,contains,B0H0ONX0ST,花好月圆礼仪鲜花,购物服务;花鸟鱼虫市场;花卉市场|生活服务;生活服务场所;生活服务场所,060501|070000,光华小区28栋18号,道里区,126.6706032,45.6980586,126.610703,45.745947,wgs84_to_gcj02,7226.1,True,,,松海路98号澜悦东方1栋商服单元3,3
君子好球台球棋牌,景点,baidu,none,,,,,,,126.6720699,45.7262523,,,wgs84_to_gcj02,,,,,香顺街39号东黑龙江省中医医院旁,2
哈尔滨商业大学南学区-体育馆,景点,baidu,none,,,,,,,126.600884,45.736757,,,wgs84_to_gcj02,,,,,黑龙江省哈尔滨市道里区康安路37号哈尔滨商业大学南区内,1
加速度运动健身中心(国际儿少体适能松北店),景点,baidu,none,,,,,,,126.5112531,45.8022374,,,wgs84_to_gcj02,,,,,黑龙江省哈尔滨市松北区世茂滨江新城一期区观澜居二D2号楼一层-负一层3室,1
超级独角兽健身工作室,景点,baidu,none,,,,,,,126.6173238,45.7718014,,,wgs84_to_gcj02,,,,,尚志大街99号99公馆商服409,10
绿动智能健身(桐楠格店),景点,baidu,contains,B0FFJ1OCNW,智能健身(麦凯乐店),体育休闲服务;运动场馆;健身中心,080111,金安国际4号门东160米,道里区,126.5444041,45.7123085,126.622353,45.771898,wgs84_to_gcj02,8497.5,True,,,黑龙江省哈尔滨市道里区四方台大道516-15号,10
非凡乔氏台球俱乐部(融江路店),景点,baidu,none,,,,,,,126.5353438,45.7115995,,,wgs84_to_gcj02,,,,,融江路1105号,10
先锋乒羽体育馆(名人100贵族园店),景点,baidu,none,,,,,,,126.684342,45.7653385,,,wgs84_to_gcj02,,,,,先锋路455-1号,1
哈尔滨工业大学-游泳馆,景点,baidu,none,,,,,,,126.6267074,45.7363004,,,wgs84_to_gcj02,,,,,黑龙江省哈尔滨市南岗区西大直街92号哈尔滨工业大学（近一匡街）,4
汉庭酒店(哈尔滨东大直街红博广场店),景点,amap,none,,,,,,,126.64437,45.758345,,,identity,,,,,国民街75号(国民街与东大直街交汇口),2
德云社(景阳街店),景点,amap,none,,,,,,,126.638721,45.781757,,,identity,,,,,中华巴洛克街区(北马路地铁站4号口步行320米),1
哈尔滨中央大街索菲亚希尔顿欢朋酒店,景点,amap,none,,,,,,,126.619233,45.768161,,,identity,,,,,经纬街139号(中央大街地铁站2号口步行250米),1
哈尔滨老街国际青年旅舍,景点,amap,contains,B0FFGSIAT2,哈尔滨老街国际青年旅舍中央大街店,住宿服务;住宿服务相关;住宿服务相关,100000,中央大街西三道街16号1单元10-1楼,道里区,126.620341,45.775887,126.620341,45.775887,identity,0.0,False,,,中央大街西三道街16号1单元10-1楼,10
Tiger少儿体育运动中心(红博会展购物广场店),景点,baidu,none,,,,,,,126.6981699,45.7539127,,,wgs84_to_gcj02,,,,,黄河路200号会展中心体育馆Tiger少儿体育运动中心,1
滚动台球室,景点,baidu,none,,,,,,,126.5853254,45.7349032,,,wgs84_to_gcj02,,,,,利民街23号,10
哈尔滨冰上训练基地多功能综合楼,景点,baidu,contains,B01C301D45,哈尔滨冰上训练基地,体育休闲服务;运动场馆;综合体育馆,080101,南通大街128号,南岗区,126.6675133,45.7789875,126.671605,45.782008,wgs84_to_gcj02,189.7,False,,,南通大街128号,10
Hi普拉提工作室,景点,baidu,none,,,,,,,126.5815105,45.6937735,,,wgs84_to_gcj02,,,,,哈尔滨大街金爵万象一期3号楼1307号,10
TrainingFit私教健身工作室,景点,baidu,none,,,,,,,126.5780782,45.6878487,,,wgs84_to_gcj02,,,,,哈双路东方新天地商业街12栋s12号商服,10
桌球俱乐部,景点,baidu,none,,,,,,,126.6604054,45.771814,,,wgs84_to_gcj02,,,,,一曼街富二号（泰山大厦富一层）,10
乐达游泳俱乐部(北岸明珠店),景点,baidu,contains,B0IRGZ9OY7,乐达游泳(北岸明珠店),体育休闲服务;运动场馆;游泳馆,080110,新湾路北岸明珠小区会馆乐达游泳俱乐部(西南1门进入),松北区,126.5420774,45.8031181,126.548092,45.805053,wgs84_to_gcj02,3.3,False,,,新湾路223号北岸明珠小区院内会馆1楼左侧,1
一面坡国家森林公园,景点,baidu,none,,,,,,,128.3030737,44.9492418,,,wgs84_to_gcj02,,,,,哈尔滨市尚志市以南20公里处,10
泽远普拉提瑜伽工作室,景点,baidu,none,,,,,,,126.6419774,45.760783,,,wgs84_to_gcj02,,,,,东大直街261号深业大厦,1
魏家菜老街味道(融江路店),景点,amap,contains,B0FFFR36T8,老街味道(安广街店),餐饮服务;中餐厅;东北菜,050113,安广街41号,道里区,126.540633,45.711868,126.615614,45.758007,identity,7758.0,True,,,群力融江路942号,1
哈尔滨拾光海岸温泉商务酒店(海豚堡水乐园店),景点,amap,none,,,,,,,126.758298,45.77412,,,identity,,,,,先锋路2号,6
东北抗日联军纪念园,景点,baidu,contains,B01C30IUX3,太阳岛风景区-东北抗日联军纪念园,风景名胜;风景名胜;纪念馆,110204,警备路3号太阳岛风景区内(东侧),松北区,126.6022992,45.7889455,126.608067,45.790589,wgs84_to_gcj02,31.1,False,,,警备路3号太阳岛风景区内,2
哈尔滨城市足球公园,景点,amap,none,,,,,,,126.647192,45.687243,,,identity,,,,,哈平路189号,10
哈尔滨市道外区女公子瑜伽工作室,景点,baidu,contains,B0KG3HKTTT,女公子瑜伽工作室,体育休闲服务;运动场馆;健身中心,080111,福宏名城南区西北门旁,道外区,126.6374143,45.7670872,126.643397,45.769,wgs84_to_gcj02,3.6,False,,,福宏名城三号楼一单元303,1
囍麻棋牌台球娱乐会所(索菲亚店),景点,baidu,contains,B0FFJOLCMO,台球娱乐会所,体育休闲服务;运动场馆;台球厅,080113,安埠街64号,香坊区,126.6205546,45.767521,126.706508,45.729189,wgs84_to_gcj02,7654.2,True,,,透笼街58号曼哈顿大厦六层,10
东北林业大学-体育活动中心,景点,baidu,none,,,,,,,126.6304294,45.7185724,,,wgs84_to_gcj02,,,,,黑龙江省哈尔滨市香坊区文昌街东北林业大学内,10
源本瑜伽普拉提,景点,baidu,none,,,,,,,126.5796484,45.6955274,,,wgs84_to_gcj02,,,,,中交香颂D栋1019,10
富尊台球棋牌会馆,景点,baidu,none,,,,,,,126.60208,45.7454523,,,wgs84_to_gcj02,,,,,光华街126号,1
HEART心健身工作室,景点,baidu,none,,,,,,,126.5578676,45.7361111,,,wgs84_to_gcj02,,,,,景江东路和第四大道交口金中环F座写字楼411室412室,10
哈尔滨国际会展体育中心,景点,baidu,contains,B0FFGB44AG,哈尔滨国际会展体育中心广场(红博会展购物广场店),体育休闲服务;体育休闲服务场所;体育休闲服务场所,080000,黄河路202号(近红博世纪广场),南岗区,126.6969355,45.7519708,126.698205,45.755072,wgs84_to_gcj02,393.9,False,,,哈尔滨市南岗区红旗大街301号,10
帽儿山雪迹滑雪俱乐部,景点,baidu,contains,B0GKSAI9T8,雪迹滑雪俱乐部,体育休闲服务;运动场馆;滑雪场,080106,帽儿山高山体院滑雪场,尚志市,127.4474487,45.2544805,127.454089,45.256774,wgs84_to_gcj02,0.5,False,,,帽儿山高山体院滑雪场,1
哈尔滨市南岗区国动体育水育中心,景点,baidu,none,,,,,,,126.5719134,45.6930698,,,wgs84_to_gcj02,,,,,王岗大街601-23号汇龙北纬45度7号商服1层9号,10
3KG叁公斤健身工作室,景点,baidu,none,,,,,,,126.5892771,45.7420857,,,wgs84_to_gcj02,,,,,黑龙江省哈尔滨市道里区钢铁街副37号,10
哈尔滨索菲特大酒店-健身中心,景点,baidu,none,,,,,,,126.672798,45.7386242,,,wgs84_to_gcj02,,,,,赣水路68号哈尔滨索菲特大酒店3层,5
自游台球棋牌会馆,景点,baidu,none,,,,,,,126.7231629,45.73091,,,wgs84_to_gcj02,,,,,互助街C区6栋7号门市,4
瑜伽·普拉提,景点,baidu,contains,B0LDACI9NI,凯曼瑜伽·普拉提(宝宇店),体育休闲服务;运动场馆;健身中心,080111,新马路144号1-3层步行至北马路地铁口1分钟,道外区,126.5696863,45.6877568,126.633041,45.779642,wgs84_to_gcj02,10949.1,True,,,南兴街296号,10
冰雪暖堡(气膜馆)(暂停营业),景点,amap,none,,,,,,,126.55398,45.77439,,,identity,,,,,太阳大道1458号哈尔滨冰雪大世界,10
澜悦汇,景点,amap,none,,,,,,,126.677384,45.764997,,,identity,,,,,先锋路328号,6
旭昇普拉提瑜伽生活馆(恒大珺庭店),景点,baidu,none,,,,,,,126.5665397,45.6936182,,,wgs84_to_gcj02,,,,,王岗镇中兴左街56号,10
奥龙健身俱乐部(进乡店),景点,baidu,none,,,,,,,126.690842,45.6936332,,,wgs84_to_gcj02,,,,,进乡街附131-1号,1
Liking Fit智能健身(中源店),景点,baidu,contains,B0FFJ1OCNW,智能健身(麦凯乐店),体育休闲服务;运动场馆;健身中心,080111,金安国际4号门东160米,道里区,126.554108,45.813617,126.622353,45.771898,wgs84_to_gcj02,6846.0,True,,,银河小区1栋12号商服,10
森鹏·综合健身中心(铭奥国际店),景点,baidu,none,,,,,,,127.170427,44.9188691,,,wgs84_to_gcj02,,,,,哈尔滨市五常市五常镇森美影城二楼右侧,6
非同茶业,景点,baidu,contains,B0FFFAJVMQ,非同茶业台球会馆,体育休闲服务;运动场馆;台球厅|餐饮服务;茶艺馆;茶艺馆,080113|050600,香坊大街123号,香坊区,126.6717413,45.7219492,126.677751,45.723992,wgs84_to_gcj02,4.2,False,,,香坊大街123号,1
嘿球24小时自助台球俱乐部(银泰城购物中心店),景点,baidu,none,,,,,,,126.5339035,45.7343636,,,wgs84_to_gcj02,,,,,群力大道银泰城4楼4020-4023号（海底捞旁）,1
菲特力斯健身1号铁馆,景点,baidu,contains,B0LGKHP3T8,菲特力斯健身,体育休闲服务;运动场馆;健身中心,080111,金都街道万博豪庭入户大堂3楼,阿城区,126.9734189,45.5282546,126.979956,45.530474,wgs84_to_gcj02,34.0,False,,,万博豪庭入户大堂,2
MY·DANCE梦瑶瑜伽舞蹈,景点,baidu,contains,B0GK5Z9YXB,梦瑶瑜伽舞蹈,体育休闲服务;运动场馆;健身中心|科教文化服务;科教文化场所;科教文化场所,080111|140000,安埠街道埠南路39号罗马公元14栋7门市,香坊区,126.6879167,45.716997,126.694004,45.719024,wgs84_to_gcj02,2.0,False,,,黑龙江省哈尔滨市香坊区埠南街39号罗马公园小区14栋7门市,4
Super slim 24小时自助健身,景点,baidu,none,,,,,,,126.9843825,45.5338591,,,wgs84_to_gcj02,,,,,东环嘉园2期,3
玖条棋牌台球室,景点,baidu,none,,,,,,,126.6870765,45.7261992,,,wgs84_to_gcj02,,,,,安埠街407号,1
叁號台球俱乐部,景点,baidu,none,,,,,,,126.5933958,45.7549826,,,wgs84_to_gcj02,,,,,达道街1-53号,10
LIN PILATES普拉提,景点,baidu,contains,B0KUUCYXSG,LIN PILATES,体育休闲服务;运动场馆;健身中心,080111,元江路692号,道里区,126.5316088,45.7425575,126.537686,45.744541,wgs84_to_gcj02,3.7,False,,,元江路692号,1
御泉谷温泉度假酒店,景点,amap,none,,,,,,,126.911456,45.668603,,,identity,,,,,伏尔加支路888号(新农村二组),7
Liking Fit智能健身(世祥店),景点,baidu,none,,,,,,,126.4884419,45.8076458,,,wgs84_to_gcj02,,,,,世祥路528号万达华园C13-1号楼124号商服（北侧地下停车场口旁）,1
奇妙岛乐园淘气堡,景点,amap,none,,,,,,,126.617007,45.779464,,,identity,,,,,中央大街与防汛路交叉口西南60米,10
里道斯国际健身,景点,baidu,none,,,,,,,126.6407629,45.7582854,,,wgs84_to_gcj02,,,,,东大直街320号8楼（里道斯国际大厦）,7
美丽岛温泉旅游度假区,景点,baidu,none,,,,,,,126.9275813,45.6768741,,,wgs84_to_gcj02,,,,,黑龙江省哈尔滨市阿城区长江南路18公里处,3
星爵台球俱乐部(文化桥东路店),景点,baidu,contains,B0I62DFY2F,五常市星爵台球俱乐部(冠业·国际街区店),体育休闲服务;运动场馆;台球厅,080113,五常镇新曙光街电大二期1-2层24门比优特后门斜对面,五常市,127.155273,44.9201226,127.161834,44.922262,wgs84_to_gcj02,11.5,False,,,冠业国际街区希望大街402号,1
黑龙江哈尔滨白渔泡国家湿地公园,景点,baidu,none,,,,,,,126.891379,45.8958188,,,wgs84_to_gcj02,,,,,黑龙江省哈尔滨市道外区巨源镇,0
哈尔滨商业大学(江北校区)-体育馆,景点,baidu,none,,,,,,,126.5576766,45.8193887,,,wgs84_to_gcj02,,,,,船口街道学海街哈尔滨商业大学(江北校区A区),9
鼎烽台球俱乐部(远大购物中心群力店),景点,baidu,none,,,,,,,126.5520937,45.7357927,,,wgs84_to_gcj02,,,,,群里远大c3栋4-16室,10
亚洲第一滑道,景点,baidu,none,,,,,,,128.4492827,44.740409,,,wgs84_to_gcj02,,,,,亚布力镇东南20公里,0
悦翔运动中心(新吉购物中心店),景点,baidu,none,,,,,,,126.6615656,45.7593116,,,wgs84_to_gcj02,,,,,新吉购物中心负一层,10
一迈游泳健身(万科金域店),景点,baidu,none,,,,,,,126.6779798,45.6889021,,,wgs84_to_gcj02,,,,,拥军路万科金域悦府负一层商铺,9
力得健身(银泰城店),景点,baidu,contains,B0L6HHFTZJ,力得健身银泰城,体育休闲服务;运动场馆;健身中心,080111,银泰城3F3067店铺,道里区,126.5348946,45.7355165,126.541125,45.737775,wgs84_to_gcj02,32.6,False,,,群力大道2399号银泰城3067铺,1
精品文物馆,景点,baidu,none,,,,,,,126.9621378,45.494674,,,wgs84_to_gcj02,,,,,哈尔滨市阿城区金源路49号金上京历史博物馆,1
群力新区金河公园-三期,景点,baidu,contains,B0FFHYGHUK,金河公园,风景名胜;公园广场;公园,110101,景江东路66号,道里区,126.5560729,45.7356189,126.562119,45.738878,wgs84_to_gcj02,145.2,False,,,哈尔滨市道里区景江东路与群力第四大道交叉路口往西约120米,10
一一台球吧,景点,baidu,none,,,,,,,126.6046427,45.7277244,,,wgs84_to_gcj02,,,,,仪兴路09号,10
百鸟归巢大型鸟类放飞区,景点,baidu,contains,B0FFIC9343,百鸟归巢大型鸟类放飞,风景名胜;风景名胜相关;旅游景点,110000,哈牡高速46公里处哈尔滨北方森林动物园内(西侧),阿城区,127.0979655,45.3906992,127.105441,45.393069,wgs84_to_gcj02,70.4,False,,,哈尔滨市阿城区哈牡高速46号公里处北方森林动物园内,1
星8克台球俱乐部(学院路店),景点,baidu,none,,,,,,,126.5240999,45.8716766,,,wgs84_to_gcj02,,,,,学院路563号,10
生活汇凯旋游泳健身(生活汇·购物公园店),景点,baidu,none,,,,,,,126.6973091,45.776558,,,wgs84_to_gcj02,,,,,南直路396号生活汇,1
酷宝卡丁车(红博中央公园店),景点,baidu,none,,,,,,,126.6932318,45.7561585,,,wgs84_to_gcj02,,,,,红博中央公园负二层临近冰场,0
雪域部落冰雪乐园,景点,amap,none,,,,,,,128.510025,44.771275,,,identity,,,,,旺鑫居民宿(哈尔滨亚布力滑雪旅游度假区亚布力南站店)西侧50米,10
金都古城(暂停开放),景点,amap,none,,,,,,,126.928937,45.688089,,,identity,,,,,[],10
滑雪体验,景点,amap,none,,,,,,,126.560767,45.775459,,,identity,,,,,太阳大道1458号哈尔滨冰雪大世界,4
黑龙江职业学院-游泳馆,景点,baidu,none,,,,,,,126.60139,45.7146428,,,wgs84_to_gcj02,,,,,学府路5号黑龙江职业学院内,1
东北农业大学-游泳馆,景点,baidu,none,,,,,,,126.7188917,45.7369348,,,wgs84_to_gcj02,,,,,木材街59号东北农业大学内,5
翼行运动,景点,baidu,none,,,,,,,126.5102388,45.696802,,,wgs84_to_gcj02,,,,,东湖路副8号,2
咘隆家族儿童主题乐园(香坊万达店)(暂停营业),景点,amap,none,,,,,,,126.678248,45.741342,,,identity,,,,,衡山路17号万达广场(哈尔滨香坊店)2F层,10
美丽岛温泉水乐园售票处,景点,amap,none,,,,,,,126.935208,45.678454,,,identity,,,,,美丽岛温泉度假酒店西南侧,3
亚布力刘家院滑雪温泉度假别墅,景点,amap,none,,,,,,,128.505759,44.753446,,,identity,,,,,青云小镇A区28号,10
北方森林动物园-办公楼,景点,amap,none,,,,,,,127.126576,45.387513,,,identity,,,,,哈牡高速(46公里处)北方森林动物园(东侧),2
圈圈乐娱乐城,景点,amap,none,,,,,,,126.623946,45.769387,,,identity,,,,,尚志大街和透笼街交叉口道里菜市场门口地下c01,10
上坞沙滩浴场,景点,amap,none,,,,,,,126.581986,45.770739,,,identity,,,,,松花江公路大桥,10
哈尔滨美丽岛温泉度假酒店,景点,amap,none,,,,,,,126.935275,45.678501,,,identity,,,,,美丽岛温泉水乐园南门西北处50米,3
温泉假日酒店,景点,amap,none,,,,,,,128.040181,45.949896,,,identity,,,,,民主二道街与中心路交叉口西20米,10
哈尔滨市帽儿山滑雪场(暂停营业),景点,amap,none,,,,,,,126.497675,45.809875,,,identity,,,,,恒源街与世祥路交叉口东南80米,3
一冰雪一世界,景点,amap,none,,,,,,,126.566335,45.776016,,,identity,,,,,冰雪大世界梦幻冰雪馆2层,10
老街味道(花园街店),景点,amap,contains,B0HUCUU38D,西泉宴鱼家菜.老街味道(花园街店),餐饮服务;中餐厅;综合酒楼,050101,花园街167号(烟厂地铁站1号口步行400米),南岗区,126.657337,45.766548,126.657174,45.766455,identity,16.3,False,,,花园街171号(烟厂地铁站4号口步行280米),3
哈尔滨汤合宫温泉度假酒店,景点,amap,none,,,,,,,126.530877,45.841094,,,identity,,,,,G10绥满高速入口与G10绥满高速交叉口南260米,10
东北烈士纪念馆分馆,景点,amap,none,,,,,,,126.65975,45.790879,,,identity,,,,,靖宇街与南十九道街交叉口西60米,1
乔氏台球会所,景点,baidu,none,,,,,,,126.6029111,45.7156676,,,wgs84_to_gcj02,,,,,清华大街133号,10
毅能健身工作室,景点,baidu,none,,,,,,,126.5944917,45.7553156,,,wgs84_to_gcj02,,,,,爱建中兴家园3号楼4号商服地下负一、负二层,10
哈尔滨逐鲨体育(哈尔滨松北万象汇店),景点,baidu,none,,,,,,,126.5313827,45.8075976,,,wgs84_to_gcj02,,,,,万象汇3层308,1
盖特博德滑板学校(红博会展购物广场店),景点,baidu,none,,,,,,,126.6929967,45.7523449,,,wgs84_to_gcj02,,,,,哈尔滨市红旗大街301号红博会展中心,3
启辰乔氏台球俱乐部(建国店),景点,baidu,none,,,,,,,126.5923706,45.7492276,,,wgs84_to_gcj02,,,,,黑龙江省哈尔滨市道里区建国北六道街附17号,10
炸妹儿维密普拉提瑜伽私教会馆,景点,baidu,none,,,,,,,126.6842025,45.7556799,,,wgs84_to_gcj02,,,,,嵩山路107号赫时1号楼1单元814号,10
拿铁女子轻健身工作室,景点,baidu,contains,B0KU610TW6,拿铁女子轻健身,体育休闲服务;运动场馆;健身中心,080111,宝立小区A3号楼六门商服,五常市,127.1642984,44.9148662,127.171404,44.917474,wgs84_to_gcj02,71.6,False,,,黑龙江省哈尔滨市五常市宝立小区A3号楼六门商服,1
来力台球(会宁路店),景点,baidu,contains,B0K3YZ7L93,来力台球俱乐部,体育休闲服务;运动场馆;台球厅,080113,会宁路409号,阿城区,126.9734062,45.5348919,126.979528,45.537033,wgs84_to_gcj02,8.3,False,,,会宁路409号,1
金上京会宁府皇城午门遗址,景点,baidu,none,,,,,,,126.9709831,45.4845269,,,wgs84_to_gcj02,,,,,哈尔滨市阿城区X005,10
其乐游泳健身会所,景点,baidu,contains,B0KURR1MHU,其乐游泳健身(靖宇店),体育休闲服务;运动场馆;游泳馆|体育休闲服务;运动场馆;健身中心,080110|080111,靖宇街28号,道外区,126.5227788,45.7174829,126.660978,45.790806,wgs84_to_gcj02,12958.0,True,,,四方台大道2361号恒大帝景小区综合楼6号,1
三号店弹珠乐园,景点,amap,contains,B0LK3L12Q1,弹珠乐园,体育休闲服务;休闲场所;游乐场,080501,哈西街道中兴大道168号万达广场(哈尔滨哈西店)3F层,南岗区,126.649175,45.719325,126.587325,45.700175,identity,5253.4,True,,,三大动力路8号乐松广场4F层,10
道外区天恒山冰雪运动大世界,景点,amap,contains,B0GKBXIN1F,天恒山冰雪运动大世界(暂停营业),体育休闲服务;运动场馆;滑雪场,080106,东巨路2.5公里,道外区,126.812175,45.798125,126.797557,45.804635,identity,1344.7,True,,,[],3
冰超梦幻嘉年华乐园,景点,amap,none,,,,,,,126.549975,45.741875,,,identity,,,,,工农街道群力大道与丽江路交叉口东300米1号,10
攀山鼠(西城红场店),景点,amap,none,,,,,,,126.592247,45.70358,,,identity,,,,,哈西大街79号,1
金海峡儿童游泳馆,景点,baidu,none,,,,,,,126.6244328,45.6769852,,,wgs84_to_gcj02,,,,,鲁商松江新城7地块G3号楼3层c013、c015号,1
陈金体育游泳健身羽毛球馆,景点,baidu,none,,,,,,,126.5999552,45.8266428,,,wgs84_to_gcj02,,,,,"中源大道5599号,富力城别墅区入口处",1
球小闲24小时自助台球(哈西万达金街店),景点,baidu,contains,B0K6YH8GTA,球小闲24小时自助台球棋牌(测绘路店),体育休闲服务;体育休闲服务场所;体育休闲服务场所,080000,学府花园10栋1层1号(测绘路66号),南岗区,126.581373,45.6975268,126.622623,45.713695,wgs84_to_gcj02,3168.0,True,,,兴达路98号,10
林爽乒乓,景点,baidu,none,,,,,,,126.6454074,45.7206555,,,wgs84_to_gcj02,,,,,和平路11号巴黎广场3楼,3
台球棋牌,景点,baidu,none,,,,,,,126.6276878,45.7796873,,,wgs84_to_gcj02,,,,,大新街东侧临时街道278-20号,10
Q9乔氏台球会所,景点,baidu,none,,,,,,,126.5318877,45.7436469,,,wgs84_to_gcj02,,,,,元江路与友谊西路交叉口东南140米,2
十围瑜伽普拉提会馆,景点,baidu,none,,,,,,,126.6175948,45.7642648,,,wgs84_to_gcj02,,,,,田地街116号中财公寓13楼,10
菲特游泳健身俱乐部,景点,baidu,none,,,,,,,127.1684204,44.9284311,,,wgs84_to_gcj02,,,,,福明北区G栋商服4-12门（福明北区  南门东走20米）,2
mico米可儿童游乐场(观江国际购物中心店),景点,amap,contains,B0J0MMYJ9J,米可儿童游乐场(观江国际购物中心店),体育休闲服务;休闲场所;游乐场,080501,浦源路3022号哈尔滨松北区观江国际购物中心F3层,松北区,126.643099,45.821196,126.643099,45.821196,identity,0.0,False,,,浦源路3022号哈尔滨松北区观江国际购物中心F3层,1
基督教会礼拜堂,景点,amap,contains,B0HRKMA7CO,基督教会,风景名胜;风景名胜;教堂,110206,太安北路南100米,道里区,126.644036,45.785674,126.209051,45.652528,identity,36872.3,True,,,北大六道街14号,10
基督教船厂,景点,amap,none,,,,,,,126.618129,45.799956,,,identity,,,,,航务街与船厂路交叉口西南100米,10
哈尔滨极地公园异宠馆,景点,amap,none,,,,,,,126.587452,45.785038,,,identity,,,,,太阳大道277号哈尔滨极地公园内(东侧),6
雪山温泉,景点,amap,none,,,,,,,128.482565,44.788795,,,identity,,,,,亚布力元茂屯民俗温泉度假村西南侧150米,10
礼拜堂,景点,amap,none,,,,,,,126.960902,45.53478,,,identity,,,,,金澜路与礼让胡同交叉口西360米,10
尊位台球馆(哈西服装城店),景点,baidu,none,,,,,,,126.6074581,45.7034641,,,wgs84_to_gcj02,,,,,哈尔滨市南岗区学府路哈西服装城四楼,10
极光团课运动馆,景点,baidu,none,,,,,,,126.3110932,45.3729682,,,wgs84_to_gcj02,,,,,金园一品金色港湾步行街,1
吾瑜伽,景点,baidu,none,,,,,,,126.6198837,45.7397253,,,wgs84_to_gcj02,,,,,贵新街57号,1
双浩乒乓球俱乐部(金岗湾店),景点,baidu,contains,B0KGGA70C7,双浩乒乓球俱乐部金岗湾店,体育休闲服务;运动场馆;乒乓球馆,080112,哈双路309-35号,南岗区,126.543974,45.6720312,126.549936,45.674127,wgs84_to_gcj02,11.5,False,,,哈双路鑫泉金港湾办公楼三层,1
颜悦荟健身俱乐部,景点,baidu,none,,,,,,,126.9740998,45.5352746,,,wgs84_to_gcj02,,,,,金都街达仁印象城印象风情街二楼,1
V力健身(大成街店),景点,baidu,contains,B0FFH838JT,V力健身俱乐部(大成街店),体育休闲服务;运动场馆;健身中心,080111,大成街9-2号2层,南岗区,126.6670228,45.7583454,126.67302,45.760308,wgs84_to_gcj02,4.7,False,,,大成街9-2号V力健身二/三层,1
泓胜搏击(哈西分店),景点,baidu,none,,,,,,,126.5964785,45.681863,,,wgs84_to_gcj02,,,,,哈西大街巴黎第五区商服30-2号三楼,10
哈尔滨溪溪里汤泉洗浴酒店(暂停营业),景点,amap,none,,,,,,,126.553593,45.812053,,,identity,,,,,松北大道57号,10
热雪奇迹体育·滑雪训练中心(哈尔滨店),景点,amap,none,,,,,,,126.501664,45.802669,,,identity,,,,,世茂大道99号哈尔滨融创茂F1层,10
秋林食品历史博物馆,景点,amap,none,,,,,,,126.645927,45.761543,,,identity,,,,,阿什河街与东大直街交叉口西100米,1
雪乡冰雪欢乐世界,景点,amap,none,,,,,,,129.561512,46.32302,,,identity,,,,,前进街与电厂胡同交叉口东北60米,3
松浦教堂,景点,amap,none,,,,,,,126.636486,45.818579,,,identity,,,,,大兴隆街111号,1
和兴儿童乐园(和兴商厦店),景点,amap,contains,B0MGD1RZMB,儿童乐园,体育休闲服务;休闲场所;游乐场,080501,友协街道友协大街29号(近龙滨路)平房公园,平房区,126.616675,45.732927,126.637375,45.595225,identity,15396.0,True,,,西大直街400号和兴商厦F3层,10
小海豚宝贝儿童乐园,景点,amap,none,,,,,,,126.694495,45.691227,,,identity,,,,,立汇美罗湾A区5号楼9门市,10
哈尔滨亚布力青云小镇别墅,景点,amap,contains,B0FFF0FM1V,亚布力青云小镇别墅(青云路分店),住宿服务;旅馆招待所;旅馆招待所,100200,亚布力青云小镇C区15号,尚志市,128.506015,44.756295,128.506015,44.756295,identity,0.0,False,,,亚布力青云小镇C区15号,10
哈尔滨游乐园,景点,amap,none,,,,,,,126.669537,45.779699,,,identity,,,,,南通大街208号,10
第六次全国人民代表大会会场原址,景点,amap,none,,,,,,,126.625196,45.765386,,,identity,,,,,工厂街128号(近经纬街),1
闫家岗雪美稻乡冰雪乐园,景点,amap,none,,,,,,,126.328759,45.616435,,,identity,,,,,机场路1458号闫家岗农场北侧,10
广仁体育运动馆,景点,baidu,none,,,,,,,126.5585758,45.7348724,,,wgs84_to_gcj02,,,,,景江东路金中环商业广场C座5层,10
雪峰国际台球会馆,景点,baidu,none,,,,,,,126.6589438,45.7597048,,,wgs84_to_gcj02,,,,,大成街83-1号,1
天合会馆,景点,baidu,none,,,,,,,126.5882037,45.7313542,,,wgs84_to_gcj02,,,,,天合街15号乡政社区四楼,10
九号卡丁车(群力银泰城店),景点,baidu,contains,B0IATKECDO,九号卡丁车·射击俱乐部(群力银泰城店),体育休闲服务;运动场馆;运动场所,080100,群力街道群力大道2399号银泰城购物中心2064铺位,道里区,126.5344985,45.7345598,126.54083,45.73654,wgs84_to_gcj02,23.4,False,,,融江路银泰城1号门中厅2楼2064铺位,1
日月星体育运动中心,景点,baidu,none,,,,,,,126.3328687,45.3709011,,,wgs84_to_gcj02,,,,,哈尔滨市双城区东直路日月星幼儿园东北侧约60米,10
黑龙江建筑职业技术学院-游泳馆,景点,baidu,none,,,,,,,126.504378,45.8720271,,,wgs84_to_gcj02,,,,,黑龙江省哈尔滨市呼兰区学院路999号,2
小米高飞滑板公园,景点,baidu,none,,,,,,,126.5805074,45.6945786,,,wgs84_to_gcj02,,,,,哈西街道中兴左街2号金爵万象商业广场F5层,10
天时运动健身装备馆,景点,baidu,none,,,,,,,126.5658051,45.748392,,,wgs84_to_gcj02,,,,,友谊西路1966号三楼,10
蛋蛋宝恐龙寻宝乐园(哈尔滨华润万象汇店),景点,amap,none,,,,,,,126.53666,45.809811,,,identity,,,,,世茂大道555号万象汇一楼中庭,1
松北礼拜堂,景点,amap,none,,,,,,,126.546581,45.812365,,,identity,,,,,龙唐街477号,3
哈尔滨市基督教教会平房礼拜堂,景点,amap,contains,B0FFJTNKY9,哈尔滨市基督教,风景名胜;风景名胜;教堂,110206,谷丰东街与哈南九路交叉口东320米,平房区,126.635062,45.593226,126.635215,45.593199,identity,12.3,False,,,龙滨路七道街,2
酷炫旱冰场(悦荟店),景点,baidu,none,,,,,,,126.6101309,45.7776146,,,wgs84_to_gcj02,,,,,中央大街232号哈尔滨悦荟A座2层,0
观江国际健身会馆,景点,baidu,none,,,,,,,126.5942561,45.7688831,,,wgs84_to_gcj02,,,,,友谊路385号观江国际,10
新体委滑雪,景点,amap,contains,B0FFHN5KGM,亚布力新体委滑雪场(暂停营业),体育休闲服务;运动场馆;滑雪场,080106,金牌大道84号,尚志市,128.615702,44.932031,128.459762,44.772608,identity,21572.1,True,,,林政路与美食街交叉口东北160米,9
童趣彩绘,景点,amap,none,,,,,,,126.564538,45.777702,,,identity,,,,,冰雪大世界四季游乐馆2楼童趣彩绘,10
宝宝乐园,景点,amap,none,,,,,,,126.571834,45.884174,,,identity,,,,,永达路与师大东街交叉口东北360米,10
森林博物馆,景点,amap,contains,B01C31DJJP,东北林业大学中国(哈尔滨)森林博物馆,科教文化服务;博物馆;博物馆,140100,和兴路26号东北林业大学,南岗区,127.387089,45.500975,126.632804,45.717721,identity,63429.7,True,,,金龙山国家森林公园内(西侧),10
松北新区红光基督教会,景点,amap,contains,B0HRKMA7CO,基督教会,风景名胜;风景名胜;教堂,110206,太安北路南100米,道里区,126.594772,45.894676,126.209051,45.652528,identity,40248.4,True,,,燕京路750号,10
基督十教堂,景点,amap,none,,,,,,,126.60452,45.728081,,,identity,,,,,康宁头道街3-7号附近,10
哈尔滨商业大学-体育学院(江北校区),景点,baidu,contains,B0FFL4KIUG,哈尔滨商业大学(北校区),科教文化服务;学校;高等院校,141201,学海街1号,松北区,126.5581026,45.8196013,126.563532,45.816893,wgs84_to_gcj02,517.2,True,,,黑龙江省哈尔滨市松北区学海街1号,10
雅旺斯亚布力国际会展中心酒店-台球室,景点,baidu,none,,,,,,,128.466785,44.7796451,,,wgs84_to_gcj02,,,,,亚布力滑雪旅游度假区雅旺斯国际会展中心酒店,1
基督教堂,景点,amap,contains,B01C317EBA,五家基督教堂,风景名胜;风景名胜;教堂,110206,五家街道,双城区,126.455304,45.629152,126.400366,45.556084,identity,9180.7,True,,,051乡道与新榆东一路交叉口西南360米,10
第六次全国劳动代表大会遗址,景点,baidu,none,,,,,,,126.6195634,45.7634959,,,wgs84_to_gcj02,,,,,哈尔滨市道里区工厂街128号(近经纬街),1
湿地园,景点,amap,none,,,,,,,126.653477,45.700618,,,identity,,,,,三合路1号,10
宾县博物馆,景点,amap,none,,,,,,,127.4621,45.743988,,,identity,,,,,迎宾大道与西环路交叉口西180米,1
朴大昌婷婷纪念碑,景点,amap,none,,,,,,,126.530931,45.737208,,,identity,,,,,朗江路2893号,10
天马乒乓俱乐部(新吉购物中心店),景点,baidu,none,,,,,,,126.6615567,45.7593997,,,wgs84_to_gcj02,,,,,宣化街288号新吉商场2楼2F-A-10号,10
