,哈尔滨冰雪大世界,哈尔滨融创乐园,哈尔滨中央大街,太阳岛风景区,哈尔滨极地公园,哈尔滨极地公园·极地馆,东北虎林园,哈尔滨防洪纪念塔广场,哈尔滨市人民防洪胜利纪念塔,索菲亚广场,哈尔滨音乐公园,圣·索菲亚教堂,中华巴洛克历史文化街区,斯大林公园,哈尔滨市兆麟公园,音乐长廊,江上城堡观光索道,哈尔滨市博物馆,极乐寺,黑龙江省博物馆,中东铁路桥,哈药六版画博物馆,龙塔,体育公园,俄罗斯童话博物馆,哈尔滨市儿童公园,波塞冬海底世界,东北烈士纪念馆,哈尔滨文庙,梅金肖克百年庭院,中东铁路桥头堡,哈尔滨美术馆,哈尔滨工业大学博物馆,龙江大舞台旗舰店,雅致永悦汇养生沐浴,太阳岛风景区-东北抗日联军纪念园,平房公园,哈军工纪念馆,哈尔滨伏尔加庄园,哈尔滨清滨公园投影民宿(哈尔滨工业大学店),哈尔滨群力丁香公园地铁站亚朵酒店,万达广场(哈尔滨哈西店),凯德广场·学府,万达广场(哈尔滨香坊店),万达广场(哈尔滨哈东店),杉杉奥特莱斯广场·哈尔滨,哈特购物广场,杉杉(杉杉奥特莱斯广场·哈尔滨店),金爵万象商业广场,哈尔滨西站万达广场中心桔子水晶酒店,哈尔滨记忆城市文化主题餐厅(金中环广场店),万达影城(哈尔滨香坊万达广场店),哈尔滨西站万达广场美居酒店,波波笑剧场(哈尔滨哈西万达广场店),全季酒店(哈尔滨中央大街哈站北广场店),如家酒店(哈尔滨香坊万达广场龙塔店),希岸Deluxe酒店(哈尔滨哈西高铁站万达广场店),毛毛镇音乐主题乐园,哈尔滨民俗博物馆民宿(松花江店),快乐专+(哈尔滨店),遇见汤泉,哈尔滨枫叶小镇温泉度假酒店,滨果汤泉空间,悦溪棠温泉洗浴,禧沐汤泉,银河欢乐世界温泉洗浴,浴玺湾温泉水汇,云尚汤泉洗浴会馆,亚布力良栖青云民宿,花筑·栖禧民宿(雪谷风景区店),亚布力芳源李·1897民宿,亚布力壹号别院民宿,寒酥庄园酒店(亚布力滑雪旅游度假区),亚布力梵山雪麓民宿,琪瑞酒店(哈尔滨太平国际机场店),亚布力青年雪鼎山庄,亚布力富丽山居民宿,亚布力·沁园春lce and Snow World·轻奢别墅(亚布力南站店),亚布力滑雪温泉森林别墅,野有故里设计师民宿,花筑·西柚度假民宿(哈尔滨冰雪大世界店),亚布力玖间度假别墅(滑雪旅游度假区店),亚布力友所居温泉民宿,墅云居·Travel休闲度假民宿(亚布力滑雪旅游度假区店),亚布力青云小镇清雅轩民宿,雪谷李姐温泉酒店,嘉毅客栈(中国雪谷风景区店),佰源民宿酒店(东北虎林园店),春上汤泉,亚布力滑雪旅游度假区,哈尔滨热雪奇迹,老街滋味坊(直营旗舰店),老街滋味坊(民安小区店),偏脸子哈尔滨老烧烤(自兴街店),老街滋味坊(香坊大街店),隆栎老北京炭火锅(巴陵街),老松滨饭店(菜艺街店),老牌坊云南鱼豆花火锅(大成街店),偏脸子哈尔滨老烧烤(建国北六道街店),一头牛正宗齐齐哈尔烤肉(太古街店),哈尔滨万枫酒店(中央大街火车站店),焕彩时尚宾馆(哈尔滨站中央大街店),惟景假日酒店(哈尔滨中央大街店),哈尔滨中央大街友谊路亚朵酒店,茄子青旅(中央大街店),萤火虫青年旅舍(哈尔滨中央大街索菲亚教堂店),哈尔滨染冬青年旅舍(中央大街步行街索菲亚教堂店),稻香国际青年旅舍(哈尔滨中央大街店),豪滨假日酒店(哈尔滨火车站博物馆地铁站店),滨江快捷宾馆,VIP会所(哈尔滨凯德广场店),鸿顺旅店(哈尔滨医大二院店),有房民宿(哈尔滨理工大学店),哈尔滨天吉招待所,秦泉青年旅馆(哈尔滨南岗店),哈尔滨火车站果戈里大街漫心酒店,哈尔滨天翼快捷宾馆,顺心旅店(哈尔滨海城市场店),哈尔滨合欣旅店,哈尔滨尚志旅社,顺航宾馆(哈尔滨太平国际机场店),哈尔滨香坊金沙时尚快捷宾馆,哈尔滨喜光主题小宾馆,哈尔滨金帝宾馆,自然空间休闲宾馆(哈尔滨巴洛克极乐寺店),君康日租公寓(中华巴洛克风情街店),太阳岛宾馆(太阳大道),北舍民宿(哈尔滨北岸明珠龙湾店),雅舍青旅(哈尔滨松北区融创茂店),哈尔滨太阳岛花园酒店,哈尔滨站,哈尔滨西站,哈尔滨东站,哈尔滨北站,哈尔滨太平国际机场
哈尔滨冰雪大世界,0.0,11.75,8.52,7.77,3.86,3.86,11.11,9.09,9.06,9.46,8.57,9.5,11.59,9.43,8.9,8.5,8.59,9.0,16.48,10.67,9.48,17.66,15.18,11.04,9.17,11.94,24.2,10.17,16.74,8.46,10.46,9.74,10.17,10.29,15.73,6.43,27.25,16.98,37.88,10.38,9.27,13.93,10.87,18.07,23.79,14.73,10.62,15.29,13.67,13.76,9.49,17.17,14.16,13.82,8.97,17.87,13.92,37.7,6.7,23.98,11.31,14.72,6.89,12.93,12.53,10.85,34.74,7.01,236.34,251.32,236.64,220.8,227.89,231.6,38.2,232.86,234.18,231.4,235.95,236.28,9.4,235.86,235.99,235.94,236.05,251.46,252.19,11.15,13.75,235.88,10.99,11.81,9.42,11.47,16.08,13.73,16.75,12.15,6.45,11.72,9.78,8.89,7.18,8.31,8.48,9.05,9.54,8.24,11.41,16.33,10.58,13.8,12.95,11.3,13.89,13.89,14.61,12.19,7.72,11.27,39.42,17.27,16.16,8.62,17.26,10.94,4.5,7.04,11.3,3.85,10.05,13.16,24.55,13.34,43.33
哈尔滨融创乐园,11.75,0.0,15.27,14.96,11.06,11.05,11.78,15.84,15.82,16.22,15.33,16.25,18.34,16.18,15.65,15.26,15.34,15.76,23.09,17.43,16.23,25.08,21.93,13.64,15.93,18.69,20.17,16.93,23.5,15.21,17.21,14.87,16.93,17.04,22.49,13.62,34.74,23.66,49.64,17.14,16.02,22.74,17.62,24.83,37.95,12.19,17.38,12.76,22.29,21.02,14.72,23.93,22.0,22.63,15.73,24.63,21.34,42.33,13.46,30.74,14.86,5.02,13.65,20.2,14.03,1.23,41.28,13.77,251.83,259.14,252.13,236.29,243.38,247.1,35.73,248.35,249.67,246.9,251.44,251.77,8.41,251.35,251.48,251.44,251.54,259.28,260.02,10.5,20.51,251.37,0.69,18.57,16.18,18.22,22.84,20.49,23.51,18.9,13.21,21.49,16.53,15.65,13.94,15.07,15.23,15.8,16.3,15.0,18.16,26.57,17.34,23.92,19.71,18.06,20.64,20.65,21.37,18.95,14.48,18.02,36.95,24.03,22.92,15.38,21.23,22.26,11.69,5.62,1.12,10.81,16.81,17.01,25.54,10.8,40.85
哈尔滨中央大街,8.52,15.27,0.0,10.84,7.78,7.11,14.6,1.86,1.84,2.6,6.88,2.76,4.36,2.2,1.75,6.81,0.94,1.85,6.21,4.22,2.25,9.29,8.3,9.33,2.02,5.46,17.59,3.73,6.89,2.12,3.23,8.04,5.13,2.57,8.88,9.5,23.69,8.08,29.0,6.38,7.56,12.23,9.16,8.28,17.25,18.22,5.11,18.78,11.97,11.25,7.79,8.48,12.46,12.12,2.95,8.08,12.94,34.14,2.85,17.44,9.6,18.21,2.35,10.43,11.68,14.34,27.32,4.08,234.64,249.61,234.93,219.09,226.18,229.9,34.97,231.16,232.47,229.7,234.24,234.58,12.89,234.16,234.28,234.24,234.35,249.75,250.49,14.64,8.05,234.17,14.48,5.36,4.86,9.76,10.05,6.61,9.05,5.62,3.79,4.49,3.33,2.44,3.88,2.87,2.82,2.35,2.83,0.3,7.06,15.08,8.88,12.1,10.28,4.85,6.08,6.76,6.01,5.84,2.59,3.31,36.19,10.73,10.13,4.99,4.98,3.72,7.57,10.53,14.79,7.15,3.6,10.57,9.93,16.83,40.09
太阳岛风景区,7.77,14.96,10.84,0.0,4.37,4.19,14.15,13.68,13.66,14.06,13.17,14.09,16.18,14.02,13.49,13.1,13.18,13.6,21.07,15.27,14.07,22.25,19.77,15.64,13.77,16.53,27.23,14.77,21.34,13.05,15.05,14.34,14.77,14.88,20.33,1.5,31.85,21.57,42.48,14.98,13.87,18.53,15.46,22.67,28.39,17.76,15.22,18.32,18.27,18.36,14.09,21.77,18.76,18.42,13.57,22.47,18.51,42.29,11.3,28.58,15.9,17.75,11.49,17.53,17.12,13.88,39.33,11.61,240.94,255.91,241.24,225.4,232.48,236.2,42.8,237.46,238.78,236.0,240.55,240.88,12.44,240.46,240.58,240.54,240.65,256.05,256.79,14.19,18.35,240.47,14.03,16.41,14.02,16.06,20.68,18.33,21.35,16.74,11.05,16.31,14.37,13.49,11.78,12.91,13.07,13.64,14.14,12.84,16.0,20.93,15.18,18.4,17.55,15.9,18.48,18.49,19.21,16.79,12.32,15.87,44.02,21.87,20.76,13.22,21.86,15.54,4.65,10.07,14.33,7.49,14.65,17.76,29.14,16.37,47.92
哈尔滨极地公园,3.86,11.06,7.78,4.37,0.0,0.72,10.68,10.21,10.19,10.59,9.7,10.62,12.71,10.55,10.02,9.63,9.71,10.13,17.61,11.8,10.61,18.78,16.31,12.17,10.3,13.06,23.76,11.3,17.87,9.58,11.59,10.87,11.3,11.41,16.86,3.11,28.38,18.1,39.01,11.51,10.4,15.06,12.0,19.2,24.92,14.29,11.75,14.86,14.8,14.89,10.62,18.3,15.29,14.95,10.1,19.0,15.04,38.83,7.83,25.11,12.44,14.29,8.02,14.06,13.65,10.41,35.87,8.14,237.47,252.44,237.77,221.93,229.01,232.73,39.33,233.99,235.31,232.53,237.08,237.41,8.97,236.99,237.11,237.07,237.18,252.58,253.32,10.72,14.88,237.01,10.56,12.94,10.55,12.59,17.21,14.86,17.88,13.28,7.58,12.84,10.9,10.02,8.31,9.44,9.6,10.17,10.67,9.37,12.54,17.46,11.71,14.93,14.08,12.43,15.01,15.02,15.74,13.32,8.85,12.4,40.55,18.4,17.29,9.75,18.39,12.07,1.18,6.61,10.86,4.02,11.18,14.29,25.67,12.9,44.45
哈尔滨极地公园·极地馆,3.86,11.05,7.11,4.19,0.72,0.0,10.94,10.47,10.45,10.85,9.96,10.88,12.97,10.81,10.28,9.89,9.97,10.39,17.86,12.06,10.87,19.04,16.57,12.43,10.56,13.32,24.02,11.56,18.13,9.84,11.84,11.13,11.56,11.67,17.12,3.37,28.64,18.36,39.27,11.77,10.65,15.32,12.26,19.46,25.18,14.55,12.01,15.12,15.06,15.15,10.88,18.56,15.55,15.21,10.36,19.26,15.3,39.08,8.09,25.37,12.69,14.54,8.28,14.32,13.91,10.67,36.12,8.4,237.73,252.7,238.03,222.19,229.27,232.99,39.59,234.25,235.57,232.79,237.34,237.67,9.23,237.25,237.37,237.33,237.44,252.84,253.58,10.98,15.14,237.26,10.82,13.2,10.8,12.85,17.47,15.12,18.14,13.53,7.84,13.1,11.16,10.28,8.57,9.7,9.86,10.43,10.93,9.63,12.79,17.71,11.97,15.19,14.34,12.69,15.27,15.28,16.0,13.57,9.11,12.65,40.81,18.66,17.55,10.01,18.65,12.33,1.44,6.86,11.12,4.28,11.44,14.55,25.93,13.16,44.71
东北虎林园,11.11,11.78,14.6,14.15,10.68,10.94,0.0,14.2,14.17,15.14,16.03,14.79,12.86,14.54,14.54,15.96,14.62,15.32,13.82,15.72,14.3,15.81,16.99,18.49,14.91,16.66,15.6,14.22,14.44,15.5,13.17,17.2,17.62,12.98,17.54,14.32,41.51,14.39,41.24,17.83,16.72,21.39,18.32,18.01,29.32,14.92,18.07,15.48,21.13,21.21,16.94,18.78,21.62,21.28,16.42,17.91,28.11,49.1,14.16,26.95,18.76,12.7,14.34,20.39,20.8,11.86,49.14,14.46,245.84,260.82,246.14,230.3,237.39,241.1,44.15,242.36,243.68,240.9,245.45,245.78,3.37,245.36,245.49,245.44,245.55,260.95,261.69,4.88,21.21,245.38,12.03,14.27,16.87,18.92,23.54,15.91,25.6,14.55,13.91,12.21,15.63,16.34,14.64,15.77,15.93,14.72,14.46,15.7,16.19,23.78,18.03,21.26,20.41,14.01,17.69,15.9,15.01,17.35,15.17,15.61,45.37,23.71,23.62,16.07,11.96,12.99,12.39,7.23,12.31,11.5,15.1,20.62,16.27,13.53,49.28
哈尔滨防洪纪念塔广场,9.09,15.84,1.86,13.68,10.21,10.47,14.2,0.0,0.24,3.23,6.89,3.41,4.38,0.36,2.23,6.82,0.59,2.34,6.77,4.84,2.27,9.33,8.92,9.34,2.51,6.77,17.61,4.71,7.58,2.6,3.25,8.04,5.82,3.08,9.49,9.49,25.55,9.93,36.18,7.0,7.57,12.23,9.17,8.89,22.09,18.21,6.34,18.77,11.97,12.06,7.79,9.1,12.47,12.12,3.63,8.7,12.22,41.58,5.1,22.29,9.61,18.2,3.34,11.23,10.83,14.33,33.04,5.27,234.64,249.62,234.94,219.1,226.19,229.91,36.52,231.16,232.48,229.7,234.25,234.58,12.88,234.16,234.29,234.25,234.35,249.76,250.5,14.63,12.05,234.18,14.47,6.05,5.88,9.77,14.38,7.22,15.05,7.13,4.67,4.51,3.74,3.12,5.61,2.52,3.51,2.83,3.32,1.42,7.67,14.63,8.88,12.1,11.25,5.54,6.77,7.38,6.7,6.53,3.28,3.72,37.74,15.57,14.47,6.92,4.99,3.73,7.56,10.52,14.78,7.14,4.22,11.46,9.94,16.82,41.64
哈尔滨市人民防洪胜利纪念塔,9.06,15.82,1.84,13.66,10.19,10.45,14.17,0.24,0.0,3.25,6.91,3.43,4.4,0.36,2.26,6.84,0.62,2.36,6.79,4.86,2.29,9.35,8.94,9.36,2.53,6.8,17.63,4.73,7.6,2.63,3.27,8.06,5.85,3.1,9.51,9.52,25.57,9.96,36.21,7.02,7.59,12.26,9.19,8.92,22.12,18.23,6.36,18.79,12.0,12.08,7.81,9.12,12.49,12.15,3.65,8.72,12.24,41.6,5.12,22.31,9.63,18.22,3.36,11.26,10.85,14.35,33.06,5.29,234.66,249.64,234.96,219.12,226.21,229.93,36.54,231.19,232.5,229.73,234.27,234.61,12.91,234.18,234.31,234.27,234.38,249.78,250.52,14.66,12.08,234.2,14.49,6.08,5.91,9.79,14.41,7.24,15.07,7.15,4.7,4.53,3.76,3.14,5.64,2.54,3.54,2.86,3.34,1.44,7.69,14.65,8.9,12.13,11.28,5.57,6.79,7.4,6.72,6.56,3.31,3.74,37.76,15.6,14.49,6.94,5.01,3.75,7.59,10.54,14.8,7.17,4.24,11.49,9.97,16.84,41.67
索菲亚广场,9.46,16.22,2.6,14.06,10.59,10.85,15.14,3.23,3.25,0.0,7.44,1.42,3.84,2.44,0.98,7.37,2.06,0.53,4.84,2.55,2.21,7.4,6.63,9.89,0.3,5.11,17.08,2.05,5.21,0.71,2.72,8.59,3.95,1.8,7.2,10.06,22.82,6.72,27.33,4.71,8.12,10.82,7.16,6.61,15.57,18.78,4.36,19.34,10.56,10.65,8.34,6.81,11.05,10.71,1.75,6.41,11.53,33.26,3.04,15.77,9.79,18.77,2.59,9.82,11.08,14.9,26.44,3.48,232.85,244.04,233.15,217.31,224.4,228.12,34.36,229.37,230.69,227.91,232.46,232.79,13.45,232.37,232.5,232.46,232.56,244.18,244.91,12.68,6.68,232.39,15.04,3.69,3.73,7.75,7.94,4.93,7.38,3.95,3.98,3.47,1.52,1.24,4.13,3.21,2.89,0.62,1.5,1.51,4.58,14.2,6.87,10.09,9.4,3.18,4.89,5.09,4.34,4.66,1.99,1.5,35.59,9.05,8.03,5.17,4.05,2.31,8.13,11.09,15.35,7.71,1.93,9.97,9.41,17.38,39.49
哈尔滨音乐公园,8.57,15.33,6.88,13.17,9.7,9.96,16.03,6.89,6.91,7.44,0.0,8.8,10.88,8.73,8.2,0.82,7.88,8.3,11.96,9.97,8.78,17.16,14.68,3.94,8.47,11.44,29.62,9.47,12.63,7.75,9.76,3.25,9.68,9.59,15.23,11.43,28.17,16.48,43.07,8.08,4.35,7.95,8.82,14.03,31.38,20.15,9.09,20.71,7.68,7.77,3.55,15.72,8.18,7.84,8.47,13.83,14.77,35.76,6.21,22.53,5.28,18.89,6.38,6.95,6.08,14.97,34.71,6.37,241.53,250.0,241.82,225.99,233.07,236.79,30.7,238.05,239.37,236.59,241.13,241.47,14.82,241.05,241.17,241.13,241.24,250.14,250.88,16.57,12.3,241.06,15.12,11.11,6.99,8.54,14.63,13.24,15.29,11.37,5.78,11.02,9.08,8.19,6.72,7.61,8.29,8.35,8.84,7.54,10.91,20.0,8.54,10.38,10.89,10.6,11.2,13.4,11.76,11.69,7.22,9.05,31.92,15.82,14.71,5.6,16.77,10.24,9.5,12.46,15.42,9.08,9.35,7.45,23.09,18.75,35.83
圣·索菲亚教堂,9.5,16.25,2.76,14.09,10.62,10.88,14.79,3.41,3.43,1.42,8.8,0.0,3.53,2.85,1.39,7.6,2.39,1.0,4.55,2.25,2.62,7.1,6.33,8.91,1.12,3.49,17.18,1.76,4.92,1.08,3.12,7.61,4.23,2.21,6.91,10.29,23.14,6.42,27.03,4.42,7.37,10.26,7.12,6.31,15.28,19.0,4.1,19.57,10.0,10.36,8.0,6.51,10.49,10.15,3.04,6.11,10.97,33.58,3.15,15.47,9.5,19.0,2.82,9.25,10.79,15.12,26.76,3.19,230.66,245.64,230.96,215.12,222.21,225.93,34.08,227.19,228.5,225.72,230.27,230.6,13.68,230.18,230.31,230.27,230.37,245.78,246.52,12.78,6.72,230.2,15.27,3.4,3.97,7.71,7.65,4.64,7.08,3.65,3.7,2.99,1.23,1.54,3.84,3.44,2.77,0.32,0.8,1.84,5.09,12.57,6.83,10.05,9.72,2.88,5.12,4.79,4.04,4.98,1.7,1.21,35.3,8.76,7.73,4.88,3.7,2.58,8.36,11.32,15.57,7.94,1.64,9.68,8.58,17.61,39.2
中华巴洛克历史文化街区,11.59,18.34,4.36,16.18,12.71,12.97,12.86,4.38,4.4,3.84,10.88,3.53,0.0,3.46,2.84,9.42,3.54,2.23,3.76,3.67,3.22,6.68,6.55,11.94,2.1,4.18,15.3,2.17,5.76,2.51,2.09,10.65,5.22,0.85,7.1,12.11,25.04,6.0,31.61,5.83,10.17,11.67,8.53,7.72,16.69,18.73,5.51,18.64,11.41,11.27,10.39,7.92,11.9,11.56,4.23,7.47,12.38,35.49,5.49,16.88,11.84,20.82,4.39,10.66,13.13,16.95,28.67,5.53,235.08,246.27,235.38,219.54,226.63,230.34,36.41,231.6,232.92,230.14,234.69,235.02,14.35,234.6,234.72,234.69,234.79,246.4,247.14,10.91,8.13,234.62,17.09,2.88,5.33,9.12,9.06,4.59,8.06,4.11,6.03,1.05,3.55,3.04,6.18,5.41,4.7,2.64,2.38,3.31,4.88,16.43,8.24,13.88,11.63,2.62,7.25,4.58,3.77,6.91,4.04,3.52,37.63,9.93,9.14,7.22,1.54,0.53,10.18,13.14,17.4,9.76,3.05,11.62,6.51,19.44,41.54
斯大林公园,9.43,16.18,2.2,14.02,10.55,10.81,14.54,0.36,0.36,2.44,8.73,2.85,3.46,0.0,2.79,6.44,1.93,2.9,7.33,5.16,2.83,14.14,11.66,8.96,3.07,6.39,18.17,4.66,7.82,3.16,3.81,7.66,6.07,3.63,12.21,9.22,25.17,9.02,35.81,6.86,7.19,11.86,8.79,9.22,21.71,17.94,6.07,18.5,11.6,11.68,7.41,9.42,12.09,11.75,5.45,9.02,11.84,41.2,4.72,21.91,9.23,17.93,3.07,10.86,10.45,14.06,32.66,4.89,234.26,249.24,234.56,218.72,225.81,229.53,36.14,230.79,232.1,229.33,233.87,234.21,12.61,233.78,233.91,233.87,233.97,249.38,250.12,14.36,11.68,233.8,14.2,6.3,5.5,9.39,14.01,7.54,14.67,6.56,4.3,5.07,4.26,3.38,5.24,2.14,3.76,3.39,3.88,1.59,7.99,14.25,8.5,11.72,10.88,5.79,8.18,7.7,6.95,8.67,3.53,4.24,37.36,15.2,14.09,6.54,5.55,4.29,7.29,10.25,14.51,6.87,4.54,11.09,10.5,16.54,41.27
哈尔滨市兆麟公园,8.9,15.65,1.75,13.49,10.02,10.28,14.54,2.23,2.26,0.98,8.2,1.39,2.84,2.79,0.0,7.99,2.1,1.22,5.38,3.27,1.79,7.94,7.35,10.51,1.58,5.21,16.65,3.14,6.03,1.99,2.29,9.21,5.23,1.38,7.92,10.68,24.15,7.26,28.05,5.43,8.74,11.28,8.13,7.33,16.3,19.39,5.12,19.99,11.02,10.88,8.96,7.53,11.51,11.17,3.89,7.13,11.99,34.6,5.66,16.49,11.09,19.38,4.52,10.26,12.38,15.51,27.78,4.78,231.68,246.66,231.98,216.14,223.22,226.94,35.67,228.2,229.52,226.74,231.29,231.62,14.07,231.2,231.32,231.28,231.39,246.79,247.53,12.26,7.74,231.22,15.66,4.5,4.99,8.73,8.67,5.66,8.1,5.74,5.29,3.05,2.81,2.52,5.43,3.97,4.35,1.9,1.65,2.58,6.11,13.59,7.84,11.07,10.74,4.24,6.13,5.81,5.39,6.0,3.29,2.78,36.89,9.78,8.75,6.47,3.62,1.89,8.75,11.7,15.96,8.33,2.65,11.28,8.99,18.0,40.79
音乐长廊,8.5,15.26,6.81,13.1,9.63,9.89,15.96,6.82,6.84,7.37,0.82,7.6,9.42,6.44,7.99,0.0,7.83,8.24,11.9,9.91,8.72,17.11,14.63,3.89,8.42,11.38,29.56,9.42,12.58,7.7,9.7,3.19,9.62,9.53,15.18,11.38,28.11,16.43,43.01,8.02,4.29,7.89,8.76,13.97,31.32,20.09,9.03,20.65,7.63,7.72,3.5,15.66,8.12,7.78,8.42,13.77,14.71,35.7,6.15,22.47,5.22,18.83,6.32,6.89,6.02,14.92,34.66,6.32,241.47,249.95,241.77,225.93,233.02,236.74,30.65,237.99,239.31,236.53,241.08,241.41,14.77,240.99,241.12,241.07,241.18,250.09,250.82,16.52,12.24,241.01,15.06,11.05,6.93,8.48,14.57,13.18,15.24,11.31,5.72,10.96,9.02,8.13,6.66,7.56,8.24,8.29,8.79,7.49,10.86,19.94,8.49,10.32,10.84,10.54,11.14,13.34,11.7,11.64,7.17,9.0,31.87,15.76,14.65,5.54,16.71,10.18,9.45,12.4,15.37,9.03,9.3,7.4,23.03,18.7,35.77
江上城堡观光索道,8.59,15.34,0.94,13.18,9.71,9.97,14.62,0.59,0.62,2.06,7.88,2.39,3.54,1.93,2.1,7.83,0.0,2.57,7.0,4.84,2.5,13.82,11.34,8.75,2.75,6.07,17.84,4.34,7.5,2.84,3.48,7.45,5.74,3.31,11.89,8.9,24.96,8.69,35.59,8.09,6.97,11.64,8.57,8.89,21.5,17.61,5.74,18.18,11.38,11.47,7.2,9.09,11.87,11.53,5.13,8.7,11.62,40.98,4.51,21.69,9.01,17.6,2.74,10.64,10.23,13.73,32.44,4.67,234.05,249.02,234.35,218.51,225.59,229.31,35.92,230.57,231.89,229.11,233.66,233.99,12.29,233.57,233.69,233.65,233.76,249.16,249.9,14.04,11.46,233.59,13.88,5.98,5.29,9.17,13.79,7.22,14.46,6.24,4.08,4.74,3.94,3.06,5.02,1.93,3.44,3.07,3.56,1.27,7.67,14.04,8.29,11.51,10.66,5.46,7.86,7.38,6.62,8.35,3.21,3.92,37.15,14.98,13.87,6.33,5.22,3.96,6.97,9.92,14.18,6.55,4.22,10.87,10.18,16.22,41.05
哈尔滨市博物馆,9.0,15.76,1.85,13.6,10.13,10.39,15.32,2.34,2.36,0.53,8.3,1.0,2.23,2.9,1.22,8.24,2.57,0.0,4.9,2.72,1.86,7.46,6.8,10.1,0.51,4.66,16.73,2.27,5.55,0.97,2.37,8.8,4.19,1.62,7.37,10.27,23.6,6.78,27.5,4.88,8.33,10.73,7.58,6.78,15.74,18.98,4.57,19.54,10.47,10.33,8.55,6.98,10.96,10.62,1.99,6.58,11.44,34.05,3.24,15.94,10.01,18.97,2.79,9.71,11.3,15.1,27.23,3.7,231.13,246.11,231.43,215.59,222.68,226.39,34.59,227.65,228.97,226.19,230.74,231.07,13.66,230.65,230.77,230.73,230.84,246.24,246.98,12.33,7.19,230.67,15.25,4.02,4.51,8.18,8.12,5.11,7.55,5.26,4.21,3.29,1.74,1.48,4.35,4.04,3.28,0.84,1.17,1.71,5.55,13.04,7.29,10.52,10.19,3.76,5.14,5.26,4.91,5.45,2.21,1.72,35.81,9.23,8.2,5.39,4.05,2.12,8.34,11.29,15.55,7.92,2.1,10.19,9.06,17.59,39.71
极乐寺,16.48,23.09,6.21,21.07,17.61,17.86,13.82,6.77,6.79,4.84,11.96,4.55,3.76,7.33,5.38,11.9,7.0,4.9,0.0,3.31,5.59,5.79,4.71,12.41,4.04,4.53,15.96,3.31,1.83,4.59,4.51,11.11,5.13,3.27,5.26,13.8,23.99,3.03,34.17,6.97,10.88,12.81,8.1,5.73,19.53,19.38,5.3,19.3,12.55,13.96,11.51,6.5,13.04,12.7,5.79,5.64,14.49,34.44,6.66,17.16,13.0,23.96,6.32,11.8,14.3,23.49,27.62,6.7,236.06,251.03,236.35,220.51,227.6,231.32,37.58,232.58,233.9,231.12,235.66,236.0,15.0,235.57,235.7,235.66,235.77,251.17,251.91,11.56,7.5,235.59,23.66,1.85,6.9,8.7,8.24,3.78,6.22,2.0,7.2,3.02,5.05,5.0,7.35,6.95,6.26,3.81,3.55,5.35,4.06,15.38,7.82,12.83,10.58,2.65,6.19,3.77,2.88,5.86,5.21,5.04,38.8,8.1,8.51,8.39,3.05,2.82,11.87,18.86,23.94,11.45,4.19,13.19,5.11,22.89,42.71
黑龙江省博物馆,10.67,17.43,4.22,15.27,11.8,12.06,15.72,4.84,4.86,2.55,9.97,2.25,3.67,5.16,3.27,9.91,4.84,2.72,3.31,0.0,5.24,6.26,4.26,9.9,3.32,2.12,18.54,1.64,4.08,3.19,5.26,8.61,2.0,4.1,4.84,11.97,21.07,5.27,24.96,3.24,8.72,9.33,5.25,4.24,13.21,20.68,2.45,21.88,9.07,8.93,9.22,4.44,9.56,9.22,3.91,4.04,10.04,31.51,4.52,13.4,10.85,20.67,4.75,8.31,12.14,16.8,24.69,4.54,228.59,243.57,228.89,213.05,220.14,223.86,35.42,225.12,226.43,223.66,228.2,228.53,15.36,228.11,228.24,228.2,228.3,243.71,244.45,14.14,4.65,228.13,16.95,2.56,4.25,5.85,5.58,2.57,5.01,2.03,5.0,4.13,1.92,2.89,5.1,5.54,3.91,2.47,2.97,3.94,1.31,10.71,4.97,8.19,7.66,2.26,2.94,2.72,2.98,2.91,3.86,1.9,36.65,6.69,5.66,6.21,4.7,3.91,10.04,12.99,17.25,9.62,1.95,9.64,7.61,19.29,40.55
中东铁路桥,9.48,16.23,2.25,14.07,10.61,10.87,14.3,2.27,2.29,2.21,8.78,2.62,3.22,2.83,1.79,8.72,2.5,1.86,5.59,5.24,0.0,8.54,8.13,10.29,2.09,5.99,16.9,3.92,6.63,2.18,2.54,9.0,5.4,2.37,8.7,10.46,24.93,9.22,28.83,6.21,8.52,12.05,10.12,8.11,17.07,19.18,5.9,19.74,11.79,11.65,8.75,8.31,12.29,11.94,3.21,7.91,12.76,35.38,4.95,17.26,10.56,19.17,4.31,11.04,12.53,15.3,28.56,4.93,235.6,250.57,235.9,220.06,227.14,230.86,35.82,232.12,233.44,230.66,235.21,235.54,13.86,235.12,235.24,235.2,235.31,250.71,251.45,12.5,8.52,235.13,15.44,5.1,5.85,10.72,9.44,6.43,8.88,6.34,5.44,3.79,3.32,2.69,5.58,3.76,4.34,2.41,2.69,2.36,6.88,15.58,9.84,13.06,11.52,4.84,6.35,6.59,5.99,6.78,3.44,3.3,37.04,10.55,9.52,7.88,4.28,3.02,8.54,11.49,15.75,8.12,3.43,11.42,9.23,17.79,40.94
哈药六版画博物馆,17.66,25.08,9.29,22.25,18.78,19.04,15.81,9.33,9.35,7.4,17.16,7.1,6.68,14.14,7.94,17.11,13.82,7.46,5.79,6.26,8.54,0.0,3.77,18.46,7.09,5.6,18.49,6.37,3.62,7.65,11.33,17.16,7.31,6.33,4.33,22.85,24.1,2.76,25.16,9.96,16.87,14.69,11.9,4.8,14.27,23.67,9.32,23.59,14.43,14.06,17.5,5.56,14.57,14.58,10.12,4.7,14.59,34.54,10.74,10.27,19.0,28.75,10.96,14.43,20.29,27.68,29.08,10.76,230.8,245.77,231.09,215.26,222.34,226.06,43.57,227.32,228.64,225.86,230.41,230.74,20.12,230.32,230.44,230.4,230.51,245.91,246.65,16.55,8.54,230.33,28.78,4.51,14.29,11.48,5.82,4.38,5.18,4.37,11.22,5.84,8.96,10.25,11.32,10.01,10.12,6.87,6.61,8.41,5.13,15.34,11.04,12.93,10.68,5.05,6.3,4.84,3.95,5.96,8.27,8.94,44.8,5.68,6.12,14.38,5.61,6.62,20.92,23.87,26.84,20.5,7.25,19.18,4.21,30.17,48.7
龙塔,15.18,21.93,8.3,19.77,16.31,16.57,16.99,8.92,8.94,6.63,14.68,6.33,6.55,11.66,7.35,14.63,11.34,6.8,4.71,4.26,8.13,3.77,0.0,13.86,7.24,4.39,24.35,5.61,3.49,6.74,8.82,12.56,5.1,6.18,1.22,18.24,21.89,3.73,25.75,7.76,12.27,12.49,9.7,1.94,13.76,22.64,6.27,22.56,12.23,11.86,12.9,2.46,12.37,12.38,7.92,1.59,12.39,32.34,8.54,11.38,14.39,26.95,8.76,12.23,15.69,23.08,25.77,8.55,230.29,245.26,230.59,214.75,221.83,225.55,38.97,226.81,228.13,225.35,229.9,230.23,18.27,229.81,229.93,229.89,230.0,245.4,246.14,14.82,3.79,229.82,23.22,4.36,9.69,9.28,4.2,2.53,2.18,4.75,9.02,5.69,6.03,8.05,9.12,9.1,7.92,6.21,7.23,7.5,3.86,13.28,8.84,10.73,8.48,5.44,3.4,2.69,2.54,3.76,8.32,6.01,40.19,4.05,4.5,10.23,5.46,6.47,16.32,19.27,23.53,15.89,5.5,14.57,7.1,25.57,44.09
体育公园,11.04,13.64,9.33,15.64,12.17,12.43,18.49,9.34,9.36,9.89,3.94,8.91,11.94,8.96,10.51,3.89,8.75,10.1,12.41,9.9,10.29,18.46,13.86,0.0,10.47,12.24,28.84,10.62,16.91,8.89,11.76,3.33,10.48,11.59,15.9,13.43,26.52,17.14,41.42,10.47,2.71,7.08,8.58,15.84,29.74,20.9,8.38,21.46,6.83,6.24,2.02,14.93,6.64,6.98,11.68,15.64,7.45,34.12,7.18,21.75,2.96,16.64,7.73,5.41,3.82,12.73,33.07,6.46,239.88,248.36,240.18,224.34,231.43,235.15,29.16,236.41,237.72,234.94,239.49,239.82,17.09,239.4,239.53,239.49,239.59,248.5,249.24,19.17,11.52,239.42,12.87,12.26,7.06,8.11,13.85,13.9,14.51,12.52,6.26,13.02,10.23,9.34,7.16,9.62,8.47,9.51,10.0,9.54,11.71,18.35,8.3,8.84,10.65,11.75,11.65,14.06,12.91,12.36,8.2,10.21,30.39,15.04,13.93,5.29,17.43,12.24,11.5,14.0,13.18,11.08,10.5,5.13,22.31,19.51,34.29
俄罗斯童话博物馆,9.17,15.93,2.02,13.77,10.3,10.56,14.91,2.51,2.53,0.3,8.47,1.12,2.1,3.07,1.58,8.42,2.75,0.51,4.04,3.32,2.09,7.09,7.24,10.47,0.0,3.49,17.18,1.76,4.92,1.08,3.24,7.61,4.23,2.2,6.91,10.29,23.14,6.42,27.03,4.41,7.37,10.26,7.11,6.31,15.28,19.0,4.1,19.57,10.0,10.36,8.0,6.51,10.49,10.15,3.04,6.11,10.97,33.58,3.15,15.47,9.5,18.99,2.81,9.24,10.79,15.12,26.76,3.19,230.66,245.64,230.96,215.12,222.21,225.93,34.07,227.18,228.5,225.72,230.27,230.6,13.68,230.18,230.31,230.26,230.37,245.78,246.51,12.78,6.72,230.2,15.27,3.39,3.96,7.71,7.65,4.64,7.08,3.65,3.69,2.98,1.23,1.54,3.84,3.44,2.77,0.32,0.8,1.84,5.09,12.57,6.83,10.05,9.72,2.88,5.11,4.79,4.04,4.98,1.7,1.21,35.3,8.76,7.73,4.88,3.7,2.58,8.36,11.31,15.57,7.94,1.64,9.68,8.58,17.61,39.2
哈尔滨市儿童公园,11.94,18.69,5.46,16.53,13.06,13.32,16.66,6.77,6.8,5.11,11.44,3.49,4.18,6.39,5.21,11.38,6.07,4.66,4.53,2.12,5.99,5.6,4.39,12.24,3.49,0.0,17.98,2.08,5.06,3.62,5.97,9.86,3.41,4.72,5.52,12.83,21.29,6.72,25.64,4.5,9.9,11.17,6.51,4.92,13.89,21.4,3.71,21.32,10.91,11.26,10.53,5.12,11.4,11.06,5.16,4.72,11.79,31.74,5.78,14.08,12.02,21.54,6.0,10.16,13.32,17.66,24.92,5.71,229.27,242.51,229.57,213.73,220.82,224.54,36.6,225.79,227.11,224.33,228.88,229.21,17.02,228.79,228.92,228.88,228.98,242.65,243.39,13.58,5.33,228.81,17.81,2.94,5.5,7.11,6.26,1.97,5.69,1.97,6.22,4.47,3.56,4.27,6.36,5.98,5.16,3.09,3.21,4.38,0.74,12.68,6.22,10.13,7.88,2.38,3.27,2.12,2.46,3.14,4.22,3.54,37.82,7.37,6.34,7.47,5.58,4.27,10.9,13.86,18.11,10.48,2.55,10.9,9.02,20.15,41.72
波塞冬海底世界,24.2,20.17,17.59,27.23,23.76,24.02,15.6,17.61,17.63,17.08,29.62,17.18,15.3,18.17,16.65,29.56,17.84,16.73,15.96,18.54,16.9,18.49,24.35,28.84,17.18,17.98,0.0,18.07,18.29,19.34,17.01,32.7,22.54,16.83,24.62,31.42,44.6,21.16,42.33,21.73,32.23,27.57,32.62,24.51,30.41,12.96,21.41,12.88,43.73,29.29,32.45,27.05,43.44,27.46,20.55,27.75,42.81,55.05,29.66,28.04,34.27,23.7,21.08,26.56,36.3,21.27,50.23,21.45,246.93,261.9,247.23,231.39,238.47,242.19,57.64,243.45,244.77,241.99,246.54,246.87,18.88,246.45,246.57,246.53,246.64,262.04,262.78,11.49,27.43,246.47,21.34,18.11,21.65,26.71,24.99,19.75,26.69,18.39,29.41,16.06,19.47,19.75,22.1,20.33,21.01,18.57,18.31,18.94,20.04,39.28,32.33,32.41,25.92,17.85,21.53,19.74,18.85,21.2,19.96,19.45,58.86,24.8,27.79,31.58,15.8,16.84,29.49,17.69,21.79,27.01,18.95,38.06,17.36,16.11,62.76
东北烈士纪念馆,10.17,16.93,3.73,14.77,11.3,11.56,14.22,4.71,4.73,2.05,9.47,1.76,2.17,4.66,3.14,9.42,4.34,2.27,3.31,1.64,3.92,6.37,5.61,10.62,1.76,2.08,18.07,0.0,3.23,2.09,3.34,8.6,3.11,2.08,6.22,11.29,22.45,4.43,26.34,3.73,8.36,9.57,6.43,5.62,14.59,19.87,3.41,19.78,9.31,9.17,8.99,5.82,9.8,9.46,3.53,5.42,10.28,32.89,4.14,14.78,10.48,20.0,3.82,8.56,11.78,16.13,26.07,4.18,229.97,244.95,230.27,214.43,221.52,225.24,35.06,226.5,227.81,225.04,229.58,229.91,15.49,229.49,229.62,229.58,229.68,245.09,245.83,12.05,6.03,229.51,16.27,1.71,4.71,7.02,6.96,3.95,6.4,1.97,4.68,2.28,2.02,2.73,4.83,4.44,3.75,1.55,1.68,2.85,1.61,11.89,6.14,9.36,9.04,1.2,4.43,4.11,2.36,4.29,2.69,3.0,36.28,8.07,7.04,5.87,2.96,1.87,9.36,12.32,16.58,8.94,0.95,10.67,6.77,18.62,40.19
哈尔滨文庙,16.74,23.5,6.89,21.34,17.87,18.13,14.44,7.58,7.6,5.21,12.63,4.92,5.76,7.82,6.03,12.58,7.5,5.55,1.83,4.08,6.63,3.62,3.49,16.91,4.92,5.06,18.29,3.23,0.0,5.04,4.96,13.97,6.52,3.72,4.04,19.66,23.31,1.8,28.53,9.17,13.68,13.9,11.12,4.51,16.6,19.81,5.74,19.73,13.64,13.27,14.31,5.28,13.78,13.79,9.34,4.41,13.8,33.75,9.95,14.22,15.81,24.4,10.18,13.64,17.1,23.93,26.93,7.15,233.34,244.53,233.64,217.8,224.89,228.61,40.38,229.87,231.18,228.41,232.95,233.29,15.44,232.86,232.99,232.95,233.06,244.67,245.41,11.99,8.49,232.88,24.1,2.29,7.35,10.69,7.01,3.73,5.0,2.37,7.65,3.25,5.5,5.45,10.53,7.4,9.34,4.26,4.0,5.8,4.01,14.69,10.26,12.14,9.9,2.61,5.51,3.72,3.33,5.17,5.66,5.48,41.61,6.87,7.31,11.64,3.02,4.03,17.73,19.3,24.38,17.31,4.64,15.99,5.47,23.32,45.51
梅金肖克百年庭院,8.46,15.21,2.12,13.05,9.58,9.84,15.5,2.6,2.63,0.71,7.75,1.08,2.51,3.16,1.99,7.7,2.84,0.97,4.59,3.19,2.18,7.65,6.74,8.89,1.08,3.62,19.34,2.09,5.04,0.0,3.77,8.01,3.8,2.68,7.94,9.48,22.84,7.14,28.06,5.0,7.54,10.67,7.01,7.34,16.31,18.19,4.21,18.76,10.41,10.5,7.76,7.54,10.91,10.56,1.6,7.14,11.38,33.28,2.2,16.5,9.64,18.18,2.0,9.68,10.93,14.31,26.46,3.33,232.88,244.06,233.17,217.34,224.42,228.14,34.22,229.4,230.72,227.94,232.48,232.82,12.87,232.4,232.52,232.48,232.59,244.2,244.94,14.62,7.19,232.41,14.46,4.43,3.58,7.61,9.2,5.35,8.12,4.69,2.93,4.34,2.39,1.09,3.03,2.63,1.97,1.85,2.35,0.93,4.43,14.22,6.72,9.94,9.43,3.92,4.75,5.51,5.07,4.51,1.84,4.14,35.44,9.79,9.28,4.14,4.92,3.19,7.55,10.51,14.76,7.13,2.67,9.82,9.48,16.8,39.34
中东铁路桥头堡,10.46,17.21,3.23,15.05,11.59,11.84,13.17,3.25,3.27,2.72,9.76,3.12,2.09,3.81,2.29,9.7,3.48,2.37,4.51,5.26,2.54,11.33,8.82,11.76,3.24,5.97,17.01,3.34,4.96,3.77,0.0,8.95,5.36,2.32,8.65,10.42,24.89,9.17,28.78,6.16,8.48,12.01,10.08,8.06,17.03,19.13,5.85,19.7,11.75,11.61,8.7,8.26,12.24,11.9,3.16,7.86,12.72,35.33,4.9,17.22,10.52,19.12,4.26,10.99,12.49,15.25,28.51,4.89,235.55,250.53,235.85,220.01,227.1,230.81,35.77,232.07,233.39,230.61,235.16,235.49,13.81,235.07,235.19,235.16,235.26,250.66,251.4,12.45,8.47,235.09,15.4,5.06,5.8,10.68,9.4,6.39,8.83,6.29,5.39,3.75,3.27,2.65,5.54,3.71,4.3,2.37,2.65,2.32,6.84,15.54,9.79,13.01,11.47,4.79,6.3,6.54,5.94,6.73,3.4,3.25,36.99,10.51,9.48,7.83,4.23,2.97,8.49,11.44,15.7,8.07,3.38,11.38,9.19,17.74,40.9
哈尔滨美术馆,9.74,14.87,8.04,14.34,10.87,11.13,17.2,8.04,8.06,8.59,3.25,7.61,10.65,7.66,9.21,3.19,7.45,8.8,11.11,8.61,9.0,17.16,12.56,3.33,7.61,9.86,32.7,8.6,13.97,8.01,8.95,0.0,8.82,10.38,14.24,12.22,26.91,15.49,33.99,6.49,2.38,6.6,6.92,14.18,19.9,20.94,6.72,21.5,6.34,6.43,2.21,13.28,6.83,6.49,9.6,13.98,7.31,34.51,5.53,20.09,3.8,17.03,6.07,5.6,4.42,13.12,33.46,4.81,232.45,248.75,232.74,216.91,223.99,227.71,29.55,228.97,230.28,227.51,232.05,232.39,15.61,231.97,232.09,232.05,232.16,248.89,249.63,17.36,9.86,231.98,13.26,10.6,5.4,6.45,12.19,12.24,12.85,10.86,4.6,10.53,8.57,7.68,5.5,8.4,6.81,7.85,8.35,8.33,10.06,11.56,6.64,9.03,8.99,10.09,9.99,12.4,11.25,10.7,6.54,8.55,30.78,13.38,12.27,3.63,15.77,11.03,10.29,14.39,13.57,9.87,8.84,5.97,20.65,19.54,34.68
哈尔滨工业大学博物馆,10.17,16.93,5.13,14.77,11.3,11.56,17.62,5.82,5.85,3.95,9.68,4.23,5.22,6.07,5.23,9.62,5.74,4.19,5.13,2.0,5.4,7.31,5.1,10.48,4.23,3.41,22.54,3.11,6.52,3.8,5.36,8.82,0.0,4.74,5.48,11.2,20.42,5.92,25.6,2.48,7.95,8.99,4.49,4.88,13.85,19.91,1.69,20.48,8.73,8.59,8.46,5.08,9.22,8.88,3.14,4.68,9.7,30.86,3.76,14.04,10.08,19.91,3.98,7.98,11.37,16.04,24.04,3.77,229.91,241.64,230.21,214.37,221.46,225.18,34.66,226.43,227.75,224.97,229.52,229.85,14.59,229.43,229.56,229.51,229.62,241.78,242.52,14.78,4.89,229.45,16.18,3.2,3.48,5.09,6.22,2.9,5.66,2.67,4.24,4.77,2.07,3.27,4.34,5.75,3.14,2.62,3.12,4.15,1.93,9.95,4.2,7.42,7.01,2.9,2.5,3.37,3.62,2.26,3.54,2.05,35.88,7.33,6.3,5.45,5.34,4.55,9.27,12.23,16.48,8.85,2.59,8.88,8.25,18.52,39.78
龙江大舞台旗舰店,10.29,17.04,2.57,14.88,11.41,11.67,12.98,3.08,3.1,1.8,9.59,2.21,0.85,3.63,1.38,9.53,3.31,1.62,3.27,4.1,2.37,6.33,6.18,11.59,2.2,4.72,16.83,2.08,3.72,2.68,2.32,10.38,4.74,0.0,6.71,11.25,25.52,5.61,34.61,5.42,9.31,11.27,8.12,7.32,16.28,19.01,5.11,18.92,11.01,10.87,9.53,7.52,11.5,11.16,3.96,7.12,11.98,35.96,5.73,16.48,11.4,19.96,4.16,10.25,12.69,16.09,29.14,5.09,231.67,246.74,231.97,216.13,223.21,226.93,35.98,228.19,229.51,226.73,231.28,231.61,14.63,231.19,231.31,231.27,231.38,246.88,247.61,11.19,7.73,231.21,16.23,2.85,5.06,8.72,8.65,4.56,8.09,4.09,5.6,1.52,3.1,2.81,5.74,4.54,4.42,2.19,1.94,3.15,4.85,16.9,7.83,14.35,12.1,2.59,6.12,4.55,3.74,5.99,3.6,3.08,37.2,9.77,8.74,6.79,2.01,0.64,9.32,12.28,16.54,8.9,2.64,11.35,7.92,18.57,41.1
雅致永悦汇养生沐浴,15.73,22.49,8.88,20.33,16.86,17.12,17.54,9.49,9.51,7.2,15.23,6.91,7.1,12.21,7.92,15.18,11.89,7.37,5.26,4.84,8.7,4.33,1.22,15.9,6.91,5.52,24.62,6.22,4.04,7.94,8.65,14.24,5.48,6.71,0.0,18.41,22.05,3.89,25.87,7.92,12.43,12.65,9.86,1.13,13.88,22.8,7.28,22.72,12.39,12.02,13.06,1.89,12.53,12.54,8.08,1.07,12.55,32.5,8.7,11.5,14.55,27.11,8.92,12.39,15.85,23.24,25.68,8.71,230.4,245.38,230.7,214.86,221.95,225.67,39.13,226.93,228.24,225.47,230.01,230.34,18.43,229.92,230.05,230.01,230.11,245.52,246.26,14.98,3.6,229.94,23.39,4.52,9.85,9.44,3.66,2.97,2.22,4.88,9.18,5.85,6.92,8.21,9.28,11.38,8.08,6.88,6.62,8.04,3.9,13.44,9.0,10.89,8.64,5.56,4.26,3.61,3.23,3.92,8.48,6.9,40.35,3.51,3.96,10.39,5.62,6.63,16.48,19.43,23.69,16.06,6.05,14.73,7.49,25.73,44.26
太阳岛风景区-东北抗日联军纪念园,6.43,13.62,9.5,1.5,3.11,3.37,14.32,9.49,9.52,10.06,11.43,10.29,12.11,9.22,10.68,11.38,8.9,10.27,13.8,11.97,10.46,22.85,18.24,13.43,10.29,12.83,31.42,11.29,19.66,9.48,10.42,12.22,11.2,11.25,18.41,0.0,30.51,20.23,41.14,13.64,12.53,17.19,14.12,21.33,27.05,16.42,13.88,16.98,16.93,17.02,12.75,20.43,17.42,17.08,12.23,21.13,17.17,40.95,9.96,27.24,14.56,16.41,10.15,16.19,15.78,12.54,37.99,10.27,239.6,254.57,239.9,224.06,231.14,234.86,41.46,236.12,237.44,234.66,239.21,239.54,11.1,239.12,239.24,239.2,239.31,254.71,255.45,12.85,17.01,239.13,12.69,15.07,12.68,14.72,19.34,16.99,20.01,15.4,9.71,14.97,13.03,12.15,10.44,11.57,11.73,12.3,12.8,11.5,14.66,19.59,13.84,17.06,16.21,14.56,17.14,17.15,17.87,15.45,10.98,14.53,42.68,20.53,19.42,11.88,20.52,14.2,3.31,8.73,12.99,6.15,13.31,16.42,27.8,15.03,46.58
平房公园,27.25,34.74,23.69,31.85,28.38,28.64,41.51,25.55,25.57,22.82,28.17,23.14,25.04,25.17,24.15,28.11,24.96,23.6,23.99,21.07,24.93,24.1,21.89,26.52,23.14,21.29,44.6,22.45,23.31,22.84,24.89,26.91,20.42,25.52,22.05,30.51,0.0,23.65,33.32,19.39,21.71,18.03,18.0,20.08,22.08,48.35,18.84,48.26,17.62,17.66,21.32,19.39,17.33,17.92,21.55,19.88,16.72,13.84,22.17,22.89,25.2,37.98,22.4,18.03,24.03,34.07,4.84,22.19,226.68,233.99,226.98,211.14,218.23,221.95,35.51,223.2,224.52,221.74,226.29,226.62,33.75,226.2,226.33,226.29,226.39,234.13,234.87,41.22,17.46,226.22,34.21,23.84,20.39,17.57,18.3,20.41,18.97,22.04,22.65,24.17,21.92,21.68,22.75,24.85,21.56,22.48,22.98,23.39,20.86,14.5,17.68,14.96,15.97,22.72,18.15,20.56,21.28,18.86,21.95,21.9,40.49,20.72,21.16,20.66,23.93,24.95,28.43,35.34,34.52,28.01,22.34,20.05,31.1,37.68,40.43
哈军工纪念馆,16.98,23.66,8.08,21.57,18.1,18.36,14.39,9.93,9.96,6.72,16.48,6.42,6.0,9.02,7.26,16.43,8.69,6.78,3.03,5.27,9.22,2.76,3.73,17.14,6.42,6.72,21.16,4.43,1.8,7.14,9.17,15.49,5.92,5.61,3.89,20.23,23.65,0.0,27.99,10.26,14.77,14.99,12.2,4.75,16.0,20.01,6.83,19.93,14.73,14.36,15.4,5.51,14.87,14.88,10.42,4.65,14.89,34.84,11.04,13.09,16.89,24.6,11.26,14.73,18.19,24.13,31.91,8.23,232.52,247.5,232.82,216.98,224.07,227.79,41.47,229.04,230.36,227.59,232.13,232.46,15.64,232.04,232.17,232.13,232.23,247.64,248.38,12.2,7.25,232.06,24.3,3.38,8.43,11.78,6.8,4.14,6.16,3.46,8.74,4.55,6.58,6.53,11.62,8.48,10.42,5.34,5.09,6.88,4.43,15.78,11.34,13.23,10.98,3.69,6.6,4.13,3.24,6.26,6.74,6.56,42.69,6.66,7.11,12.73,4.9,4.36,18.82,19.5,24.58,18.4,5.73,17.07,3.61,23.52,46.6
哈尔滨伏尔加庄园,37.88,49.64,29.0,42.48,39.01,39.27,41.24,36.18,36.21,27.33,43.07,27.03,31.61,35.81,28.05,43.01,35.59,27.5,34.17,24.96,28.83,25.16,25.75,41.42,27.03,25.64,42.33,26.34,28.53,28.06,28.78,33.99,25.6,34.61,25.87,41.14,33.32,27.99,0.0,29.74,33.03,33.88,29.9,27.44,13.3,46.72,29.19,46.63,33.47,34.28,33.66,20.73,33.18,33.77,31.91,27.24,32.55,51.52,32.97,13.49,35.16,53.46,33.51,34.61,36.45,49.54,33.36,31.51,212.31,245.45,212.61,196.77,203.86,207.58,59.27,208.84,210.15,207.38,211.92,212.25,42.56,211.83,211.96,211.92,212.02,245.59,246.32,38.99,27.06,211.85,49.69,29.71,30.46,30.5,24.87,30.76,20.1,28.62,32.05,34.53,32.28,32.04,33.05,35.6,31.91,32.83,31.81,35.0,31.21,29.02,29.61,30.51,30.85,29.3,28.51,30.92,31.64,29.21,32.31,32.26,60.49,24.41,24.86,30.54,34.29,35.3,37.08,40.04,49.99,36.66,26.14,35.53,27.75,46.33,64.39
哈尔滨清滨公园投影民宿(哈尔滨工业大学店),10.38,17.14,6.38,14.98,11.51,11.77,17.83,7.0,7.02,4.71,8.08,4.42,5.83,6.86,5.43,8.02,8.09,4.88,6.97,3.24,6.21,9.96,7.76,10.47,4.41,4.5,21.73,3.73,9.17,5.0,6.16,6.49,2.48,5.42,7.92,13.64,19.39,10.26,29.74,0.0,6.02,6.43,2.69,7.02,15.56,19.98,0.94,20.54,6.17,7.22,6.65,6.56,6.66,6.32,2.79,6.82,7.77,29.45,3.35,15.75,8.24,19.97,4.02,6.6,9.12,16.1,26.5,1.97,228.11,243.08,228.41,212.57,219.65,223.37,32.4,224.63,225.95,223.17,227.72,228.05,14.65,227.63,227.75,227.71,227.82,243.22,243.96,16.4,4.14,227.65,16.24,5.33,0.98,3.28,6.15,5.03,8.52,4.81,2.5,6.31,4.03,3.14,2.64,6.47,3.21,4.59,4.47,4.98,4.07,8.14,2.4,5.62,4.92,5.15,3.61,5.5,5.75,5.57,3.6,4.01,33.62,9.04,6.23,2.8,10.65,5.9,9.33,12.29,16.55,8.91,4.49,6.79,16.31,18.59,37.52
哈尔滨群力丁香公园地铁站亚朵酒店,9.27,16.02,7.56,13.87,10.4,10.65,16.72,7.57,7.59,8.12,4.35,7.37,10.17,7.19,8.74,4.29,6.97,8.33,10.88,8.72,8.52,16.87,12.27,2.71,7.37,9.9,32.23,8.36,13.68,7.54,8.48,2.38,7.95,9.31,12.43,12.53,21.71,14.77,33.03,6.02,0.0,5.47,4.56,13.3,19.02,19.74,6.44,20.3,5.21,5.29,1.46,12.4,5.7,5.36,7.32,13.11,6.18,33.97,4.45,19.22,2.49,19.17,5.97,4.47,3.71,15.25,24.54,3.91,231.57,254.82,231.87,216.03,223.12,226.84,28.93,228.1,229.41,226.64,231.18,231.51,14.42,231.09,231.22,231.18,231.28,254.96,255.7,16.17,8.99,231.11,15.4,9.78,4.66,4.17,11.32,11.63,11.98,10.04,3.53,10.85,7.75,6.86,4.61,7.21,5.99,7.02,7.52,7.14,9.3,10.03,4.28,7.5,6.63,9.27,9.59,11.78,10.43,10.08,6.57,7.73,30.16,12.51,11.4,2.33,15.16,10.44,9.1,12.05,15.7,8.68,8.02,4.59,19.78,18.35,34.06
万达广场(哈尔滨哈西店),13.93,22.74,12.23,18.53,15.06,15.32,21.39,12.23,12.26,10.82,7.95,10.26,11.67,11.86,11.28,7.89,11.64,10.73,12.81,9.33,12.05,14.69,12.49,7.08,10.26,11.17,27.57,9.57,13.9,10.67,12.01,6.6,8.99,11.27,12.65,17.19,18.03,14.99,33.88,6.43,5.47,0.0,4.17,12.25,19.06,23.62,7.35,24.18,0.42,1.44,5.71,11.45,1.0,0.11,8.38,13.19,1.48,29.33,9.38,19.25,5.0,26.02,9.61,1.62,5.79,22.1,21.74,7.49,232.13,240.31,232.43,216.59,223.68,227.39,29.5,228.65,229.97,227.19,231.74,232.07,18.29,231.65,231.77,231.73,231.84,240.45,241.19,20.04,9.02,231.67,22.25,11.67,6.84,3.75,11.35,10.82,12.02,12.46,8.09,14.59,10.04,8.91,8.23,12.06,8.8,10.6,10.06,10.63,11.27,6.58,5.03,4.06,5.02,11.16,8.57,10.98,11.7,9.28,9.19,10.02,30.73,12.54,11.43,6.43,14.35,11.49,12.97,15.93,22.55,12.55,10.08,3.07,19.81,22.23,34.63
凯德广场·学府,10.87,17.62,9.16,15.46,12.0,12.26,18.32,9.17,9.19,7.16,8.82,7.12,8.53,8.79,8.13,8.76,8.57,7.58,8.1,5.25,10.12,11.9,9.7,8.58,7.11,6.51,32.62,6.43,11.12,7.01,10.08,6.92,4.49,8.12,9.86,14.12,18.0,12.2,29.9,2.69,4.56,4.17,0.0,10.07,15.79,20.66,2.69,21.23,4.11,4.77,4.75,9.17,4.6,4.26,5.23,9.88,5.34,27.56,5.87,15.98,6.39,20.66,6.45,3.32,7.18,16.79,20.74,4.54,228.34,239.93,228.64,212.8,219.89,223.61,30.95,224.86,226.18,223.4,227.95,228.28,15.34,227.86,227.99,227.95,228.05,240.06,240.8,17.09,5.75,227.88,16.93,7.08,3.43,1.29,8.09,6.79,8.75,6.56,5.14,8.65,5.66,5.58,5.31,8.54,5.84,6.21,6.71,7.61,5.82,6.2,0.34,3.67,2.83,6.79,5.87,8.28,7.51,6.58,6.42,5.64,32.18,9.28,8.17,3.48,11.65,12.67,10.02,12.98,17.23,9.6,6.48,5.7,16.55,19.27,36.08
万达广场(哈尔滨香坊店),18.07,24.83,8.28,22.67,19.2,19.46,18.01,8.89,8.92,6.61,14.03,6.31,7.72,9.22,7.33,13.97,8.89,6.78,5.73,4.24,8.11,4.8,1.94,15.84,6.31,4.92,24.51,5.62,4.51,7.34,8.06,14.18,4.88,7.32,1.13,21.33,20.08,4.75,27.44,7.02,13.3,12.25,10.07,0.0,8.96,23.62,6.54,23.54,13.21,12.84,14.7,0.1,13.35,13.36,8.9,1.3,13.37,33.32,9.52,9.15,16.2,28.76,9.74,13.21,17.5,24.89,25.39,9.53,225.68,240.66,225.98,210.14,217.23,220.94,40.78,222.2,223.52,220.74,225.29,225.62,19.24,225.2,225.32,225.28,225.39,240.79,241.53,15.8,3.24,225.22,25.03,5.34,11.5,10.25,3.27,3.79,1.26,5.7,10.0,6.67,6.47,9.03,10.1,9.54,8.9,6.65,7.44,7.94,4.3,11.64,9.82,11.71,9.46,6.38,5.08,4.43,4.05,4.74,9.3,6.45,42.0,3.13,3.57,11.21,6.43,7.45,18.12,21.08,25.34,17.7,5.94,16.38,8.56,27.38,45.9
万达广场(哈尔滨哈东店),23.79,37.95,17.25,28.39,24.92,25.18,29.32,22.09,22.12,15.57,31.38,15.28,16.69,21.71,16.3,31.32,21.5,15.74,19.53,13.21,17.07,14.27,13.76,29.74,15.28,13.89,30.41,14.59,16.6,16.31,17.03,19.9,13.85,16.28,13.88,27.05,22.08,16.0,13.3,15.56,19.02,19.06,15.79,8.96,0.0,30.77,14.39,30.69,22.67,23.48,18.86,8.14,22.38,22.97,17.11,10.23,21.74,33.98,18.17,2.72,20.36,35.85,18.7,20.39,21.65,38.74,28.26,16.7,225.86,240.89,226.16,210.32,217.41,221.13,48.47,222.38,223.7,220.93,225.47,225.8,27.22,225.38,225.51,225.47,225.57,241.03,241.77,23.64,9.91,225.4,38.88,14.18,15.65,15.7,7.48,11.63,7.5,13.21,17.25,15.73,14.07,17.24,18.24,17.14,17.11,14.26,15.27,15.54,11.91,18.21,14.81,19.7,16.05,14.78,13.71,11.8,11.95,11.33,17.51,14.06,49.69,7.29,7.81,15.74,19.49,20.5,22.28,25.24,39.19,21.86,13.55,20.54,13.52,31.53,53.59
杉杉奥特莱斯广场·哈尔滨,14.73,12.19,18.22,17.76,14.29,14.55,14.92,18.21,18.23,18.78,20.15,19.0,18.73,17.94,19.39,20.09,17.61,18.98,19.38,20.68,19.18,23.67,22.64,20.9,19.0,21.4,12.96,19.87,19.81,18.19,19.13,20.94,19.91,19.01,22.8,16.42,48.35,20.01,46.72,19.98,19.74,23.62,20.66,23.62,30.77,0.0,20.56,0.29,23.61,23.7,19.43,27.11,24.11,23.77,18.91,24.09,23.86,61.48,16.64,32.67,21.25,11.54,16.83,22.88,21.78,13.12,58.29,16.95,261.58,271.06,261.88,246.04,253.12,256.84,47.65,258.1,259.42,256.64,261.19,261.52,10.64,261.1,261.22,261.18,261.29,271.2,271.94,12.73,23.7,261.12,11.36,20.45,19.36,21.41,26.03,22.08,26.69,20.73,16.4,18.39,19.72,18.83,17.12,18.26,18.42,18.99,20.64,18.18,21.35,26.27,20.52,23.74,22.89,20.18,23.83,22.07,21.18,22.13,17.66,21.21,48.87,27.22,26.11,18.56,18.14,19.17,16.47,9.31,12.0,13.99,20.0,23.1,21.3,3.9,52.77
哈特购物广场,10.62,17.38,5.11,15.22,11.75,12.01,18.07,6.34,6.36,4.36,9.09,4.1,5.51,6.07,5.12,9.03,5.74,4.57,5.3,2.45,5.9,9.32,6.27,8.38,4.1,3.71,21.41,3.41,5.74,4.21,5.85,6.72,1.69,5.11,7.28,13.88,18.84,6.83,29.19,0.94,6.44,7.35,2.69,6.54,14.39,20.56,0.0,22.33,6.76,6.97,6.91,5.73,7.26,6.92,3.74,5.63,7.55,31.14,4.12,14.19,9.2,21.76,4.34,6.01,10.49,17.89,25.76,4.13,228.37,240.24,228.66,212.82,219.91,223.63,33.78,224.89,226.21,223.43,227.97,228.31,16.44,227.88,228.01,227.97,228.08,240.38,241.11,18.19,3.21,227.9,18.03,4.83,1.93,3.54,5.21,4.54,6.51,4.31,3.45,6.41,3.41,3.63,4.7,6.79,3.5,3.96,4.46,5.34,3.57,8.4,2.65,5.88,7.28,4.54,2.68,5.0,5.26,3.57,3.9,3.39,35.0,6.11,5.29,3.51,9.8,6.19,11.12,14.08,18.34,10.7,4.23,7.33,9.89,20.37,38.9
杉杉(杉杉奥特莱斯广场·哈尔滨店),15.29,12.76,18.78,18.32,14.86,15.12,15.48,18.77,18.79,19.34,20.71,19.57,18.64,18.5,19.99,20.65,18.18,19.54,19.3,21.88,19.74,23.59,22.56,21.46,19.57,21.32,12.88,19.78,19.73,18.76,19.7,21.5,20.48,18.92,22.72,16.98,48.26,19.93,46.63,20.54,20.3,24.18,21.23,23.54,30.69,0.29,22.33,0.0,24.15,24.23,19.96,27.65,24.64,24.3,19.44,28.35,24.39,62.01,17.18,34.46,21.78,12.08,17.36,23.41,22.31,13.65,58.82,17.49,264.29,271.59,264.58,248.74,255.83,259.55,48.18,260.81,262.12,259.35,263.89,264.23,11.17,263.8,263.93,263.89,264.0,271.73,272.47,13.26,24.23,263.82,11.89,20.97,19.89,21.94,26.56,24.21,27.22,21.25,16.93,18.92,20.25,19.36,17.66,18.79,18.95,19.52,20.02,18.72,21.88,26.8,21.05,24.28,23.43,20.71,24.36,24.37,21.71,22.66,18.2,21.74,49.4,27.75,26.64,19.09,18.66,19.69,17.01,9.84,12.54,14.53,20.53,23.64,21.83,4.43,53.31
金爵万象商业广场,13.67,22.29,11.97,18.27,14.8,15.06,21.13,11.97,12.0,10.56,7.68,10.0,11.41,11.6,11.02,7.63,11.38,10.47,12.55,9.07,11.79,14.43,12.23,6.83,10.0,10.91,43.73,9.31,13.64,10.41,11.75,6.34,8.73,11.01,12.39,16.93,17.62,14.73,33.47,6.17,5.21,0.42,4.11,13.21,22.67,23.61,6.76,24.15,0.0,1.18,5.45,11.19,0.75,0.31,8.12,12.93,1.22,29.07,9.12,18.99,4.74,25.76,9.35,1.36,5.53,21.84,21.48,7.23,234.78,240.05,235.07,219.24,226.32,230.04,29.25,231.3,232.62,229.84,234.38,234.72,18.03,234.29,234.42,234.38,234.49,240.19,240.93,19.78,8.76,234.31,21.99,11.41,6.58,3.48,11.09,10.56,11.76,12.2,7.83,14.33,9.78,8.65,7.97,11.8,8.54,10.34,9.8,10.38,11.01,6.32,4.77,3.8,4.76,10.9,8.31,10.72,11.44,9.02,8.93,9.76,30.47,12.28,11.17,6.17,14.09,11.23,12.71,15.67,22.29,12.29,9.82,2.81,19.55,21.96,34.37
哈尔滨西站万达广场中心桔子水晶酒店,13.76,21.02,11.25,18.36,14.89,15.15,21.21,12.06,12.08,10.65,7.77,10.36,11.27,11.68,10.88,7.72,11.47,10.33,13.96,8.93,11.65,14.06,11.86,6.24,10.36,11.26,29.29,9.17,13.27,10.5,11.61,6.43,8.59,10.87,12.02,17.02,17.66,14.36,34.28,7.22,5.29,1.44,4.77,12.84,23.48,23.7,6.97,24.23,1.18,0.0,5.2,11.29,1.34,0.68,7.86,13.04,1.82,29.45,8.87,19.1,4.89,26.13,9.09,0.54,5.69,22.22,21.59,6.97,231.97,240.16,232.27,216.43,223.52,227.24,29.46,228.5,229.81,227.04,231.58,231.91,17.78,231.49,231.62,231.58,231.68,240.29,241.03,19.53,8.87,231.51,22.36,11.15,6.32,3.23,11.2,10.67,11.86,12.3,7.57,11.39,9.53,8.4,7.72,11.54,8.28,10.08,9.55,10.12,9.97,6.43,4.51,3.9,4.86,10.64,8.41,10.82,11.54,9.12,8.68,9.51,30.68,12.39,11.28,5.91,14.2,10.98,12.46,15.41,22.67,12.04,9.57,3.19,19.66,21.71,34.58
哈尔滨记忆城市文化主题餐厅(金中环广场店),9.49,14.72,7.79,14.09,10.62,10.88,16.94,7.79,7.81,8.34,3.55,8.0,10.39,7.41,8.96,3.5,7.2,8.55,11.51,9.22,8.75,17.5,12.9,2.02,8.0,10.53,32.45,8.99,14.31,7.76,8.7,2.21,8.46,9.53,13.06,12.75,21.32,15.4,33.66,6.65,1.46,5.71,4.75,14.7,18.86,19.43,6.91,19.96,5.45,5.2,0.0,12.72,7.58,7.24,9.04,13.43,8.06,35.26,4.97,19.54,3.77,17.78,5.52,6.35,5.17,13.87,34.21,4.25,231.9,249.5,232.19,216.35,223.44,227.16,30.3,228.42,229.73,226.96,231.5,231.84,14.59,231.41,231.54,231.5,231.6,249.64,250.38,16.34,9.31,231.43,14.01,10.05,4.85,5.9,11.64,11.69,12.3,10.31,4.05,10.78,8.02,7.13,4.95,7.38,6.26,7.3,7.79,7.3,9.51,11.84,6.09,9.31,8.44,9.54,9.44,11.85,10.7,10.15,5.99,8.0,31.53,12.83,11.72,3.08,15.22,10.0,9.27,12.22,14.32,8.85,8.29,6.72,20.1,18.52,35.43
万达影城(哈尔滨香坊万达广场店),17.17,23.93,8.48,21.77,18.3,18.56,18.78,9.1,9.12,6.81,15.72,6.51,7.92,9.42,7.53,15.66,9.09,6.98,6.5,4.44,8.31,5.56,2.46,14.93,6.51,5.12,27.05,5.82,5.28,7.54,8.26,13.28,5.08,7.52,1.89,20.43,19.39,5.51,20.73,6.56,12.4,11.45,9.17,0.1,8.14,27.11,5.73,27.65,11.19,11.29,12.72,0.0,11.42,12.01,9.18,1.02,10.81,29.86,9.79,10.67,14.57,27.12,10.02,13.32,15.86,23.25,24.64,9.04,225.87,240.84,226.16,210.32,217.41,221.13,39.14,222.39,223.7,220.93,225.47,225.81,21.81,225.38,225.51,225.47,225.57,240.98,241.72,23.57,2.49,225.4,23.4,6.33,9.86,10.53,1.96,3.79,1.38,5.39,11.45,7.89,6.24,7.59,10.37,9.3,9.18,6.42,7.43,7.71,4.07,10.9,8.13,9.09,9.73,6.94,3.18,3.96,3.52,3.49,7.55,6.22,40.37,3.26,2.93,9.95,6.71,7.72,16.49,19.44,23.7,16.07,5.71,14.75,11.23,25.74,44.27
哈尔滨西站万达广场美居酒店,14.16,22.0,12.46,18.76,15.29,15.55,21.62,12.47,12.49,11.05,8.18,10.49,11.9,12.09,11.51,8.12,11.87,10.96,13.04,9.56,12.29,14.57,12.37,6.64,10.49,11.4,43.44,9.8,13.78,10.91,12.24,6.83,9.22,11.5,12.53,17.42,17.33,14.87,33.18,6.66,5.7,1.0,4.6,13.35,22.38,24.11,7.26,24.64,0.75,1.34,7.58,11.42,0.0,1.47,9.99,11.8,1.18,28.36,11.0,24.73,4.82,25.05,11.22,2.23,5.61,21.14,26.86,8.67,234.07,242.54,234.37,218.53,225.61,229.33,29.32,230.59,231.91,229.13,233.68,234.01,19.47,233.59,233.71,233.67,233.78,242.68,243.42,21.22,9.38,233.61,21.28,14.2,8.45,4.36,11.02,12.04,11.69,13.67,9.27,13.51,10.65,10.52,9.41,13.67,10.41,11.93,11.68,12.25,11.09,6.29,5.64,3.76,6.25,13.93,9.78,12.19,12.91,10.49,10.81,10.63,30.54,11.71,11.1,7.66,15.57,13.11,14.15,22.41,21.59,13.73,11.7,2.89,19.49,23.4,34.45
波波笑剧场(哈尔滨哈西万达广场店),13.82,22.63,12.12,18.42,14.95,15.21,21.28,12.12,12.15,10.71,7.84,10.15,11.56,11.75,11.17,7.78,11.53,10.62,12.7,9.22,11.94,14.58,12.38,6.98,10.15,11.06,27.46,9.46,13.79,10.56,11.9,6.49,8.88,11.16,12.54,17.08,17.92,14.88,33.77,6.32,5.36,0.11,4.26,13.36,22.97,23.77,6.92,24.3,0.31,0.68,7.24,12.01,1.47,0.0,8.27,13.08,1.37,29.22,9.28,19.14,4.89,25.91,9.5,1.51,5.68,22.0,21.64,7.38,232.02,240.2,232.32,216.48,223.57,227.29,29.4,228.54,229.86,227.08,231.63,231.96,18.18,231.54,231.67,231.63,231.73,240.34,241.08,19.93,8.91,231.56,22.14,11.56,6.73,3.64,11.24,10.72,11.91,12.35,7.98,14.48,9.93,8.8,8.12,11.95,8.69,10.49,9.96,10.53,11.17,6.47,4.92,3.95,4.91,11.05,8.46,10.87,11.59,9.17,9.09,9.91,30.62,12.44,11.33,6.32,14.24,11.38,12.87,15.82,22.45,12.45,9.97,2.96,19.71,22.12,34.52
全季酒店(哈尔滨中央大街哈站北广场店),8.97,15.73,2.95,13.57,10.1,10.36,16.42,3.63,3.65,1.75,8.47,3.04,4.23,5.45,3.89,8.42,5.13,1.99,5.79,3.91,3.21,10.12,7.92,11.68,3.04,5.16,20.55,3.53,9.34,1.6,3.16,9.6,3.14,3.96,8.08,12.23,21.55,10.42,31.91,2.79,7.32,8.38,5.23,8.9,17.11,18.91,3.74,19.44,8.12,7.86,9.04,9.18,9.99,8.27,0.0,6.37,9.71,32.98,3.11,15.72,9.46,19.26,3.33,9.5,10.76,15.39,26.16,3.15,230.92,245.89,231.22,215.38,222.46,226.18,34.04,227.44,228.76,225.98,230.53,230.86,13.94,230.44,230.56,230.52,230.63,246.03,246.77,13.51,6.98,230.45,15.53,4.39,2.44,6.27,7.9,4.89,7.34,4.36,3.66,3.71,2.65,0.74,3.69,6.34,1.8,2.13,1.87,2.68,5.34,11.13,5.38,8.61,9.12,4.13,5.37,5.05,5.28,5.24,1.47,4.21,35.26,9.01,7.98,4.8,4.42,3.3,8.62,11.58,15.84,8.2,1.89,8.73,9.3,17.88,39.16
如家酒店(哈尔滨香坊万达广场龙塔店),17.87,24.63,8.08,22.47,19.0,19.26,17.91,8.7,8.72,6.41,13.83,6.11,7.47,9.02,7.13,13.77,8.7,6.58,5.64,4.04,7.91,4.7,1.59,15.64,6.11,4.72,27.75,5.42,4.41,7.14,7.86,13.98,4.68,7.12,1.07,21.13,19.88,4.65,27.24,6.82,13.11,13.19,9.88,1.3,10.23,24.09,5.63,28.35,12.93,13.04,13.43,1.02,11.8,13.08,6.37,0.0,11.57,31.52,7.72,11.45,13.48,26.04,7.94,12.74,14.77,22.16,25.34,8.46,226.28,241.26,226.58,210.74,217.83,221.55,38.05,222.81,224.12,221.34,225.89,226.22,20.72,225.8,225.93,225.89,225.99,241.4,242.14,15.74,3.36,225.82,22.31,5.76,7.18,8.45,2.74,3.22,1.86,4.82,8.97,7.31,5.66,7.02,8.29,8.73,7.1,5.84,6.86,7.13,3.49,12.45,7.9,9.91,7.66,6.36,2.96,3.38,3.53,2.91,6.97,5.64,39.28,3.73,3.71,9.4,6.37,7.09,15.4,18.36,22.61,14.98,5.13,13.66,12.01,24.65,43.18
希岸Deluxe酒店(哈尔滨哈西高铁站万达广场店),13.92,21.34,12.94,18.51,15.04,15.3,28.11,12.22,12.24,11.53,14.77,10.97,12.38,11.84,11.99,14.71,11.62,11.44,14.49,10.04,12.76,14.59,12.39,7.45,10.97,11.79,42.81,10.28,13.8,11.38,12.72,7.31,9.7,11.98,12.55,17.17,16.72,14.89,32.55,7.77,6.18,1.48,5.34,13.37,21.74,23.86,7.55,24.39,1.22,1.82,8.06,10.81,1.18,1.37,9.71,11.57,0.0,27.98,9.74,17.82,5.44,24.67,9.96,2.18,6.24,20.76,20.33,7.84,230.73,238.91,231.03,215.19,222.27,225.99,30.48,227.25,228.57,225.79,230.34,230.67,25.11,230.25,230.37,230.33,230.44,239.05,239.79,20.4,8.28,230.27,20.9,12.24,7.2,4.1,9.92,10.93,10.58,12.56,8.45,14.7,10.61,9.27,8.59,12.42,9.15,11.16,10.42,10.99,11.38,5.18,5.3,2.65,5.14,11.73,8.68,11.09,11.81,9.39,9.55,10.59,31.71,10.61,10.0,6.79,14.46,15.48,13.33,22.03,21.21,12.91,10.44,3.52,18.39,27.54,35.61
毛毛镇音乐主题乐园,37.7,42.33,34.14,42.29,38.83,39.08,49.1,41.58,41.6,33.26,35.76,33.58,35.49,41.2,34.6,35.7,40.98,34.05,34.44,31.51,35.38,34.54,32.34,34.12,33.58,31.74,55.05,32.89,33.75,33.28,35.33,34.51,30.86,35.96,32.5,40.95,13.84,34.84,51.52,29.45,33.97,29.33,27.56,33.32,33.98,61.48,31.14,62.01,29.07,29.45,35.26,29.86,28.36,29.22,32.98,31.52,27.98,0.0,32.65,33.37,32.86,45.64,32.87,30.02,31.69,41.73,11.95,36.22,243.27,231.27,243.57,227.73,234.81,238.53,35.66,239.79,241.11,238.33,242.88,243.21,46.09,242.79,242.91,242.87,242.98,231.41,232.15,48.18,27.94,242.81,41.88,34.31,36.19,28.05,31.65,30.88,29.23,32.51,36.82,34.65,32.4,32.16,36.96,35.33,32.03,38.55,39.05,33.87,31.33,26.44,28.16,25.43,26.45,33.2,28.63,31.04,31.76,29.34,32.43,32.38,40.64,31.2,31.64,35.16,34.41,35.43,41.7,43.0,42.18,41.28,32.82,30.65,41.57,48.51,48.66
哈尔滨民俗博物馆民宿(松花江店),6.7,13.46,2.85,11.3,7.83,8.09,14.16,5.1,5.12,3.04,6.21,3.15,5.49,4.72,5.66,6.15,4.51,3.24,6.66,4.52,4.95,10.74,8.54,7.18,3.15,5.78,29.66,4.14,9.95,2.2,4.9,5.53,3.76,5.73,8.7,9.96,22.17,11.04,32.97,3.35,4.45,9.38,5.87,9.52,18.17,16.64,4.12,17.18,9.12,8.87,4.97,9.79,11.0,9.28,3.11,7.72,9.74,32.65,0.0,19.35,8.2,17.53,1.69,8.24,9.49,13.66,25.29,1.89,231.7,242.89,232.0,216.16,223.25,226.97,32.78,228.23,229.54,226.77,231.31,231.65,12.22,231.22,231.35,231.31,231.41,243.03,243.77,13.97,6.02,231.24,13.8,6.18,2.25,6.49,8.03,7.24,7.82,5.65,1.73,11.01,4.79,2.83,1.83,3.63,1.66,2.6,3.1,2.35,4.91,13.05,5.6,10.5,8.26,4.85,5.2,7.4,8.12,5.69,1.23,4.77,34.0,8.93,8.11,2.94,10.77,11.78,6.9,9.85,14.11,6.48,3.6,8.38,13.88,16.15,37.9
快乐专+(哈尔滨店),23.98,30.74,17.44,28.58,25.11,25.37,26.95,22.29,22.31,15.77,22.53,15.47,16.88,21.91,16.49,22.47,21.69,15.94,17.16,13.4,17.26,10.27,11.38,21.75,15.47,14.08,28.04,14.78,14.22,16.5,17.22,20.09,14.04,16.48,11.5,27.24,22.89,13.09,13.49,15.75,19.22,19.25,15.98,9.15,2.72,32.67,14.19,34.46,18.99,19.1,19.54,10.67,24.73,19.14,15.72,11.45,17.82,33.37,19.35,0.0,20.46,35.95,18.8,20.49,21.75,38.84,28.36,16.8,225.96,240.99,226.26,210.42,217.51,221.23,48.56,222.48,223.8,221.02,225.57,225.9,27.32,225.48,225.61,225.57,225.67,241.13,241.87,23.74,10.01,225.5,38.98,14.27,15.75,15.8,7.58,11.73,7.6,13.31,17.34,15.83,14.17,17.34,18.34,17.24,17.21,14.35,15.37,15.64,12.01,18.31,14.91,19.8,16.15,14.88,13.81,11.9,12.05,11.43,17.61,14.16,49.79,7.39,7.91,15.84,19.59,20.6,22.38,25.34,39.29,21.96,13.65,20.64,13.62,31.63,53.69
遇见汤泉,11.31,14.86,9.6,15.9,12.44,12.69,18.76,9.61,9.63,9.79,5.28,9.5,11.84,9.23,11.09,5.22,9.01,10.01,13.0,10.85,10.56,19.0,14.39,2.96,9.5,12.02,34.27,10.48,15.81,9.64,10.52,3.8,10.08,11.4,14.55,14.56,25.2,16.89,35.16,8.24,2.49,5.0,6.39,16.2,20.36,21.25,9.2,21.78,4.74,4.89,3.77,14.57,4.82,4.89,9.46,13.48,5.44,32.86,8.2,20.46,0.0,17.61,8.62,4.89,1.3,13.7,30.93,6.46,245.4,252.71,245.7,229.86,236.94,240.66,26.82,241.92,243.24,240.46,245.01,245.34,18.05,244.92,245.04,245.0,245.11,252.84,253.58,20.14,11.73,244.94,13.84,12.53,7.41,6.98,14.06,14.88,14.73,14.35,6.18,13.7,10.5,10.71,7.15,9.86,8.74,9.77,11.86,9.78,15.33,11.05,6.91,8.53,8.15,12.02,12.26,15.04,13.17,12.83,9.32,12.74,28.04,15.25,14.14,4.98,14.41,13.29,11.74,14.97,14.15,11.32,11.88,3.62,22.52,20.48,31.95
哈尔滨枫叶小镇温泉度假酒店,14.72,5.02,18.21,17.75,14.29,14.54,12.7,18.2,18.22,18.77,18.89,19.0,20.82,17.93,19.38,18.83,17.6,18.97,23.96,20.67,19.17,28.75,26.95,16.64,18.99,21.54,23.7,20.0,24.4,18.18,19.12,17.03,19.91,19.96,27.11,16.41,37.98,24.6,53.46,19.97,19.17,26.02,20.66,28.76,35.85,11.54,21.76,12.08,25.76,26.13,17.78,27.12,25.05,25.91,19.26,26.04,24.67,45.64,17.53,35.95,17.61,0.0,16.4,26.72,17.97,4.77,47.77,16.52,253.23,260.54,253.53,237.69,244.78,248.5,37.13,249.76,251.07,248.3,252.84,253.18,10.23,252.75,252.88,252.84,252.94,260.68,261.42,12.32,23.26,252.77,4.49,23.38,18.93,20.98,25.59,23.25,26.26,23.66,15.96,21.32,19.29,18.4,16.69,17.82,17.99,18.56,19.05,17.75,20.92,30.51,20.09,27.86,22.46,23.11,23.4,23.4,24.11,21.7,17.23,20.78,38.35,26.78,25.68,18.13,21.07,22.1,16.04,8.88,4.28,13.56,19.56,25.48,24.24,10.46,42.26
滨果汤泉空间,6.89,13.65,2.35,11.49,8.02,8.28,14.34,3.34,3.36,2.59,6.38,2.82,4.39,3.07,4.52,6.32,2.74,2.79,6.32,4.75,4.31,10.96,8.76,7.73,2.81,6.0,21.08,3.82,10.18,2.0,4.26,6.07,3.98,4.16,8.92,10.15,22.4,11.26,33.51,4.02,5.97,9.61,6.45,9.74,18.7,16.83,4.34,17.36,9.35,9.09,5.52,10.02,11.22,9.5,3.33,7.94,9.96,32.87,1.69,18.8,8.62,16.4,0.0,8.96,10.22,12.8,26.02,2.62,233.35,243.62,233.64,217.81,224.89,228.61,33.51,229.87,231.19,228.41,232.95,233.29,11.36,232.87,232.99,232.95,233.06,243.75,244.49,13.11,6.75,232.88,12.95,5.45,2.98,8.47,8.76,7.97,8.55,6.38,2.14,5.05,3.41,2.53,2.56,2.61,2.04,2.68,3.65,1.64,5.64,13.78,7.58,11.23,8.98,4.94,5.93,8.12,8.84,6.42,1.61,5.5,34.73,9.65,8.84,3.67,11.5,3.89,6.04,8.99,13.25,5.62,3.69,9.11,14.61,15.29,38.63
悦溪棠温泉洗浴,12.93,20.2,10.43,17.53,14.06,14.32,20.39,11.23,11.26,9.82,6.95,9.25,10.66,10.86,10.26,6.89,10.64,9.71,11.8,8.31,11.04,14.43,12.23,5.41,9.24,10.16,26.56,8.56,13.64,9.68,10.99,5.6,7.98,10.25,12.39,16.19,18.03,14.73,34.61,6.6,4.47,1.62,3.32,13.21,20.39,22.88,6.01,23.41,1.36,0.54,6.35,13.32,2.23,1.51,9.5,12.74,2.18,30.02,8.24,20.49,4.89,26.72,8.96,0.0,5.06,19.19,21.54,6.34,231.68,240.11,231.98,216.14,223.22,226.94,28.83,228.2,229.52,226.74,231.29,231.62,17.15,231.2,231.32,231.28,231.39,240.25,240.99,18.9,9.09,231.22,19.34,10.59,5.69,2.6,11.37,12.05,12.09,10.14,6.94,10.76,8.96,7.76,7.09,10.91,7.65,9.52,8.92,9.49,9.4,6.38,3.95,3.85,4.81,10.08,8.37,12.21,11.09,10.5,8.05,8.94,30.05,12.61,11.45,5.28,15.58,10.35,11.83,14.78,19.64,11.41,8.94,3.6,19.88,21.08,33.95
禧沐汤泉,12.53,14.03,11.68,17.12,13.65,13.91,20.8,10.83,10.85,11.08,6.08,10.79,13.13,10.45,12.38,6.02,10.23,11.3,14.3,12.14,12.53,20.29,15.69,3.82,10.79,13.32,36.3,11.78,17.1,10.93,12.49,4.42,11.37,12.69,15.85,15.78,24.03,18.19,36.45,9.12,3.71,5.79,7.18,17.5,21.65,21.78,10.49,22.31,5.53,5.69,5.17,15.86,5.61,5.68,10.76,14.77,6.24,31.69,9.49,21.75,1.3,17.97,10.22,5.06,0.0,13.39,29.47,8.55,244.07,251.38,244.37,228.53,235.62,239.34,25.49,240.59,241.91,239.13,243.68,244.01,17.75,243.59,243.72,243.68,243.78,251.52,252.26,21.11,12.85,243.61,13.54,13.64,8.53,8.96,15.18,15.49,15.85,13.9,9.15,13.57,11.61,10.72,9.3,12.56,9.85,10.89,11.39,11.63,13.16,11.32,8.09,8.79,10.44,13.13,13.45,15.65,14.29,13.94,10.43,11.59,26.72,16.37,15.26,7.5,19.02,13.16,14.04,14.66,13.84,13.62,11.88,3.89,23.64,20.18,30.62
银河欢乐世界温泉洗浴,10.85,1.23,14.34,13.88,10.41,10.67,11.86,14.33,14.35,14.9,14.97,15.12,16.95,14.06,15.51,14.92,13.73,15.1,23.49,16.8,15.3,27.68,23.08,12.73,15.12,17.66,21.27,16.13,23.93,14.31,15.25,13.12,16.04,16.09,23.24,12.54,34.07,24.13,49.54,16.1,15.25,22.1,16.79,24.89,38.74,13.12,17.89,13.65,21.84,22.22,13.87,23.25,21.14,22.0,15.39,22.16,20.76,41.73,13.66,38.84,13.7,4.77,12.8,19.19,13.39,0.0,45.29,14.01,250.75,258.06,251.05,235.21,242.29,246.01,34.65,247.27,248.59,245.81,250.36,250.69,9.44,250.27,250.39,250.35,250.46,258.19,258.93,12.07,20.76,250.29,1.07,18.81,16.42,18.47,23.09,20.74,23.75,19.15,13.46,21.73,16.78,15.89,14.18,15.32,15.48,16.05,16.55,15.24,18.41,26.13,17.58,23.48,19.95,18.3,20.89,20.89,21.61,19.19,14.72,18.27,35.87,24.28,23.17,15.62,21.48,22.51,13.53,5.19,0.6,11.05,17.05,16.58,25.79,10.61,39.77
浴玺湾温泉水汇,34.74,41.28,27.32,39.33,35.87,36.12,49.14,33.04,33.06,26.44,34.71,26.76,28.67,32.66,27.78,34.66,32.44,27.23,27.62,24.69,28.56,29.08,25.77,33.07,26.76,24.92,50.23,26.07,26.93,26.46,28.51,33.46,24.04,29.14,25.68,37.99,4.84,31.91,33.36,26.5,24.54,21.74,20.74,25.39,28.26,58.29,25.76,58.82,21.48,21.59,34.21,24.64,26.86,21.64,26.16,25.34,20.33,11.95,25.29,28.36,30.93,47.77,26.02,21.54,29.47,45.29,0.0,25.96,232.78,223.43,233.08,217.24,224.33,228.05,36.6,229.31,230.62,227.84,232.39,232.72,43.98,232.3,232.43,232.39,232.49,223.57,224.31,47.05,23.81,232.32,39.77,27.61,28.06,21.35,23.88,24.18,24.54,25.81,29.66,27.95,25.7,25.46,26.53,28.62,25.33,26.25,30.41,27.17,24.63,20.42,21.45,18.73,19.74,26.49,21.93,24.34,25.06,22.63,25.73,25.68,41.58,26.7,23.96,28.15,27.71,28.72,34.69,40.89,40.07,34.27,28.68,27.38,32.34,46.4,41.52
云尚汤泉洗浴会馆,7.01,13.77,4.08,11.61,8.14,8.4,14.46,5.27,5.29,3.48,6.37,3.19,5.53,4.89,4.78,6.32,4.67,3.7,6.7,4.54,4.93,10.76,8.55,6.46,3.19,5.71,21.45,4.18,7.15,3.33,4.89,4.81,3.77,5.09,8.71,10.27,22.19,8.23,31.51,1.97,3.91,7.49,4.54,9.53,16.7,16.95,4.13,17.49,7.23,6.97,4.25,9.04,8.67,7.38,3.15,8.46,7.84,36.22,1.89,16.8,6.46,16.52,2.62,6.34,8.55,14.01,25.96,0.0,229.84,257.03,230.14,214.3,221.39,225.1,31.14,226.36,227.68,224.9,229.45,229.78,13.75,229.36,229.49,229.44,229.55,257.17,257.91,15.5,6.76,229.38,15.34,6.08,1.04,5.71,8.77,7.98,10.25,6.39,0.94,6.01,4.05,3.15,1.1,4.85,2.29,3.32,3.82,3.25,5.66,9.64,3.9,7.12,9.0,5.57,5.94,8.14,8.86,6.44,2.14,5.52,32.37,10.77,8.85,1.69,11.51,5.6,8.43,11.39,15.65,8.01,4.32,6.75,18.05,17.69,36.27
亚布力良栖青云民宿,236.34,251.83,234.64,240.94,237.47,237.73,245.84,234.64,234.66,232.85,241.53,230.66,235.08,234.26,231.68,241.47,234.05,231.13,236.06,228.59,235.6,230.8,230.29,239.88,230.66,229.27,246.93,229.97,233.34,232.88,235.55,232.45,229.91,231.67,230.4,239.6,226.68,232.52,212.31,228.11,231.57,232.13,228.34,225.68,225.86,261.58,228.37,264.29,234.78,231.97,231.9,225.87,234.07,232.02,230.92,226.28,230.73,243.27,231.7,225.96,245.4,253.23,233.35,231.68,244.07,250.75,232.78,229.84,0.0,175.04,0.52,26.32,9.4,6.11,258.58,7.37,8.69,5.91,0.39,0.16,241.28,1.0,0.62,0.4,0.29,175.18,175.91,243.64,225.94,6.79,251.77,233.07,229.34,229.38,223.75,229.64,225.71,231.27,230.93,233.41,231.16,230.92,231.93,234.48,230.79,231.71,231.88,233.88,230.09,227.9,228.5,229.39,229.73,231.96,227.39,229.8,230.52,228.09,231.19,231.14,259.8,223.29,223.74,229.42,233.17,234.19,235.96,238.92,251.37,235.54,230.16,234.41,233.52,245.21,263.7
花筑·栖禧民宿(雪谷风景区店),251.32,259.14,249.61,255.91,252.44,252.7,260.82,249.62,249.64,244.04,250.0,245.64,246.27,249.24,246.66,249.95,249.02,246.11,251.03,243.57,250.57,245.77,245.26,248.36,245.64,242.51,261.9,244.95,244.53,244.06,250.53,248.75,241.64,246.74,245.38,254.57,233.99,247.5,245.45,243.08,254.82,240.31,239.93,240.66,240.89,271.06,240.24,271.59,240.05,240.16,249.5,240.84,242.54,240.2,245.89,241.26,238.91,231.27,242.89,240.99,252.71,260.54,243.62,240.11,251.38,258.06,223.43,257.03,175.04,0.0,175.36,155.12,166.61,170.33,265.42,171.58,172.9,170.12,174.67,175.0,256.15,174.58,174.71,174.67,174.77,0.39,0.88,258.51,240.81,174.6,258.62,247.94,244.2,239.0,238.62,244.51,240.58,246.14,245.79,248.28,246.03,245.79,246.79,249.35,245.66,246.58,246.75,248.75,244.96,234.89,239.11,236.38,238.95,246.82,242.25,244.66,245.38,242.96,246.06,246.01,266.64,238.16,238.6,244.29,248.04,249.05,250.83,253.78,258.21,250.41,245.02,241.77,248.38,269.68,270.55
亚布力芳源李·1897民宿,236.64,252.13,234.93,241.24,237.77,238.03,246.14,234.94,234.96,233.15,241.82,230.96,235.38,234.56,231.98,241.77,234.35,231.43,236.35,228.89,235.9,231.09,230.59,240.18,230.96,229.57,247.23,230.27,233.64,233.17,235.85,232.74,230.21,231.97,230.7,239.9,226.98,232.82,212.61,228.41,231.87,232.43,228.64,225.98,226.16,261.88,228.66,264.58,235.07,232.27,232.19,226.16,234.37,232.32,231.22,226.58,231.03,243.57,232.0,226.26,245.7,253.53,233.64,231.98,244.37,251.05,233.08,230.14,0.52,175.36,0.0,26.62,9.7,6.41,258.88,7.67,8.98,6.21,0.69,0.46,241.58,1.4,0.76,0.69,0.59,175.47,176.21,243.94,226.24,7.18,252.07,233.37,229.63,229.68,224.05,229.94,226.01,231.57,231.22,233.71,231.46,231.22,232.22,234.78,231.09,232.01,232.18,234.18,230.39,228.19,228.79,229.69,230.03,232.25,227.69,230.1,230.82,228.39,231.49,231.44,260.1,223.59,224.03,229.72,233.47,234.48,236.26,239.22,251.67,235.84,230.45,234.71,233.81,245.51,264.0
亚布力壹号别院民宿,220.8,236.29,219.09,225.4,221.93,222.19,230.3,219.1,219.12,217.31,225.99,215.12,219.54,218.72,216.14,225.93,218.51,215.59,220.51,213.05,220.06,215.26,214.75,224.34,215.12,213.73,231.39,214.43,217.8,217.34,220.01,216.91,214.37,216.13,214.86,224.06,211.14,216.98,196.77,212.57,216.03,216.59,212.8,210.14,210.32,246.04,212.82,248.74,219.24,216.43,216.35,210.32,218.53,216.48,215.38,210.74,215.19,227.73,216.16,210.42,229.86,237.69,217.81,216.14,228.53,235.21,217.24,214.3,26.32,155.12,26.62,0.0,17.88,21.6,243.05,22.86,24.17,21.39,25.94,26.27,225.76,25.85,25.98,25.94,26.04,155.25,155.99,228.12,210.42,25.87,236.25,217.54,213.81,213.85,208.22,214.12,210.18,215.75,215.4,217.88,215.63,215.39,216.4,218.95,215.27,216.19,216.35,218.36,214.57,212.37,212.97,213.86,214.2,216.43,211.86,214.27,214.99,212.57,215.66,215.61,244.28,207.77,208.21,213.9,217.65,218.66,220.44,223.39,235.84,220.02,214.63,218.88,217.99,229.69,248.18
寒酥庄园酒店(亚布力滑雪旅游度假区),227.89,243.38,226.18,232.48,229.01,229.27,237.39,226.19,226.21,224.4,233.07,222.21,226.63,225.81,223.22,233.02,225.59,222.68,227.6,220.14,227.14,222.34,221.83,231.43,222.21,220.82,238.47,221.52,224.89,224.42,227.1,223.99,221.46,223.21,221.95,231.14,218.23,224.07,203.86,219.65,223.12,223.68,219.89,217.23,217.41,253.12,219.91,255.83,226.32,223.52,223.44,217.41,225.61,223.57,222.46,217.83,222.27,234.81,223.25,217.51,236.94,244.78,224.89,223.22,235.62,242.29,224.33,221.39,9.4,166.61,9.7,17.88,0.0,4.02,256.51,5.28,6.6,3.82,8.37,8.7,239.22,8.28,8.4,8.36,8.47,173.11,173.85,241.57,223.88,8.29,249.71,231.0,227.27,227.31,221.68,227.57,223.64,229.21,228.86,231.34,229.09,228.85,229.86,232.41,228.72,229.65,229.81,231.82,228.03,225.83,226.43,227.32,227.66,229.89,225.32,227.73,228.45,226.03,229.12,229.07,257.74,221.22,221.67,227.36,231.1,232.12,233.9,236.85,249.3,233.47,228.09,232.34,231.45,243.15,261.64
亚布力梵山雪麓民宿,231.6,247.1,229.9,236.2,232.73,232.99,241.1,229.91,229.93,228.12,236.79,225.93,230.34,229.53,226.94,236.74,229.31,226.39,231.32,223.86,230.86,226.06,225.55,235.15,225.93,224.54,242.19,225.24,228.61,228.14,230.81,227.71,225.18,226.93,225.67,234.86,221.95,227.79,207.58,223.37,226.84,227.39,223.61,220.94,221.13,256.84,223.63,259.55,230.04,227.24,227.16,221.13,229.33,227.29,226.18,221.55,225.99,238.53,226.97,221.23,240.66,248.5,228.61,226.94,239.34,246.01,228.05,225.1,6.11,170.33,6.41,21.6,4.02,0.0,253.88,1.55,2.87,0.63,5.71,6.04,236.58,5.62,5.75,5.71,5.81,170.47,171.21,238.94,221.24,4.56,247.07,228.37,224.63,224.68,219.05,224.94,221.01,226.57,226.22,228.7,226.45,226.22,227.22,229.78,226.09,227.01,227.18,229.18,225.39,223.19,223.79,224.68,225.02,227.25,222.68,225.09,225.81,223.39,226.49,226.44,255.1,218.59,219.03,224.72,228.47,229.48,231.26,234.21,246.66,230.84,225.45,229.7,228.81,240.51,259.0
琪瑞酒店(哈尔滨太平国际机场店),38.2,35.73,34.97,42.8,39.33,39.59,44.15,36.52,36.54,34.36,30.7,34.08,36.41,36.14,35.67,30.65,35.92,34.59,37.58,35.42,35.82,43.57,38.97,29.16,34.07,36.6,57.64,35.06,40.38,34.22,35.77,29.55,34.66,35.98,39.13,41.46,35.51,41.47,59.27,32.4,28.93,29.5,30.95,40.78,48.47,47.65,33.78,48.18,29.25,29.46,30.3,39.14,29.32,29.4,34.04,38.05,30.48,35.66,32.78,48.56,26.82,37.13,33.51,28.83,25.49,34.65,36.6,31.14,258.58,265.42,258.88,243.05,256.51,253.88,0.0,255.83,257.15,254.37,258.92,259.25,41.65,258.83,258.96,258.92,259.02,266.76,267.5,43.74,35.99,258.85,35.16,36.78,31.66,32.1,38.32,38.63,38.98,37.04,32.29,36.71,34.75,33.86,32.43,35.69,32.99,34.02,34.52,34.77,36.3,33.54,31.23,30.9,33.58,36.27,36.59,38.78,37.43,37.08,33.57,34.73,6.1,39.51,38.4,30.64,42.16,36.3,37.17,38.56,34.75,36.76,35.02,27.82,46.78,46.22,5.54
亚布力青年雪鼎山庄,232.86,248.35,231.16,237.46,233.99,234.25,242.36,231.16,231.19,229.37,238.05,227.19,231.6,230.79,228.2,237.99,230.57,227.65,232.58,225.12,232.12,227.32,226.81,236.41,227.18,225.79,243.45,226.5,229.87,229.4,232.07,228.97,226.43,228.19,226.93,236.12,223.2,229.04,208.84,224.63,228.1,228.65,224.86,222.2,222.38,258.1,224.89,260.81,231.3,228.5,228.42,222.39,230.59,228.54,227.44,222.81,227.25,239.79,228.23,222.48,241.92,249.76,229.87,228.2,240.59,247.27,229.31,226.36,7.37,171.58,7.67,22.86,5.28,1.55,255.83,0.0,1.32,1.61,6.96,7.3,237.83,6.89,7.0,6.96,7.07,171.73,172.47,240.19,222.5,3.02,248.32,229.62,225.89,225.93,220.3,226.19,222.26,227.82,227.48,229.96,227.71,227.47,228.48,231.03,227.34,228.26,228.43,230.44,226.64,224.45,225.05,225.94,226.28,228.51,223.94,226.35,227.07,224.65,227.74,227.69,256.35,219.84,220.29,225.97,229.72,230.74,232.51,235.47,247.92,232.09,226.71,230.96,230.07,241.77,260.26
亚布力富丽山居民宿,234.18,249.67,232.47,238.78,235.31,235.57,243.68,232.48,232.5,230.69,239.37,228.5,232.92,232.1,229.52,239.31,231.89,228.97,233.9,226.43,233.44,228.64,228.13,237.72,228.5,227.11,244.77,227.81,231.18,230.72,233.39,230.28,227.75,229.51,228.24,237.44,224.52,230.36,210.15,225.95,229.41,229.97,226.18,223.52,223.7,259.42,226.21,262.12,232.62,229.81,229.73,223.7,231.91,229.86,228.76,224.12,228.57,241.11,229.54,223.8,243.24,251.07,231.19,229.52,241.91,248.59,230.62,227.68,8.69,172.9,8.98,24.17,6.6,2.87,257.15,1.32,0.0,2.93,8.28,8.62,239.15,6.25,8.32,8.28,8.38,173.04,173.78,241.51,223.81,2.38,249.64,230.94,227.21,227.25,221.62,227.51,223.58,229.14,228.8,231.28,229.03,228.79,229.79,232.35,228.66,229.58,229.75,231.75,227.96,225.77,226.36,227.26,227.6,229.82,225.26,227.67,228.39,225.96,229.06,229.01,257.67,221.16,221.6,227.29,231.04,232.05,233.83,236.79,249.24,233.41,228.02,232.28,231.38,243.08,261.57
亚布力·沁园春lce and Snow World·轻奢别墅(亚布力南站店),231.4,246.9,229.7,236.0,232.53,232.79,240.9,229.7,229.73,227.91,236.59,225.72,230.14,229.33,226.74,236.53,229.11,226.19,231.12,223.66,230.66,225.86,225.35,234.94,225.72,224.33,241.99,225.04,228.41,227.94,230.61,227.51,224.97,226.73,225.47,234.66,221.74,227.59,207.38,223.17,226.64,227.19,223.4,220.74,220.93,256.64,223.43,259.35,229.84,227.04,226.96,220.93,229.13,227.08,225.98,221.34,225.79,238.33,226.77,221.02,240.46,248.3,228.41,226.74,239.13,245.81,227.84,224.9,5.91,170.12,6.21,21.39,3.82,0.63,254.37,1.61,2.93,0.0,5.53,5.86,236.37,5.44,5.56,5.52,5.63,170.26,171.0,238.72,221.03,5.25,246.86,228.15,224.42,224.46,218.83,224.72,220.79,226.36,226.01,228.49,226.24,226.0,227.01,229.56,225.88,226.8,226.96,228.97,225.18,222.98,223.58,224.47,224.81,227.04,222.47,224.88,225.6,223.18,226.27,226.22,254.88,218.38,218.82,224.51,228.25,229.27,231.04,234.0,246.45,230.62,225.24,229.49,228.6,240.3,258.79
亚布力滑雪温泉森林别墅,235.95,251.44,234.24,240.55,237.08,237.34,245.45,234.25,234.27,232.46,241.13,230.27,234.69,233.87,231.29,241.08,233.66,230.74,235.66,228.2,235.21,230.41,229.9,239.49,230.27,228.88,246.54,229.58,232.95,232.48,235.16,232.05,229.52,231.28,230.01,239.21,226.29,232.13,211.92,227.72,231.18,231.74,227.95,225.29,225.47,261.19,227.97,263.89,234.38,231.58,231.5,225.47,233.68,231.63,230.53,225.89,230.34,242.88,231.31,225.57,245.01,252.84,232.95,231.29,243.68,250.36,232.39,229.45,0.39,174.67,0.69,25.94,8.37,5.71,258.92,6.96,8.28,5.53,0.0,0.33,240.89,0.7,0.24,0.0,0.1,174.78,175.52,243.25,225.55,6.49,251.38,232.68,228.94,228.99,223.36,229.25,225.32,230.88,230.53,233.02,230.77,230.53,231.53,234.09,230.4,231.32,231.49,233.49,229.7,227.5,228.1,229.0,229.34,231.56,227.0,229.41,230.13,227.7,230.8,230.75,259.41,222.9,223.34,229.03,232.78,233.79,235.57,238.53,250.98,235.15,229.76,234.02,233.12,244.82,263.31
野有故里设计师民宿,236.28,251.77,234.58,240.88,237.41,237.67,245.78,234.58,234.61,232.79,241.47,230.6,235.02,234.21,231.62,241.41,233.99,231.07,236.0,228.53,235.54,230.74,230.23,239.82,230.6,229.21,246.87,229.91,233.29,232.82,235.49,232.39,229.85,231.61,230.34,239.54,226.62,232.46,212.25,228.05,231.51,232.07,228.28,225.62,225.8,261.52,228.31,264.23,234.72,231.91,231.84,225.81,234.01,231.96,230.86,226.22,230.67,243.21,231.65,225.9,245.34,253.18,233.29,231.62,244.01,250.69,232.72,229.78,0.16,175.0,0.46,26.27,8.7,6.04,259.25,7.3,8.62,5.86,0.33,0.0,241.22,0.84,0.73,0.34,0.23,175.12,175.86,243.58,225.88,6.62,251.71,233.01,229.28,229.32,223.69,229.58,225.65,231.21,230.87,233.35,231.1,230.86,231.87,234.42,230.73,231.65,231.82,233.82,230.03,227.84,228.44,229.33,229.67,231.9,227.33,229.74,230.46,228.04,231.13,231.08,259.74,223.23,223.68,229.36,233.11,234.13,235.9,238.86,251.31,235.48,230.1,234.35,233.46,245.16,263.65
花筑·西柚度假民宿(哈尔滨冰雪大世界店),9.4,8.41,12.89,12.44,8.97,9.23,3.37,12.88,12.91,13.45,14.82,13.68,14.35,12.61,14.07,14.77,12.29,13.66,15.0,15.36,13.86,20.12,18.27,17.09,13.68,17.02,18.88,15.49,15.44,12.87,13.81,15.61,14.59,14.63,18.43,11.1,33.75,15.64,42.56,14.65,14.42,18.29,15.34,19.24,27.22,10.64,16.44,11.17,18.03,17.78,14.59,21.81,19.47,18.18,13.94,20.72,25.11,46.09,12.22,27.32,18.05,10.23,11.36,17.15,17.75,9.44,43.98,13.75,241.28,256.15,241.58,225.76,239.22,236.58,41.65,237.83,239.15,236.37,240.89,241.22,0.0,246.58,246.71,246.66,246.77,262.18,262.91,3.0,19.51,246.6,10.34,14.07,15.18,17.23,21.84,15.7,22.51,14.35,12.21,12.01,15.54,14.65,12.94,14.07,14.23,14.52,14.26,14.0,15.99,22.09,16.34,19.56,18.71,13.8,17.48,15.69,14.8,17.15,13.48,17.03,43.68,23.03,21.92,14.38,11.76,12.79,12.29,5.54,8.63,9.81,14.9,18.92,17.49,9.17,47.58
亚布力玖间度假别墅(滑雪旅游度假区店),235.86,251.35,234.16,240.46,236.99,237.25,245.36,234.16,234.18,232.37,241.05,230.18,234.6,233.78,231.2,240.99,233.57,230.65,235.57,228.11,235.12,230.32,229.81,239.4,230.18,228.79,246.45,229.49,232.86,232.4,235.07,231.97,229.43,231.19,229.92,239.12,226.2,232.04,211.83,227.63,231.09,231.65,227.86,225.2,225.38,261.1,227.88,263.8,234.29,231.49,231.41,225.38,233.59,231.54,230.44,225.8,230.25,242.79,231.22,225.48,244.92,252.75,232.87,231.2,243.59,250.27,232.3,229.36,1.0,174.58,1.4,25.85,8.28,5.62,258.83,6.89,6.25,5.44,0.7,0.84,246.58,0.0,0.69,0.7,0.81,174.69,175.43,243.16,225.46,5.78,251.29,232.59,228.85,228.9,223.27,229.16,225.23,230.79,230.45,232.93,230.68,230.44,231.44,234.0,230.31,231.23,231.4,233.4,229.61,227.42,228.01,228.91,229.25,231.47,226.91,229.32,230.04,227.61,230.71,230.66,259.32,222.81,223.25,228.94,232.69,233.7,235.48,238.44,250.89,235.06,229.67,233.93,233.03,244.73,263.22
亚布力友所居温泉民宿,235.99,251.48,234.28,240.58,237.11,237.37,245.49,234.29,234.31,232.5,241.17,230.31,234.72,233.91,231.32,241.12,233.69,230.77,235.7,228.24,235.24,230.44,229.93,239.53,230.31,228.92,246.57,229.62,232.99,232.52,235.19,232.09,229.56,231.31,230.05,239.24,226.33,232.17,211.96,227.75,231.22,231.77,227.99,225.32,225.51,261.22,228.01,263.93,234.42,231.62,231.54,225.51,233.71,231.67,230.56,225.93,230.37,242.91,231.35,225.61,245.04,252.88,232.99,231.32,243.72,250.39,232.43,229.49,0.62,174.71,0.76,25.98,8.4,5.75,258.96,7.0,8.32,5.56,0.24,0.73,246.71,0.69,0.0,0.24,0.17,174.82,175.56,243.28,225.59,6.47,251.42,232.72,228.98,229.03,223.4,229.29,225.35,230.92,230.57,233.05,230.8,230.56,231.57,234.12,230.44,231.36,231.52,233.53,229.74,227.54,228.14,229.03,229.37,231.6,227.03,229.44,230.16,227.74,230.83,230.78,259.45,222.94,223.38,229.07,232.81,233.83,235.61,238.56,251.01,235.19,229.8,234.05,233.16,244.86,263.35
墅云居·Travel休闲度假民宿(亚布力滑雪旅游度假区店),235.94,251.44,234.24,240.54,237.07,237.33,245.44,234.25,234.27,232.46,241.13,230.27,234.69,233.87,231.28,241.07,233.65,230.73,235.66,228.2,235.2,230.4,229.89,239.49,230.26,228.88,246.53,229.58,232.95,232.48,235.16,232.05,229.51,231.27,230.01,239.2,226.29,232.13,211.92,227.71,231.18,231.73,227.95,225.28,225.47,261.18,227.97,263.89,234.38,231.58,231.5,225.47,233.67,231.63,230.52,225.89,230.33,242.87,231.31,225.57,245.0,252.84,232.95,231.28,243.68,250.35,232.39,229.44,0.4,174.67,0.69,25.94,8.36,5.71,258.92,6.96,8.28,5.52,0.0,0.34,246.66,0.7,0.24,0.0,0.11,174.78,175.52,243.25,225.55,6.49,251.38,232.68,228.94,228.99,223.35,229.25,225.31,230.88,230.53,233.01,230.76,230.52,231.53,234.08,230.4,231.32,231.48,233.49,229.7,227.5,228.1,228.99,229.33,231.56,226.99,229.4,230.12,227.7,230.79,230.74,259.41,222.9,223.34,229.03,232.78,233.79,235.57,238.52,250.97,235.15,229.76,234.01,233.12,244.82,263.31
亚布力青云小镇清雅轩民宿,236.05,251.54,234.35,240.65,237.18,237.44,245.55,234.35,234.38,232.56,241.24,230.37,234.79,233.97,231.39,241.18,233.76,230.84,235.77,228.3,235.31,230.51,230.0,239.59,230.37,228.98,246.64,229.68,233.06,232.59,235.26,232.16,229.62,231.38,230.11,239.31,226.39,232.23,212.02,227.82,231.28,231.84,228.05,225.39,225.57,261.29,228.08,264.0,234.49,231.68,231.6,225.57,233.78,231.73,230.63,225.99,230.44,242.98,231.41,225.67,245.11,252.94,233.06,231.39,243.78,250.46,232.49,229.55,0.29,174.77,0.59,26.04,8.47,5.81,259.02,7.07,8.38,5.63,0.1,0.23,246.77,0.81,0.17,0.11,0.0,174.89,175.62,243.35,225.65,6.59,251.48,232.78,229.05,229.09,223.46,229.35,225.42,230.98,230.64,233.12,230.87,230.63,231.63,234.19,230.5,231.42,231.59,233.59,229.8,227.61,228.21,229.1,229.44,231.66,227.1,229.51,230.23,227.81,230.9,230.85,259.51,223.0,223.45,229.13,232.88,233.9,235.67,238.63,251.08,235.25,229.87,234.12,233.23,244.92,263.42
雪谷李姐温泉酒店,251.46,259.28,249.75,256.05,252.58,252.84,260.95,249.76,249.78,244.18,250.14,245.78,246.4,249.38,246.79,250.09,249.16,246.24,251.17,243.71,250.71,245.91,245.4,248.5,245.78,242.65,262.04,245.09,244.67,244.2,250.66,248.89,241.78,246.88,245.52,254.71,234.13,247.64,245.59,243.22,254.96,240.45,240.06,240.79,241.03,271.2,240.38,271.73,240.19,240.29,249.64,240.98,242.68,240.34,246.03,241.4,239.05,231.41,243.03,241.13,252.84,260.68,243.75,240.25,251.52,258.19,223.57,257.17,175.18,0.39,175.47,155.25,173.11,170.47,266.76,171.73,173.04,170.26,174.78,175.12,262.18,174.69,174.82,174.78,174.89,0.0,0.73,258.85,241.16,174.94,258.96,248.28,244.55,239.34,238.96,244.85,240.92,246.49,246.14,248.62,246.37,246.13,247.14,249.69,246.0,246.93,247.09,249.1,245.3,235.24,239.45,236.73,239.29,247.17,242.6,245.01,245.73,243.31,246.4,246.35,266.99,238.5,238.95,244.63,248.38,249.4,251.17,254.13,258.56,250.75,245.37,242.12,248.73,270.03,270.89
嘉毅客栈(中国雪谷风景区店),252.19,260.02,250.49,256.79,253.32,253.58,261.69,250.5,250.52,244.91,250.88,246.52,247.14,250.12,247.53,250.82,249.9,246.98,251.91,244.45,251.45,246.65,246.14,249.24,246.51,243.39,262.78,245.83,245.41,244.94,251.4,249.63,242.52,247.61,246.26,255.45,234.87,248.38,246.32,243.96,255.7,241.19,240.8,241.53,241.77,271.94,241.11,272.47,240.93,241.03,250.38,241.72,243.42,241.08,246.77,242.14,239.79,232.15,243.77,241.87,253.58,261.42,244.49,240.99,252.26,258.93,224.31,257.91,175.91,0.88,176.21,155.99,173.85,171.21,267.5,172.47,173.78,171.0,175.52,175.86,262.91,175.43,175.56,175.52,175.62,0.73,0.0,259.38,241.69,175.48,259.49,248.81,245.08,239.88,239.5,245.39,241.45,247.02,246.67,249.15,246.9,246.66,247.67,250.22,246.54,247.46,247.62,249.63,245.84,235.77,239.98,237.26,239.82,247.7,243.13,245.54,246.26,243.84,246.93,246.88,267.52,239.04,239.48,245.17,248.91,249.93,251.71,254.66,259.09,251.29,245.9,242.65,249.26,270.56,271.42
佰源民宿酒店(东北虎林园店),11.15,10.5,14.64,14.19,10.72,10.98,4.88,14.63,14.66,12.68,16.57,12.78,10.91,14.36,12.26,16.52,14.04,12.33,11.56,14.14,12.5,16.55,14.82,19.17,12.78,13.58,11.49,12.05,11.99,14.62,12.45,17.36,14.78,11.19,14.98,12.85,41.22,12.2,38.99,16.4,16.17,20.04,17.09,15.8,23.64,12.73,18.19,13.26,19.78,19.53,16.34,23.57,21.22,19.93,13.51,15.74,20.4,48.18,13.97,23.74,20.14,12.32,13.11,18.9,21.11,12.07,47.05,15.5,243.64,258.51,243.94,228.12,241.57,238.94,43.74,240.19,241.51,238.72,243.25,243.58,3.0,243.16,243.28,243.25,243.35,258.85,259.38,0.0,17.61,243.02,10.4,11.22,17.04,19.09,16.81,12.86,15.45,11.5,14.08,9.16,12.58,12.86,14.81,13.44,16.1,11.67,11.41,12.04,13.14,23.82,18.2,21.27,19.02,10.96,14.64,12.85,11.96,14.3,13.07,12.55,45.54,21.36,19.7,16.24,8.91,9.94,14.16,6.75,10.84,11.68,12.05,20.79,12.08,11.33,49.45
春上汤泉,13.75,20.51,8.05,18.35,14.88,15.14,21.21,12.05,12.08,6.68,12.3,6.72,8.13,11.68,7.74,12.24,11.46,7.19,7.5,4.65,8.52,8.54,3.79,11.52,6.72,5.33,27.43,6.03,8.49,7.19,8.47,9.86,4.89,7.73,3.6,17.01,17.46,7.25,27.06,4.14,8.99,9.02,5.75,3.24,9.91,23.7,3.21,24.23,8.76,8.87,9.31,2.49,9.38,8.91,6.98,3.36,8.28,27.94,6.02,10.01,11.73,23.26,6.75,9.09,12.85,20.76,23.81,6.76,225.94,240.81,226.24,210.42,223.88,221.24,35.99,222.5,223.81,221.03,225.55,225.88,19.51,225.46,225.59,225.55,225.65,241.16,241.69,17.61,0.0,225.24,20.03,6.0,4.9,6.51,3.04,3.46,2.44,4.78,8.09,7.55,5.44,6.08,7.15,8.97,5.95,6.08,7.1,7.37,3.73,9.1,5.62,7.32,6.75,6.6,1.81,3.71,3.83,2.44,6.35,5.42,37.0,3.94,3.12,6.59,6.67,7.33,13.12,16.08,20.34,12.71,5.37,11.38,11.51,22.38,40.91
亚布力滑雪旅游度假区,235.88,251.37,234.17,240.47,237.01,237.26,245.38,234.18,234.2,232.39,241.06,230.2,234.62,233.8,231.22,241.01,233.59,230.67,235.59,228.13,235.13,230.33,229.82,239.42,230.2,228.81,246.47,229.51,232.88,232.41,235.09,231.98,229.45,231.21,229.94,239.13,226.22,232.06,211.85,227.65,231.11,231.67,227.88,225.22,225.4,261.12,227.9,263.82,234.31,231.51,231.43,225.4,233.61,231.56,230.45,225.82,230.27,242.81,231.24,225.5,244.94,252.77,232.88,231.22,243.61,250.29,232.32,229.38,6.79,174.6,7.18,25.87,8.29,4.56,258.85,3.02,2.38,5.25,6.49,6.62,246.6,5.78,6.47,6.49,6.59,174.94,175.48,243.02,225.24,0.0,251.38,232.68,228.94,228.99,223.36,229.25,225.32,230.88,230.54,233.02,230.77,230.53,231.53,234.09,230.4,231.32,231.49,233.49,229.7,227.51,228.1,229.0,229.34,231.56,227.0,229.41,230.13,227.7,230.8,230.75,259.41,222.9,223.34,229.03,232.78,233.79,235.57,238.53,250.98,235.15,229.76,234.02,233.12,244.82,263.31
哈尔滨热雪奇迹,10.99,0.69,14.48,14.03,10.56,10.82,12.03,14.47,14.49,15.04,15.12,15.27,17.09,14.2,15.66,15.06,13.88,15.25,23.66,16.95,15.44,28.78,23.22,12.87,15.27,17.81,21.34,16.27,24.1,14.46,15.4,13.26,16.18,16.23,23.39,12.69,34.21,24.3,49.69,16.24,15.4,22.25,16.93,25.03,38.88,11.36,18.03,11.89,21.99,22.36,14.01,23.4,21.28,22.14,15.53,22.31,20.9,41.88,13.8,38.98,13.84,4.49,12.95,19.34,13.54,1.07,39.77,15.34,251.77,258.62,252.07,236.25,249.71,247.07,35.16,248.32,249.64,246.86,251.38,251.71,10.34,251.29,251.42,251.38,251.48,258.96,259.49,10.4,20.03,251.38,0.0,18.37,15.97,18.02,22.64,20.29,23.31,18.7,13.01,21.29,16.33,15.45,13.74,14.87,15.03,15.6,16.1,14.8,17.96,26.37,17.14,23.72,19.51,17.86,20.44,20.45,21.17,18.75,14.28,17.82,36.75,23.83,22.72,15.18,21.03,22.06,13.09,5.42,0.92,10.61,16.61,16.81,25.34,10.6,40.66
老街滋味坊(直营旗舰店),11.81,18.57,5.36,16.41,12.94,13.2,14.27,6.05,6.08,3.69,11.11,3.4,2.88,6.3,4.5,11.05,5.98,4.02,1.85,2.56,5.1,4.51,4.36,12.26,3.39,2.94,18.11,1.71,2.29,4.43,5.06,10.6,3.2,2.85,4.52,15.07,23.84,3.38,29.71,5.33,9.78,11.67,7.08,5.34,14.18,20.45,4.83,20.97,11.41,11.15,10.05,6.33,14.2,11.56,4.39,5.76,12.24,34.31,6.18,14.27,12.53,23.38,5.45,10.59,13.64,18.81,27.61,6.08,233.07,247.94,233.37,217.54,231.0,228.37,36.78,229.62,230.94,228.15,232.68,233.01,14.07,232.59,232.72,232.68,232.78,248.28,248.81,11.22,6.0,232.68,18.37,0.0,6.82,10.37,8.02,3.41,6.0,1.35,10.11,2.94,4.91,4.92,10.21,6.87,9.02,3.73,3.47,5.27,3.69,14.37,9.94,11.82,9.57,2.03,5.19,3.4,2.23,4.85,5.13,4.89,41.28,7.88,10.25,11.32,3.25,2.74,17.41,19.01,24.09,16.99,4.11,15.67,5.18,23.04,45.19
老街滋味坊(民安小区店),9.42,16.18,4.86,14.02,10.55,10.8,16.87,5.88,5.91,3.73,6.99,3.97,5.33,5.5,4.99,6.93,5.29,4.51,6.9,4.25,5.85,14.29,9.69,7.06,3.96,5.5,21.65,4.71,7.35,3.58,5.8,5.4,3.48,5.06,9.85,12.68,20.39,8.43,30.46,0.98,4.66,6.84,3.43,11.5,15.65,19.36,1.93,19.89,6.58,6.32,4.85,9.86,8.45,6.73,2.44,7.18,7.2,36.19,2.25,15.75,7.41,18.93,2.98,5.69,8.53,16.42,28.06,1.04,229.34,244.2,229.63,213.81,227.27,224.63,31.66,225.89,227.21,224.42,228.94,229.28,15.18,228.85,228.98,228.94,229.05,244.55,245.08,17.04,4.9,228.94,15.97,6.82,0.0,4.88,7.75,6.96,7.54,5.58,1.52,5.55,3.64,2.15,1.66,5.01,2.19,3.22,3.71,3.99,4.63,12.77,3.99,7.21,7.97,4.81,4.92,7.12,5.97,5.41,2.78,4.49,33.09,8.65,7.83,2.7,10.49,5.14,6.91,9.86,14.12,6.49,3.57,7.47,13.6,16.16,36.99
偏脸子哈尔滨老烧烤(自兴街店),11.47,18.22,9.76,16.06,12.59,12.85,18.92,9.77,9.79,7.75,8.54,7.71,9.12,9.39,8.73,8.48,9.17,8.18,8.7,5.85,10.72,11.48,9.28,8.11,7.71,7.11,26.71,7.02,10.69,7.61,10.68,6.45,5.09,8.72,9.44,14.72,17.57,11.78,30.5,3.28,4.17,3.75,1.29,10.25,15.7,21.41,3.54,21.94,3.48,3.23,5.9,10.53,4.36,3.64,6.27,8.45,4.1,28.05,6.49,15.8,6.98,20.98,8.47,2.6,8.96,18.47,21.35,5.71,229.38,239.0,229.68,213.85,227.31,224.68,32.1,225.93,227.25,224.46,228.99,229.32,17.23,228.9,229.03,228.99,229.09,239.34,239.88,19.09,6.51,228.99,18.02,10.37,4.88,0.0,8.33,7.03,9.0,6.81,5.38,8.9,5.91,5.83,5.56,8.79,6.08,6.46,6.96,7.86,6.07,6.44,0.59,3.92,3.08,7.04,6.12,8.53,7.75,6.83,6.66,5.89,32.17,9.52,8.41,3.73,11.9,12.92,10.27,13.22,17.48,9.85,6.72,5.95,16.79,19.52,36.07
老街滋味坊(香坊大街店),16.08,22.84,10.05,20.68,17.21,17.47,23.54,14.38,14.41,7.94,14.63,7.65,9.06,14.01,8.67,14.57,13.79,8.12,8.24,5.58,9.44,5.82,4.2,13.85,7.65,6.26,24.99,6.96,7.01,9.2,9.4,12.19,6.22,8.65,3.66,19.34,18.3,6.8,24.87,6.15,11.32,11.35,8.09,3.27,7.48,26.03,5.21,26.56,11.09,11.2,11.64,1.96,11.02,11.24,7.9,2.74,9.92,31.65,8.03,7.58,14.06,25.59,8.76,11.37,15.18,23.09,23.88,8.77,223.75,238.62,224.05,208.22,221.68,219.05,38.32,220.3,221.62,218.83,223.36,223.69,21.84,223.27,223.4,223.35,223.46,238.96,239.5,16.81,3.04,223.36,22.64,8.02,7.75,8.33,0.0,4.97,1.37,6.57,10.58,9.06,7.41,8.03,9.1,10.48,7.91,7.59,8.61,8.88,5.25,10.02,7.58,8.21,7.08,8.12,3.76,5.13,5.29,4.67,8.3,7.39,39.49,0.97,0.49,9.07,8.13,8.85,15.61,18.57,22.82,15.19,6.89,13.87,9.13,24.86,43.39
隆栎老北京炭火锅(巴陵街),13.73,20.49,6.61,18.33,14.86,15.12,15.91,7.22,7.24,4.93,13.24,4.64,4.59,7.54,5.66,13.18,7.22,5.11,3.78,2.57,6.43,4.38,2.53,13.9,4.64,1.97,19.75,3.95,3.73,5.35,6.39,12.24,2.9,4.56,2.97,16.99,20.41,4.14,30.76,5.03,11.63,10.82,6.79,3.79,11.63,22.08,4.54,24.21,10.56,10.67,11.69,3.79,12.04,10.72,4.89,3.22,10.93,30.88,7.24,11.73,14.88,23.25,7.97,12.05,15.49,20.74,24.18,7.98,229.64,244.51,229.94,214.12,227.57,224.94,38.63,226.19,227.51,224.72,229.25,229.58,15.7,229.16,229.29,229.25,229.35,244.85,245.39,12.86,3.46,229.25,20.29,3.41,6.96,7.03,4.97,0.0,3.94,1.72,8.36,4.28,4.47,7.39,8.46,7.54,7.26,4.65,5.67,5.94,1.5,12.62,8.18,10.07,7.82,2.4,2.53,1.21,0.93,2.5,5.78,4.45,39.53,5.82,4.9,9.57,4.04,5.05,15.65,18.61,22.87,15.23,3.94,13.91,7.48,24.91,43.44
老松滨饭店(菜艺街店),16.75,23.51,9.05,21.35,17.88,18.14,25.6,15.05,15.07,7.38,15.29,7.08,8.06,14.67,8.1,15.24,14.46,7.55,6.22,5.01,8.88,5.18,2.18,14.51,7.08,5.69,26.69,6.4,5.0,8.12,8.83,12.85,5.66,8.09,2.22,20.01,18.97,6.16,20.1,8.52,11.98,12.02,8.75,1.26,7.5,26.69,6.51,27.22,11.76,11.86,12.3,1.38,11.69,11.91,7.34,1.86,10.58,29.23,7.82,7.6,14.73,26.26,8.55,12.09,15.85,23.75,24.54,10.25,225.71,240.58,226.01,210.18,223.64,221.01,38.98,222.26,223.58,220.79,225.32,225.65,22.51,225.23,225.35,225.31,225.42,240.92,241.45,15.45,2.44,225.32,23.31,6.0,7.54,9.0,1.37,3.94,0.0,5.97,10.44,7.11,6.52,9.47,10.54,9.59,9.34,6.7,7.72,7.99,4.35,10.79,8.05,8.98,9.9,7.22,3.1,4.24,4.49,3.77,7.83,6.5,41.3,2.89,1.96,10.88,6.88,7.89,17.42,20.38,24.63,17.0,5.99,15.68,9.45,26.67,45.2
老牌坊云南鱼豆花火锅(大成街店),12.15,18.9,5.62,16.74,13.28,13.53,14.55,7.13,7.15,3.95,11.37,3.65,4.11,6.56,5.74,11.31,6.24,5.26,2.0,2.03,6.34,4.37,4.75,12.52,3.65,1.97,18.39,1.97,2.37,4.69,6.29,10.86,2.67,4.09,4.88,15.4,22.04,3.46,28.62,4.81,10.04,12.46,6.56,5.7,13.21,20.73,4.31,21.25,12.2,12.3,10.31,5.39,13.67,12.35,4.36,4.82,12.56,32.51,5.65,13.31,14.35,23.66,6.38,10.14,13.9,19.15,25.81,6.39,231.27,246.14,231.57,215.75,229.21,226.57,37.04,227.82,229.14,226.36,230.88,231.21,14.35,230.79,230.92,230.88,230.98,246.49,247.02,11.5,4.78,230.88,18.7,1.35,5.58,6.81,6.57,1.72,5.97,0.0,6.38,2.79,3.58,4.76,6.48,5.99,5.29,3.58,3.32,4.39,3.05,15.23,6.34,9.57,10.44,0.71,4.42,2.75,1.87,4.29,4.24,3.57,37.83,8.07,7.04,7.59,2.81,2.59,11.41,14.37,18.63,10.99,3.08,11.02,6.05,20.67,41.73
偏脸子哈尔滨老烧烤(建国北六道街店),6.45,13.21,3.79,11.05,7.58,7.84,13.91,4.67,4.7,3.98,5.78,3.7,6.03,4.3,5.29,5.72,4.08,4.21,7.2,5.0,5.44,11.22,9.02,6.26,3.69,6.22,29.41,4.68,7.65,2.93,5.39,4.6,4.24,5.6,9.18,9.71,22.65,8.74,32.05,2.5,3.53,8.09,5.14,10.0,17.25,16.4,3.45,16.93,7.83,7.57,4.05,11.45,9.27,7.98,3.66,8.97,8.45,36.82,1.73,17.34,6.18,15.96,2.14,6.94,9.15,13.46,29.66,0.94,230.93,245.79,231.22,215.4,228.86,226.22,32.29,227.48,228.8,226.01,230.53,230.87,12.21,230.45,230.57,230.53,230.64,246.14,246.67,14.08,8.09,230.54,13.01,10.11,1.52,5.38,10.58,8.36,10.44,6.38,0.0,6.59,4.64,3.72,1.53,4.5,2.88,3.91,4.41,3.8,6.21,10.18,4.43,7.65,6.98,6.15,6.49,8.69,7.31,6.99,2.69,4.62,32.88,11.29,9.4,1.8,12.06,6.18,6.4,9.36,13.62,5.98,4.91,7.26,18.56,15.65,36.78
一头牛正宗齐齐哈尔烤肉(太古街店),11.72,21.49,4.49,16.31,12.84,13.1,12.21,4.51,4.53,3.47,11.02,2.99,1.05,5.07,3.05,10.96,4.74,3.29,3.02,4.13,3.79,5.84,5.69,13.02,2.98,4.47,16.06,2.28,3.25,4.34,3.75,10.53,4.77,1.52,5.85,14.97,24.17,4.55,34.53,6.31,10.85,14.59,8.65,6.67,15.73,18.39,6.41,18.92,14.33,11.39,10.78,7.89,13.51,14.48,3.71,7.31,14.7,34.65,11.01,15.83,13.7,21.32,5.05,10.76,13.57,21.73,27.95,6.01,233.41,248.28,233.71,217.88,231.34,228.7,36.71,229.96,231.28,228.49,233.02,233.35,12.01,232.93,233.05,233.01,233.12,248.62,249.15,9.16,7.55,233.02,21.29,2.94,5.55,8.9,9.06,4.28,7.11,2.79,6.59,0.0,4.02,3.42,6.65,5.98,10.12,3.12,2.86,3.69,4.8,15.47,11.04,12.93,10.68,2.4,6.29,4.5,3.61,5.96,4.51,4.0,42.39,8.98,11.36,7.7,0.58,0.98,10.32,17.25,22.33,9.9,3.5,12.0,5.56,21.28,46.29
哈尔滨万枫酒店(中央大街火车站店),9.78,16.53,3.33,14.37,10.9,11.16,15.63,3.74,3.76,1.52,9.08,1.23,3.55,4.26,2.81,9.02,3.94,1.74,5.05,1.92,3.32,8.96,6.03,10.23,1.23,3.56,19.47,2.02,5.5,2.39,3.27,8.57,2.07,3.1,6.92,13.03,21.92,6.58,32.28,4.03,7.75,10.04,5.66,6.47,14.07,19.72,3.41,20.25,9.78,9.53,8.02,6.24,10.65,9.93,2.65,5.66,10.61,32.4,4.79,14.17,10.5,19.29,3.41,8.96,11.61,16.78,25.7,4.05,231.16,246.03,231.46,215.63,229.09,226.45,34.75,227.71,229.03,226.24,230.77,231.1,15.54,230.68,230.8,230.76,230.87,246.37,246.9,12.58,5.44,230.77,16.33,4.91,3.64,5.91,7.41,4.47,6.52,3.58,4.64,4.02,0.0,0.97,4.12,4.52,2.24,2.16,3.2,2.92,4.64,12.13,6.38,9.61,9.28,2.44,4.67,4.35,3.6,4.54,1.71,3.51,35.3,8.32,7.29,5.23,4.21,3.11,9.06,12.01,16.27,8.64,1.19,9.16,8.01,18.31,39.21
焕彩时尚宾馆(哈尔滨站中央大街店),8.89,15.65,2.44,13.49,10.02,10.28,16.34,3.12,3.14,1.24,8.19,1.54,3.04,3.38,2.52,8.13,3.06,1.48,5.0,2.89,2.69,10.25,8.05,9.34,1.54,4.27,19.75,2.73,5.45,1.09,2.65,7.68,3.27,2.81,8.21,12.15,21.68,6.53,32.04,3.14,6.86,8.91,5.58,9.03,17.24,18.83,3.63,19.36,8.65,8.4,7.13,7.59,10.52,8.8,0.74,7.02,9.27,32.16,2.83,17.34,10.71,18.4,2.53,7.76,10.72,15.89,25.46,3.15,230.92,245.79,231.22,215.39,228.85,226.22,33.86,227.47,228.79,226.0,230.53,230.86,14.65,230.44,230.56,230.52,230.63,246.13,246.66,12.86,6.08,230.53,15.45,4.92,2.15,5.83,8.03,7.39,9.47,4.76,3.72,3.42,0.97,0.0,0.0,0.0,0.0,0.0,0.0,0.0,0.0,0.0,0.0,0.0,0.0,0.0,0.0,0.0,0.0,0.0,0.0,0.0,0.0,0.0,0.0,0.0,0.0,0.0,0.0,0.0,0.0,0.0,0.0,8.97,8.45,17.47,38.54
惟景假日酒店(哈尔滨中央大街店),7.18,13.94,3.88,11.78,8.31,8.57,14.64,5.61,5.64,4.13,6.72,3.84,6.18,5.24,5.43,6.66,5.02,4.35,7.35,5.1,5.58,11.32,9.12,7.16,3.84,6.36,22.1,4.83,10.53,3.03,5.54,5.5,4.34,5.74,9.28,10.44,22.75,11.62,33.05,2.64,4.61,8.23,5.31,10.1,18.24,17.12,4.7,17.66,7.97,7.72,4.95,10.37,9.41,8.12,3.69,8.29,8.59,36.96,1.83,18.34,7.15,16.69,2.56,7.09,9.3,14.18,26.53,1.1,231.93,246.79,232.22,216.4,229.86,227.22,32.43,228.48,229.79,227.01,231.53,231.87,12.94,231.44,231.57,231.53,231.63,247.14,247.67,14.81,7.15,231.53,13.74,10.21,1.66,5.56,9.1,8.46,10.54,6.48,1.53,6.65,4.12,0.0,0.0,0.0,0.0,0.0,0.0,0.0,0.0,0.0,0.0,0.0,0.0,0.0,0.0,0.0,0.0,0.0,0.0,0.0,0.0,0.0,0.0,0.0,0.0,0.0,0.0,0.0,0.0,0.0,0.0,7.25,10.75,15.91,36.77
哈尔滨中央大街友谊路亚朵酒店,8.31,15.07,2.87,12.91,9.44,9.7,15.77,2.52,2.54,3.21,7.61,3.44,5.41,2.14,3.97,7.56,1.93,4.04,6.95,5.54,3.76,10.01,9.1,9.62,3.44,5.98,20.33,4.44,7.4,2.63,3.71,8.4,5.75,4.54,11.38,11.57,24.85,8.48,35.6,6.47,7.21,12.06,8.54,9.54,17.14,18.26,6.79,18.79,11.8,11.54,7.38,9.3,13.67,11.95,6.34,8.73,12.42,35.33,3.63,17.24,9.86,17.82,2.61,10.91,12.56,15.32,28.62,4.85,234.48,249.35,234.78,218.95,232.41,229.78,35.69,231.03,232.35,229.56,234.09,234.42,14.07,234.0,234.12,234.08,234.19,249.69,250.22,13.44,8.97,234.09,14.87,6.87,5.01,8.79,10.48,7.54,9.59,5.99,4.5,5.98,4.52,0.0,0.0,0.0,0.0,0.0,0.0,0.0,0.0,0.0,0.0,0.0,0.0,0.0,0.0,0.0,0.0,0.0,0.0,0.0,0.0,0.0,0.0,0.0,0.0,0.0,0.0,0.0,0.0,0.0,0.0,9.09,20.47,15.24,39.27
茄子青旅(中央大街店),8.48,15.23,2.82,13.07,9.6,9.86,15.93,3.51,3.54,2.89,8.29,2.77,4.7,3.76,4.35,8.24,3.44,3.28,6.26,3.91,4.34,10.12,7.92,8.47,2.77,5.16,21.01,3.75,9.34,1.97,4.3,6.81,3.14,4.42,8.08,11.73,21.56,10.42,31.91,3.21,5.99,8.8,5.84,8.9,17.11,18.42,3.5,18.95,8.54,8.28,6.26,9.18,10.41,8.69,1.8,7.1,9.15,32.03,1.66,17.21,8.74,17.99,2.04,7.65,9.85,15.48,25.33,2.29,230.79,245.66,231.09,215.27,228.72,226.09,32.99,227.34,228.66,225.88,230.4,230.73,14.23,230.31,230.44,230.4,230.5,246.0,246.54,16.1,5.95,230.4,15.03,9.02,2.19,6.08,7.91,7.26,9.34,5.29,2.88,10.12,2.24,0.0,0.0,0.0,0.0,0.0,0.0,0.0,0.0,0.0,0.0,0.0,0.0,0.0,0.0,0.0,0.0,0.0,0.0,0.0,0.0,0.0,0.0,0.0,0.0,0.0,0.0,0.0,0.0,0.0,0.0,8.66,9.87,16.54,38.18
萤火虫青年旅舍(哈尔滨中央大街索菲亚教堂店),9.05,15.8,2.35,13.64,10.17,10.43,14.72,2.83,2.86,0.62,8.35,0.32,2.64,3.39,1.9,8.29,3.07,0.84,3.81,2.47,2.41,6.87,6.21,9.51,0.32,3.09,18.57,1.55,4.26,1.85,2.37,7.85,2.62,2.19,6.88,12.3,22.48,5.34,32.83,4.59,7.02,10.6,6.21,6.65,14.26,18.99,3.96,19.52,10.34,10.08,7.3,6.42,11.93,10.49,2.13,5.84,11.16,38.55,2.6,14.35,9.77,18.56,2.68,9.52,10.89,16.05,26.25,3.32,231.71,246.58,232.01,216.19,229.65,227.01,34.02,228.26,229.58,226.8,231.32,231.65,14.52,231.23,231.36,231.32,231.42,246.93,247.46,11.67,6.08,231.32,15.6,3.73,3.22,6.46,7.59,4.65,6.7,3.58,3.91,3.12,2.16,0.0,0.0,0.0,0.0,0.0,0.0,0.0,0.0,0.0,0.0,0.0,0.0,0.0,0.0,0.0,0.0,0.0,0.0,0.0,0.0,0.0,0.0,0.0,0.0,0.0,0.0,0.0,0.0,0.0,0.0,9.62,8.13,17.57,39.14
哈尔滨染冬青年旅舍(中央大街步行街索菲亚教堂店),9.54,16.3,2.83,14.14,10.67,10.93,14.46,3.32,3.34,1.5,8.84,0.8,2.38,3.88,1.65,8.79,3.56,1.17,3.55,2.97,2.69,6.61,7.23,10.0,0.8,3.21,18.31,1.68,4.0,2.35,2.65,8.35,3.12,1.94,6.62,12.8,22.98,5.09,31.81,4.47,7.52,10.06,6.71,7.44,15.27,20.64,4.46,20.02,9.8,9.55,7.79,7.43,11.68,9.96,1.87,6.86,10.42,39.05,3.1,15.37,11.86,19.05,3.65,8.92,11.39,16.55,30.41,3.82,231.88,246.75,232.18,216.35,229.81,227.18,34.52,228.43,229.75,226.96,231.49,231.82,14.26,231.4,231.52,231.48,231.59,247.09,247.62,11.41,7.1,231.49,16.1,3.47,3.71,6.96,8.61,5.67,7.72,3.32,4.41,2.86,3.2,0.0,0.0,0.0,0.0,0.0,0.0,0.0,0.0,0.0,0.0,0.0,0.0,0.0,0.0,0.0,0.0,0.0,0.0,0.0,0.0,0.0,0.0,0.0,0.0,0.0,0.0,0.0,0.0,0.0,0.0,9.78,8.59,18.93,39.83
稻香国际青年旅舍(哈尔滨中央大街店),8.24,15.0,0.3,12.84,9.37,9.63,15.7,1.42,1.44,1.51,7.54,1.84,3.31,1.59,2.58,7.49,1.27,1.71,5.35,3.94,2.36,8.41,7.5,9.54,1.84,4.38,18.94,2.85,5.8,0.93,2.32,8.33,4.15,3.15,8.04,11.5,23.39,6.88,35.0,4.98,7.14,10.63,7.61,7.94,15.54,18.18,5.34,18.72,10.38,10.12,7.3,7.71,12.25,10.53,2.68,7.13,10.99,33.87,2.35,15.64,9.78,17.75,1.64,9.49,11.63,15.24,27.17,3.25,233.88,248.75,234.18,218.36,231.82,229.18,34.77,230.44,231.75,228.97,233.49,233.82,14.0,233.4,233.53,233.49,233.59,249.1,249.63,12.04,7.37,233.49,14.8,5.27,3.99,7.86,8.88,5.94,7.99,4.39,3.8,3.69,2.92,0.0,0.0,0.0,0.0,0.0,0.0,0.0,0.0,0.0,0.0,0.0,0.0,0.0,0.0,0.0,0.0,0.0,0.0,0.0,0.0,0.0,0.0,0.0,0.0,0.0,0.0,0.0,0.0,0.0,0.0,10.3,9.66,16.55,39.82
豪滨假日酒店(哈尔滨火车站博物馆地铁站店),11.41,18.16,7.06,16.0,12.54,12.79,16.19,7.67,7.69,4.58,10.91,5.09,4.88,7.99,6.11,10.86,7.67,5.55,4.06,1.31,6.88,5.13,3.86,11.71,5.09,0.74,20.04,1.61,4.01,4.43,6.84,10.06,1.93,4.85,3.9,14.66,20.86,4.43,31.21,4.07,9.3,11.27,5.82,4.3,11.91,21.35,3.57,21.88,11.01,9.97,9.51,4.07,11.09,11.17,5.34,3.49,11.38,31.33,4.91,12.01,15.33,20.92,5.64,9.4,13.16,18.41,24.63,5.66,230.09,244.96,230.39,214.57,228.03,225.39,36.3,226.64,227.96,225.18,229.7,230.03,15.99,229.61,229.74,229.7,229.8,245.3,245.84,13.14,3.73,229.7,17.96,3.69,4.63,6.07,5.25,1.5,4.35,3.05,6.21,4.8,4.64,0.0,0.0,0.0,0.0,0.0,0.0,0.0,0.0,0.0,0.0,0.0,0.0,0.0,0.0,0.0,0.0,0.0,0.0,0.0,0.0,0.0,0.0,0.0,0.0,0.0,0.0,0.0,0.0,0.0,0.0,10.37,7.46,19.54,41.11
滨江快捷宾馆,16.33,26.57,15.08,20.93,17.46,17.71,23.78,14.63,14.65,14.2,20.0,12.57,16.43,14.25,13.59,19.94,14.04,13.04,15.38,10.71,15.58,15.34,13.28,18.35,12.57,12.68,39.28,11.89,14.69,14.22,15.54,11.56,9.95,16.9,13.44,19.59,14.5,15.78,29.02,8.14,10.03,6.58,6.2,11.64,18.21,26.27,8.4,26.8,6.32,6.43,11.84,10.9,6.29,6.47,11.13,12.45,5.18,26.44,13.05,18.31,11.05,30.51,13.78,6.38,11.32,26.13,20.42,9.64,227.9,234.89,228.19,212.37,225.83,223.19,33.54,224.45,225.77,222.98,227.5,227.84,22.09,227.42,227.54,227.5,227.61,235.24,235.77,23.82,9.1,227.51,26.37,14.37,12.77,6.44,10.02,12.62,10.79,15.23,10.18,15.47,12.13,0.0,0.0,0.0,0.0,0.0,0.0,0.0,0.0,0.0,0.0,0.0,0.0,0.0,0.0,0.0,0.0,0.0,0.0,0.0,0.0,0.0,0.0,0.0,0.0,0.0,0.0,0.0,0.0,0.0,0.0,9.48,24.48,30.28,38.35
VIP会所(哈尔滨凯德广场店),10.58,17.34,8.88,15.18,11.71,11.97,18.03,8.88,8.9,6.87,8.54,6.83,8.24,8.5,7.84,8.49,8.29,7.29,7.82,4.97,9.84,11.04,8.84,8.3,6.83,6.22,32.33,6.14,10.26,6.72,9.79,6.64,4.2,7.83,9.0,13.84,17.68,11.34,29.61,2.4,4.28,5.03,0.34,9.82,14.81,20.52,2.65,21.05,4.77,4.51,6.09,8.13,5.64,4.92,5.38,7.9,5.3,28.16,5.6,14.91,6.91,20.09,7.58,3.95,8.09,17.58,21.45,3.9,228.5,239.11,228.79,212.97,226.43,223.79,31.23,225.05,226.36,223.58,228.1,228.44,16.34,228.01,228.14,228.1,228.21,239.45,239.98,18.2,5.62,228.1,17.14,9.94,3.99,0.59,7.58,8.18,8.05,6.34,4.43,11.04,6.38,0.0,0.0,0.0,0.0,0.0,0.0,0.0,0.0,0.0,0.0,0.0,0.0,0.0,0.0,0.0,0.0,0.0,0.0,0.0,0.0,0.0,0.0,0.0,0.0,0.0,0.0,0.0,0.0,0.0,0.0,5.58,16.43,19.15,35.96
鸿顺旅店(哈尔滨医大二院店),13.8,23.92,12.1,18.4,14.93,15.19,21.26,12.1,12.13,10.09,10.38,10.05,13.88,11.72,11.07,10.32,11.51,10.52,12.83,8.19,13.06,12.93,10.73,8.84,10.05,10.13,32.41,9.36,12.14,9.94,13.01,9.03,7.42,14.35,10.89,17.06,14.96,13.23,30.51,5.62,7.5,4.06,3.67,11.71,19.7,23.74,5.88,24.28,3.8,3.9,9.31,9.09,3.76,3.95,8.61,9.91,2.65,25.43,10.5,19.8,8.53,27.86,11.23,3.85,8.79,23.48,18.73,7.12,229.39,236.38,229.69,213.86,227.32,224.68,30.9,225.94,227.26,224.47,229.0,229.33,19.56,228.91,229.03,228.99,229.1,236.73,237.26,21.27,7.32,229.0,23.72,11.82,7.21,3.92,8.21,10.07,8.98,9.57,7.65,12.93,9.61,0.0,0.0,0.0,0.0,0.0,0.0,0.0,0.0,0.0,0.0,0.0,0.0,0.0,0.0,0.0,0.0,0.0,0.0,0.0,0.0,0.0,0.0,0.0,0.0,0.0,0.0,0.0,0.0,0.0,0.0,7.28,19.96,23.64,41.18
有房民宿(哈尔滨理工大学店),12.95,19.71,10.28,17.55,14.08,14.34,20.41,11.25,11.28,9.4,10.89,9.72,11.63,10.88,10.74,10.84,10.66,10.19,10.58,7.66,11.52,10.68,8.48,10.65,9.72,7.88,25.92,9.04,9.9,9.43,11.47,8.99,7.01,12.1,8.64,16.21,15.97,10.98,30.85,4.92,6.63,5.02,2.83,9.46,16.05,22.89,7.28,23.43,4.76,4.86,8.44,9.73,6.25,4.91,9.12,7.66,5.14,26.45,8.26,16.15,8.15,22.46,8.98,4.81,10.44,19.95,19.74,9.0,229.73,238.95,230.03,214.2,227.66,225.02,33.58,226.28,227.6,224.81,229.34,229.67,18.71,229.25,229.37,229.33,229.44,239.29,239.82,19.02,6.75,229.34,19.51,9.57,7.97,3.08,7.08,7.82,9.9,10.44,6.98,10.68,9.28,0.0,0.0,0.0,0.0,0.0,0.0,0.0,0.0,0.0,0.0,0.0,0.0,0.0,0.0,0.0,0.0,0.0,0.0,0.0,0.0,0.0,0.0,0.0,0.0,0.0,0.0,0.0,0.0,0.0,0.0,6.9,15.38,20.47,37.28
哈尔滨天吉招待所,11.3,18.06,4.85,15.9,12.43,12.69,14.01,5.54,5.57,3.18,10.6,2.88,2.62,5.79,4.24,10.54,5.46,3.76,2.65,2.26,4.84,5.05,5.44,11.75,2.88,2.38,17.85,1.2,2.61,3.92,4.79,10.09,2.9,2.59,5.56,14.56,22.72,3.69,29.3,5.15,9.27,11.16,6.79,6.38,14.78,20.18,4.54,20.71,10.9,10.64,9.54,6.94,13.93,11.05,4.13,6.36,11.73,33.2,4.85,14.88,12.02,23.11,4.94,10.08,13.13,18.3,26.49,5.57,231.96,246.82,232.25,216.43,229.89,227.25,36.27,228.51,229.82,227.04,231.56,231.9,13.8,231.47,231.6,231.56,231.66,247.17,247.7,10.96,6.6,231.56,17.86,2.03,4.81,7.04,8.12,2.4,7.22,0.71,6.15,2.4,2.44,0.0,0.0,0.0,0.0,0.0,0.0,0.0,0.0,0.0,0.0,0.0,0.0,0.0,0.0,0.0,0.0,0.0,0.0,0.0,0.0,0.0,0.0,0.0,0.0,0.0,0.0,0.0,0.0,0.0,0.0,10.74,6.73,19.46,41.03
秦泉青年旅馆(哈尔滨南岗店),13.89,20.64,6.08,18.48,15.01,15.27,17.69,6.77,6.79,4.89,11.2,5.12,7.25,8.18,6.13,11.14,7.86,5.14,6.19,2.94,6.35,6.3,3.4,11.65,5.11,3.27,21.53,4.43,5.51,4.75,6.3,9.99,2.5,6.12,4.26,17.14,18.15,6.6,28.51,3.61,9.59,8.57,5.87,5.08,13.71,23.83,2.68,24.36,8.31,8.41,9.44,3.18,9.78,8.46,5.37,2.96,8.68,28.63,5.2,13.81,12.26,23.4,5.93,8.37,13.45,20.89,21.93,5.94,227.39,242.25,227.69,211.86,225.32,222.68,36.59,223.94,225.26,222.47,227.0,227.33,17.48,226.91,227.03,226.99,227.1,242.6,243.13,14.64,1.81,227.0,20.44,5.19,4.92,6.12,3.76,2.53,3.1,4.42,6.49,6.29,4.67,0.0,0.0,0.0,0.0,0.0,0.0,0.0,0.0,0.0,0.0,0.0,0.0,0.0,0.0,0.0,0.0,0.0,0.0,0.0,0.0,0.0,0.0,0.0,0.0,0.0,0.0,0.0,0.0,0.0,0.0,11.98,12.21,22.97,41.5
哈尔滨火车站果戈里大街漫心酒店,13.89,20.65,6.76,18.49,15.02,15.28,15.9,7.38,7.4,5.09,13.4,4.79,4.58,7.7,5.81,13.34,7.38,5.26,3.77,2.72,6.59,4.84,2.69,14.06,4.79,2.12,19.74,4.11,3.72,5.51,6.54,12.4,3.37,4.55,3.61,17.15,20.56,4.13,30.92,5.5,11.78,10.98,8.28,4.43,11.8,22.07,5.0,24.37,10.72,10.82,11.85,3.96,12.19,10.87,5.05,3.38,11.09,31.04,7.4,11.9,15.04,23.4,8.12,12.21,15.65,20.89,24.34,8.14,229.8,244.66,230.1,214.27,227.73,225.09,38.78,226.35,227.67,224.88,229.41,229.74,15.69,229.32,229.44,229.4,229.51,245.01,245.54,12.85,3.71,229.41,20.45,3.4,7.12,8.53,5.13,1.21,4.24,2.75,8.69,4.5,4.35,0.0,0.0,0.0,0.0,0.0,0.0,0.0,0.0,0.0,0.0,0.0,0.0,0.0,0.0,0.0,0.0,0.0,0.0,0.0,0.0,0.0,0.0,0.0,0.0,0.0,0.0,0.0,0.0,0.0,0.0,10.6,7.69,19.76,41.33
哈尔滨天翼快捷宾馆,14.61,21.37,6.01,19.21,15.74,16.0,15.01,6.7,6.72,4.34,11.76,4.04,3.77,6.95,5.39,11.7,6.62,4.91,2.88,2.98,5.99,3.95,2.54,12.91,4.04,2.46,18.85,2.36,3.33,5.07,5.94,11.25,3.62,3.74,3.23,17.87,21.28,3.24,31.64,5.75,10.43,11.7,7.51,4.05,11.95,21.18,5.26,21.71,11.44,11.54,10.7,3.52,12.91,11.59,5.28,3.53,11.81,31.76,8.12,12.05,13.17,24.11,8.84,11.09,14.29,21.61,25.06,8.86,230.52,245.38,230.82,214.99,228.45,225.81,37.43,227.07,228.39,225.6,230.13,230.46,14.8,230.04,230.16,230.12,230.23,245.73,246.26,11.96,3.83,230.13,21.17,2.23,5.97,7.75,5.29,0.93,4.49,1.87,7.31,3.61,3.6,0.0,0.0,0.0,0.0,0.0,0.0,0.0,0.0,0.0,0.0,0.0,0.0,0.0,0.0,0.0,0.0,0.0,0.0,0.0,0.0,0.0,0.0,0.0,0.0,0.0,0.0,0.0,0.0,0.0,0.0,13.83,7.12,24.83,43.35
顺心旅店(哈尔滨海城市场店),12.19,18.95,5.84,16.79,13.32,13.57,17.35,6.53,6.56,4.66,11.69,4.98,6.91,8.67,6.0,11.64,8.35,5.45,5.86,2.91,6.78,5.96,3.76,12.36,4.98,3.14,21.2,4.29,5.17,4.51,6.73,10.7,2.26,5.99,3.92,15.45,18.86,6.26,29.21,5.57,10.08,9.28,6.58,4.74,11.33,22.13,3.57,22.66,9.02,9.12,10.15,3.49,10.49,9.17,5.24,2.91,9.39,29.34,5.69,11.43,12.83,21.7,6.42,10.5,13.94,19.19,22.63,6.44,228.09,242.96,228.39,212.57,226.03,223.39,37.08,224.65,225.96,223.18,227.7,228.04,17.15,227.61,227.74,227.7,227.81,243.31,243.84,14.3,2.44,227.7,18.75,4.85,5.41,6.83,4.67,2.5,3.77,4.29,6.99,5.96,4.54,0.0,0.0,0.0,0.0,0.0,0.0,0.0,0.0,0.0,0.0,0.0,0.0,0.0,0.0,0.0,0.0,0.0,0.0,0.0,0.0,0.0,0.0,0.0,0.0,0.0,0.0,0.0,0.0,0.0,0.0,11.82,12.99,22.81,41.34
哈尔滨合欣旅店,7.72,14.48,2.59,12.32,8.85,9.11,15.17,3.28,3.31,1.99,7.22,1.7,4.04,3.53,3.29,7.17,3.21,2.21,5.21,3.86,3.44,8.27,8.32,8.2,1.7,4.22,19.96,2.69,5.66,1.84,3.4,6.54,3.54,3.6,8.48,10.98,21.95,6.74,32.31,3.6,6.57,9.19,6.42,9.3,17.51,17.66,3.9,18.2,8.93,8.68,5.99,7.55,10.81,9.09,1.47,6.97,9.55,32.43,1.23,17.61,9.32,17.23,1.61,8.05,10.43,14.72,25.73,2.14,231.19,246.06,231.49,215.66,229.12,226.49,33.57,227.74,229.06,226.27,230.8,231.13,13.48,230.71,230.83,230.79,230.9,246.4,246.93,13.07,6.35,230.8,14.28,5.13,2.78,6.66,8.3,5.78,7.83,4.24,2.69,4.51,1.71,0.0,0.0,0.0,0.0,0.0,0.0,0.0,0.0,0.0,0.0,0.0,0.0,0.0,0.0,0.0,0.0,0.0,0.0,0.0,0.0,0.0,0.0,0.0,0.0,0.0,0.0,0.0,0.0,0.0,0.0,8.69,9.48,16.28,38.21
哈尔滨尚志旅社,11.27,18.02,3.31,15.87,12.4,12.65,15.61,3.72,3.74,1.5,9.05,1.21,3.52,4.24,2.78,9.0,3.92,1.72,5.04,1.9,3.3,8.94,6.01,10.21,1.21,3.54,19.45,3.0,5.48,4.14,3.25,8.55,2.05,3.08,6.9,14.53,21.9,6.56,32.26,4.01,7.73,10.02,5.64,6.45,14.06,21.21,3.39,21.74,9.76,9.51,8.0,6.22,10.63,9.91,4.21,5.64,10.59,32.38,4.77,14.16,12.74,20.78,5.5,8.94,11.59,18.27,25.68,5.52,231.14,246.01,231.44,215.61,229.07,226.44,34.73,227.69,229.01,226.22,230.75,231.08,17.03,230.66,230.78,230.74,230.85,246.35,246.88,12.55,5.42,230.75,17.82,4.89,4.49,5.89,7.39,4.45,6.5,3.57,4.62,4.0,3.51,0.0,0.0,0.0,0.0,0.0,0.0,0.0,0.0,0.0,0.0,0.0,0.0,0.0,0.0,0.0,0.0,0.0,0.0,0.0,0.0,0.0,0.0,0.0,0.0,0.0,0.0,0.0,0.0,0.0,0.0,9.94,8.85,17.87,39.46
顺航宾馆(哈尔滨太平国际机场店),39.42,36.95,36.19,44.02,40.55,40.81,45.37,37.74,37.76,35.59,31.92,35.3,37.63,37.36,36.89,31.87,37.15,35.81,38.8,36.65,37.04,44.8,40.19,30.39,35.3,37.82,58.86,36.28,41.61,35.44,36.99,30.78,35.88,37.2,40.35,42.68,40.49,42.69,60.49,33.62,30.16,30.73,32.18,42.0,49.69,48.87,35.0,49.4,30.47,30.68,31.53,40.37,30.54,30.62,35.26,39.28,31.71,40.64,34.0,49.79,28.04,38.35,34.73,30.05,26.72,35.87,41.58,32.37,259.8,266.64,260.1,244.28,257.74,255.1,6.1,256.35,257.67,254.88,259.41,259.74,43.68,259.32,259.45,259.41,259.51,266.99,267.52,45.54,37.0,259.41,36.75,41.28,33.09,32.17,39.49,39.53,41.3,37.83,32.88,42.39,35.3,0.0,0.0,0.0,0.0,0.0,0.0,0.0,0.0,0.0,0.0,0.0,0.0,0.0,0.0,0.0,0.0,0.0,0.0,0.0,0.0,0.0,0.0,0.0,0.0,0.0,0.0,0.0,0.0,0.0,0.0,30.24,49.2,48.65,11.23
哈尔滨香坊金沙时尚快捷宾馆,17.27,24.03,10.73,21.87,18.4,18.66,23.71,15.57,15.6,9.05,15.82,8.76,9.93,15.2,9.78,15.76,14.98,9.23,8.1,6.69,10.55,5.68,4.05,15.04,8.76,7.37,24.8,8.07,6.87,9.79,10.51,13.38,7.33,9.77,3.51,20.53,20.72,6.66,24.41,9.04,12.51,12.54,9.28,3.13,7.29,27.22,6.11,27.75,12.28,12.39,12.83,3.26,11.71,12.44,9.01,3.73,10.61,31.2,8.93,7.39,15.25,26.78,9.65,12.61,16.37,24.28,26.7,10.77,223.29,238.16,223.59,207.77,221.22,218.59,39.51,219.84,221.16,218.38,222.9,223.23,23.03,222.81,222.94,222.9,223.0,238.5,239.04,21.36,3.94,222.9,23.83,7.88,8.65,9.52,0.97,5.82,2.89,8.07,11.29,8.98,8.32,0.0,0.0,0.0,0.0,0.0,0.0,0.0,0.0,0.0,0.0,0.0,0.0,0.0,0.0,0.0,0.0,0.0,0.0,0.0,0.0,0.0,0.0,0.0,0.0,0.0,0.0,0.0,0.0,0.0,0.0,15.14,8.86,26.14,44.66
哈尔滨喜光主题小宾馆,16.16,22.92,10.13,20.76,17.29,17.55,23.62,14.47,14.49,8.03,14.71,7.73,9.14,14.09,8.75,14.65,13.87,8.2,8.51,5.66,9.52,6.12,4.5,13.93,7.73,6.34,27.79,7.04,7.31,9.28,9.48,12.27,6.3,8.74,3.96,19.42,21.16,7.11,24.86,6.23,11.4,11.43,8.17,3.57,7.81,26.11,5.29,26.64,11.17,11.28,11.72,2.93,11.1,11.33,7.98,3.71,10.0,31.64,8.11,7.91,14.14,25.68,8.84,11.45,15.26,23.17,23.96,8.85,223.74,238.6,224.03,208.21,221.67,219.03,38.4,220.29,221.6,218.82,223.34,223.68,21.92,223.25,223.38,223.34,223.45,238.95,239.48,19.7,3.12,223.34,22.72,10.25,7.83,8.41,0.49,4.9,1.96,7.04,9.4,11.36,7.29,0.0,0.0,0.0,0.0,0.0,0.0,0.0,0.0,0.0,0.0,0.0,0.0,0.0,0.0,0.0,0.0,0.0,0.0,0.0,0.0,0.0,0.0,0.0,0.0,0.0,0.0,0.0,0.0,0.0,0.0,13.75,9.28,24.75,43.27
哈尔滨金帝宾馆,8.62,15.38,4.99,13.22,9.75,10.01,16.07,6.92,6.94,5.17,5.6,4.88,7.22,6.54,6.47,5.54,6.33,5.39,8.39,6.21,7.88,14.38,10.23,5.29,4.88,7.47,31.58,5.87,11.64,4.14,7.83,3.63,5.45,6.79,10.39,11.88,20.66,12.73,30.54,2.8,2.33,6.43,3.48,11.21,15.74,18.56,3.51,19.09,6.17,5.91,3.08,9.95,7.66,6.32,4.8,9.4,6.79,35.16,2.94,15.84,4.98,18.13,3.67,5.28,7.5,15.62,28.15,1.69,229.42,244.29,229.72,213.9,227.36,224.72,30.64,225.97,227.29,224.51,229.03,229.36,14.38,228.94,229.07,229.03,229.13,244.63,245.17,16.24,6.59,229.03,15.18,11.32,2.7,3.73,9.07,9.57,10.88,7.59,1.8,7.7,5.23,0.0,0.0,0.0,0.0,0.0,0.0,0.0,0.0,0.0,0.0,0.0,0.0,0.0,0.0,0.0,0.0,0.0,0.0,0.0,0.0,0.0,0.0,0.0,0.0,0.0,0.0,0.0,0.0,0.0,0.0,5.71,17.6,17.17,35.28
自然空间休闲宾馆(哈尔滨巴洛克极乐寺店),17.26,21.23,4.98,21.86,18.39,18.65,11.96,4.99,5.01,4.05,16.77,3.7,1.54,5.55,3.62,16.71,5.22,4.05,3.05,4.7,4.28,5.61,5.46,17.43,3.7,5.58,15.8,2.96,3.02,4.92,4.23,15.77,5.34,2.01,5.62,20.52,23.93,4.9,34.29,10.65,15.16,14.35,11.65,6.43,19.49,18.14,9.8,18.66,14.09,14.2,15.22,6.71,15.57,14.24,4.42,6.37,14.46,34.41,10.77,19.59,14.41,21.07,11.5,15.58,19.02,21.48,27.71,11.51,233.17,248.04,233.47,217.65,231.1,228.47,42.16,229.72,231.04,228.25,232.78,233.11,11.76,232.69,232.81,232.78,232.88,248.38,248.91,8.91,6.67,232.78,21.03,3.25,10.49,11.9,8.13,4.04,6.88,2.81,12.06,0.58,4.21,0.0,0.0,0.0,0.0,0.0,0.0,0.0,0.0,0.0,0.0,0.0,0.0,0.0,0.0,0.0,0.0,0.0,0.0,0.0,0.0,0.0,0.0,0.0,0.0,0.0,0.0,0.0,0.0,0.0,0.0,12.82,4.98,20.7,42.34
君康日租公寓(中华巴洛克风情街店),10.94,22.26,3.72,15.54,12.07,12.33,12.99,3.73,3.75,2.31,10.24,2.58,0.53,4.29,1.89,10.18,3.96,2.12,2.82,3.91,3.02,6.62,6.47,12.24,2.58,4.27,16.84,1.87,4.03,3.19,2.97,11.03,4.55,0.64,6.63,14.2,24.95,4.36,35.3,5.9,10.44,11.49,12.67,7.45,20.5,19.17,6.19,19.69,11.23,10.98,10.0,7.72,13.11,11.38,3.3,7.09,15.48,35.43,11.78,20.6,13.29,22.1,3.89,10.35,13.16,22.51,28.72,5.6,234.19,249.05,234.48,218.66,232.12,229.48,36.3,230.74,232.05,229.27,233.79,234.13,12.79,233.7,233.83,233.79,233.9,249.4,249.93,9.94,7.33,233.79,22.06,2.74,5.14,12.92,8.85,5.05,7.89,2.59,6.18,0.98,3.11,0.0,0.0,0.0,0.0,0.0,0.0,0.0,0.0,0.0,0.0,0.0,0.0,0.0,0.0,0.0,0.0,0.0,0.0,0.0,0.0,0.0,0.0,0.0,0.0,0.0,0.0,0.0,0.0,0.0,0.0,11.36,7.26,19.18,41.06
太阳岛宾馆(太阳大道),4.5,11.69,7.57,4.65,1.18,1.44,12.39,7.56,7.59,8.13,9.5,8.36,10.18,7.29,8.75,9.45,6.97,8.34,11.87,10.04,8.54,20.92,16.32,11.5,8.36,10.9,29.49,9.36,17.73,7.55,8.49,10.29,9.27,9.32,16.48,3.31,28.43,18.82,37.08,9.33,9.1,12.97,10.02,18.12,22.28,16.47,11.12,17.01,12.71,12.46,9.27,16.49,14.15,12.87,8.62,15.4,13.33,41.7,6.9,22.38,11.74,16.04,6.04,11.83,14.04,13.53,34.69,8.43,235.96,250.83,236.26,220.44,233.9,231.26,37.17,232.51,233.83,231.04,235.57,235.9,12.29,235.48,235.61,235.57,235.67,251.17,251.71,14.16,13.12,235.57,13.09,17.41,6.91,10.27,15.61,15.65,17.42,11.41,6.4,10.32,9.06,0.0,0.0,0.0,0.0,0.0,0.0,0.0,0.0,0.0,0.0,0.0,0.0,0.0,0.0,0.0,0.0,0.0,0.0,0.0,0.0,0.0,0.0,0.0,0.0,0.0,0.0,0.0,0.0,0.0,0.0,14.01,25.39,12.62,44.17
北舍民宿(哈尔滨北岸明珠龙湾店),7.04,5.62,10.53,10.07,6.61,6.86,7.23,10.52,10.54,11.09,12.46,11.32,13.14,10.25,11.7,12.4,9.92,11.29,18.86,12.99,11.49,23.87,19.27,14.0,11.31,13.86,17.69,12.32,19.3,10.51,11.44,14.39,12.23,12.28,19.43,8.73,35.34,19.5,40.04,12.29,12.05,15.93,12.98,21.08,25.24,9.31,14.08,9.84,15.67,15.41,12.22,19.44,22.41,15.82,11.58,18.36,22.03,43.0,9.85,25.34,14.97,8.88,8.99,14.78,14.66,5.19,40.89,11.39,238.92,253.78,239.22,223.39,236.85,234.21,38.56,235.47,236.79,234.0,238.53,238.86,5.54,238.44,238.56,238.52,238.63,254.13,254.66,6.75,16.08,238.53,5.42,19.01,9.86,13.22,18.57,18.61,20.38,14.37,9.36,17.25,12.01,0.0,0.0,0.0,0.0,0.0,0.0,0.0,0.0,0.0,0.0,0.0,0.0,0.0,0.0,0.0,0.0,0.0,0.0,0.0,0.0,0.0,0.0,0.0,0.0,0.0,0.0,0.0,0.0,0.0,0.0,14.62,26.0,8.67,43.26
雅舍青旅(哈尔滨松北区融创茂店),11.3,1.12,14.79,14.33,10.86,11.12,12.31,14.78,14.8,15.35,15.42,15.57,17.4,14.51,15.96,15.37,14.18,15.55,23.94,17.25,15.75,26.84,23.53,13.18,15.57,18.11,21.79,16.58,24.38,14.76,15.7,13.57,16.48,16.54,23.69,12.99,34.52,24.58,49.99,16.55,15.7,22.55,17.23,25.34,39.19,12.0,18.34,12.54,22.29,22.67,14.32,23.7,21.59,22.45,15.84,22.61,21.21,42.18,14.11,39.29,14.15,4.28,13.25,19.64,13.84,0.6,40.07,15.65,251.37,258.21,251.67,235.84,249.3,246.66,34.75,247.92,249.24,246.45,250.98,251.31,8.63,250.89,251.01,250.97,251.08,258.56,259.09,10.84,20.34,250.98,0.92,24.09,14.12,17.48,22.82,22.87,24.63,18.63,13.62,22.33,16.27,0.0,0.0,0.0,0.0,0.0,0.0,0.0,0.0,0.0,0.0,0.0,0.0,0.0,0.0,0.0,0.0,0.0,0.0,0.0,0.0,0.0,0.0,0.0,0.0,0.0,0.0,0.0,0.0,0.0,0.0,16.72,25.23,10.75,39.9
哈尔滨太阳岛花园酒店,3.85,10.81,7.15,7.49,4.02,4.28,11.5,7.14,7.17,7.71,9.08,7.94,9.76,6.87,8.33,9.03,6.55,7.92,11.45,9.62,8.12,20.5,15.89,11.08,7.94,10.48,27.01,8.94,17.31,7.13,8.07,9.87,8.85,8.9,16.06,6.15,28.01,18.4,36.66,8.91,8.68,12.55,9.6,17.7,21.86,13.99,10.7,14.53,12.29,12.04,8.85,16.07,13.73,12.45,8.2,14.98,12.91,41.28,6.48,21.96,11.32,13.56,5.62,11.41,13.62,11.05,34.27,8.01,235.54,250.41,235.84,220.02,233.47,230.84,36.76,232.09,233.41,230.62,235.15,235.48,9.81,235.06,235.19,235.15,235.25,250.75,251.29,11.68,12.71,235.15,10.61,16.99,6.49,9.85,15.19,15.23,17.0,10.99,5.98,9.9,8.64,0.0,0.0,0.0,0.0,0.0,0.0,0.0,0.0,0.0,0.0,0.0,0.0,0.0,0.0,0.0,0.0,0.0,0.0,0.0,0.0,0.0,0.0,0.0,0.0,0.0,0.0,0.0,0.0,0.0,0.0,12.46,23.84,13.64,42.62
哈尔滨站,10.05,16.81,3.6,14.65,11.18,11.44,15.1,4.22,4.24,1.93,9.35,1.64,3.05,4.54,2.65,9.3,4.22,2.1,4.19,1.95,3.43,7.25,5.5,10.5,1.64,2.55,18.95,0.95,4.64,2.67,3.38,8.84,2.59,2.64,6.05,13.31,22.34,5.73,26.14,4.49,8.02,10.08,6.48,5.94,13.55,20.0,4.23,20.53,9.82,9.57,8.29,5.71,11.7,9.97,1.89,5.13,10.44,32.82,3.6,13.65,11.88,19.56,3.69,8.94,11.88,17.05,28.68,4.32,230.16,245.02,230.45,214.63,228.09,225.45,35.02,226.71,228.02,225.24,229.76,230.1,14.9,229.67,229.8,229.76,229.87,245.37,245.9,12.05,5.37,229.76,16.61,4.11,3.57,6.72,6.89,3.94,5.99,3.08,4.91,3.5,1.19,0.0,0.0,0.0,0.0,0.0,0.0,0.0,0.0,0.0,0.0,0.0,0.0,0.0,0.0,0.0,0.0,0.0,0.0,0.0,0.0,0.0,0.0,0.0,0.0,0.0,0.0,0.0,0.0,0.0,0.0,9.72,8.56,19.17,40.43
哈尔滨西站,13.16,17.01,10.57,17.76,14.29,14.55,20.62,11.46,11.49,9.97,7.45,9.68,11.62,11.09,11.28,7.4,10.87,10.19,13.19,9.64,11.42,19.18,14.57,5.13,9.68,10.9,38.06,10.67,15.99,9.82,11.38,5.97,8.88,11.35,14.73,16.42,20.05,17.07,35.53,6.79,4.59,3.07,5.7,16.38,20.54,23.1,7.33,23.64,2.81,3.19,6.72,14.75,2.89,2.96,8.73,13.66,3.52,30.65,8.38,20.64,3.62,25.48,9.11,3.6,3.89,16.58,27.38,6.75,234.41,241.77,234.71,218.88,232.34,229.7,27.82,230.96,232.28,229.49,234.02,234.35,18.92,233.93,234.05,234.01,234.12,242.12,242.65,20.79,11.38,234.02,16.81,15.67,7.47,5.95,13.87,13.91,15.68,11.02,7.26,12.0,9.16,8.97,7.25,9.09,8.66,9.62,9.78,10.3,10.37,9.48,5.58,7.28,6.9,10.74,11.98,10.6,13.83,11.82,8.69,9.94,30.24,15.14,13.75,5.71,12.82,11.36,14.01,14.62,16.72,12.46,9.72,0.0,0.0,0.0,0.0
哈尔滨东站,24.55,25.54,9.93,29.14,25.67,25.93,16.27,9.94,9.97,9.41,23.09,8.58,6.51,10.5,8.99,23.03,10.18,9.06,5.11,7.61,9.23,4.21,7.1,22.31,8.58,9.02,17.36,6.77,5.47,9.48,9.19,20.65,8.25,7.92,7.49,27.8,31.1,3.61,27.75,16.31,19.78,19.81,16.55,8.56,13.52,21.3,9.89,21.83,19.55,19.66,20.1,11.23,19.49,19.71,9.3,12.01,18.39,41.57,13.88,13.62,22.52,24.24,14.61,19.88,23.64,25.79,32.34,18.05,233.52,248.38,233.81,217.99,231.45,228.81,46.78,230.07,231.38,228.6,233.12,233.46,17.49,233.03,233.16,233.12,233.23,248.73,249.26,12.08,11.51,233.12,25.34,5.18,13.6,16.79,9.13,7.48,9.45,6.05,18.56,5.56,8.01,8.45,10.75,20.47,9.87,8.13,8.59,9.66,7.46,24.48,16.43,19.96,15.38,6.73,12.21,7.69,7.12,12.99,9.48,8.85,49.2,8.86,9.28,17.6,4.98,7.26,25.39,26.0,25.23,23.84,8.56,0.0,0.0,0.0,0.0
哈尔滨北站,13.34,10.8,16.83,16.37,12.9,13.16,13.53,16.82,16.84,17.38,18.75,17.61,19.44,16.54,18.0,18.7,16.22,17.59,22.89,19.29,17.79,30.17,25.57,19.51,17.61,20.15,16.11,18.62,23.32,16.8,17.74,19.54,18.52,18.57,25.73,15.03,37.68,23.52,46.33,18.59,18.35,22.23,19.27,27.38,31.53,3.9,20.37,4.43,21.96,21.71,18.52,25.74,23.4,22.12,17.88,24.65,27.54,48.51,16.15,31.63,20.48,10.46,15.29,21.08,20.18,10.61,46.4,17.69,245.21,269.68,245.51,229.69,243.15,240.51,46.22,241.77,243.08,240.3,244.82,245.16,9.17,244.73,244.86,244.82,244.92,270.03,270.56,11.33,22.38,244.82,10.6,23.04,16.16,19.52,24.86,24.91,26.67,20.67,15.65,21.28,18.31,17.47,15.91,15.24,16.54,17.57,18.93,16.55,19.54,30.28,19.15,23.64,20.47,19.46,22.97,19.76,24.83,22.81,16.28,17.87,48.65,26.14,24.75,17.17,20.7,19.18,12.62,8.67,10.75,13.64,19.17,0.0,0.0,0.0,0.0
哈尔滨太平国际机场,43.33,40.85,40.09,47.92,44.45,44.71,49.28,41.64,41.67,39.49,35.83,39.2,41.54,41.27,40.79,35.77,41.05,39.71,42.71,40.55,40.94,48.7,44.09,34.29,39.2,41.72,62.76,40.19,45.51,39.34,40.9,34.68,39.78,41.1,44.26,46.58,40.43,46.6,64.39,37.52,34.06,34.63,36.08,45.9,53.59,52.77,38.9,53.31,34.37,34.58,35.43,44.27,34.45,34.52,39.16,43.18,35.61,48.66,37.9,53.69,31.95,42.26,38.63,33.95,30.62,39.77,41.52,36.27,263.7,270.55,264.0,248.18,261.64,259.0,5.54,260.26,261.57,258.79,263.31,263.65,47.58,263.22,263.35,263.31,263.42,270.89,271.42,49.45,40.91,263.31,40.66,45.19,36.99,36.07,43.39,43.44,45.2,41.73,36.78,46.29,39.21,38.54,36.77,39.27,38.18,39.14,39.83,39.82,41.11,38.35,35.96,41.18,37.28,41.03,41.5,41.33,43.35,41.34,38.21,39.46,11.23,44.66,43.27,35.28,42.34,41.06,44.17,43.26,39.9,42.62,40.43,0.0,0.0,0.0,0.0
